# Resource object code (Python 3)
# Created by: object code
# Created by: The Resource Compiler for Qt version 6.10.1
# WARNING! All changes made in this file will be lost!

from PySide6 import QtCore

qt_resource_data = b"\
\x00\x00\x01\x94\
\x00\
\x00\x067x\xda\x9d\x93\xcbn\xc20\x10E\xf7H\xfc\
\x83\x95U\xbbI\x9fl\x22T\xa9e\xc5\x82\x05m\x7f\
\xc0\x98\x81X8\xb6e\x86G\x8b\xf8\xf7:@H\xec\
8iZob\xe7z\xe4\x993sy\xa6\x95A2\
\xc5\xe9\x86\xb3U\xbf\xd7\xef\x8d\x112r\xe8\xf7\x88]\
\xda(\x0d\x06\xbf\xc8\x96\x1a\x92n)\x1b)\x89F\x09\
\x01\xe6|\xe1\x1d\x18R\xb9\x14PD\xe4\x8b\xcf\x132\
\x07f \x03\x89o\x1bD%K\x91J\x96*\xb3\xae\
\xde\xcf\x97\x80\x05&DScC\xe2\xfc\xe0\xca\xa8\xf4\
U\xb5{W\x9c)\xfbDv\xd5\xcf\xc7\xf2\xca\xb1\xdc\
\xee\xf8\x1c\xd3\x84\xa4\xc0\x97)\x92;\xf2XJL\x09\
e\x12\x12\xcd\x04e\xab(\x07Q(\x9f\xb0G?]\
\xa7\xc4\xfc\x82+_\x8a\x8c\x99U\xc1\x8ce\x91\x9bW\
\x94\x8d\xb3/\x0e#\xf7w\x91\xc9.\xe5\x08\x9e\xb6\xb0\
\xfcc\xcd\xf7 >\xf87$\xe4i\x10\xacs\xa26\
kx5@\x0f\xe1\xbc\x16\x5c\x88pNJ\x8e\x84\x1d\
\x04\xb0\xf5\xb9\xfd\x8e+\xe5f\xfa\xe6\xb6J\xe8\xd8\x05\
\x17R\xb3\x84Sp#/?\xac\x1c\x0c\x87ul\xf2\
\xf6\x85\xafN\xec+\xdc\xf2~\x18\xd4\xf5\xad\x1de\xce\
\xa8\x18\x9d\xbar\x9d\x17\xf7\xb7\x1bv\x0cu\xcc\x03S\
\x16V\xc5\xf0\xd7N>\xdf7\xf0\x0cZ\xac\x80\xcae\
\x83\xcd:Qu[\xf2_\xac\xad\xde\xec\xe0\xcf\x00\xe7\
\x16\x9f\xb6{\xb5i\x00k\xbc\xea3\xd8\xdd\xb7\x15\xef\
\xbeDu\xa9\xad\xeb\xbfy8\xc0\xa2\xc9\xcb\xdd\xfc\xdc\
\xee\xe9\x0a\x0e\xdf\xd3^&\x97\xad\xfd\x9c\x86\xf3\x07}\
2\x89\x17\
\x00\x00\x05!\
\x89\
PNG\x0d\x0a\x1a\x0a\x00\x00\x00\x0dIHDR\x00\
\x00\x00@\x00\x00\x00@\x08\x06\x00\x00\x00\xaaiq\xde\
\x00\x00\x00\x04sBIT\x08\x08\x08\x08|\x08d\x88\
\x00\x00\x00\x09pHYs\x00\x00\x01\xd8\x00\x00\x01\xd8\
\x01\xfa\x5c\xa6r\x00\x00\x00\x19tEXtSof\
tware\x00www.inksca\
pe.org\x9b\xee<\x1a\x00\x00\x04\x9eID\
ATx\x9c\xed\xdbK\xa8UU\x1c\xc7\xf1\xcf\xddy\
\x15++\xf3\xaa\xa0\x96\xda\x0d\xca\x1ae\x05\xa5A\x85\
=\xee \xca\x88\xc8j\x10\x0d\xac\x88\x1e\x14A\x0d\x0a\
\x1a\x04\x154(\xa2\x1aI\x96\x0d*\xa3\x1c\xd4L\x88\
\x12\xd1,\xe9\x81=L+L\x83P\xb3nz\xed\xd2\
UO\x83\xe5\x8d\x9b\x9d\xb5\xcf\xdeg?\xce)\xee\x17\
\xd6d\xef\xc3\xef\xf7_\xff\xbd\xd7^\xcf\xd3\xa3<\x8e\
\xc3\x05\xb8\x04\xe7\xe2l\xccB\x1fN\xc0\x10\x86\xf13\
v\xe0+l\xc4\xfa\xa3\xd7\xfe\x93$X\x82U\xf8\x05\
\x8d6\xcaal\xc0C\x98Qo\xf8\xed\xd3\x8b\xe5\xf8\
N{\x95\x8e\x95a\xbc,\xbc=]\xcbR\xfc\xa0\xdc\
\x8a\x1f[F\xf0\x02\xa6\xd7T\xa7L\xcc\xc4\x1a\xd5V\
\xfc\xd8\xb2\x1b\xd7\xd5Q\xb9V,\xc6.\xf5V~l\
yIhv\xa5\xd3\x93\xe17\xb7\x0a\xed2O\x00\xbb\
\xb0\x19\xdb\xb0\x17\xbfa2N\xc4|,\xc0\xf9\x98\x98\
Cs-n<\xaaU\x1bw\x0a_\xe9,O\xe9\x0b\
\xe1K\xde\x9fQ{2\x06\xf0\x0a\x0ed\xf4\xf8\x14S\
\x8bW+\x1b\xcbp$CP\xebpeA\xaf><\
\x8e\xfd\x19\xfc6\x08oR\xa5,\xc2\x1f-\x02\xd9+\
4\x8f,\xcd(+\xb3\xf1V\x0b\xdf\x06\xde)\xd9\xf7\
\x1fL\xd3\xfa\x83\xb7\x0es\xaa\x0a\x00w\x08c\x82\xb4\
\x18\x1e\xae\xca\xfc\x8d\x16\xc6k\x84\xf6[5\x97\x09\x1f\
\xbcX\x1c#8\xafl\xd3\xebS\x0c\x1bX-\x8c\xf9\
\xeb\xe2\x22a\x0e\x11\x8bg\xa30\x1c/\x85^|\x9b\
b\xf6!&\x95e\x96\x83k\xa4\xf7D\xb7\x95et\
W\x8a\xc9\x1eaf\xd7)\x9e\x8a\xc4\xd5\x10\xc6\x1a\x13\
\x8a\x1a\xf4\xe0\x9b\x14\x93\x9b\x8a\x1a\x14\xa4\x17_\x8a\xc7\
wsQ\x83\x81\x14\xf1\xf7\x8b\x8a\x97\xc4\x15\xe21\xae\
-*\xbe2E\xfc\xd2\xa2\xe2%\xb2N\xf3\x18\x0fc\
n\xbb\xa2\xbd\xe2\x8b\x19\x9f\x14\x8b\xb7t\x96\x8a?\xa8\
\xbb\xdb\x15]\x94\x22z\x7f\xb1xKg\xa2\xf8\xc3Z\
\xd3\xae\xe8\x03\x11\xc1\x06N+\x16o%\xbc\xaay\xac\
{\xdb\x11K\x84\x85\xccf|\x8f\x9d\xed\x88V\xcc\x07\
\x91\xeb\xd3\xb4\xd1U'\xc2\xfc\xbc\x19\x9b\xf3\x8a\xd5D\
Z\x5c\xe7\xe4\x15K\xc4_\xf3\xedy\xc5jb\xbb\xf0\
\xca7cf^\xb1\x04\xa7F\xeeu\xebZ\xfd\x01a\
\xaa\xde\x8c\xbe\xbcb\x89\xf80\xf2`^\xb1\x1a\xd9\x1f\
\xb9\x9e{\xae\x92\x88\xcf\xa6*Y\x84,\x89\xd8Z\xe2\
H^\xa1\x04\xfb\x22\xf7N\xca+V\x13\x09\xa6D\xee\
\x0d\xb7#\x16\xeb?\xe7\xe5\x15\xab\x899\xe2\xcd\xf6\xa7\
\xbcb\x89\xb0\xcb\xd3\x8c\xdc]JM,H\xb9\x97{\
\xdc\x92`K\xe4\xde\x85:\xb3\x00\xd2\x8a\xc5\x91\xeb#\
\xd8\x9aW,\xc1g\x91{\x93\x85\xad\xeen\xe3\xaa\xc8\
\xf5-\xda\xec\xb9\xa6\x8b/9\xadhG\xb0B\xe6\x8b\
\xefU<_D\xf8\xe3\x88\xe8~\xf1\x81R'xR\
|\xe2\xb6\xa4\x88\xf0\x83)\xc2\x8f\x15\x11.\x91S\xc4\
\x97\xc9\xf7(\xb8.8\x03\x7fF\xc4\x7f\xd7\xd9\x05\xd1\
Q\x9e\x15\x7fHO\x97a\xb0*\xc5`u\x19\x06\x05\
X(|\xe5\x9b\xc5vH\x81\xe5\xb0\xb1\x9cuT,\
\x96\x84\xe5e\x98\xb4\xc1\x14\xe9\xfb\x15+\xcb4[\x91\
b4\x8c\xcb\xcb4\xcb\xc0\x04\xbc\x97\x12\xd3\x90\x92\xf7\
(\xa7\x09\xc7Rb\x86\x83\xb8\xb8L\xc3\x14&Ho\
\x96\x0d<Z\x85\xf1\xb2\x16\xa6C\xb8\xb6\x0a\xe31L\
\x91\xfe\xe4\x1b\xc2\xbe`\xe1\x1d\xa1\x18/\xb60?\x22\
|y\xab\x982/\x94\xde\xe6G\xcb@\x05\xde\x7f3\
I|\x13bl\xf9Z|h\x9a\x97\xa9BW\x17\xfb\
\xda\x1f[v\xe2\xcc\x92\xbc\x9br\xb2\xb0\x00\x99%\x98\
\xf5\xb8A{\x93\xa7~\xe1m\x1a\xcc\xe8Uk\x12\xfa\
\xb0)G@\xbf\xe25\xa1\xcb\x5c\xe8\xdf\x8b*\x89\xb0\
\xce0\x80'\xf0Q\x0e\xed\x8e%\xe1x\xbc] \xc0\
\x83\xc2\xaa\xd3\xbe\x12*\xdb\xb1$$xD|\xb8\x5c\
e\xd9\x84\xab\xf1c\x8b\xdfU\x9e\x04\xc2k\x9d\xa7I\
\x14)CB??\xda\xd3\xf4\xeb\x92$$\xb8]\xf9\
'\xc5G\xcb\x88pxrn\x13\xef\xaeI\x02a\x10\
r\x8bp\x80\x22\xcb\x81\xcaVe7\x9e\x11\xdf\xaa\x1b\
\xa5\xab\x920\xca<\xdc\x83w\x85\xb9y\x96\x0a\x1f\xc2\
\xe7xN\x18K\xe497\x5cZ\x12\xaa:m9\x0f\
g\xe0ta!ct|0(<\xe9\x1d\xc2\x99\xa4\
\xa1\x02\x1e\xfd\xc2\xdb\x97\xb6\x85\xbfK\x98\xc0u\xeb>\
ga\xe6j\xfd\xe7\x8d\xda\x9bC\xdd\x8c'\xc1x\x12\
0\x9e\x04\x8c'\x01\xe3I@\xf6q\xc2\xecN\x05X\
\x07Y\x92\xf0f\xc7\xa2\xab\x89VI\x88\x1d\x0e\xf9_\
\x91\xf6M\xd8\xd6\xc1\xb8j%\x96\x84\xfb:\x19T\xdd\
\xcc\xc2\xeb\xc2Y\xe3\xad\xb8\x17=\x7f\x01O\x86\x9ef\
\xd4\x83.R\x00\x00\x00\x00IEND\xaeB`\x82\
\
\x00\x00\x04I\
\x89\
PNG\x0d\x0a\x1a\x0a\x00\x00\x00\x0dIHDR\x00\
\x00\x00@\x00\x00\x00@\x08\x06\x00\x00\x00\xaaiq\xde\
\x00\x00\x00\x04sBIT\x08\x08\x08\x08|\x08d\x88\
\x00\x00\x00\x09pHYs\x00\x00\x01\xba\x00\x00\x01\xba\
\x01\xe8\xab\x01\x06\x00\x00\x00\x19tEXtSof\
tware\x00www.inksca\
pe.org\x9b\xee<\x1a\x00\x00\x03\xc6ID\
ATx\x9c\xed\x9bO\x88UU\x1c\xc7?\xbf\xb1\xfc\
\xb3(M\xc5\xa9\xc8\x1aE\xc2\x85\x0b\x055\xd0\x08\x0a\
\x07F#\xc4\xda\x08n\xcc@0p\xa9\xe2V!E\
\x5c\x14\xb4j\xa3\xa8D\x9b\x16\x11d\x84\x22\xa4\x96\xa0\
B!\x18!\x8e\x0e\x980\xa2\x93.F\x1dp\xfc\xba\
8\xef\xc5\xf4\x9c{\xdf\xb9\xef\x9e{\xce{\xcc\xfb\xc2\
\x81\xf7\xce9\xf7{\xbf\xe7{\xdf=\x7f~\xe7<\x93\
D\x0c\x98\xd94\xa0\x1fX\x03\xac\x02\x96\x01=\xc0S\
`\x1c\xb8\x0e\x9c\x07~\x03\xceJ\x1a\x8d\x22LR\xa5\
\x09\x98\x03\xec\x02n\x02\xf2L#\xc0>`~\xe5\xfa\
*n\xfc&`\xb8@\xc3\x1b\xd3(\xb0\x17\xb0\x8e2\
\x00\x98\x09\x9c(\xd1\xf0\xc6t\x12\x98\xd7\x11\x06\x00\xb3\
\x80_\x026\xbe\x9en\x02o\xb4\xb5\x01\xc0\x8b\xc0\xa9\
\x0a\x1a_OW\x80\xd9!5[Mx\x10\x98\xd9A\
`O\x93j\x02~\x06.\x00/\x03\xb3ki\x11\xb0\
\xd2\xe36g\x80~I\xe3%\xa4NP\x13\xee\xe9\xbf\
\x8f\x1b\xce\xb2\x9e\xde#\xe0\x10\xb08\x87c]\xcd\x98\
f\xbf\x84\x1dm\xf5\x0a\xe0\xc6\xf3\xbfr\x04?\x00\xde\
+\xc0\xf7\x11p+\x87\xef.\xf0J;\x19\xf0I\x8e\
\xd8a`E\x0b\x9c\xef\x00c9\xbc\x87\xdb\xc9\x80\x8b\
9B7\x94\xe0\xfd<\x87\xf76\xd0\x93\xdc\x00`a\
\x8e\xc83\x01\xf8\x8f\xe7\xf0\xbf[\x96\xbf'\xa7\x7f\xf4\
E\x7fN\xd9\xee\x00\xfc_\xe5\x94m*K\x1e\xc2\x80\
\x0f2\xf2\x87$]\x0c\xc0\xff\x07n\x04\x99\x0cK\xcb\
\x92\x870\xa0/#\xffj\x00n$=\xc1\xf51\x93\
\xe1\xf5\xb2\xfc!\x0cx5#?\x88\x015\xfc\x9e\x91\
\xdf\x16\x06,\xc8\xc8\x1f\x0c\xc0]\xc7\x85\x8c\xfc\xb1\xb2\
\xc4!\x0c\x98\x9e\x91\xff4\x00w\x1d\xbf\xe2b\x04\x8d\
\xf8\xb1,q\x08\x03*\x87\xa4\x11`#p\x1a7\xfc\
\x8d\x00_\xe2\x02-\xa5\xf0BY\x82X\x90t\x0eX\
gfo\x01\xc3\x92\x1e\x87\xe0\xed\x18\x03\xea\x904\x14\
\x92\xaf#^\x81*\xd15 \xb5\x80\xd4\x98\xf2\x06\x14\
\xee\x04\xcdl5\xb0xBV\x96\x89+\xcdlsK\
\xaaZ\xc7\x03\xe0\xb2\xa4;\xdeW\x14X\x96\x0e\x00\x7f\
R]\xc03Tz\x08l\xf3m\x97WP\xd4\xcc\xe6\
\x027pA\xccN\xc0\x18\xb0D\xd2\xadf\x15}\xfb\
\x805tN\xe3\x01f\xe0\x17a\xf66`~\xebZ\
\x92a\x8eO\xa5)?\x0at\x0dH- 5\xba\x06\
\xa4\x16\x90\x1a\xa9\x96\xc3\xa3\xc0w\xb8\xc0\xc64\xdc\xe6\
\xe8\x16\xdc\xb9\x82\xb8\xf0\x9c\x05n%\xcc,\xed\x11\xee\
\xc4\xc7s\xfbz\xb8\xe9\xf5\x0f\x81\xee#`k\xac\x8d\
\x91\x22\xf8L\xd2\x01I\xff6\x16H\x1a\x94\xb4\x11\xf8\
4\xa6\xa0\x98\x06\x1c\x94\xf4m\xb3J\x92\x8e\x02?U\
/\xc7!\xa6\x01_\x17\xa8\xbb\x13\x08\x12\xf3k\x86X\
\x06\x0cJ\xfa\xc7\xb7\xb2\xa4A\x5c'Y9b\x19p\
\xa9\x85k\xee\x07W1\x09b\x19\xb0\xbc\x85k\xb26\
\x5c\x82\x22\x96\x01o\x9b\xd9\x92\x82\xd7\x0cT\xa2\xa4\x01\
1;\xc1\x8f}+\x9a\xd9\x00\xff\x0f\xbbU\x86\x98\x06\
\xec7\xb3\x0f\x9bU2\xb3\xd7\x80\xa3\xd5\xcbq\x88i\
\xc0t\xe0{3[\x9fU\xc1\xccV\xe1v\x82{c\
\x89\x8a=\x13\x9c\x01|\x91S\xfe\x0d\xf0f$-@\
\x9a\xd5\xa0\xb5XV\x09\xa6\xfcr\xb8k@\x82{\xbe\
\xd4bY%Ha@\x9f\x99=w\xae\xa8\x96\xd7\x17\
[L\x0a\x03z\x80#f\xf6\xdf\xd3\xae}>\x92B\
O\xaa\x90\xd8\x06\xe0\x9a\x99\x9d\xaf}_K\xc4\xb1\x7f\
\x22R\x1e\x91\xe9\xa5\xc0\xf4\xb8*tG\x81\xd4\x02R\
\xa3k@j\x01\xa9\xe1k@\x98\x7fh\xc5\x85\xd7Q\
]\xdf\x13\x22\xbd\xc0\x10n5\xd7\x09\x18\x07\xfa\x82\x9d\
\x10\x914\x0c\x1c+\xab*\x22N\xfa4\x1e(tH\
j&\xb0\x1d\xf8\x9b\xf4\x07\xa1\xb2\xd2=\xdc\x7f\x96\x17\
\xf8\xb6\xeb\x19;P\x9c\xcb@\xcf\x0d\xaa\x00\x00\x00\x00\
IEND\xaeB`\x82\
\x00\x00\x06\x1b\
\x89\
PNG\x0d\x0a\x1a\x0a\x00\x00\x00\x0dIHDR\x00\
\x00\x00@\x00\x00\x00@\x08\x06\x00\x00\x00\xaaiq\xde\
\x00\x00\x00\x09pHYs\x00\x00\x0e\xc3\x00\x00\x0e\xc3\
\x01\xc7o\xa8d\x00\x00\x00\x19tEXtSof\
tware\x00www.inksca\
pe.org\x9b\xee<\x1a\x00\x00\x05\xa8ID\
ATx\x9c\xed\x98Ol\x15U\x14\xc6\xbf3S\xb4\
\xed\xb4\x90@( R\xa2\x86\xb0h\x89Fjt\x01\
\x1aS\xa5\xa8\x0bE\x17\x04c\x89\xc6\x1d\x1a\x13YA\
W\x18w\x9a\xb80!q\x81QkLT\xe4_\x8c\
`l0\x1a\x90\x05\x94H\xb4\xc4\x18\x12\x16D\x09\x82\
\xa9\xf6\xcd=wJ\xa5\xf3\xb9\xe8}\x8fi\xfb\xdek\
\xdf\xdfV\x99_\xd2\xf4\xcd\x9fs\xce\xf7\xdd{\xe7\xce\
\xdc\x0b\xa4\xa4\xa4\xa4\xa4\xa4\xa4\xa4\xa4\xdc\x9aH\xa5\x09\
H6#\x8a^\x06\xd9\x0b\xa0\x03@s\xe5\xb2\x8ab\
\x01\x0cA\xe4c45\xbd/\x22Q%\xc9*j\x00\
\x1a\xd3\x0d\x91O\x00,\xab$O\x05\xfc\x818~^\
Z[\xbf\xad{e\x1a\xd3K\xd51\xaa\x92\xaa?P\
\xf5\x19\x86\xe1\xd2\x9a\xd7\x0d\xc36Z\xbb\x85\xaa\xa7\x5c\
\xed1\x1a\xf3B\xad\xebN\x15\xd1I\xd5\xebN\xc0\x1e\
\x92\x15?J%k \x85\xaao:\x0d\xa3\x0c\xc3\x8e\
\xfa\x15W=\xec\x0a\x7fX\xb7\xa2\x85\xb4X\xdb\xef\xb4\
\x1c\xaaO\xc1Lf-U\xc7\xa9j\x19\x86mu)\
ZLO\x18\xb6Q\xd5Ru\x9c\x99\xcc\xdaR\xe3\xbd\
\x92+\xfa\xfeN\x17\xf7\x91\xb4\xb6^-9\xbe\xca8\
\x0d\xfd\x00<\xf8\xfe\xeb5-Vik\xd7\x8a\xaa\x8d\
J7\x9b3\xcf\xdfIw}\xaf;>\x5c5\xf5U\
\x221/\xedu\xc7\x85\xbc\x9cH\xc6\xc9\x94$,R\
\xe3~\x00g\x5cL\x97\x04\xc1\x8f\xd56Q\x094f\
\x1dD\xce\xb9\xc3\x071\xa15/\x12\x049\xdfy\x1b\
 yC\xa2Q\xce\x00x\xa0Z\x82kLNk>\
/\xc9s\x0d\xf9\xa2\xa9\xfa5\x80A\x88\x9c\x05s\x83\
\xe2\xbfb\x1eHh\xa5\xb5[@\xae\x07\xd0\x95\xef\xc6\
\xa9#`\x00\xc0c\x05\x92\x1a\x90\x1b\xa5\xa5\xe5\x5c\x81\
\xeb\xf3\x02\x1as\x1fDN\x02\x08\x0a\xdc2 A\xb0\
){0\xed\x0b\x8eQ\xd4\x0e\xb2\x0bd\x17\x80\xd7\x5c\
\xa2q\x00\xcfI\x10\x1c\xa9\x85\xe8j\xe3z}?\x00\
\x1f\x80\x02x\x17\x22\x83\x10\x19\x94\xa6\xa6K3' \
[\xa8\xba\xdf\xcd\x9a\xff\xd0\x98\xdeZ\x8b\xae6\xb4v\
kb\xad\xf2%\x87\x87\x17\xcd.ptt\x0dU\x87\
\x5c\xe0_T}\xa2\xc6Zk\x06\x8d\xd9\xec<\x90\xaa\
C\x1c\x1d]3\xf5\x1eoJ@\x0f\xc6\xc7Ocb\
]\x0f\x00\xe7A\xc6$K\xffb\x9cc\x9cf\x028\
\xefNu`|\xfc4\x8d\xe9\xc9\x1f`\xcc&\xaa\x8e\
\xba\xd6\xfa91|H\xd5\x8bT\xed\xa3\xea\x8az\x19\
(\x17\xaa\xaepZ/&\xf4\x8f9O\x13+Gc\
\x1e\x9f\x1c\x14E\xab\xa9j\xa8JZ\xfb\x96[j\x16\
Jt\x80\xc6\xf4\xcc\xa7QA\xd2\xa31=T=P\
\xa8\xe3H\x0a\xad}\xdb\x9d\x0f\x19E\xed7\x13\xa8\x1e\
\xa2*i\xccg%$?;\x8fV\x83gg\xdbI\
T\xfd\xdc\xddw \x9b\xa03\x17\x1c\x86\x9dE\x8b\x19\
\xb3\xdc\xb5\xe8\xa5\xdc\xa32\x87\x8d\xe0\xccg\x87\xf6%\
\xaa\xf6\xd1\x98\xe5Ec\x8cY\x97\xf0\xdb\xe1\xc1\xf7\xb7\
\xe7\xae\x8a\xf4\x15\xdb\xd6\x92\x96\x96+\x88\xe3}\x00F\
\xdc\xa9Nx\xde\xf1\xb9h\x04\x86a\x1b<\xef8\x80\
l\xa7\x8d \x8e\xf7IK\xcb\x95\x221K\x01\xf4\xe5\
N\xf8~\xafPu\x10\xc0z\x001J\xdb\x1f\x18r\
\xff\x8b\x8e\x9a\x02\x0c\x22\x8e\x9f\xca\xee'83G\x9d\
\x8eR)GG\xd6\xeb\x19\x0f\xc0\xdd\x00\x00\xb2\x07\xc0\
\x00\x003\x8b\x04\x83\x88\xe3n\xc4q7\x80\xc1\x12\x0a\
g\xe9\xca\x8e\x9cDO\x96c\xbeT\x1d\x06\xc07 \
\xb3\x9f\xc2\xf7H\xbe\x15R-\x992t\x93\xbd7\x84\
8\xee\xae\xd7.Sn\x95\x9b\x9d\x10\xeaQ4W<\
\x0c\x97R\xf5\xa7\xdcdd\xed/3M^U\xd7\xe0\
j\xd7}\x04\xe4\x04L\x8c\x84\xaf\x00 9\x1f\xd4\xad\
~\xd6\xf7\x0c\xbd\x9f\x81\xc8\x19\xc4\xf1\x07\x08\x82OE\
d\xbcN\xfa*\x82\xa4\x0f\xd5m\xf0\xbc\x97\xdc\xaav\
a\xa1{gj\x80$'q\xe3\xc6\xd3\xb2h\xd1p\
ud\xd6\x06\x8e\x8c,FC\xc3\x11\x00\x1bfs\x7f\
\xee\xb57i\x9f,\x08D\x82@\xe0y\xab\x01\xbc\x02\
\xe0O\x00\x1b\xe0\xfb\x9b\xab-\xb8\xea,X\xd0\x83\x09\
\xf3\xd7\x00\xec\x80H{\xce\x8fc\xd2\xe3\x9e\x9c\x04i\
m\xc6MJw&s2\x93YBk\xb7\x91\xbc\xad\
>.\xca\x87\xe4\x02Z\xbb\x95\x99\xcc\x92I\xe7\xad]\
\xe5\xbc\xfe\x0d$|Oj\x00\xd5\x83\xee\xf8(\xad]\
5\x17\x06j\x813\x7f\xccy\xfb\x02(\xf0\x16`&\
\xb3\x16\xbe\x7f\x0a\xc0\xe2iYD\xbe\x93\xe6\xe6G\xeb\
+\xbd<h\xcc\xf7\x10y8\xcf\xa5a\xf8\xfeC\xd2\
\xd8x!\xeb{\xd2\xae\xb0,\x5c\xf8+\xad\xbd\x17\xe4\
;\x00zPd\xf6\x04\x00F\xd1]\x88\xe3\x9d\x00\x9e\
\x04\xd0>5_\x0d)\xf5\xed\x94\x010\x00\xdf\xdf-\
\x8d\x8d\x17\x92\x17\x92o\x81\x95\x12\x04\x97g\xab\x80\xc6\
\xbc\x08\x91\xf7\x00\xdc^\x9a\xf6\xaas\x12q\xfc\xac\xb4\
\xb6^\x9bm\x00\xad]\x09\xf2\xb7\x89\x83\xec\xd7\x981\
\xbbf\x9d@u\x07Uc\x17{\x90Q\xb4\x81d\xdd\
\x1a\x82Q\xd4\xee4\x5c+gYNcvO\x9b\x04\
\xa9z\x9d\xc6\xec\xa2\xea\x1dE\x83o\x9a\x8fi\xed\xab\
\x95\xdb)\x1f\x1a\xb3,\xb1\x1f0c#\xd0\xda\x95\xce\
\xfc\xf5i\x93\xe0\xad\xca\xcd\xf5\xbf\xe7=\x02\xe0\x18&\
> \xfe\xaf\x5c\x05p\xd4y\x05\x90\x98\x04g\xbb\x18\
\x9a\xab\xc5\xd3L\x94\xebc\xde\xec\xec\xce\x15\x1e\x80\xcb\
\x00\xc0(\x9aq\xf1\xc0(\xda\xe8~\xfe^KQe\
R\x96\x8f\x06\x88\xf4\x83\xdc\x858>A\xd5\xe2\x91q\
\x9c\xfd\xd5_\x81\xd0\xdaP\xa6\x0f!y\x1b\xa2\xe8\x0d\
\x90\xdb\x01\x14}\x05b\xa2\xe7\xfb\xd1\xdc\xbcGD\xc6\
*\x16]E\xca\xf5Q{e)))))))\
))\xf3\x93\x7f\x01\x12\xa1\x06\x95]\xe19\xf6\x00\x00\
\x00\x00IEND\xaeB`\x82\
\x00\x00\x03\xda\
\x89\
PNG\x0d\x0a\x1a\x0a\x00\x00\x00\x0dIHDR\x00\
\x00\x00@\x00\x00\x00@\x08\x06\x00\x00\x00\xaaiq\xde\
\x00\x00\x00\x04sBIT\x08\x08\x08\x08|\x08d\x88\
\x00\x00\x00\x09pHYs\x00\x00\x01\xbb\x00\x00\x01\xbb\
\x01:\xec\xe3\xe2\x00\x00\x00\x19tEXtSof\
tware\x00www.inksca\
pe.org\x9b\xee<\x1a\x00\x00\x03WID\
ATx\x9c\xed\x9b\xcfK\x94A\x18\xc7?\x93V\x96\
\x10\xe1ARB\xf4$\xdeB\x0aA\x0f\x85\x97n\x81\
B\xde\xc5C]\xba\xf8gx\xf1Z7\xff\x85\xed\x16\
B\x14\x16H\x89y\xca\xc2[Y\x81\x10I\xb2F\xea\
\xf6tp\x16\x96\x5c\xdf\x19\xe7\xe7\x9a\xef\x17\x1eXx\
\xe6}\x9e\xef\xf3\xdd\x99ygfg\x95\x88\x90\x02J\
\xa9n\xe0\x1ep\x07\xb8\x0e\xf4\x00\xbd\xda\xfd\x15\xf8\x06\
l\x02/\x80\xa7\x22\xb2\x95\x84\x98\x88D3\xa0\x0d\x98\
\x01^\x015@,\xad\xa6\x9f\x99\x01\xda\xa2r\x8cX\
\xfc\x04\xb0~\x82\xa2\x8f\xb3u`\xe2\xd4\x08\x00t\x01\
\x8b\x01\x0a\xff\xd7\x16\x81\xae\x96\x16\x00\x18\x026\x22\x14\
_\xb7\x0d`\xa8%\x05\x00F\x81\xed\x88\xc5\xd7m\x1b\
\x18\x0d\xc5[i\xf2^PJ\xf5\x01o\x81n\xef`\
v\xd8\x02n\x89\xc8'\xdf@\xe7|\x03(\xa5.\x03\
\x15\xd2\x15\x8f\xceU\xd1\xb9\xbd\xe0\xdd\x03\x94R\x8f\x81\
\x07\x96\xcd\xab\xc0K`\xa5\xc1\x00n6\xd8m\xa0\xd3\
2\xde\x13\x11yh\xcf\xb6\x09\x02Lz\x07\xd8\x8d\xdd\
\xe7@\xbfE\xcc~\xdd\xd6&\xe6\x01\x9e\x93\xa2\xaf\x00\
\x15\x0b\x92U\xe0\x11\xba\xb7Y\xc6U\xfa\x99\xaaE\xfc\
J\x16\x01\x80a\x0br5`\xcc#\xc7\x18v+\xc8\
a\xd7\x1c>\x93\xe0}\x8b6\xf3\x22\xf2\xda5\x81~\
v>\x10\x97c\x93\xb8~;\xa6e\xee\x07\xa0\xc3\xa7\
{\xea<\x1d:VQ\xae\xf5\xa4C\x00\x184\x10\x12\
`\xdc\xb7\xf8\x86|\xe3\x16\xf9\x06S\x0e\x81\x1b\x06\xff\
o`\xc91v3,\xe9\x98E0qj\x0aW\x01\
z\x0c\xfe5\x11\xd9w\x8c}\x04:\xd6\x9a\xa1\x99\x89\
SS\xb8\x0a\xd0k\xf0\xaf\x18\xfc.0\xc54qj\
\x0aW\x01\xae\x19\xfc\xef\x1c\xe3\xfa\xc44qj\x0aW\
\x01.\x18\xfcU\xc7\xb8>1M\x9c\x9a\xc2{3t\
\xdaQ\x0a\x90\x9b@n\x9cy\x01lVas\xc0\x1e\
\xf1\x8f\xbaB\xdb\x1e0g\xaa\xcfx \xa2\x94\xda\x03\
\xce;\xa9\x9b\x1f\xfb\x22R\xf8v\xb0\x19\x02\xa7\xb5x\
\xb0\xe0~\xe6\xe7\x80R\x80\xdc\x04r\xa3\x14 7\x81\
\xdc(\x05\xc8M 7\xda3\xe6\xde\x05V\xf5\xe7a\
\xc0\xfbg.'X,\x85C/Q\x7f\x00\xd34\xdc\
\xfc\xe0\xf0&\xc9\xb4\xf6\x05\xcd\xe7}*\x1c\xa1\xf8\xbe\
\x82\x5c}\xa1E\x88u*\xec\x8aY)\xf8I[\xfb\
f\x13\xf2\xb1\xda\x0c\x157\xb0\xc7.pEDj\x86\
|m\xc0O\x02\xcd\x09\x22\xa2\x8a\xfc){\xc0\xaa\xa9\
x\x00\xddf\xd5\xd4.\x14R\x0ap\x927N\xb2\xb7\
S\xca!p\x00\x5c\x15\x91\xc2\xd3]\xa5T'\x87\xf7\
\x80\x82\x88\xd0JC\xa0\x1d\x98\xb2h7E\xca\xf5I\
\xe2\xd7\xe0.0R\x90kD\xb7\xf9o\xd7\x01\x02,\
\x17\xe4Z\x0e\x9d\xaf\xd5\xd6\x01\x00\xdf\x1d}Q\x90C\
\x80\xcf\x8e\xbe(\xc8!\xc0\xa6\xa3/\x0a\xca\x1e\x90:\
!\xa5\x00\xe5\x10\xf8\xe2\xe8\x8b\x82\x1c\x02\x14]fr\
\xba\xe8\xe4\x83\x94{\x81:~\x01\xcf8z\xeb\xeb\x22\
p\x17\xb8\x142\x99i/\x90C\x80\xa4h\xa5\xcdP\
K\xa2\x14 7\x81\xdc\xb0\x11\xe0Ot\x16\xf1`\xe4\
n#\xc0\xc7\x00Dr\xc1\xc8\xddF\x807\x01\x88\xe4\
\x82\x99\xbb\xc5\x81\xc8\x00\xb0C\xf8\x83\x91\xd8\xb6\x03\x0c\
x\x9f\x08i\x11&O\x99\x08;\xc0\xa4Um6\x8d\
\x1az\xc2\x02\xf0\x9e\x93\xfd\x13<\x95\xd54\xb7\x05\x9b\
o\xben\x7f\x01\xb4\xd0S\xd6\xb4\xb3\x1eF\x00\x00\x00\
\x00IEND\xaeB`\x82\
\x00\x04\x94\x0e\
\x89\
PNG\x0d\x0a\x1a\x0a\x00\x00\x00\x0dIHDR\x00\
\x00\x04\xb0\x00\x00\x02\xa1\x08\x02\x00\x00\x00\xcf\x19\xc0\x9c\
\x00\x00\x00 cHRM\x00\x00z&\x00\x00\x80\x84\
\x00\x00\xfa\x00\x00\x00\x80\xe8\x00\x00u0\x00\x00\xea`\
\x00\x00:\x98\x00\x00\x17p\x9c\xbaQ<\x00\x00\x00\x06\
bKGD\x00\xff\x00\xff\x00\xff\xa0\xbd\xa7\x93\x00\x00\
\x00\x09pHYs\x00\x00\x1c \x00\x00\x1c \x01\xcd\
\x0f\x9b\x9e\x00\x00\x00\x07tIME\x07\xe7\x0a\x1f\x00\
\x13%\xaf\xb4K'\x00\x00\x00^tEXtRa\
w profile type 8\
bim\x00\x0a8bim\x0a      \
28\x0a3842494d04040\
0000000000f1c024\
1000a546f70617a2\
04c61627300\x0aDJE\x97\
\x00\x00\x00DtEXtRaw prof\
ile type iptc\x00\x0ai\
ptc\x0a      15\x0a1c0\
241000a546f70617\
a204c616273\x0a\x96o\xc6\x22\
\x00\x00\x80\x00IDATx\xda\xec\xbdw\xa0$\xd7\
Y\xa7\xfd\xbe\xe7TU\xa7\x9b\xe7\xcehF\x1a\x8dr\
\xb4\xb2,\x0b\xe3 c\x1c\x00\x93v\x09\x0b\x1fi\x81\
eY\x96\xfdX\xd8@\xb2\x0d\x06l\x92IKX\xe0\
#/\xcb\x12\x0c\x0e`\x16\x1b\x8cml\xe3\x9cp\x92\
d[9k\xd2\x8d]\xe1\x84\xf7\xfb\xe3TUW\xc7\
\xb9#\xcbJ\xfd{,\xcfTWWWWW\xf7\xbd\
SO\xbf\x89E\x84\x00\x00\x00\x00\x00\x00\x00\x00\xcc\x1f\
\xea\xf1>\x00\x00\x00\x00\x00\x00\x00\x00\x00\x8f\x0f\x10B\
\x00\x00\x00\x00\x00\x00\x00\x98S \x84\x00\x00\x00\x00\x00\
\x00\x000\xa7@\x08\x01\x00\x00\x00\x00\x00\x00`N\x81\
\x10\x02\x00\x00\x00\x00\x00\x00\xc0\x9c\x02!\x04\x00\x00\x00\
\x00\x00\x00\x809\x05B\x08\x00\x00\x00\x00\x00\x00\x00s\
\x0a\x84\x10\x00\x00\x00\x00\x00\x00\x00\xe6\x14\x08!\x00\x00\
\x00\x00\x00\x00\x00\xcc)\x10B\x00\x00\x00\x00\x00\x00\x00\
\x98S \x84\x00\x00\x00\x00\x00\x00\x000\xa7@\x08\x01\
\x00\x00\x00\x00\x00\x00`N\x81\x10\x02\x00\x00\x00\x00\x00\
\x00\xc0\x9c\x02!\x04\x00\x00\x00\x00\x00\x00\x809\x05B\
\x08\x00\x00\x00\x00\x00\x00\x00s\x0a\x84\x10\x00\x00\x00\x00\
\x00\x00\x00\xe6\x14\x08!\x00\x00\x00\x00\x00\x00\x00\xcc)\
\x10B\x00\x00\x00\x00\x00\x00\x00\x98S \x84\x00\x00\x00\
\x00\x00\x00\x000\xa7@\x08\x01\x00\x00\x00\x00\x00\x00`\
N\x81\x10\x02\x00\x00\x00\x00\x00\x00\xc0\x9c\x02!\x04\x00\
\x00\x00\x00\x00\x00\x809\x05B\x08\x00\x00\x00\x00\x00\x00\
\x00s\x0a\x84\x10\x00\x00\x00\x00\x00\x00\x00\xe6\x14\x08!\
\x00\x00\x00\x00\x00\x00\x00\xcc)\x10B\x00\x00\x00\x00\x00\
\x00\x00\x98S \x84\x00\x00\x00\x00\x00\x00\x000\xa7@\
\x08\x01\x00\x00\x00\x00\x00\x00`N\x81\x10\x02\x00\x00\x00\
\x00\x00\x00\xc0\x9c\x02!\x04\x00\x00\x00\x00\x00\x00\x809\
\x05B\x08\x00\x00\x00\x00\x00\x00\x00s\x0a\x84\x10\x00\x00\
\x00\x00\x00\x00\x00\xe6\x14\x08!\x00\x00\x00\x00\x00\x00\x00\
\xcc)\x10B\x00\x00\x00\x00\x00\x00\x00\x98S \x84\x00\
\x00\x00\x00\x00\x00\x000\xa7@\x08\x01\x00\x00\x00\x00\x00\
\x00`N\x81\x10\x02\x00\x00\x00\x00\x00\x00\xc0\x9c\x02!\
\x04\x00\x00\x00\x00\x00\x00\x809\x05B\x08\x00\x00\x00\x00\
\x00\x00\x00s\x0a\x84\x10\x00\x00\x00\x00\x00\x00\x00\xe6\x14\
\x08!\x00\x00\x00\x00\x00\x00\x00\xcc)\x10B\x00\x00\x00\
\x00\x00\x00\x00\x98S \x84\x00\x00\x00\x00\x00\x00\x000\
\xa7@\x08\x01\x00\x00\x00\x00\x00\x00`N\x81\x10\x02\x00\
\x00\x00\x00\x00\x00\xc0\x9c\x02!\x04\x00\x00\x00\x00\x00\x00\
\x809\x05B\x08\x00\x00\x00\x00\x00\x00\x00s\x0a\x84\x10\
\x00\x00\x00\x00\x00\x00\x00\xe6\x14\x08!\x00\x00\x00\x00\x00\
\x00\x00\xcc)\x10B\x00\x00\x00\x00\x00\x00\x00\x98S \
\x84\x00\x00\x00\x00\x00\x00\x000\xa7@\x08\x01\x00\x00\x00\
\x00\x00\x00`N\x81\x10\x02\x00\x00\x00\x00\x00\x00\xc0\x9c\
\x02!\x04\x00\x00\x00\x00\x00\x00\x809\x05B\x08\x00\x00\
\x00\x00\x00\x00\x00s\x0a\x84\x10\x00\x00\x00\x00\x00\x00\x00\
\xe6\x14\x08!\x00\x00\x00\x00\x00\x00\x00\xcc)\x10B\x00\
\x00\x00\x00\x00\x00\x00\x98S \x84\x00\x00\x00\x00\x00\x00\
\x000\xa7@\x08\x01\x00\x00\x00\x00\x00\x00`N\x81\x10\
\x02\x00\x00\x00\x00\x00\x00\xc0\x9c\x02!\x04\x00\x00\x00\x00\
\x00\x00\x809\x05B\x08\x00\x00\x00\x00\x00\x00\x00s\x0a\
\x84\x10\x00\x00\x00\x00\x00\x00\x00\xe6\x14\x08!\x00\x00\x00\
\x00\x00\x00\x00\xcc)\x10B\x00\x00\x00\x00\x00\x00\x00\x98\
S \x84\x00\x00\x00\x00\x00\x00\x000\xa7@\x08\x01\x00\
\x00\x00\x00\x00\x00`N\x81\x10\x02\x00\x00\x00\x00\x00\x00\
\xc0\x9c\x02!\x04\x00\x00\x00\x00\x00\x00\x809\x05B\x08\
\x00\x00\x00\x00\x00\x00\x00s\x0a\x84\x10\x00\x00\x00\x00\x00\
\x00\x00\xe6\x14\x08!\x00\x00\x00\x00\x00\x00\x00\xcc)\x10\
B\x00\x00\x00\x00\x00\x00\x00\x98S \x84\x00\x00\x00\x00\
\x00\x00\x000\xa7@\x08\x01\x00\x00\x00\x00\x00\x00`N\
\x81\x10\x02\x00\x00\x00\x00\x00\x00\xc0\x9c\x02!\x04\x00\x00\
\x00\x00\x00\x00\x809\x05B\x08\x00\x00\x00\x00\x00\x00\x00\
s\x0a\x84\x10\x00\x00\x00\x00\x00\x00\x00\xe6\x14\x08!\x00\
\x00\x00\x00\x00\x00\x00\xcc)\x10B\x00\x00\x00\x00\x00\x00\
\x00\x98S \x84\x00\x00\x00\x00\x00\x00\x000\xa7@\x08\
\x01\x00\x00\x00\x00\x00\x00`N\x81\x10\x02\x00\x00\x00\x00\
\x00\x00\xc0\x9c\x02!\x04\x00\x00\x00\x00\x00\x00\x809\x05\
B\x08\x00\x00\x00\x00\x00\x00\x00s\x0a\x84\x10\x00\x00\x00\
\x00\x00\x00\x00\xe6\x14\x08!\x00\x00\x00\x00\x00\x00\x00\xcc\
)\x10B\x00\x00\x00\x00\x00\x00\x00\x98S \x84\x00\x00\
\x00\x00\x00\x00\x000\xa7@\x08\x01\x00\x00\x00\x00\x00\x00\
`N\x81\x10\x02\x00\x00\x00\x00\x00\x00\xc0\x9c\x02!\x04\
\x00\x00\x00\x00\x00\x00\x809\x05B\x08\x00\x00\x00\x00\x00\
\x00\x00s\x0a\x84\x10\x00\x00\x00\x00\x00\x00\x00\xe6\x14\x08\
!\x00\x00\x00\x00\x00\x00\x00\xcc)\x10B\x00\x00\x00\x00\
\x00\x00\x00\x98S \x84\x00\x00\x00\x00\x00\x00\x000\xa7\
@\x08\x01\x00\x00\x00\x00\x00\x00`N\x81\x10\x02\x00\x00\
\x00\x00\x00\x00\xc0\x9c\x02!\x04\x00\x00\x00\x00\x00\x00\x80\
9\x05B\x08\x00\x00\x00\x00\x00\x00\x00s\x0a\x84\x10\x00\
\x00\x00\x00\x00\x00\x00\xe6\x14\x08!\x00\x00\x00\x00\x00\x00\
\x00\xcc)\x10B\x00\x00\x00\x00\x00\x00\x00\x98S \x84\
\x00\x00\x00\x00\x00\x00\x000\xa7@\x08\x01\x00\x00\x00\x00\
\x00\x00`N\x81\x10\x02\x00\x00\x00\x00\x00\x00\xc0\x9c\x02\
!\x04\x00\x00\x00\x00\x00\x00\x809\x05B\x08\x00\x00\x00\
\x00\x00\x00\x00s\x0a\x84\x10\x00\x00\x00\x00\x00\x00\x00\xe6\
\x14\x08!\x00\x00\x00\x00\x00\x00\x00\xcc)\x10B\x00\x00\
\x00\x00\x00\x00\x00\x98S \x84\x00\x00\x00\x00\x00\x00\x00\
0\xa7@\x08\x01\x00\x00\x00\x00\x00\x00`N\x81\x10\x02\
\x00\x00\x00\x00\x00\x00\xc0\x9c\x02!\x04\x00\x00\x00\x00\x00\
\x00\x809\x05B\x08\x00\x00\x00\x00\x00\x00\x00s\x0a\x84\
\x10\x00\x00\x00\x00\x00\x00\x00\xe6\x14\x08!\x00\x00\x00\x00\
\x00\x00\x00\xcc)\x10B\x00\x00\x00\x00\x00\x00\x00\x98S\
 \x84\x00\x00\x00\x00\x00\x00\x000\xa7@\x08\x01\x00\x00\
\x00\x00\x00\x00`N\x81\x10\x02\x00\x00\x00\x00\x00\x00\xc0\
\x9c\x02!\x04\x00\x00\x00\x00\x00\x00\x809\x05B\x08\x00\
\x00\x00\x00\x00\x00\x00s\x0a\x84\x10\x00\x00\x00\x00\x00\x00\
\x00\xe6\x14\x08!\x00\x00\x00\x00\x00\x00\x00\xcc)\x10B\
\x00\x00\x00\x00\x00\x00\x00\x98S \x84\x00\x00\x00\x00\x00\
\x00\x000\xa7@\x08\x01\x00\x00\x00\x00\x00\x00`N\x81\
\x10\x02\x00\x00\x00\x00\x00\x00\xc0\x9c\x02!\x04\x00\x00\x00\
\x00\x00\x00\x809\x05B\x08\x00\x00\x00\x00\x00\x00\x00s\
\x0a\x84\x10\x00\x00\x00\x00\x00\x00\x00\xe6\x14\x08!\x00\x00\
\x00\x00\x00\x00\x00\xcc)\x10B\x00\x00\x00\x00\x00\x00\x00\
\x98S \x84\x00\x00\x00\x00\x00\x00\x000\xa7@\x08\x01\
\x00\x00\x00\x00\x00\x00`N\x81\x10\x02\x00\x00\x00\x00\x00\
\x00\xc0\x9c\x02!\x04\x00\x00\x00\x00\x00\x00\x809\x05B\
\x08\x00\x00\x00\x00\x00\x00\x00s\x0a\x84\x10\x00\x00\x00\x00\
\x00\x00\x00\xe6\x14\x08!\x00\x00\x00\x00\x00\x00\x00\xcc)\
\x10B\x00\x00\x00\x00\x00\x00\x00\x98S \x84\x00\x00\x00\
\x00\x00\x00\x000\xa7@\x08\x01\x00\x00\x00\x00\x00\x00`\
N\x81\x10\x02\x00\x00\x00\x00\x00\x00\xc0\x9c\x02!\x04\x00\
\x00\x00\x00\x00\x00\x809\x05B\x08\x00\x00\x00\x00\x00\x00\
\x00s\x0a\x84\x10\x00\x00\x00\x00\x00\x00\x00\xe6\x14\x08!\
\x00\x00\x00\x00\x00\x00\x00\xcc)\x10B\x00\x00\x00\x00\x00\
\x00\x00\x98S \x84\x00\x00\x00\x00\x00\x00\x000\xa7@\
\x08\x01\x00\x00\x00\x00\x00\x00`N\x81\x10\x02\x00\x00\x00\
\x00\x00\x00\xc0\x9c\x02!\x04\x00\x00\x00\x00\x00\x00\x809\
\x05B\x08\x00\x00\x00\x00\x00\x00\x00s\x0a\x84\x10\x00\x00\
\x00\x00\x00\x00\x00\xe6\x14\x08!\x00\x00\x00\x00\x00\x00\x00\
\xcc)\x10B\x00\x00\x00\x00\x00\x00\x00\x98S \x84\x00\
\x00\x00\x00\x00\x00\x000\xa7@\x08\x01\x00\x00\x00\x00\x00\
\x00`N\x81\x10\x02\x00\x00\x00\x00\x00\x00\xc0\x9c\x02!\
\x04\x00\x00\x00\x00\x00\x00\x809\x05B\x08\x00\x00\x00\x00\
\x00\x00\x00s\x0a\x84\x10\x00\x00\x00\x00\x00\x00\x00\xe6\x94\
\xe8\xf1>\x00\x00\x00\x00\x00<A\x11\x91)\xf70\x91\
\x10\xf1\x84;\x98N\x8b\xe63\x9c\xeecO\xb1\xe7\xe1\
\xc3\x05\x00\x000\x11\x9e\xfe\xbb\x1e\x00\x00\x00\x00O>\
d\x96\xff\x84\x7f\xf4?_~T_S\xf0\xb0\x8fM\
\xd8\x80Go\x8aT\x87\xc5$B2\xb6\x0d\x8d\x18#\
\xd3\xf0-\x00\x00\x00\x8f\x04D\x08\x01\x00\x00\x80'\x16\
23\xb6uJ\xf3\x99\xb9\x01\x87\x9d\x8b\x08\x91\x90\x90\
\x17/$\xd5\x93V\xdf\x12\x8bx\xef%@\xe2\xbd\x10\
\x898\x09\x8f\x0a\x0f\x08\xcb\x22Tn5X\xf6\x8d\xe3\
\xaf\xf6\x5c\xad\x9a\xf654\x13\x0b\x13\x11q\xe9|\xdc\
\xdc\x03\x87\xb5\x83?\xc3\xff\xc2b\x89R\xd5\x021\xb3\
b&RL$J).E\x92\xcb\x87\x8e\xd1x\xde\
\xd3}\xabh \xe0PR\x00\xc0\x93\x13D\x08\x01\x00\
\x00\x80'>\x12\x02g\x22T)\x98\x17!\xefKw\
\x0b\xfe\xe6\xbd'\xef\xbdwa\x9b\xa0t\xde\xfb\xfa^\
\x11\xaeL\xcf{\xef*\xe5#\x22\xf1\xde\xbbp\x17\x09\
\xb9r\x87\xc4\xa5\xfb\x89\x08W&\xe9C\x00/\xdc\xa4\
\xf2\x80h\x8a\xec\x09\x09\x0b\xb1L\x0e\x18\x06\x17\x1b\xdc\
PU`Q8\xacg\x12fi8\xdb\x90\xbc5l\
N\x95\xb7\x98X*\xcdSD$\xcc\x8a\x89T\xb5)\
)&\x22VJ)\xd6J+\xa5\xb4\xd6J)\xa5T\
\x90\xc9jI\x11\xb1bf\xcd\xac\x06\x10Qu\xbf\x9a\
\xe1\x90\xe1T<B\xc9\x04\x00\x80\xc7\x16\x08!\x00\x00\
\x00\xf0XS\xc5\xd4\xea0\xdc\xc0\xea\xbc\xf7\xde;\xef\
\x5c\xf08\xef\x9dsN\xbc\x88p\xd8\xc4{[\xb9\x1b\
\x89P-{\xa5\xf7\x91\x97z\xa7R\xab\xa3\xaf\xd4O\
\xd5+\xab\xa3 \xae\xc2\x83!\xb47\x90\xbdf\xa4O\
D\xca\x04N\xe1\xda\x00\xeb\x8dd\x10\x01\x1c\xc9\x16m\
\xe4~N (\x93\x88Lp'.\x1f\x1f\xb6S\xd5\
\xee\xea\x98^H3\x0dA?\x22R\xac\xa8\x0a\x1f\x92\
\x90Re0\x90\x98\x98\x14\x09\x05\x9d\x1b\x0a\x0c\x06\xc5\
\x0cN\xa9\xc2m]\x1d\x95/\xadO\xab(\x8aJ\x05\
\xac\xbc\x91\x99\xb5\xd6Z\xeb$\x8e\xe3(\x8e\xe28\x8a\
\x22\x1d\xe9S\x8a\xe2\x94\x0f\x03ML\xb0\x85O\x02\x00\
\x1e\x1b \x84\x00\x00\x00\xc08\xf5?\x8e\xa7}Q\x1e\
\x14,hYmt>\xfcU/x\xef\xbc\xab,\xae\
\xb2?\xef\xc3#\xad/C}BA\xe5\xfc 0\xe8\
\x85\xc51\x91\xf7\x9e\x88$\xfc;.T\x86\x07C>\
\xa7\xf8\x90\xe4YF\x14\xc5\x8b\xf8\xf2\xc0\x84\x88((\
d-\x84\xe4K\xa7\xf34\x9a\xd8Y\xeb\x1e3S\x1d\
Od\x0az(\xd3\xa2\x82\x8d\x95<p:n\xde5\
Q\x05\x1b\xcbB\xa5IrU\xf5X\xe7\x92\x0e\xe5g\
V!B\x22\x16fU)b\xb9V\x85x )\xa1\
\xd2\xfd\xea\x90bXPJ\x85c(\xd3N\xb5\xae\x9e\
\xdf3\xb3bE\x8aYq\xad\x82\xd4\x88\x10*\xad\x13\
\x1d\x053TZ\xd5Z\x18Eq\xbb\xddN\x92X)\
\xad\x1a\xcf\xd8|\xdeG\xf8\xa1\x9ch\xce\x00\x00\xf0\xb9\
\x81\x1aB\x00\x00\x00`\x22\xa3W\xde!\x22'2\xb0\
;\x11\xb6\xd6\x8a\x88\xf3\xde9g\xad\xb5\xd6\x06\xeb+\
\x932\xc3\xb2\xb7uI\xde\xa06o\x007\xd7\x07-\
\xac\xf24\x9ba>\xaek\xfa\xea{}m\x8c\x95\xd4\
5\xa2\x82\x03\x9dk.\x8c/\xd3\x848\xdf\xd4\xbbh\
L\x17\xc7\xce\xd2\xa9\xbfh\x0eb3Mo\x9aw\xd5\
\xcb\x1cZ\xcd\x0c\xdfKU\x0a)5\x8cKDB0\
0d\x87R\xa5p\xf5\xce\xeb?\xc3\xfaZ\x08\x89H\
)&b\xad5\x85H\xa7\x08\xebA\x82h\x08\x0c\xd6\
7\xb5\xd6Q\x1c\xc7Q\xa4\xa3H)\xa5\xb4\x0az\xe9\
\xac\xb3\xce\x1ac\x8c1e\xf0\xd69\xef<\x11\xd5\xe9\
\xa9Ji\xa5H\xebHk\xa5u\x14E:\x8e\xe3V\
\xbb\xddj\xb7\x93$\x89\xa3(\x8et\x14EQ\x14)\
\x15\x85'%\xc4\x0c\x01\x00\x9f\x1f\x10!\x04\x00\x00\x00\
\x88\xaa\xa6(e@\xaeN\xd7\xf4\xc6{g\xads\x8e\
\x9d\xf3\xd6\x1ak\xadu\xa5\xf5U9\x9c\x83\xacM\xeb\
\xbd\x97\xaa\xb0\x8f\xca\x954\xc5\x06\xa9\x8c\xe8q\x08(\
\x86\xfa\xbfP\xce7\xd6\xa9e\xecV%|ak\x1a\
6\xc8\xfa\x155un\xc4\x06i\x0f\x1eH\x93Tp\
\xfcQ#\xd1\xbf\xc9\xe7\x96\x88*a\x1b\xdf`Z\xee\
\xe8P\xfcP\x86\xac\x8f\xa8tv\x09\x09\xa22\x1a\x00\
\x94*\x1ft\xdc\x06\xc7\xe3\x84\xf5\xbdZ\xeb(\x8aT\
u\x81\xc4J\xb1.c\x84\xf5\xa3\xb4\xd6I\x92h\xad\
Y+b\xf6\xce\x19c\x8a\xbc\xc8\xb2\xcc\x1a\xe3m\xf5\
\x8d\x00S\x88V*\xd6\xccU\xd3\x1bVe\xdc\xb22\
\xcc\xba@Qk\x15\xc7\x91\xd6e\xd81I\x928\x8e\
\xa2(\xd6Q\x94$\xc9\xc2\xc2B\xaf\xd7K\x92$\x8e\
\xe38\x8e!\x87\x00\x80G\x0b\x08!\x00\x00\x80\xb9\xa3\
\xd63\xe7\x9c\xf7\xe4\x5cP\xbe\x22\xc4\xf7\x8cu\xc6\xd8\
:\xc3\xd3:\xeb\x9dwU\xa4\x87\xc4S\xa5u\xb5\x0c\
6\x22sU\xb6\xa8x*3F\xbd\xa7\xe6\xfd\xbe\xb9\
LD\x8dF/\xb6\x8e\xec\x95\xed]\xea\xd4P\x11\x12\
_\x99\x18\xd5n\x18\xda\x84\x92\x90\xaf\xf2?\x9b\xca\xc7\
\xcc\xe1\xe14\x16\x1e\xacW\xd2\x14!\x9cx\xef\xc8\xc2\
\x8c\xe5\xd9'\xbf\xb9\xdc\xb4\xb5\xa6[\xd6\xd6\xc7\xd5\xf4\
\x09&\x0e\xe6\x16\xd6+\xa5\x9cxV,\x22\xaa\x8a\x06\
6e\xcf\x93\x04\xe3\xaa\x9fnZ\xf6f\xd8m\x08\xc4\
\x95\xa1?\x1d\xe9\xf0\x5ceo\x19\xaec\x8fJ\xa98\
\x8e\x95R\xd6ZS\x14E^\x18c\x9c\xf7\xc4T\xb7\
\xa8\xd1J\xf1 \xb5T\xd5}P\x95\xaa{\xd4\x84\xfb\
C\x94R\x95]R\x89\x15\xab\xea0T\xb9\xbd.\x95\
U)\x15EQ\xb0\xc1V\xab\xd5n\xb7[\xadVR\
\x11E\xc8\xf9\x02\x00<B \x84\x00\x00\x00\x9e\xca\xd4\
\xe2\xe7\x9c3\xd6VY\x9d\xd6X\xeb\x9c\xb3\xc68\x17\
\x22\x80C\xb5|n\xd0\xe2\xc5U\xb7*\x97\x0b\x81A\
\x09\x0aVg\x87\xca\xa4\x84M\x91j7\x83\xde\xa0\x95\
\xea\xd5\xbd_B\x84OH\xa4l\x1e\x13T\xaf.\x0b\
,_E\xb3\x0e\xb0\xfc\xb7[\x06\x0e'\x93\x84pD\
\xe1\x9a{\xa31\xdf\x1b\xbf\x8b\x1ab6\xb2\xb7\xda\xd6\
fG\x05'\xc6\x03gD\x08\x9b\x8fj\x0a!3\x8b\
\x17U\xf5\x92\x11\xf1D\xcc\x8a\xb9\x1ec\xa8\x94x\x1f\
\xaa\x07\xab\x1e3L\x0d\x85\xa3\xb18\xa1\xa2AS\x99\
rfE#T\xa8\x22\xad\x95\xd2QD\xbeJ^U\
\xac\xa2\xd2\x12\x07=]\x89\xb4RJ\xe9A\x9da\xb8\
\xb2R\xa1\x11\x0e7m0\xfc\xcd\xaa,m,\xe7a\
0s\xf5\xb7.+\x13u\x90Hb\x1e\x18f\xa5\xb5\
\xe1f\xd8W\x14EJ\xa9$I:\x9dN\xa7\xd3\x09\
\x8a\x18\xc7q\xd3\x81\x01\x00\xe0\x94@\x08\x01\x00\x00<\
i\x90j\xfa\xc2\xc4|9\x11r\xce;g\xab\xdcN\
c\xad5\xa6\xd6@\x1b\xca\xfcB\x09\xa0\xf5\x0d\x05\xac\
=\xd0U\x82\xe6\xbd\x94\xd7\xfdV\x84\xbcs\xbel\xc7\
\xe2e\xa8\xde\xaf~@\xd5\x97\xc5{b*C\x84U\
\xac\x90\xa4n\xf3Y\x0b\xa18_\x0b^\x85\xf3\xf5`\
\xc0f\x13\x98\x89\xa6'D<\x10\xc2*\x9ft,;\
\xb4\xb9<\xcd\x03O+*81NH\x934ov\
*i3\xfa'3{\xa5\xd4\xdb\xa8\xaa\xaaS\xea\xae\
12\xbaY\x99)Z\xad\x19\x1eP1<\xb2\xa2j\
33\xd2-\xa6\xdc\xb8J\xe4$/\x8aUo\xa1\x17\
'1+U\x87^G\x1eR?Ee\x8f\x8a\x98\xf4\
 M\x94K\xfd\xd3!\x0eX\x8eF\xacc\x85aC\
\xc5\xaa\xee|\x13\x82\x8c\x03\xfd\xab\x1c\xb2)\x84e?\
\x9bA\xc6\xa9\x8e\xe38I\x92\x10?\x0c\x91\xc3\xb2\x9c\
\x12\x00\x00\xa6\x03!\x04\x00\x00\xf0\xe4\xc3S\x19\xf7+\
\x0acLa\x8d7&\xa8\x9f1\xc68\xe7\x9c\xb5\xa1\
\xa0\xaf\xee\xecR\x16\xfc\xd5\x02X\xa6\x80\xba:\xf3\xb3\
aw\x5c\xa5q\xfar\x1c{\x19*\xacF=H\xa8\
\xf6\x0b-=\xcb\xfc\xce\xa6\x16\x0e\xe7\x90\x96)\xa6\xbe\
\x19'\x14\xf14\xdc\x09\x86\x84\x5c\x95&Z\x0d\xfa+\
\xd77\xdb\xc3\xd0`\x84\xbcT\x13 D\x063!\x9a\
\xfaW\x07\xf7\xc2I\x1bwE:\x95\x01\xd6\xda6\xbe\
\x9f\x91=\x8cS\xaf\x9fV7\xb8\x17\x9a\x01C\xd5h\
-\xea\xc5\x87\xc6\xa7\x8a\x07\xc2S\xaa#\x0fW\x1e\x8e\
\xa5\xa4J\xd5\xa5\x86C\x89\xe0p\x12iX\xf6\xde+\
\xa5\x96\x97\x96\x16\x16\x17;\x9d\x0e\x11\xd5#\x19\xeb\xcd\
\x9a\xcb\x83ZDfbR\xac\x14\x95e\x83\xd4\x08<\
6\xfd\x8dj\x9f\xac,P\x85\xbc\xd1p<j\xb4\xc2\
P\x95\xe1En\xa6\xb6\xd6\xfb\xa9\x13T\xc3\xcd8\x8e\
\xa3(\x0ar\xd8\xe9tZ\xadV\x14E(;\x04\x00\
L\x04\x19\xe7\x00\x00\x00\x9e(\x88L\x9eX'\x22!\
\xe1\xd3\x18cLa\x8c-\x8a\xbc(\x0ak\x9d\xb5\xc6\
9\xe7\x9d\x0c\x82|\xc1\x00\x9d\x1b$\x80\xd6C\xfa\xc2\
\x1f\xa1\x10\xb0!\x82\x0d\x9d\xab\xa3\x7fu\xe7O_y\
\xe0 .X\x06\x0f}\x9d\x18:\x94\xffITYb\
u?U\xd3\x02i(\xc4\x17\xc2\x90\x83\xacO\xa9\xea\
\x06'\xe5\x7f\x96\x7f\x87 i\xbd[\xae\x1f\xce\xa1\x03\
j\x98E1\xd9\xeb&\xc6\x06g\xa7\x8cN\xdblh\
c*\x0b\xfc\xaa\xf7p\xe8^\x1an\x0c3\x12\x18\x1c\
Y\xae\x99\xb8R\x95b\xc9\xe5\xdc\x8br\x0ea9\xcc\
\x9e\x99\xcbF3j\xb8\x0d\xe9H;\xd3\xf2!C=\
dCf\xa9\x10)\xc5\xe1k\x82^\xb7w\xe8\xd0\xa1\
\xe5\xe5e\x1dEJ+&\xb6\xd6\x0a\x0d\xf6#\x8d>\
\xa8#\xe7DU\x87D\x9e\x84I)\x16/\xac\xcaW\
T'\xee\xd6\x13/\xca\xe3,'\x7fp8\x92\xb0\xd6\
{O\x22\xec\xc5\x87\xc1\x19\x8a\x94b\xebEkE\xc4\
\xe2}HT\x0d\xbb\xadw\x18\xce\x9bs\xce\x18\x93\xa6\
\xe9\xee\xeenH+m\xb7\xdbI+\xd1\x0a\x09\xa5\x00\
\x80! \x84\x00\x00\x00\x1e7d\xf8\xba\xbc\xbe\xb4\xf6\
\xde\x87$\xcf<\xcf\xf3</\x8a\x22\xcd\xb3\xbc(\x9c\
s\xde:o\x9d\x97\xc1\x18\xf7z\xb8_XS\x86\x00\
\x87ep(]s\xb8\x19LS\x08\x9b\xb5a\xcd\xa0\
\x9f\xf7\x9e\x84\xca\x8c\xd2\x86\x1dr%\x82\xcd\xb61R\
\x99%\xb9\xa1\xa6\xa0\xb5k\x8d4z\x19_\x98\x1d\xd6\
\x93j\x82<\x11\x91\x1f\xac\x0f\x9bz\x9a\x10\xf1\x9b\x16\
\x00\x9c\xb8@\xd3c\x803b\x83u\xf6\xa6\xa7\xa9\xea\
8#B5\xb4\xab\x86t\xd1Xy\xe1\xc8\xa3J\xdf\
S*\x84\x06\xeb\xc7O|\xec`v\x05\xb1\xd0\xd0\x89\
\x0d6\x95\xe6Y\xa7\xd39\xef\xbc\xf3\xce\xd8\x7f \x8a\
\xa2\xf09\x09\xddb\xa28\xb2\xd6NlX\xda\xec}\
\x1a\xb4\x8f\x88\x85\x89D\x143y\x0a\xd5\x81<F\xb9\
\x928\x04\x16\x95RA\xf9B\xa1a\xe8P\xca\xc4u\
=ax\xfb\x99\xa9\xac\xa8l\x14\xa6\x86\x06B!q\
tD\xa7\x8d1\xe1\x07\xaa\xdf\xef\xc7I\x1c%I\xe8\
E\x13k\x5c\x04\x02\x00\x88\x902\x0a\x00\x00\xe01F\
&\x15\x8c9g\xf3\xdc\xe4\xb9q\xce\x16EaLn\
\x8c\x09*X'|\xda*\xe8W\xf7\xff\x1cJ\x07\x0d\
\xfe\xe6k\xdb+uq\xdc\xfaF\xd64%p\xacD\
p`\x86$$\xce\x0bI\xbdg&\xa6jS?.\
~\xbe4\xa3:\xd1\xb4\xd9v\xa6>\x15\x03a\xab6\
\x08w\x0d\x22\x8d$\x5c\xffc\x1d\xaa\x11)L\x85\x97\
\xaa\xdf(IC\x02G\x84\x90\xa6X\xdc^\xf4o\xe4\
\xe6\xec\xcd\xd8S\x08\xa0\x8d\x0b\xe1\xf8\x95\xc6H\x12\xe9\
\xf8\xcd\x91\x07\x8et\x1c\x95I\xd3)\xea\x0d\xa6]\xd8\
\x84\x88b\x98N1\xf2F\x10Q\x9e\xe7Q\x1c\x1f9\
\xe7\xc8y\xe7\x9d\xd7\xeb\xf5\xbcu\x12\x1a\x051\x09\x91\
b\xa5\xb4\xd2Z;\xe7\xa4LJ\x0dI\xbaT\x8e\x9e\
g!\x0e\xb1\xc1\xd0:\xb4\xcc\x11-uQ\x0d\x0cp\
\x90\xdcY\xe5\x87\x96\xf5\x83U\x1ake\x98U\x0fR\
\xe2\xe6\x83\xc2\x9f:d\xa4*U\xef\x99\x86{\xa5R\
U\x1e\x19E\x9a\xabZ\xc4\x905\x1a\x0a\x14\x93xP\
j\xc8Uw\x1ed\x94\x020\x9f@\x08\x01\x00\x00|\
\xde\x19\xbf\x82\xf7\x22\xc6\xd8\xa2(\x8a<\xcb\xb2,\xcf\
\xf3,\xcbC\xf9\x9f\xb5\xae.\xff\xb3vP\x07\xe8\x1a\
)\xa0n8\x1dt`q\xbe\xea\x01Z\xf7t!\x19\
\xd7\xbc\x891\xc3\xa6\xd1\x8d\x04\x09%d\x85V\x0dB\
\xeb}R\xd9\x1f\x94\x9aBHe\xca\xa8\xd4\x9a\xd7\x14\
A\xae\xf60H\x10\x95\xaaPpP7X\x9e\xb4:\
[\x94\x1a\x89\xa0\x83M\x82\x10\x96\xf7\x96\xcbB\x8d\x87\
\x0f/\x9c\xf2\xe6\xc8rS\xae\xa6]-4\xe2\x93\xc4\
T\xf9\xe9\xf0\x9b\xfe\xb9\x5ci\xcc\xee:3\xc3\x0c\xa9\
\x8a?3\x0d\x0c\xb5\x8e\x10J\xd5\x08\x96\x89\x8c\xb5E\
Q\x9cq\xc6\x19W_s\xf5\xfa\xfe\xfd\xe1\xa358\
\xb7\x5c\xfd\x1dj\xf6\x98\xad\xb5\xa1\x9e\x91\xab}\x0aQ\
\x88\xde\x85H\x1e\x97!\xca\xf2=\x0bkC\x91\xa7R\
JG\x91\x0a\x8aV\xa1\xb4f\xadUez\xa5\xf7\xd5\
\x07^\xb6\xa0\xf5\xe5\xc7\x8d\xa4\x1cSQ\xf6 Ua\
j\xa1R\xba\xf6F\x1a\x0c=\x1c\x88d\xdd\xad4\xc0\
U\x0b\xd3V\xab\xd5j\xb7\xe3$\xd6J1\x94\x10\x80\
\xb9\x04B\x08\x00\x00\xe0\xd1gJ\x18\xd0eE\x9ee\
Y\x9a\xa6\xbb\xfd,\xcfsk\xadX\x13:\xbb\xb8\x8a\
 \x81u\x22\xa8\x1f#\xac\x94\xb1<\xcf\xd2\xf4\xa8\x9c\
,_7\xf6t2!<\xd8T\xbe\x11\x1b\x1c\xd9\x98\
\x88\xc67\x18r\xbff\xa0\xaf\x91\x14:\xb4\xc5 f\
\x18\x86\x07JC\xfd\x86SF\xab\xdb\xe1\x8e\xdaf\xea\
N34\x16\xe5\x13\x91\xa6\xf7\x8c\xc7\x00\x9b\xebG\xde\
\xa3G\xe0\x8d\xb3wK{3\xc0\xd9\x11\xbf\x89\xc79\
1\x95t\xc6~\xca\x84d\x11\x96F\xd9a\xb3\x8b\x0f\
\xf1\xee\xeeN\xbb\xdd\xbe\xf6\xba\xeb.\xba\xe8\xa20Z\
p\xf4\x9cp\xa9|,\x14\xfa\xc4(V^|\xfd\xa6\
(\xe2p\xee\xebo&\x88%\x8c\x95OZ\xedN\xb7\
\xdb\xebu\x97\x16\x97z\xbd^\xb7\xdb\xedt:I\xbb\
\x15:\xbe(\x15)=\x98w?x\xb9\xc1c\xcb*\
V!.?\xd8a<\xa61&\xcb\xf3\xbc\xc8\x8b\xac\
\xb0E\xe1ln\xad\xf5\xdeQ\xd5\xabT\xabr\xb0\xfd\
  9\xd6xf\xc4\x09\xc3\xd1\x86h\xe1\xd8\xf1\x00\
\x00\x9e\xfa }\x1c\x00\x00\xc0\xa3\x83\x0cw\xf2 \x22\
/>\x84\x01\xf3\x22\xcf\xb3|\xb7\xbf\xdb\xcf\xb2\xb2\x05\
\xa8-]\xcfY\xe3\x1a\x8c\x8b\xdfx$p\xfc\xe6@\
\xe4\x9c\xf3u\x88\xaf\x0e\x19V\x0aP{\xe0x\xee\xe8\
\xb8\x10\xd2\x88\xda\x8d\xdd\xd5\xf4\xaez\xe5\xc8\xa3h\xcc\
\x18\xc7\x17\xea\xb37b\x95DT\xb7\x8d\xa1Fm\xde\
\xb8\xefM\x5c\xde\x8b\xd1\xcd\x8e\x16\x8e\xa7_\xee\xf1K\
\xe4\xf1\xe3\x19\xc9\xf9\x9c\xb8\xfdx\xa6h\xcd^\xfa\x94\
\x8e\x88\x1cS\x19\x94\xe3*Mt\xe4\xbdp\xc6\xec\xa4\
\xe99\x17\x9e\xff\xecg=k\xdf\xeaj^\x14\x22R\
\xa7z\x8a\x84\xe6Ae-`\x88\xd7\x09\x0b\x93\x22%\
\x9a\xb4s.\xbc\xef\x995l\x1c\x13G\xdd\xf6\xea\xea\
\xea\xea\xea\xda\xda\xda\xbe\xd5\xd5\xd5\x95\xe5\xe5\xdeb/\
\x0c\x06|\xd4\x05\xab>\x17\xce;S\x98\xc2\x14y\x96\
gi\x9a\xa5Y\x96gY\x91\x1bg\x99\x88\x99\xb4\xd6\
:\xd2\x8a\xca!\x8e\x22\x5c\x15\xdbJ\x18WX\xff\x5c\
\x14E\x11z\xcf`X\x05\x00\xf3\x06\x22\x84\x00\x00\x00\
\x1eMD$\xcf\xf3,\xcbv\xd3~\x9a\xa6EQ\x18\
cB\xf9\x9f+\xff\xf4\xceYg\x9d\x0f\x03\xe1\x1b\x84\
8a\xf8\xb3i}\xcd\x90\xe0H\x8e\xe8x\x95`3\
\xc93\xacq2\xa4\x7f4)\xe27\xb2\x86*\xc7\x1b\
\x11\xc2\xe6c\xa9aq\x13\xb7\x9c \x81\x8d\x04Q\xae\
o\xce\xe8\xfb\xd2\xe8#Z\x0f\x96\x189\xdb\xe3\x0b\xb3\
S=\xf7b\x86\xb3\xd7\xccN\x04\x9d\x18\x87\x1c_\x1e\
?\xda\x91\xdd\x8e\x04\x00g\x847G\xf6_\x9e-f\
\xe1rTc\x9d\xfc\xe9\x9d\x17\x11/>\xdd\xed{\xa6\
\xe7\xdet\xd3\xd3\x9fq\x83\x88\x98\xa2(w\xe2G\x85\
\xbf\xce2%\x920\xe1\xc2{\xef\x1d\x85\xa6Gq+\
YZ_;\xf3\xe0\xc1\xb3\x0f\x9d\xb5\xb6\xbeomu\
\xb5\xddj\x8f\x9d\x91A\x1a\xed\xe8\x1d4R\xb7\xc7\xd5\
m\xe1\xc1C\x9a\x8f\x1f\xc9\x8fm>d\xb0\xb5\xb5\xae\
(\x8a4M\xfbi\x9a\xf6\xfbY\x9e;[\x90H\x18\
G\xa1T\xa4\xca\xc65\xaa\xca+\xd5UB\xa9\x0a\x93\
\xee\xebh\xa1\xcc\x0c\xde\x02\x00\x9e\x1a@\x08\x01\x00\x00\
<\x02F\x9bP\x84\x0b\xd0@\x9e\x97\xd5\x80.\x98\x9f\
u\xf5\x5c\xf8\x91H\xa0\x1bn\x123\xa2\x82\xd3\x82\x81\
\xcd\x9b\xd40\xb4\x91{\xab2\xbd\xa9a\xc0\x89\x01\xc0\
\xe6\xc6\xe3w\x11\xd1\xb4\x85\x89rX\x9e\xac\xe6f\xe1\
\xec\xc9h\xa0oBx\xb0q3t\xc5\x94IUy\
\xd3\x96\xe9T\x9a7\xe3\x813\x1e5m\x83iA\xbc\
\xa6\xe0\xed\xf1\x92\xa3\xb9\xe5\x88\xdc\xaaj4<\x8d\xa9\
\xe6\xf8\x93\xb2\x0c\xd6;\x12\x12\xa7\x89\xac\x97\x93'O\
\x1e<t\xf0\x85/|\xf1\xc5\x97\x5cl\x0ac\x9d\xf3\
\xe2\xc9\x97/aP\x1d\x1a\x9e\x85\xa9^\xef\x8c-L\
\xc1\xc4\x0bK\x8bg\x9du\xd69\xe7\x9cs\xc6\xa1\x83\
\xeb\xeb\xeb\xcdv\x9d\xa5\xf0S\xdd\xf0t$\x1dT\x98\
\xc2\xb7\x01T\xd5{\x86\xfcS\xae\xef\x0e\x0da\xaan\
\xa8\xe5\xcfYY\x91X:$3\xfbz\xe7\xcc\xba\xf9\
\xf38\xeeo\xde\xfb\xf0\x83\xd9\xef\xf7\xb3,56\xf7\
\xdek\xa5U\x94h\xa5X)\x16\xc5\x1c\xd2WIG\
\xa1\x92qH\x0biL\xd4\x01\x00O% \x84\x00\x00\
\x00\xf6\xcaH\xb8\xc0\x8b\x14y\xde\xef\xf7wvvv\
wwk\x09\x0c\x8e\x17\x86\xc4\x87\x057\xccH)\xe0\
D\x09\x1c\x0f\x0c\x8e\xc7\xf7&.LL\x0a\xa5\xe9u\
\x80\xcdx\xe0\xb4\xf5~x\x8a`s\xcb\xfa\xcc\x8c\xac\
\x1c\xb9w/\xe2G\xd3\xfcp,\xc24#\x00H\xa7\
c}3\xae\x01\xa6\x85\xe6f\xec\xeaso!\xd3\xdc\
Us\x87\x13\x0f\xa3\x19\x1e\x9c|>ePr\xe9I\
\x88|\x91\xe5[[;\xd7>\xfd\xfa/\xff\xca\xafX\
\xea-dYFB\x9e\xc5\x8b'7\x10\xc2\xb2\xe7L\
x^\x22kM\x9e\xe5\xc2\xb4\xbao\xed\xc8\x91s.\
8\xff\xfcC\x07\x0f\xf6z\xbd\xe6\x0f\x02\x89\x84\x06\xa1\
D\xd4\xf8\xa2\xa4z\xdf\xbd\xb3\xa6\x10\xa60\x01\x91u\
\xa4UD\xa4\x1e\x15\xb5*\xe3\xcc\xd5G\xb49\x09\x83\
\xca\xc1\x89\xcd9\x90>\xcb\xb2\x9d\x9d\x9d~?\xcdM\
\xe1\x9ccf\xad8\xd2ZiMBDJ\xeb\xb2+\
i\x88(\xb6Z\xad\xf1$Rh!\x00O% \x84\
\x00\x00\x00N\x8f\xbc\xb0i\x9afY\x96\xf6w\xfa\xfd\
\xbe1\xa6n\x03\x13\x08k\x02#a\xc0\xf1q\x113\
\xaa\x04eR\x22h\xd3\x00G\xb2FEd\xe2f4\
fz\xb3\x85\x90\xa6\xfb\xe1\xc8\xcd\xc0\xb8\x1c\x8e[_\
XY\x8b\xcdD\x81i\x06\xbeN)u#+O\xd9\
\x11\xb4y\xef\x88nM|\xa2\xe6\xc6\xb4\x07\xcd\x9b\xb6\
\xc1l\xb1\x0c\xec=x8~<#\xa7\xb4y\xfe\xc9\
\x97k\xac\xb7J\xfc\xf6v?u\xf6%/\xf9\xf2\x17\
\xbe\xe0\x05\xde:\xe7\x0c\x95\x9d`\xbc\x10\x89\xf3\x22\xc2\
B\xe2}\x9d\xcak\x8a\x22w\xa6\xd5\xe9\x1c9r\xe4\
\xd2K.9\xf7\xdcs\xdbIk\xe4\xf5\xd6\xeaE\xe4\
\xeb\x84\xcf\xea0\xbc\xf3\x9e\x88\x22\x9d0\x0f\x84J\x88\
\x8e\xa7\xdb\xbb;\xe9\xf1c\xc7\x1ez\xf0\x81\xe3\xc7\x8e\
=x\xf4\xe1{\xef\xbd7\xdf\xd9=|\xe8\xccc\xc7\
\x8e=\xf4\xd0\x83;\xdb\x9b\xadV+\xd2\x9a\x88\x9ds\
\xadV\x8b\xe3X\xc5\xc9\xd3.\xbd\xec\x9cs\x8et\xda\
\xad\x95\x95\x95\xe5\xe5\xe5\xd5\xfd\xfb\xf7\xed[i\xeb\x96\
\xa2!a\xab~d\x1c\x95\xf3'\xa2:\x9eXoS\
X\x93\xa6Y\x9a\xf6\xd3\xb4\x9f\x179\x13G:\x8aT\
\xc4UKR\x22\x0a-g\xa2(J\x92$\x8e\xe3P\
v8\xfc\xc2\x01\x00Oz \x84\x00\x00\x00\xa6S6\
j$!2\xc6fY\xd6\xef\xf7\xb7\xb7\xb7\xfai\x1a\
\xcc\xaf)\x81#\xc1\xc0\xf1\x1c\xd1\x91\xb9\x112\xa5C\
\xcc\xb4\xe2@\x1a\x9e\x138\x1e\x1e\x1cW\xc1S\x1a\x9d\
\x1f\xee&:C\x08iRM`\xd3Ffx\xe0\xe0\
t\x8e\xddl.\x8c\xfc\x8b<\xcd\xfd\xc6W\xce\xd8l\
\xda\xbd\xb5\x13\x8e?jZ8n\xc6\xfaiOz\x8a\
\x0f\xd7\xcc\xa2\xc4\x09\xb5\x85\xd5G\xb1\xfe\x8b'\xbd\xea\
\xa17B\xc4{\xeb\xac\xd9\xdc\xdc\x8e\x92\xd6\xb7~\xc7\
w\xde\xf0\xf4\xa7\xefn\xefhV\xc2^\xc4S9`\
\xd2y\xe7C\x1f$!\x12/i\x96\x1akV\xd6\xd6\
\xae\xba\xea\xaa\x8b/\xbexyi\xa9\xf9\x0e6Bp\
#?-\xe4E\xc4[\x22O:\xd6\xa4\xc3\xda\x8d\xed\
\x93\x9f\xfe\xe4-\x1f\xf8\xc0\xfb\xee\xbe\xfb\x9e\x87\x8e\x9d\
\xb8\xeb\xae\xbb\xee\xb8\xe3\x8e\x9d\xad\xed\xdd\xdd]\xef\x5c\
\x12Gq\x92\xb0\xd6\x91\x8e\xda\xad\x16\x11i\xad\xd3\xbc\
\xa8\xb2\xafs\xef\x1c\x11EQ\xbc\xb6\xbaj\x8a<\xb7\
.\xed\xefFI\x1cRI\x0f\x1d\xdc\x7f\xce\x91s\xcf\
9r\xee\xf9\xe7\x9f{\xf0\xe0\x19\x97^z\xc9\xb9\xe7\
\x9ew\xe6Y\x87\xdb\xadN\xf3\xe0\x9c\xf7\xce{&Q\
\xcc\x8a\x155^\x82\x88\xe4E\xd1\xef\xf7wwv\xf2\
<\xf7\xdeW\xd5\x86\x83\x01\x86J)\x1d\xe9\xa4\xd5\x8a\
c\x0c\xa8\x00\xe0\xa9\x06\x84\x10\x00\x00\xc0TD\xa40\
\xa6\x9f\xf6wvvw\xb7\xfby\x91[k\x9d/\xac\
u\xd6Zgl-~\xe3U\x82\xe3*XK\xa0\x8c\
\x15\x04\x8eg\x87NS\xbeS.\x8f4\x83\x99\x18\xeb\
\x9b!\x8a\xd3\x96\xc7\x03P\x13\xb5\x90N%\x844I\
\xea\x1e\x81\x10\xd2i:\xe1\x8c\x7f\xeeeo\x0dE\xf7\
x\xc1\xf0\xe8^W\xd4\xc2Y\xcfW\x1c\xb9\x9b\x89\xc7\
\x15\xbdZ\xf0\xc6\x14\xce\x9a\x8d\x8d\x8d\xd5\xf5\x03\xdf\xf7\
\x03?p\xee\xb9\xe7\xednli\xad\x88\xd9{'\xde\
\x87=\xf8\xaa>\xd3;\x9fe\xa9\xb5\xee\xcc\xb3\xcfz\
\xda\xe5O;\xef\xdcs[\xad\x16UnIc\x12X\
\xaf\x08\x9f\xb40\xe8!\xacyx\xf3\xf8\x87>\xf4\xd1\
w\xfc\xc3?|\xf0C\x1f\xb8\xf5\xd6Oo\x9c\xdc \
\xc5\xcb\xcb\xcbk+\xab\xabk\xabK\x8bK\x8b\xbd\x85\
\xa5\xa5\xa5\xa5\xe5\xe5^\xaf\x93\xb4Z*\x8a\xb5R\x91\
\xf8\xeaH\xc8y\x17:\xf4n\xed\xec\xbc\xee\xf5\xaf?\
\xeb\xf0\xe1\x1f\xfd\xe1\x1f\xfc\xf4-\xb7l\xef\xa4\xdb\xdb\
;\xb7\xdcz\xcb?\xbe\xf5\xad\xcf~\xe6\xb3>s\xdb\
\xa7\xef\xbc\xeb\xee\x81?+NZ\xad\xf3\xce9r\xe5\
\x95W\x9cu\xf8\xf0\xf5\xd7_\x7f\xc1\x05\xe7\x1f9\xef\
\xfcCg\x1cR\x95\xc5y\x11k-\x87\xf4\xd0a\xb9\
\xb5\xd6\xf6\xfb\xfd\xed\xed\xed\xa2(\xbc\xf7A\x08Cl\
PEU\xb40\x8e\xe3(F\xcb\x19\x00\x9e2@\x08\
\x01\x00\x00\x10\x0d\x87z<\x89)L\x9a\xa6[\xdb[\
;;;&/\x8c\xb1\xd6:\xef\xbd\xb5\xb6pE\xd9\
\x1e\xd4\x0c\xc5\x03\xeb\x04\xd1`\x86\xd3RC\xa79\xe1\
\xf8M\x1a\x0e\x09\x8eK\xe0\x8c\xcd\xea@\xdfH\xc4o\
\x86\x1f\xd2X)\xe0\x0c\x09\x9c\xe8r\xe3\xdb\xd3t\xeb\
\x9b(\x814\xe6\x904E\xf3N)l\xb3\xe5pv\
\x96\xe6\x1ee\xf2\x11^B4j\x22\xa7\xe9\x84\x0c\x17\
\x10\x96\xa7\xa5a_\xe1\xc1\xe4\xa5\x0e\x12\x86\xb3Yo\
\xe0\xbdX\x93Zk\xb7w\xfa\x87\xcf>\xfc}\xdf\xff\
\xfdg\x9f}dss[\x930\xb3\x17\xf1\xe2I\x84\
<1\x11)\x16\x91,\xcb\x0aS\x1c:x\xe8\x9ak\
\xaf=\xf7\xdcs\xc3\xa0\x06\xef}\x1d\x0fl\xbe\xdeJ\
\xff\xcaO\xb5\xd61\xb3\x12\xf1\xb7\xdd\xfe\x99\xb7\xbe\xe5\
\x1f\xdf\xfc\x7f\xdft\xeb\xcd\x9f\xea\xe7\xc5\xca\xca\xca9\
G\x8e\x9cy\xf8\xf0\xea\xfa\xbe\xc5\xa5\xc5(\x8a\xe2(\
RJ9\xe7|\xf8\x89r\xce9+\x22B\x8aI\x14\
\xf9\x90\x5c\xaaX\x97\x13#\xa2\xb8\xdb\xed\xddz\xcb-\
\xaf{\xfd\xeb_\xf6c?\x9a\xe5\x99w\xd4i\xb5{\
\x0b\xbd_\xfa\xc5_\xfe\xf6o\xf9\xb6+\xae\xb9\xfc\x9d\
\xef~\xef\xce\xd6\xce\x89\xe3\xc7\xee\xbb\xef\x81\x07\x1ex\
\xf0\xde\xfb\xee?q\xfc\xa8s\xd6XGD\xacx\xff\
\xbe\xb5\xab\xaf\xb8\xf2\xf2\xa7]~\xcd\xb5\xd7]\xf7\x05\
\xcf8\xff\x82\x0b\x16Z\xdd\xf0B\xac\xb7\xd6XVJ\
+\xad\x1bC\x08\xad\xb5\xfd\xfen\xbf\x9f\x063TJ\
Eq\xac\xb4\x8a\xa2(\x8a\xa28\x10=\xfa\x135\x00\
\x00\x8f=\x10B\x00\x00\x00%\xdeKQ\x14i\x96\xa6\
i\xba\xdb\xdf\xcd\xb3<\xcb3g\xadw>L\xc4\x0e\
Bh\x9d-;\x87\x9a\xd1\x04\xd1f\xcb\xd0\x19%\x82\
{\xfc\xb3V\xbe\xa6\xce\x8d\xd8\xe0\x88\xd4\xf9\xe9c\x03\
g\xb7\x8d\x191\xc0\xb0\x92&f!\x9eJ\x02g\x87\
\x01\x9b\x1b\xd4\xe1\xac\x91\x0dh\x8a\xf8\xed=THS\
\x84s\xa2FN\xcc\xf9\xdc\xe3\xfe\xf7\xb2+:\xd5\xa4\
\x8a\x11FwR\xb5\xdc\xf4Te\xba\xd6\xdb5\x9b\xb5\
\x96\x0b$\xe2\x9dw\xc6\x18\xf2n\xb7\xdf?\xe7\xfc\x0b\
~\xe8\x87~h\xff\xbe\xf5\xad\xedm\xadt\xd5\x81\xa5\
\xea\x22\xea\x85\x98\xacsY\x9a\xae\xed\xdb\xf7\xf4\x1b\x9e\
~\xce\x91sT\xf9\xbe\x10\xab\x91&\xa1\xa3\xd9\xbf\x9e\
$\xd2\x9a\x89\x1fx\xf0\xde\xb7\xbc\xe5\x1f\xfe\xeeo\xff\
\xeeC\x1f\xfaP\xd2j]p\xfeE\x17\x9cw\xce\xfa\
\xea\x8a\x8a\x13\xe2\xd8zcM\xc1\xe5!\xfb\xf0\x0a\xc3\
\xc4\x87\xe0\x9a\xac\xc2|\xfb\xfa\xff\x8aU\xc4\x8a\xc5\x8b\
hvB\x9d$\xfe\x95W\xff\xc2W\xfe\xeb\xaf~\xe6\
\xb3\x9eu\xe2\xd81G~\xa9\xb7x\xfb\xad\x9fy\xc7\
?\xfd\xd3\xcb^\xf1\xf2{\xef\xbd7\xd1Q\x12\xc5J\
E\xd6\xda\xdd\xdd\xdd\xcd\xad\xed\x13'6\xee\xbc\xeb\xde\
\xbb\xef\xbd\xfb\xde\xfb\xee>y\xf2\xe8\xd6\xd6\x965\x9e\
\x89z\xbd\xce9\xe7\x9f\xf7\xf4\xab\xaey\xfa\x17\xdc\xf8\
\xcc\xe7<\xeb\x8a\xcb.o%\x1d\x22\xf2\xe4\x8d\xb1L\
\xa4\x95\x22\xd6\xaaz\xed\xc6\x98\xba{0+\xd6:\x8a\
\xe3Hi\x1di\xddj\xb5\x92\xb8\xa5\x14\x0b!\x85\x14\
\x80'1\x10B\x00\x00\x98wD\xc4\x18\xd3O\xd3\xdd\
\xdd44\x891E\x16z\x84\x16Ea\x8a\xc2:g\
\xad\x0d\xd1>\xe7\xac1\xe5,\x89\x91\xc0\xe0xH0\
\x5cy7\xd3AeRq`\xb8\x19\x12JeR\xf2\
\xe7\xb8\xf5M\x0c\xf1\x8d\xa8\xdd\xb4` \x0d\xcb\xdb\xf8\
]4\xe6\x87\xcd\xbb\x9a\xae8q\x83\xf1\x95{\xb4\xbb\
\x19kdo\x9dfh\xba\x01\xcaX}\xa0\x8c%\xbb\
\xd2\x98\xb9\x9d\xf2\xc8\xe9T\x9a7\xd8s\xe8\x87Yy\
\x03\x8f=hb\xd0r\xb0\x92\xcbv\x9a\xe1\xb1\x8a\x95\
\xd0\xf0)r\x95\xf9\x8bq\xce\x13\xd1\xcen\xff\xeak\
\xaf\xfd\xbe\xff\xf2\x03\xcb\x0b\x8b\xfd\xed\x1d\xa5\x141\x89\
\x88w\x9e\xfc \xde\x98fi\xd2j]{\xf55\x97\
^z\xa9\xd6\xba>Q\xd3^\x0b\x13;\xef\x84$\xd2\
\x91'\xf9\xf0G\xde\xff\x9a?\xfb\x8bw\xbc\xed\x1dD\
\xee\x82\x0b/>\xef\xfc\xf3\x97\x96\x16D\xb8\xdf\xcf\xbc\
uDDBJ\x13\x95\xeaG\x8au\xb9\xff\xaa\x01\x0d\
+&\x92:\xd7\xb4\xb4E\xa5\xcbcPlY\xaf/\
-\xbc\xfd-\xff\xf0\x8e\x7f~\xefO\xff\xccO\xef\xa4\
[}\xe7\x94$\x17\x1c<\xf8\x9b\xbf\xf9k\xd7\xdd\xf0\
\x8cg|\xc1\x0d\xf7?\xf0`\xa4\x13E\xa4XE\x91\
N\xa28\x8a\xb4\x8e\x95sngggsc\xf3\xbe\
\xfb\xef\xbb\xfd\xb6\xdbo\xbf\xe3\x8e\xfb\x1f|\xe0\xf8\xb1\
\x13\xd6:\x22Z^\xec]v\xf9e\xd7]w\xdd\xf3\
_\xf8\x82g\xdcx\xe3\xd9g\x9e\x1d\xde\xa8\xc2Y\xef\
\x5c\xc4ZGQ}*\x8c1Y\x96\xa5ij\x8c\x09\
y\xa4q\x9c\xe8(\x8a\x93$\xd2:\xb4L\xe5\xaa\xc8\
\x13\xa9\xa4\x00<\x89\x80\x10\x02\x00\xc0|!\x22\xd5<\
k\xf2\xde\xe7y\xbe\xb3\xb3\xb3\xbd\xbd\x9d\xe7y)\x81\
\xa60E\xd9&\xd4\x18\x13\x02\x83\xaetB_\xb7\x0f\
\x9d8Ib6\xe3F7M\x0e\x9b+il\x86\xc4\
H|OfB\x93z\xc3\xccX\x9e\xb60\xf1\xe6\xf8\
\x9f\x13\x15q\xda\xcd\x91\xbb\xa6u\x0a\xdd\xa3ON\xdb\
x\xc4\x00i\x92\x7f\x8e|B&\x1e3\xedM\x05O\
\xb9\xcd\xe9F\x93*!\xe42;\x94\x99\xc6'\xbdK\
9(\xc29\xe7\xc5\x0b\xc9n\x9a^y\xf5\x15?\xf4\
\xc3?\xba\xb8\xb4\xb2\xbb\xbd\x1dq9\xc6ODH$\
\xccd\x0f_j\x9c}\xe4\xec\xab\xaf\xb9fyqi\
\x9a\x0a6\xd7;\xef=I\xac\xb4\xb1\xc5[\xff\xf1\x1f\
\xfe\xecO\xff\xe4\xd6\x9bo]_\xdb\x7f\xc9\xe5\x97-\
\xaf\xad\x86\x00\xb9\x88\x90\x13E\xca\x0bI\x19\x09\xa4\xaa\
\xc7\xa7\xe22\xecX\xff\x142\xb1\x04?d*\x83\x86\
DD*L\xa8(\xe3\x88\xed\xb8E\x22\xff\xed\x87\x7f\
\xf0\xdf~\xfb\xb7=\xf3\x0b\x9futk\xb30rx\
\xff\x81\xdd\xad\xcd\xdf\xfe\xad\xff\xf9\xc3?\xfa\x83\xc7\xb6\
\xb6YX+\xad\x88\x14\x97\xba\xcd\x8a\x12\x1d\xc5:J\
\x22\x95\xc413gY\xbe\xb3\xbds\xcf\xdd\xf7|\xea\
\x96\x9bo\xbb\xfb\xb6\x07\x1ex\xe8\xe4\xf1\x8d~?\x13\
\x96C\x07\xd6\xaf\xba\xf6\xda\x17\xbd\xf8\x05/x\xfe\x17\
_z\xe9\xd3\x92\xa4MDN\xbc1V+\xd6:R\
\xd5\x87'\xcf\xf3\x103$\xa2(\x89[\xadVH\x22\
\xd5J1\x0ffi\xc0\x09\x01x\xb2\x00!\x04\x00\x80\
y$\xa4\x81moo\xf7\xfb\xfdj\x8e\xbc5\xa6(\
\x8a\xc2Z\x1b\xba\x87\xd6\xd3#F\x0a\x05\x9b\x1dDG\
\x94\xcf9?\xdc:t\xa8}\xe8\x88\xaaM\xcc\x14\xa5\
\xb1\xa8\x9d\x9f>E\xb06\xc6\xd3U\xc1\x91\xf54\xd3\
\x12\xeb\xc4\xce\x19Z\xd8\xdc\x09M\xf7\xc3\x91\xe5\x91g\
\x9f\x16\x03\x9c\xa6v\xd3$sd'\xe3\x89\xa9\x13\xcd\
s\xa2\xc8\x8d\xaf\x9ch\x953\xe6\x04\x8e3\xe3!\xe3\
\xcc\x18R?\xbcS\x22\x91\xf0\x19\x8d\xe2x7\xed_\
t\xd9%?\xf1\x13?\xbe\xbc\xb0\x94\xa6\x86\x99\xbd\xd8\
`\xa2L\xa4X\xb1\x90q\xb6\xd3\xe9\x5cu\xd5UG\
\x8e\x1c\x09\xafdFAc\xf9\xda\x89\xb4R\x855o\
}\xeb[\xfe\xcf\x1f\xfd\xd1=w\xdey\xf1\x85\x17\x9f\
u\xf6y\xd4\xe2\xbc\xc8m\xe1\xb4\xa2X+\xadcO\
,B^H\xc4\x07\x1f\xacz\xb7p=\x7fb\xd0\xaa\
\x94\xa5t\xc1pl\xccB!lX\x09\x22\x0b\x91^\
^^\xfb\xfd\xdf\xfb\xed\xbb\xef\xb9\xe7\x15?\xf1\x8a\xdc\
\x9a\xbeq\xec\xdc\x85\x17\x5c\xfc;\xbf\xf1\xab\xbd\xa5\x85\
\x97|\xf5W\x1f}\xf8h\xa7\xd5V\xc4Zq\xf0\xc9\
\x88\x15+\xf6D\xac(\xe8\x5c\xa4t'i\xb5\xda-\
f.\xf2\xfeC\x0f\x1d\xbd\xfd\xb3w\xdd\xfa\x99O\xdf\
q\xf7\x9d\x0f\xdcw\xff\xf6\xf6\x8eu\xc5\xda\xca\xea\xc5\
\x97^\xf2\xa2\x17=\xff\x05/x\xf1\xb5O\xbf\xa1\xdb\
\xea\x10\x91\x13\xe7\xac\x0f\x13\x0a\xc3\xf1[kw\xfb\xbb\
Y\x9ez\xef\xa3(n\xb5\xdaI\x92\xe8Hk\xd6\x5c\
\xbd\xc0S\xbe\xbf\x00\x80'\x02\x10B\x00\x00\x98#D\
$\xcb\x8a~\xbf\xbf\xb3\xb3\x95\xa6iQ\x14!\x06X\
\x14A\x05M\xdd9\xa6\x19\x09\x1c\xd7\xc2\xb1n1\xe2\
}\xb0\xbe\xd0\xdc~\xea\xe8\x88\xa6\xe3\xc9X#\x99\xa6\
G\xcd\xc8\x0b\xad7\x9b(\x84$\xe4e\xd2\xfa=\xa7\
\x8f\xd2\xa4\x90`\xd3\x0f\x9b\xcf\x1bn\x86\xd3[/\xd4\
g{\xdc\xc7h\xcc\xc1&\xdeE\x93\xf4o\x9a\xc55\
\x15k\xc6\xcei\xa6\xc4\x8e\x1b\xe6^\x0e\x89\xa6\x88\xdf\
D\x8b\x9b\xb6\xdbS22$c\xdc\x9c\x153U\xf5\
\x84Y\x9e\x9ds\xe1\x05\xaf|\xe5+\xcf\xd8\xb7\xbe\xbb\
\xbb\x1b\x1a\xbf\x84-\x83\x95\x89\x17\xe7\xdc\x91s\xcey\
\xda\x15Ok\xb5Z\xf5>\xc7\x9f\xd7\x131y\x12\xf2\
UP\xf1\x9d\xef|\xfb\xef\xfe\xf6o\xdfw\xd7\xdd\x17\
_t\xf1\x19G\xce\xf2By\x963\x87\x0c\xcf\xb2\xeb\
f\x18\xe9\xde\xfc`\xd4\xfb\xaf%pp\x93\xca\xdc\xd1\
\xfa\xaef\xee(3\x87\x83\x16\xe6V\xbbw\xff=w\
\xfd\xfc\xcf\xfe\xec\x7f\xfe/\xdf\x7f\xd5U\xd7ne\xbb\
\xde\xb8\x85n/\xdf\xd9\xfa\xf5_\xff\xf5\xef\xfe\xde\xff\
\xd8\xea\xb4\x9c\x95HEL^\xb1\xa2r\xb8\x04\x11\x95\
;)w(T%\xa5\xaaN\xd2\xee&m\xadds\
g\xeb\xb6;\xef\xf8\xf4\xad\x9f\xb9\xe5\x96[\xef\xbc\xf3\
\x8e\xa3G\x8f{\xef;\x9d\xd6\x95W^\xf1e_\xf6\
\xa5_\xf1\xd5_y\xf5\x95\xd7h\x15\x13\x91\xf3N\xbc\
\x84\xf6\xa4D$\xe2\xb3,\xef\xf7\xfb\xce\xfb8\x89\x93\
$\x89\xa3X1k\xad!\x84\x00<Y\x80\x10\x02\x00\
\xc0\x5c\xe0\x9c\xdf\xdd\xedonm\xa5ijLa\x8a\
\xdc\x18S\x14\xa6(\xf2:5t\xc4\xfdf{`\x1d\
!\x14\xf1\xce\xd5}>K!\x1c\x91\xba\x89fHc\
q\xbf\xa6\x16N\x5c\x9e(\x87\xa3FW;\xce\xb0|\
\xd2\xf4\xe9\x82\xe3\xe2G\x93\x9a\xcd\x8co\xd3\xfc74\
\x1cL\xed*M\x19\x90S\x8d\xa6\x18\x97F\x1a\x93\xb7\
\xd9\x1b\x8c\xffIc.\xb7\xf7\x08\xe4\x8c\xe5i{\x9b\
\xb6\xe5l\x1e\xc1E\x88T\xa1\xbc`\x5ca\xf8\x81V\
*8[Q\xe4k\xfb\xd7\x7f\xee\xe7~\xee\xfc\xf3\xcf\
\xdf\xda\xdc\xd2\x8d\xd1\x08\xcc\xacX9k\xa3(\xba\xfc\
\xf2\xcb\xcf>\xe7Hso\x13\x8fJ\x98\x9c\xf7\xa1\xc5\
\xcag?s\xcbo\xfe\xc6\xaf\x7f\xfcc\x1f;\xff\xfc\
\x0b\x0e\x9dy\xd8X[8\xabYU\xadb\x98\x1a\xa6\
\x17f\xf7Q\xd5\xa44\xfcI\x0d\x0f\xa4:\x1d\xb4z\
\xf6\xe6\xcd!{T\xcc!}TG\x0b\x0b\x8b\xbf\xf4\
\xea\x9f\xebt:\xff\xed\xbf\xff\xe0\xd6\xcev\x18\x1dq\
\xf8\xd0\xe1?\xf9\xdf\x7f\x5c\xe4\xe97|\xf3\xbfy\xf8\
\xd8\x89v\xd4a\x16\x12\xaa\x84\x90\x95R\xf5N\xb9\xca\
D\x15\x0a\xd6X\xfaf+N:\xad\xb6\xd6j{g\
\xeb\xbe\xfb\xee\xbb\xe5\x96[\xff\xe5\xe3\x9f\xba\xf3\xce;\
\x8e\x1e=*^\xba\xdd\xf6\xb5\xd7\x5c\xf3e_\xfa\xa2\
\x7f\xfd\xb5_s\xc9\xa5W0)\x22r\xce\x93\x88\x8e\
t8ci\x96\xe5yFDI\x9c\x94s\x0b\xab\xe9\
\xf6\x00\x80'8\x10B\x00\x00x\x8aS\x14f{{\
g{{;\x84\x04\x83\xe6\x15Ef\x1a\xd4Y\xa0M\
-\x0c\xa1\xc2\x91A\x82##\xe6\xa5\x8c\xf2\x95\x11\xc2\
\xd0DF\xa6\xb7\x0c%\xa2\x89\xe9\xa3\xe3\x827\x1b?\
e\xd8\xa0\x1f\x08\xa1\x84\x16\x94\xe3^7[\x0b\xc7\x85\
\x90\x1a26\xb2\x8d\x8c\x85\xda\xc6\xfdm|\x9b\x897\
\x9b\x1b\x0f\x0f\xd3\x9b\xf0t\x13\xc5o\xe2C\x9a\xcf5\
{y\xe2\xf5\xc0\xb4\x8b\x84\xe6\xa3\xf6\x98\xfcY\xbf\xb4\
G\xf1\xb3\xcd\xccI\x92\xe4yND\xac\xd8Y\xb7\xff\
\xc0\x81\x1f\xfb\xc9W\x5c{\xc5U[\xdb\xdb\xcc,\x95\
\xa5\x073\xf1\xde\xef[]\xbb\xec\xf2\xcb\x17\x97\x16e\
F\x8e\xa8\xf7\xc1\xee\xacw\xb1\x8evvw\xff\xf8\x7f\
\xfd\xc1k_\xf3\x17\x87\xcf<\xeb\x9c\x0b.\xb4\xce\x9b\
\xbc \xa5b\xa5ED(D\xdd\x88x\xc8\xf7j'\
\xac?\x84\xcd{i\x92\x10\xd2\x98+\x86\xeaCb\x22\
\xa5\x88\xa9\xbb\xb8\xf2\xc1\xf7}\xe0\x8f~\xf7\xb7_\xf1\
\x93?~\xf8\xcc\xc3[\xe9\xaebnuV\x8a\xdd\xdd\
\xdf\xf8\xd5_\xfa\xde\xef\xfb\x0fq\xa7\xe3\x0a\x89t\xc4\
B\xa4\x88B\x0e\xaaR,R&\xa5r\xa3\xca\x8f\xa9\
\xacX\x0c\xaeH\xac\x98t\xa4\xdb\xedv\x12\xc7Y\xbf\
\xff\xc0\x83\x0f\xde\xfc\xa9\x9b?\xf2/\x1f\xfb\xd4\xad\xb7\
\x9c<~\x82\x88VW\x97\x9e\xf9\xcc\x1b\xff\xcd\xbf\xf9\
\xba\x17\xbf\xf8K\xcf8\xe3pxu\xce\xb9\x10\x0f\x14\
\x91<\xcb\x8c\xb5\x22\x12\xaa\x0aC\xb0\xf4Q\x7f\xdf\x01\
\x00\x8f.\x10B\x00\x00xj\xe1%\x5cA\x86\x861\
\xfd~\x7fgg\xa7\xdf\xef\x87\xa4\xd0</sD\xad\
u\xd6\x86\x12A3\x92\x1d:q\x86\xc4\xb4\x91\x12\xb5\
\x10J\x19\x1e,WLs\xbc\x197i\x0f\x1db\x9a\
68\xf9&Q\xd9]\xc4\x0f\xd2Ji\xcc\xf7&\xe7\
\x9a6b\x8c^\xc2\xb0\xbc\xd2*G\xecn\x86\x1c\xee\
\xc5\xf7&\xdeEc\x96E\x0d)\x1d\xcc\xe2\xab\x8e\xbf\
y\x85\xdd<\xbc\xfa\x81\x13\xfb\x85\xcap\xacr|J\
Ds\x8d\x9cj\xec\xf8i]B\xec]\x08O\xb9e\
\xfd*j\xcdK\x92Xi\xc5Z\xbf\xeag^\xf5\x85\
7~\xe1\xe6\x89\x93Jk'a\xee|06!\x92\
s\xce9\xf7\xc2\x8b.\x9e=Q]B\xcb\x1a'\xc4\
\xa4\x94z\xff\x07\xdf\xff+\xbf\xf4\x8b\xe9\xce\xcee\x97\
^\x16%\xed,\xcbC9\xa0\x94\xb15\xd5\xec\x903\
\x22u!JFc\xb9\xc4\x13\xc2\x80\xc3\xeb\x87\x16\xaa\
\xc1\x14\xac\x89u\xe2,\xfd\xc2\xcf\xbe\xea\xe2\x0b\xcf\xff\
\xee\xef\xf9\xae\x93[[\x22\x8a)Z[^\xfd\xdb\xbf\
~\xedN\xba\xfbM\xdf\xfa\xcd\xc7\x8f\x1d\xd3:a\x0a\
\x03,X)&\x92rG*4\xe4\xa9\xd5\xb0\xeax\
Sv=\xe5\x90\xea*D,\x12i\xddj\xb7\x92$\
q\xc6<\xf0\xe0\x03\x1f\xfa\xc8\x87\xdf\xff\xc1\x8f\xdcr\
\xf3-\xfd\xdd\x1df:\xeb\xac\x83_\xfe\xe5/\xf9\xe6\
o\xf9\x96\x1bo\xfc\xc2H\xc7^\xa4\xb06R:\xd2\
JD\xc2\xd7I!~\x1bE\x91\xd6Z\xaa^B\xf0\
B\x00\x9e\x80@\x08\x01\x00\xe0\xa9\xc0\xe0\x82\x9eX\xc4\
gY\xb6U5\x8c\xc9\xf3\xbc(\xf2<\x0fJX\x84\
V1\xceI\xa5\x81\xa6\x8a\x08\x0eB\x82\xcd\xde\xa1#\
!\xc1\xe1\x162C\x83\x22\x9a\xa1??<9pb\
G\x19\x1a\x16\xb6\xbd\x87\x07g@D\xe2%\xd4\x10\x8e\
+\xdfl\x0f,\x17\xca\x81\xe5\x95\xbf\xf9\xa1\xa0\x22M\
*#\xa4I\xa6\xd7T\xbe\xd9\x9b57\x18\xe9\x9b2\
.\x99\xd4\xc8Mm\xae\x19y\xec\xc8>i\x0f\xf26\
\xb2\xcf\x113\x1c\xdf~\x8f\x81\xc1\xd3\xa5.\x17\x9c\xf8\
\xf1\x1e\xd9\xb2I\x9c\xe8\x97\xbe\xec\xa5/|\xd1\x97l\
\x1c?Y\x86I\x99\x94R\x8aD\xbcO\x92\xe4\xe2\x8b\
.>\xe3\xd0\x99\xb3\xfb\xc7\x10\x91\x109\xe7\x22\xadw\
ww~\xefw~\xf7moy\xcb\xa13\x0f\xae\xed\
_\xcf\x0bK>\xf8\x15\xd1\xa0\xe3\xcbhS\xcd\x910\
`p\xc2\xe6\x07f\x9a\xfe\xd1\x14!\x0c\x08\x13+\x16\
\xe2\xc5\xc5\x95w\xbd\xf3\x1d\xaf\xfd\x8b?\x7f\xd5\xcf\xfc\
\xd4\xe2\xd2r?\xcfI8R\x91b\xfa\x1f\xbf\xf2+\
\xdf\xf6o\xbfe\xff\x81\xf545Q\x141)\x12\xd6\
\xba\x9c\x04\xd1\x8c\xd4\x8d<Q0\xe4P\xf7\xd8\xb8+\
\x0c\xa9\x97Hs\xa7\xdd\xea\xb6:Y\x96\x7f\xf2S\xb7\
\xbe\xefC\x1f\xfe\xd0G>|\xf7]\xb7[cZ\xad\
\xf8Y_\xf0\x8co\xf8\xc6o\xfc\xaa\xaf\xfb\xba\x03k\
\x07<\x89q^\x11\xc5A\x83\xc5\x87Q\xa5Z\xeb(\
\x8e\xabrF\x00\xc0\x13\x0e\x08!\x00\x00<\xe9\xa9/\
4\x9ds\xfd\xb4\xbf\xb3\xb3\x9b\xa6\xfd<\xcb\xc3\xdc\xb0\
,\xcbB\x1f\xd1P+X\x15\x04\xfa\x11!l\xc6\x00\
\x9b6h\xad\x95\xf1\xce\xa1\xc3\x93$\xc6\xb3@g\x04\
\x09g\xdb \x0d\x87\xfe\xc6\xd7\xd0X|o\xbc\xcdL\
\x88\xeeM\xacTl\xee\x8d\x86\xd3G\x87\x9e\x88\xc4\x87\
\xa4\xd3j'\xe5\x89\x16\xaaC\x864V(H4\x1a\
\xfa\x93I\x01\xc3\x19\xc68\xfe\xb6\x06\x9aa\xbdSj\
\x9eL\x12\x9eS\xfa\xdb\xc8\xbdu\xf5\xd7Ht\xeb\xb1\
a$\xfeY\x1f\xcf\xf8\xc1\xb0R\xedV+M\xd3\xff\
\xf0\x1f\xbf\xfb\xbb\xbe\xf3\xdf\x9e<\xb1\xcbJ\x89x\x22\
*\x1b\x9f\x88[^Z\xbe\xe8\xa2K{\x8b=\xf1\xd2\
\x18\x8b0\xf9$8\xef#\xado\xf9\xf4\xcd?\xf3\xaa\
Wm\x1e;~\xe9\xa5\x97\x0b+\xe7\x9dR\xba>3\
e\xfe\xe5$\x03\x9c\x98\x17ZgT\x8e\xbc\xa74,\
\x84\xc3\xa3\x08\x87o*&b\x1d\xa9HG\xe2\xf5\xcb\
_\xfe#/z\xd1\x8b\xbf\xf6k\xbe\xfa\xe1\x93\xc7D\
X\x88\x97V\xd7\xff\xfeo\xdex\xd7\xed\xb7~\xcf\x7f\
\xfa\xde\xcd\xcd\xed(\x8a\x99\xb5*w\xef\x9bv\xd9<\
\xb0\xf1\x90fuV\xeb\x88by\xa7\x22\x8a\x13\xdd\xed\
\xb6#\x1d\x1d=v\xe2\xe3\x9f\xf8\xd4{\xdf\xfb\xfe\x0f\
\x7f\xf4\xa3'\x8e=LD\xe7\x9ew\xe4k\xbf\xee_\
\x7f\xc7w|\xc7e\x97\x5cID\xc69/>\xd6\x91\
b\x16\xf1\xc6Xa\x8a\xa2X!s\x14\x80'$\x10\
B\x00\x00x\xb2\x12\xec\x84\x99\x89\xc9y\xc9\xd2t{\
{{kg+\x84\x01\x8b,/\xaa\xc8`m\x83\xd6\
\xd6I\xa1U\xab\x18S8g\x9d\xf3\xce9\xe7G\xf3\
B'\xce\x96\x90\xb1!\xf2MO\x9b\x11\xe8\x9b\x16\x0c\
\xf4S&\xc8\x8f\x1bf\xf3\xe1T\xe9\xc14\xf1\x9bx\
$4,\xa2\x13\xd7\x94\xc3\xeaH\xaa\xc6\x95R\x15&\
V\x09\x9c\xc4#\xc7<\x92\xd2)S\x82\x874iv\
BX3\x9e\x05J\xd3}\xaf^\x9e\xa8\x85\x9f\xa7\xd8\
\xdd\xe3\xcb\xf8+\x0dq\xad8\x8e\x8b\xa2\xf8\x9a\xaf\xf9\
\x9a\xff\xfe\xdf\xffk\x9a\xee0\xc5B\xc4LZif\
E$\x07\xf6\xef?\xff\xfc\xf3u\x1c\xcb\xa92`\xbd\
\x17!\xd1J\xfd\xdd\xff\xfd\xbf\xbf\xf9\xeb\xbf\xb1\xb6\xb6\
v\xd6Yg\xe5\xa6 V\xba\xae\xe5\xa3\xa1\xc8\xdd\xc8\
\xe1\x8d\xd8`sM\x14E\xcd8!M\x89\x10N\x8c\
\xe0\x85\x9fqf\x15Z\xd8,,.\xff\xf9\x9f\xfd\xe9\
G>\xf8\xc1W\xbd\xea\x95*\xe6\xccZ\xd6\x91V\xad\
l{\xfb\xd7~\xe5\x17\xff\xedw~\xfb\xe1\xc3G\xac\
5\x9a\xeb\x99\xf2R\xc7\x00iz\x90\xb0>\xabT\xb5\
c\xad\xc7^\x94\xaf\x9d\x15\x89DL\xedN\xbb\xdd\xed\
\x98\xa2\xb8\xe3\x8e;\xdf\xf5\xee\xf7\xbe\xef\xfd\xef\xbf\xf3\
\xce;L\x9e///\xbe\xe4%/\xfe\xae\xef\xfe\xee\
\xe7<\xe7\xf9\x9a\x95\xf5\xde9\x1fk\xad\x14;\xf1\xde\
y\xa5\x94F\x9b\x19\x00\x9ex<\x05\xff\xcd\x00\x00\x80\
\xa7<\xa5H\x10\x93\x90\xb5\xbe\x9f\xf5\xb7v\xb6\xd3~\
\x9a\xe7Ya*\x0f\xcc\xf3\xa2\xaa\x18\x0c\x81>c\x8c\
\xb5R\xd7\x09\x06\xd5s\xa6\xa8\xb5\xaf)\x84U\x07Q\
\x19/\x1a\x0ckh\xd2|\x88\xd9\x15\x83\xe3\x12H\xa7\
\x1a08\xb2s\x1a\x13B\xd9\x034)\xa8H\xc3\x0a\
:\xf1&\x11y\x1a]#\xbe\xb4\xc3\xfa\xbd\x90S\x85\
\x04'\xd24\x9cq!\xa4)\x9a\xf7\x94\x94\xbd\xbdS\
\x8fs\xe0j\xba\x83s\xee\x86\x1b\x9f\xf1K\xbf\xf8\x8b\
\xe4\x9du.LT\xd0\x9a\x15)\xad\xa2\x83\x07\x0f\x9e\
u\xf8\xb0\xd2JHxZ\xba\xa2P\xa8\xb9UJ\x19\
k~\xe3\xd7~\xfd-o\xfe\xfb\x0b\xce;\xbf\xdd\xed\
8\xef\xeb\xb6\x9c\xc4,Lj8\x99\xb3\xde\xc7x\xe6\
\xe7\xc8\xfa\x10'\x0c30\xea\x14\xdf\x89\xe1\xc4\xf15\
\xd5J\x15\xc6\x19\xeaVr\xe2\xe8\xf1W\xfe\xe4\x8f\x7f\
\xfbw|\xc7s\x9f\xf3\xac\x93\xbb\xdbJG\xe4dm\
e\xfd\xaf\xfe\xf2/\x8e\x1f?\xfa\xdd\xdf\xf3\x1f\xb66\
NF*\xa6\xb1\xd8#M\x8aI\x8eD\x0b\xc3\x82\xae\
&!\x862\xc8\xbaC)\x11\x89bV\x94h\xdd\xeb\
\xb4\xa2(~\xe8\xe8\x89w\xbd\xe7\xfd\xef\xf8\xa7\xb7\x7f\
\xeaS\x9f\xcc\xb34N\xa2/~\xfe\xf3\xbe\xff\x07\xbe\
\xff\xf9_\xf4\xc5q\xdc\xb6^\x8cw\x89\xd6*\x94\xb6\
\x12\x13\xd3\xc8\xd9\x03\x00<\xbe\xcc\xf5\xbf+\x00\x00\xf0\
\xa4#\x84\xad\x88\x88\x89\x0a\xebvwvwvv\xfb\
\xfd\x9d\xa2\xc8\x8d1y\x19\x11\xcc\x9ds\xa6h\xb6\x11\
\x0d\x9dc\x9c\xf7\xe2\x86\xb1\xa6\xf0u<PFC\x82\
\xe1\xa6\x8c\xd5\x07\xcaXq\xe0\x84\xbc\xcd\xbd1\xcd-\
g\xfb\xa1\x9f2\xad\xbe\xf6\xcci;\xa41\xf1\xab/\
\xd0i\xac\xc6OD\xc6\x85\x90\xaa\x81\x164\xecl\xd2\
\x98I\xd8,\xc0k.\xc8\x94az#\xcbM9\xc4\
?\xd3\x01fn\xb5Z\xc6\x98p\xae\x9cs\xedv\xbb\
0\xe6\xc89G~\xedW\x7f\xf5\xccC\x87\xfa\xfd]\
\xa5\x95\x10E:f\x92$J\xce>\xfb\xc8\xbe\xfd\xeb\
\xe1\xe7ev\xed\x9a\xf5N+\xbd\xb3\xb5\xf5\x13\xaf\xf8\
\x89\x9bo\xfe\xd4\x15\x97?-t\xcbe\x15\xa6\x0f\x86\
\xa4\xc9\xc1`\x89\xd0IfF\x9ah\xf3\xb0\xc7\xeb\x09\
\xc3\xcf\xd4D\x87\x9c\x16$TJ\x95}@\x99E\xf1\
Bo\xe1\xb7~\xfd\x7fl\xef\xec\xfe\xe8\xcb~\xc4\x18\
\x9b{\xaf\x14\xb5\xa2\xce\xf6\xd6\xf6/\xff\xe2\xab\xff\xdf\
\xff\xf7{\xf6\xad\xef\xb3V4\xeb\xa0\xbb\xd3\x12\x5c\x83\
`\xd7\xcb\xf53r\xf5\xa0\xb1\xc2BfbRD*\
\xf4\xdcQ\xcc\xd2i\xb7{\x9d\xde\x89\x93\x9b\xef}\xff\
\xfb\xfe\xe1\x1f\xdf\xfa\xc9O|bg{S)z\xd6\
\xb3o\xfc\xcf\xff\xf9\x07\xbe\xe4K_\xd2\xeb,8q\
\xd6\xf9HEL\x14:\xfc4_~\xfd\x13\xf1x\x7f\
\xca\x00\x98S\xf4+^\xf1\x8a\xc7\xfb\x18\x00\x00\x00\xec\
\x8dJ\x0d\x8c1[\xdb\xdb\xc7\x8f\x9f\xd8\xdc\xdc\xdc\xed\
\xef\xa6Y\x9ae\xfd4\xedgiY1\xd8\xa4\x9e>\
_\x8d\x1b\xac\xe7\x0e\x9a\xc2\x14.4\x1au\xce\xd8r\
\x8b*\x96hg\xcc\x1e\x1ci3\xd3\x9cB1\x12Q\
l\xdel\x8a\xe5\xf8\xcaf\x1a\xea\xf8cG\x1cu\xda\
\x06\xb3\x93]\xa7\xedY\x86\xfb\xe2\x0c?V\xa4lS\
\xe3e\xa6^\xd6\x99\x9f\xcd\xf5\xe5\xfb6)\x83\x94\xc6\
tq|\x19\xd4(\xa5\x96\x96\x96vww\x89\x88D\
\x94\xd6\xde\xfb\x95\xd5\x95W\xbe\xf2\xa7.\xbb\xe4\xd2\xb4\
\xdf\x8f\x92\x98\xb5\xd2Q\xa4\x94\xee\xb4[\xe7\x9dw\xfe\
\xea\xda\x9a\x88\xd4\x93\xdf\xa7\x11Z\xc8<\xf0\xe0\x83/\
\x7f\xe9K\x1f~\xe0\xc1K/\xb9$D\x1aC\xba$\
\x0dLI\x117\xfe7\xdd\x03\xa7\x09a\xad=!\x81\
s\xdac'\x0aau\xaf\x22&V*\xd2\xf1\xf2\xd2\
\xe2\x9b\xde\xf4\xa6\xcb.\xbf\xfc\xe0\x81\x03\xb95\xc4l\
\xad\xdb\xb7\xb6~\xc7\x1d\xb7\xdf{\xd7]7\xdc\xf0\xf4\
4\xcb\x9a\x8eGc\xc65n\xa4\x83'\xad\xdc\xb7l\
JJ\x0d\xa3.O'S\xd9\xc8T\x0ak\xd3\x22m\
\xb5\x92\xcb/\xbb\xf4\xf9\xcf\xbd\xe9\xd2K/\xf1\xc4G\
\x8f\x1e\xfb\xcc\xa7o{\xcdk\xfe\xf2\xef\xdf\xfc\x7f\xc5\
\xe7\xe7^p\xfeRo\x89\x88B\xd0\xb5\xf9\x0dH\xf8\
qkV0\x02\x00\x1ec \x84\x00\x00\xf0\x84\xa6\x8e\
J\xb1\x10\x119g\xb7\xb7\xb7O\x9e<\xb9\xbd\xbd\xdd\
\xdf\xdd\xcd\xb24K\xd3\xfe\xeen\x9afY\x96\x07\x19\
4\xc6\x04\x15\xcc\xb2l,HXjaX\xb0\xd6\x04\
\x0fl\x8e\xa1\x1f\x91\xa2q\xb3\x1a\xf7\xb1\xe0r\xcd~\
\xa4A\x8d\xea\xe5\xc0\x0cWl\xae\x99\xb8\xdb\xa1C\x12\
/a3\x11?E\x1aG\x8ed\x84q5\x1d\xd9l\
$(Z\xb5\x1d\x1dzSF\x04\x8f\xc7\xc6\xbe7\xbd\
\x11|.\x04QI\xd34\x8ec\x11I\xa2\xb8\xddn\
GI\xfc#?\xfc\x83/x\xfe\xf3v\xb6\xb7\xe3V\
KEq\xa4#\xad\xa3\xa5\xde\xc2\xb9\xe7\x9e\xb7\xb0X\
M\x1a\x9cf\x83B\xc4\x14z`\xde~\xdbm\xafx\
\xe9\xcb\xb3\xdd\xfe\xd9g\x1f.\xace\xa5\xa8\x19\x0f\xac\
\xb5\xaa\xf1'\xcdL\x13m.O\xb4\xbeq\xf9\x99Q\
@8x \x09+f\x12\xeb\xfd\xea\xbe\x03\x1f\xfd\xf0\
\x87N\x9e\xdc\xb8\xfe\xc6\xebm\x91\x13\xe9\xe0\xaf\x07\x0f\
\x1c\xf8\xdb7\xfe\xed\xd5W]\xbd\xd8\xebyo\x99U\
\x90\xb9\x91\xac\xd1\xf1?\x87\x0e\xa91\x91\x22\xa8\x9f\x0c\
\xbd.\x15tP1\x93R\x8a\x15\x93\xf2B\xb91:\
I.\xbe\xf8\xfc\xe7>\xe79\x97\x5cr\xb9\x8e\xf4\xc6\
\xe6\xd6g>{\xfb\x1b\xdf\xf8\xa6\xd7\xbf\xfe\xb5\xd6\x15\
\x97]vq\xaf\xbb\xe0D\xac\xf3!\xf6\x1a~:B\
2-\x22\x84\x00<^@\x08\x01\x00\xe0\xc9\x00\x93s\
ngw\xe7\xc4\xc9\x93\x9b\x9b\x9b\xfd~?M\xd34\
M\xfb\xfd~\x08\x09fYV4\x86K\x04!\xb4\xc3\
\x8c\xc9\xe1`\xfc`\x1d\x12\x9ca\x86\xd3\xa2\x82~J\
\x06i\xbd<6\xc5~B \xb1\xb9\xdb\xa6LN\x14\
E\xeb\xbdw\x95\x13N\xb2\xb8\xf1`\xa3T\x8dpf\
x\xe0\xa8\x04N\xca \x1d\xb9kD\xf6\xa0\x7f\x9f'\
\x829\xb4\xdb\xed(\x8a\x9csQ\x14\x19\x93\x7f\xdb\xb7\
}\xeb\xb7~\xcb7\xef\xec\xec$\xad\x96\x8ec\x1dE\
\x89\x8e\xd6\x96V\x0e\x9f}\xb8\xddn\xcb\xa9Z\xc8\xd4\
6\xf8\xc9\x8f\x7f\xfc\x15/}y\xcc\xea\xe0\xc1\x83V\
\x84\xb5nj\xe4H\xce$M\x8a\xe6\xd1\x14!\x9c\x18\
Bl\xc6\x09G^\xe3x\x1co\xc2\xae\xaa\x15I\xab\
\xed\x8cy\xeb\xdb\xfe\xf1\x99_\xf0\x85\x8b\x9d\xae\xf7\x05\
+2\xc6\x9fy\xd6\xd9\xb7\xder\xf3\xc3\x0f?x\xdd\
u\xd7\xa4i\xa6\x94n\xe6\xcb6\x13D\xebS4\xf2\
B\x9a\x0c\xad\xa1\xc1\xe4\xc2\xc6\xbd\x14z\xce\x08\x8b\x10\
Yk\xb3,cV\x17^t\xe1snz\xf65W\
_\x17G\xf1\x89\x13\x1b\xf7\xdc}\xef\x9b\xdf\xf4\xf7\xaf\
}\xdd_:\xb6\x97^~\xd9b\xa7'D\xce\xbbP\
\x08\xaa&\x9dF\x00\xc0c\x06\x84\x10\x00\x00\x9e\xa04\
S\xaavww\x8fo\x9c\xd8\xd8\xdc\xd8\xd9\xddI\xfb\
i\xbf\xdf\x0f*X'\x88\x16E\x11\x9c\xb0\xa6\xa9|\
\xf5\xcdq\x1bl\x0e\x1e\x1c\xf1\xc0\xa6\x10\x06\xa1\x1aQ\
\xbb\x11\xe9\x9aF\xb3\xc0ob(o<\xbaX\x0f\xb6\
\x1e\xd9\xcc\x87\xce7\x22\xde\x850\xe1\xe4\xd0\xdf\xec\xa8\
\xe04\x89\x9dVg\xe8\x1b\x9d!G*\x15iX\x1a\
q9\xfb\xf9#8\xa1\xb5\xb6\xd5jeE~\xd3M\
\xcf\xf9\xd1\x1f\xfeAgm\x1c':I\xa2(j\xa9\
xm\xdf\xda\xc1C\x87\xa2(\xda\xcb{\x11l\xf0\xa3\
\x1f\xf9\xc8O\xfd\xf8O,,,\xac\xef\xdf\xefEX\
+\xaa&-\xd41\xab\x89^7#St\xda\x964\
)x\xd8\xac)\x9d\xf8\xe7\xc8a\x84\x87\x09+\x11\xda\
\xbfo\xf5]\xef|\xc7\xca\xd2\xea\xe5W\x5c\x96\xe7\xb9\
\x0f\x13\xe5Y\xf6\xaf\x1f|\xc3\xeb^{\xfd\xf5\xd7\xb4\
\xda\xdd\xe6\xa9\xd8\xe3\x11\x8e\xdf[\xa5\xc8\x96\x85\x854\
n\x89D\x8aXU\xddH\xad\xf3i\x9e\x0a\xb9\xc3\x87\
\xcfz\xf6\xb3\x9fu\xe33\x9e\xb1\xb8\xb8\xb4\xb9\xb9y\
\xdbmw\xbc\xf9\xef\xfe\xfe\x8doxC\xa7\x1b]x\
\xd1\x05\xddN\xcfz\xb1^4\xd7\xf1H\xfc\x04\x01\xf0\
8\x00!\x04\x00\x80' u\x0f\x15\xea\xef\xa6\xc7O\
n\x9c\xdc\xd8\xe8\xef\xec\xf4\xd3~\xb0\xc1\xa6\x07\x16E\
Q\xb6\x14\xcd\x8b\x91\x18\xe0x<\xd0[\xe7lY6\
X\xd7\x07\x8e\xf6\x14-\xc7O\x888_-I3\xf9\
s\xa2qM\xd4\xadfP\xceO\xcf\x05\x1d\x8f\x07N\
L.\x1d\xe8\xa8+]\xb0)\x8a\xe3A\xbf\xfa\xd9'\
\xea\xe8\x8c\xa0_3HHc\xc1@\xc4\x00\x1fcB\
o\x13\x12\x12\xf1\xedv;\xcd\xb2\xf3/\xbc\xe0\xd7\x7f\
\xedW\x96z=\xe28iwU\x14\xc7Q\xbc\xbeo\
}}}\xbd9Ya\x06\xc1\x06?\xf8\xfe\xf7\xfd\xcc\
O\xfe\xd4\xf2\xf2\xca\xca\xea\xbe\x90\xb9X\xda O\x88\
\xd7\xcd\xbeI\xa7\xaf[\xd4\x08?6\x83u\xe3\x9b\xd1\
\x90\x80U[yY^]9\xf6\xf0\xc3\x1f\xf9\x97\x8f\
=\xfby\xcf&+BJi\xe5\xac=t\xf0\xd0'\
>\xfe\x89\xfe\xee\xce\xe5W^iL\xaeX1UO\
QK\xe6X_\x9ci\xd1B\xa2A[\x1a\x1e\x8e \
\xd2\xb0\xc0U\xab\x95V\x8a\x99\x9c\x97\xa2(\x9c\x97\xfd\
\x07\xcf\xf8\x82/\xb8\xf1\x197\xdc\xd0mw\x1ez\xe8\
\xe8\x1dw\xdc\xf97\x7f\xfd\xb7\x7f\xfb\x7f\xff6\xe9%\
O\xbb\xf4\xb2v\x92X\xef\x9d\x88R\xa5y\xe2\xbb\x15\
\x00\x1ec \x84\x00\x80':s\xd5\x80\xae~\xb1\xde\
K\x9a\xa6'N\x9c<qrcgg'\x0b\xf9\xa1\
\xbb\xfdfvhC\x0bM9{\xb0\x08\x95\x81\xd6\x18\
3<~pP?X\xa9\xa1\xb3\xce\xba\x86\x80\x0d\x8d\
\xa4w\xb5n\x95\x126\x92\x08:\xe2Z\xd3\xfcp\xa4\
\x92p<<\xd8\xdc`\xdc\x12\xfd\x94\xbe2>T\x0f\
N7\xbdi\x01\xc3\xa6\xd0\x8e\xd7\xfb\xd1\xa4p\x1f\xf4\
\xefq\x84\xab\xd9\x12\x22\x12\xc7Q\x92$B\xd4\xee\xb4\
_\xfds\xafz\xda\xc5\x97\x98\xc2'\xbd\x9e\x8a\xa2v\
\x14\xaf\xaf\xad\xaf\xac\xae\xec\xf1\xb7D\x15\x1b\xfc\xd0O\
\xbf\xeaUk\xabk++k\xc2\x1c2E\x1bA\xb8\
\xa9\x13\x05\x89h\xa4\xafLs\x03:\x1d!\xa4\xe1>\
\x9f4&\x84\xa3\xe1\xb8\xe1P!i\xdd\xeet\xde\xfa\
\x96\xb7\x5cr\xe9%g\x1e<d\xac%b\xa58I\
Z\xfb\xd6\xd6\xff\xfao\xfe\xfa\xb97\xdd\xc4*D \
K\xcf\xa5\xba_L\xf9\xffY\x0a:t\xccL\x8a\x1a\
\xdbpu\x12\x1a\x91\xc2\xfa\x01U$\x91E\xc8\x8bX\
\xe7\x8c\xb5k\xfb\xd6n\xfc\xc2g>\xfd\xe9\xd7\x8b\xb8\
\xbb\xee\xbe\xeb\xbe{\xee\x7f\xd3\xdf\xfd\xfd\xbb\xfe\xf9\x1d\
\xfb\x0f\xac]r\xd1%Zi\xe3\x84'\x1d\x09\x08\xcc\
\xd5?\x85\xe01\x06B\x08\x00x\xa23\xb1J\xe7\xa9\
G-\x1e\xde\xfb4\xcdN\x9e\xdc<y\xe2\xe4\xd6\xce\
N\x9a\xa6Y\x9afi\xda\xef\xef\x86n1u\x95`\
\x19\x1c4&\xb4\x11\xadB\x82E3*\x18\x86\x10\x96\
%\x82\xd6:\x1b&\xd0;\xeb\x9du\xe58\xfa\x91\xfe\
1RY\x9ew\xde\x89\xf73[\xb0\x8c\x97\xed\x8dK\
\xda\xc4\x90\xdd\xb8\x1cNs\xc2\x91mD\xc4O\x0a?\
\x8e\xdb 5\x82{#\x89\xa0\xf59\x1fI\x0a\x95\xe1\
\xb1\x10\x8f\xf7\x87b~)#MJ5\xfbd\xb6\x92\
\xd6n\xbf\xff=\xdf\xfb\x1f\xbf\xf1\xeb\xbe6\xcfLk\
\xb1\xa3\xa3(\x89[k\xfb\xf6-..\xecq\xcf\xde\
{\xad\xf5\xcd\xb7\xdc\xfcs?\xfd3\x0b\xbd\xc5\xe5\xe5\
UbEZ1s\x98T8-:\xd7\xbcI!\xc0\
\xd6h`:1\x17t\xe4\xae\xf1\xfd\xd42V\xd7\x13\
N\x8c\x13\x8e\x0b\xa10\x91RF\xfc\xd2\xea\xda\xc7>\
\xfc\xa1\xcd\xcd\xadg}\xc1\xb3\xd2,UJ\x85\xb6\x9f\
g\x9ey\xf6{\xde\xf3^g\x8a\xcb/\xbb\xac\x9f\xe7\
\x83\xc0i\xd8A9\x8acrxp\xfcIk\xdf\xab\
]T\xca\xe4\xd0\xf0x\xaaL\x93\x99HB\xb7\x19\x19\
\xf4c\x15\xef\xc5\x8bq\xd68w\xc6\x19\x07\xbe\xe0\x19\
\xcf\xb8\xea\xaak\xd24\xbb\xff\xde\xfb?\xf3\xe9\xcf\xbc\
\xf6\xf5\xaf\xfb\xf4\xad7_r\xd9%\x87\x0e\x9c!B\
\xc6\xfa\xfa\x80\xc2\x0f2\x1410'\xff\x14\x82\xc7\x05\
\x08!\x00\xe0I\xc0S\xfe\x82\xa0T\x14\x91\xac\xc87\
\xb66O\x9e8\xb9\xbd\xbd\x1d\xba\xc6d\xe5(\x89\xcc\
\x98\xa2\x19\x1e\xcc\xf3\xdcXS\x18S\x18S\x14\x855\
\xd6\x16\xc5\x88\x0d\xda\x09\xc5\x82\xdeX\xeb\xbcs\xde\x8b\
\xf7\xb5\x1f\xfa\xd1\xe61U\xa9\xdeX\x0cP\xc6\x187\
\xb1\xa9\x91\xbd)s)f\x94\x17\x8e<vb\xf4o\
$\xee7\x11\x9a\xd2\x06\x86\x88|\xa3 \x10<A\xe8\
t:\x9dN'\xcfs\x11\x89\xe38\x8a\xa2v\xbb\xbd\
\xb5\xbd\xf5\xc5/\xfa\xe2\x1f\x7f\xf9\xcb\xbc\xf3\xedn/\
J\xe28J\xf6\xad\xed\xebv:\xb3\xe6\xce7p\xde\
k\xa5\xee\xb8\xfd\xf6W\xfd\xe4+5\xeb\xd5\xd5\xd5\x86\
\xdd\x09Ie5\x93\xe6\xc2\xd3xM\xddi\xd6\x0d\x8e\
\xdc5\xb2\xe7\x89]@'\xa6t\x86\xff\x0b\x93#\xe9\
\xb5:\xd9\xce\xf6\xbb\xde\xf5\xce\x1bn\xbcqa\xa9\xeb\
\xac\xf5\xc4B\xdcn\xb5\x15\xf3[\xde\xf2\xf7\xcf}\xfe\
M\xde\xb926\x18\xf6De\xf3\xd5\x89\xc731w\
\x94\xeahb\x1dj\x94\xfa<p\x15v\xac\x83\x87\xe1\
\xe4p\xed\x8c\xcc\x1c&\x17j\xad\xc4\xd1\xb1\x13\x1bG\
\xce;\xef\xab\xbe\xfa_]x\xde\xb9\xf7\xdd{\xcf\x03\
\x0f<\xf8/\xff\xf2\xf1\xbfz\xed_<\xf8\xc0=W\
_}\xcd\xf2\xf2\xb2u\xde\x0b\xb1\x22\xf1\x9e\x84\x18\x0d\
H+\x9e\xf2\xff\x14\x82\xc7\x0b\x08!\x00\xe01\x05\xc5\
!#\x94~\xc2d\xad=\xb9\xb1\xb1\xb1\xb1\xb1\xbd\xbd\
\x9d\xa6\xfd,M\xd3,\x0d\xb3#\x82\x006\x9b\x88\xd6\
\xa3\x05\x8d-\xffp\xf5\x98\xc1\xc6\x0c\x89\x89\x13\x05\xeb\
\xa8\xa08\x19\xce\x0em\x18\x97x/\xe2\xa5\x0c\xb2M\
\xf4\xbai\x8a\xe8\x87\x9b|6\x97\xc7\xf3Hg\xd8\xe0\
\xe9\xe6\x826\xff\xa4\xe9c\x00\x09Y\xa0Ox\x98\xd9\
9\x97eY\x98F\x10E\x11\x119\xe7\xce\xbb\xf0\xbc\
W\xff\xc2\xcf\x1f\xdc\xbf?I\x92V\xbb\x1dE\xf1\xca\
\xf2j\xbb\xdd&\xa2\xbd\xdb\xe0\xc3\x0f?\xfcc/}\
\x99-\x8a}\xeb\xeb\xcc\xccZ\x09I\xd0\x17\xc5\x13\x82\
x\xd3\xfe\xe4\xc6\x064\xd3\xfaF\xf6F\x93|\x8f\x86\
sG\xb9\xaa\xf4\xabo6<-\xbc\x5cE\xccJ\xb1\
&9t\xe0\x8c\xb7\xbd\xedm\x0b+KW]ue\
\xbf\xdf\x17f\xc5\xca\x19s\xf6\xd9g\xff\xd3?\xbdm\
qq\xf1\xa2\xf3/\xc8\xf2\x8c\x95\x0a3\xea\xd5\x98\xb2\
\x0e\x8d\xa4\x9f\x11*\xa4\x9130ZR\xc8U2*\
\xabf~*\xabj\x86#\x09\xb5\x92V\xab\xd5\xba\xfb\
\x81\xfb8\xd67\x5c\xff\xf4\x7f\xf5\xe5_\xb1o\xff\xda\
\x1dw\xdeq\xff}\x0f\xbd\xf7\xfd\x1fx\xe3\x1b\xfff\
q\xa9{\xd5\x95W\xc4:.\x0a\xabXk\xa5\xc34\
\xc8\xa7\x18\xf8\xa7\x10<\xa1\x80\x10\x02\x00\x1eS\xf0O\
\xe00\xc2\xcc\xde\xfb\xdd\x9d\x9d\xe3'Nlno\xa5\
i\x9a\xf6\xd3\xb4\x9f\xa6Y\x16\x140\xd8\xdf@\x05\x8d\
\x09\x93\x06CM`\x88\x0fZc\x8d\xb5EX\xd9\xb0\
\xc1f\x07Q\xef\xfdH\xeb\xceR\xbd\xbc\x0b!2?\
Vb7\xae[\xb3\xa3\x82\xe3\xb6V\xa7\x806\xb3F\
gG\x11G\xd4n\xe4I\x9b\xcb4\x96\xf3)\xc3]\
a\x06g\x19B\xf8\xe4\x81\x99\x83\x01*\xa5\x92V+\
|\x9a\x99Y)\xfe\xd9\x9f\xfb\xe9g\xdep\xa3\x08%\
\xdd\xb6\x8e\xa2\xc5\x85\xa5V\xab\xb5\xc7\xdd\x8a\x08+\x95\
\xa5\xe9+^\xfec\x0f?\xf4\xd0\xa13\xcfd\xa5X\
)\xe11\xd3\x1b\xcb\xea\x0c\xd7\xee3\xd4\x8e\xf6\x1c!\
\x9c\x18ol\xfe9>\x8e/<\xa0\x96\xb12s\x93\
8\xd4\x05zgV\xd7\xf6\xdf}\xd7]\x9f\xfa\xd4'\
\x9f\xfb\xecg\x93\x90\x17\xd1L\xd6\xfb\x85\xa5\xa5\x22+\
\xde\xfb\xeew\xdf\xf4\xbc\x9b\xf2\x22\x0f\xc2K\x83DQ\
j\xecp\xd4\x00G\x8ep\x906:\xfcB\xc6mP\
U\xd9\xa4U\xf6hc\xff\xc4\xa4X\xc4w\xbb]o\
\xcd\xf1c\xc7\xacx\x1d\xa9\x9bnz\xeeK^\xfc\x92\
t\xa7\x7f\xdb]w=t\xec\xe8_\xbf\xe1\x0d\xef|\
\xe7?]u\xd5\x95g\x1f>\xdbZ\xe7\xbcD\xfa)\
8\xb0\x1e\xff\x14\x82'\x14\x10B\x00\x00x\x1c\xa8\xbe\
\x1e\xe64M\x8f\x1f?\xbe\xb1\xb1\xb1\xdb\xdfM\xb3,\
M\xd3\x22\xab\xec/\x1f\x0e\x0c\xe6\xb9\x19\xe4\x84\xd6\xd1\
A\xd3\x8c\x04\x86\xc61\xa1\x8fh\x88\x04\x06\x09\xacU\
\xb0\xd9\xaes\xbc\xa2o x\x22^$\xa4\x95N\x13\
\xc2\x91\xd0\x9fL\xaa\xeb;e\x94ob\x16\xe8\xec\xe4\
\xcfi9\xa2\xf5\x89\xa5I\xca\xd7\xdc\x06<\x91\xd1Z\
\x13\x91\xf7\xbe\xddj\x17y\x16'1\xb32\xd6\xfc\xf7\
\x1f\xfa\xaf\xdf\xfa-\xdfBN\xda\x9d\xaeN\xe2\x85\xee\
B+\xde\xbb\x0d\x92\x90(\xe6_\xfe\xa5_\xfe\xc8\x07\
?t\xee\xb9\xe7*\xa5H\xeb\xb2 N\xf1D7\x1b\
_\xa8wxJ\xfd\x9b!\x84\x13\xb7\xac\xd7\x8f\xc7\x09\
\xabQ\x0e\x83\x0e.Tu\xfd\x14\x12\xc5\xc4Q+\x8a\
\xf8\x1do\x7f\xfb\x05\x17\x5cp\xf8\xac\xc3E^\x10\x91\
0\x19\xeb\x0e\x1e:\xeb\x1f\xde\xf4\xa63\x8f\x9cy\xe8\
\xcc3\xad1\xcc\xc1\xacd\xfcuM{\xbd#\xc27\
1$8\xf4\xd2\x1a\x91\xd6\xea\xd8k\xe7&f&/\
\xde\xfb\xa5\xc5\xc5\xed\xad\xad$i\x89\xa2\x93\x9b\x1b\xab\
++_\xf9\x15_\xfe\xccg\xde\xf8\x99\xcf\xde\xfe\xe0\
C\x0f\xdfs\xd7\xdd\xaf{\xedk\xb7\xb7O^\x7f\xfd\
u\x0b\x0b=c-R%\x01\xf8\xbc\x02!\x04\x00\x80\
\xc7\x0ei4\x977\xc6mnn\x9d8qbgg\
;\xa8`Y-X\x14E\x9e[c\x8a\xbc1T0\
\x04\x03G\xe7I\x0c\xec\xb0\x9e\x22\xe8L\xdd,\xc6\x8e\
\xe8\xdf\xb8\x9bMXY\xda`PB\x11?\x88\xb9M\
\xf4\xbaq\x9d\x9b\xf8D3B\x82\xe3\xde8-\x11\xb4\
\xe9~~R\xcf\x18\xaa\xe2\x9c\xe3Q\x1d\xd8\xe0\x93\x85\
\xf0n&q\xa2\x98\x8d1\xcbKK\xac\xf9\xc5_\xf6\
\xa2\x9f|\xe5+b\x9d$\xedv\xab\xd5\xea\xb6{q\
\x14\xef}\x9f\xce;\xad\xf4\xef\xff\xde\xef\xbe\xf9\x8do\
>\xf7\xbcs\x94\xd6\xf5\xf4\xf9i\x926#\x06H\xa7\
#\x84\xe3\xf1\xc6Sn\xc9#3\xeb\x99IQ\xedb\
$U\xf0\xad\x8e\xf79Y\xdf\xb7\xef=\xef\xf9\xe7\xbc\
p\xd7?\xfd\xe9\xc6d\x96\x98\x88\x9csk+k\x0f\
\xdf\x7f\xcf\xedw\xddy\xc3\x8d\xcf\xc8\xb3L\xb3\x22\x11\
j\xe4\x88\xd2$\x0d\xe6F\xc2\xea\x90\xf2\xc9X\xa7\x99\
\xc9\x85\x8e\x0d\xa5,\xfd0<\x9cY(\xcc\xaf\xd7Z\
k\xad777\x96\x97W\x22\xe2\xdc\x98\x5c\xec\xe5\x17\
_\xf4\xb5_\xf5\xafz\x9d\xde\xcd\x9f\xf9\xccCG\x8f\
\xfd\xd3\xdb\xde\xf1\x0fo\xfe\xbb\xa7]q\xc9y\xe7^\
\xe0\x9c\xf3\x22\xe5i);\xe2<~\x9fQ\x00\x9er\
@\x08\x01\x00\xe01\x85\x99\x9ds\xdb\xdb\xbb\xc7\x8e\x1d\
\xdb\xdc\xdc\xcc\xb2 \x83i\x08\x03\x86>\xa2yQ\xe4\
E\x91\x85\xb61#E\x83\xc6\x14\xa6h\x96\x08\xd6\x15\
\x83\xe5p\xf9z\xca\xbc\x1bD\x08O\x99\x969X\x08\
rU\x15\x11\x8e\xf8\x1e52K\xc7-qF\x13\xd1\
\xf1\xe7m>jbH\xd0OJa\x9d\x08MI\x07\
\x1d\xd7E\xf0\xc4\x87\xcbi\x1f^\xbc\xb4Z\xad\x9d\x9d\
\xdd#G\x0e\xff\xea\xaf\xfc\xca\xb9G\xce\x8d\xa2\xb8\xdd\
\xea&Ik\xc8\x97N\x85\xb16\x8e\xa27\xff\xdd\xdf\
\xfd\xde\xef\xfc\xfe\xd9g\x9f\x9d\xb4\x12\xa55k5\x12\
\x18\xa4\x99)\x9d\xf49G\x08\xa7\x19\xe6\xc4\xfd7\xe3\
\x84\xd2\x98\xed@\x95\x176N\x14\x93wk\x0bK[\
\x1b\x9b\xefy\xff\xfb\x9e\xf5\xecg%I\xec\xac\x0f;\
\x89HV\x97\xd7\xfe\xfe\xcdo\xba\xf6\xfak{\xbd\x9e\
xi\xee\x8a&y\xe0\xac`i3{t\xf8\x8c\x0d\
\xaf\x9c\xf0\xea\xca\x1a\xc2\xaa+\xa9\xf7\xbe\xd7\xebmn\
mEZ\xc7Ib\xad\xf1BYVH\xac\x9f\xff\x82\
/~\xe1\xb3\x9e\xbbq\xfc\xc4g\xef\xb9\xeb\xfe\x07\x1e\
\xf8\xf3?\xfb\xf3\x13\xc7\x1ex\xd6\xb3\x9f\xd3iw\x8d\
\xabB\x85\xb0A\x00\x1eU \x84\x00\x00\xf0XP\x87\
\xadvww\x8f\x1f?\xbe\xb9\xb9\xd9\xef\xa7y\x9e\xa7\
i\x1a\x1a\x87\x0e\x86I\x18S\x98\x22/\x0acM\xc8\
\x15-\xb3C\x0bc\x8d)l(\x18\xb4\xd6\xda\x10\x0c\
\xacm\xb0Y18\xd40\xb4\x91\x849n\x83^\xfc\
\x04\xe3\xf2BBU\xb4pH\xd2\x9a\xbb\x9axs\x5c\
\xf6\xa6E\xff&\xa6\x8c\xee=At\xc4\xf4`}O\
vj\xa9\x10\xa2V\x9c(\xa5\x8c5\xac\xf5/\xfe\xd2\
\xab\xbf\xf4K^\x22\x96\x92VK\xeb\xe8\xb4R\x07\xad\
sq\x14}\xea\xe6O\xfe\xe2\xcf\xbdz}\xdf\x81\xc5\
\xc5.k\xcdJ\x09\x8bL\xaa\x0c\xdc{\xaco\xf6\xc2\
\xc8A\x8e\x18\xec\xc4d\xd1\xf1\x9b\xe1Q2\x92\xcfI\
\xc3>F\x8aYT\x14u\x17\x97\xde\xfe\xb6\xb7\x9e}\
\xf8\xec\x0b\xce;/+\x0a\xad\x94V\xca:\xbb~\xe0\
\xe0\x07?\xf4\xa1<\xcf\xae\xba\xea\xaa,\xcd&\xa4\xa4\
N\x9f\x87A\x93\x9ez\xc4!'\x07\x0c\xcb\xf0\xeb\xf0\
\x1e\xaa=\x12\x11\x09\xb1Vq+9\xfa\xd0\xc3\x0bK\
K\x22BJ+\x15\x19k\xb7\xb6\xb6\x0e\xec?\xf0\xaf\
\xbf\xf2\xab.<\xf7\xfc\x7f\xf9\xe4\xc776\xb6\xde\xf3\
\xfe\x0f\xbe\xe5\x1f\xdfr\xe4\xec\xb3.\xbe\xe8\x92\x90\xca\
\xae\xd4\xa0\xcfL\xfd\x83\x8f\x9cR\x00\x1e1\x10B\x00\
\x00\xf8\xfcR_\xaf\xe4y~\xe2\xc4\x89\x8d\x8d\x8d\xac\
l\x1c\x9aeY\x9a\x17YQ\x14&7E\x91ge\
\x96h\x1e\xc6\xca\x17EQ\xf6\x8c\xb1\xd6\x84\xe50u\
\xde\xd5\x15\x83\xae\x9c-\xe8l\x08\x08\xfa\xc6\x94y\xef\
\xdd\x88\xfeMi\xe2B\xde;\x1a\x09\xfdU\x9a6-\
Yt\xb4+\xe9\x94\x94\xd1\x11\x0b\x1d\xb7\xc4\x89\xf1\xc0\
\x19f8rJ'\xde\x04O^\xb4\xd6\xcc\x9c\xc4q\
\xf8@\xb0\xe6\x7f\xff\x1f\xbe\xf3G~\xe8\x07\x9dqq\
\x9cT%p{\xc5\x8b\xd7J?x\xf4\xa1W\xfc\xc4\
+4\xeb\xd5\xb5\x15\xa5\x98*#\x1a\x89k\xd1\xc8\x80\
\xc1\xe9\x93\x06\xf7\x92M:\x22'\xb3er\x5c\xd2\xa4\
J\xec,sD\xa9\xea.Z5v\x19h\xa1\x22f\
\xe5\xbc,,-~\xf8\xc3\x1f>y\xfc\xc43\x9f\xf5\
\xac\xc2f\x8a\x14\x0by&\x15\xb75\xf1?\xfc\xfd\xdf\
?\xe7y\xcfaE\xe4\xa5n\x05\x1a\x9aZ5\x0fl\
4$8\xea{\x83\xd8\xdfx`p\xb0=UG\xd8\
\x1c[Ou\x87\xd32\xf5\xd4\x89t:\xdd|w\xd7\
X\xd3\xea-\xc4J)\xcd\xb1R\xb1\xd2\x99-\x0ac\
n\xb8\xe1\xfa\x17\xbd\xe8E[\x9b\x1b\xb7\xdev\xfb}\
\xf7\xdd\xff\xd7\x7f\xfd\x86\xe3\xc7\x1e\xfe\xc2g=\xb3\xd3\
\xeef\x85QJ)f\x12\x12b\x91\xa6&\x03\x00N\
\x1b\x08!\x00\x00|\x1e\x09Q\x08\xef\xfd\xd6\xd6\xd6\xf1\
\xe3\xc7wvvB\x180\xe4\x88fY\x96\xe7y\x11\
\xfeW\x14E^\x94U\x81\x85\xb1E\xe9\x84\xceZc\
\xad\xa9\x83\x81\x8d\xc1\x12#QA?<K\xd0Or\
\xb9q\x5ce\x7f#n\xe6\xc7\xdclF0\xd05\xe2\
\x90\xcd\xcd\x06\xa3\xe4\x87\xe5\x90\xc6\xea\x12G\x9f\xbd\xb1\
\x86f6\x08EF\xe8S\x09\xadu\x14E\xce9!\
\xb2\xd6~\xc1\x8d\xcf\xf8\x8d\xdf\xf8\xf5\x85\x85E\xc5\x9a\
O'M4\xe0\xc4)V\xaf\xfe\xd9\x9f\xbf\xff\xae{\
\x0f\x1d:$D\xa4u\xb3O&U\xcb\xe5\x82\xaa\xfb\
h6V~\xfe\x85p\xda\xca\xa1\xe3\xac]lD\x08\
\x89\x88H\x88\x92n'M\xd3\x7f~\xd7;o\xb8\xf1\
\x19+\x0b\x0bV\xca\x81\xee\xe2\xdc\xa13\x0e\xbd\xfd\xad\
o]\xdf\xbf~\xe4\xc8\xd9\xb6(\x98\x95\x08\x8f\xc4\x05\
\xc7%\x90\xc6\xac\xaf\xae\x0e\x9c\xec\x81\xcd5\x83\x99\x84\
\xe3Mk\x88\x89ED1+\xa2N\xab}\xf2\xc4F\
oqQ)\x8e\x94RJ3\xab\x90_\xba\xbd\xb3\xb3\
\xb6\xba\xf6\xd5_\xfd\xaf\xce:p\xf0c\x1f\xfd\xe8\xb1\
\x93'\xdf\xf3\xee\xf7\xff\xdf\xbf}\xe3\x05\x17\x9ew\xc9\
E\x97x\xe7E\x88\x98\xeb\x8aB\x08!\x00\x8f\x18\x08\
!\x00\x00<\xfa4\x15\xa5(\xf2\x93'7N\x9e<\
\x19RCK\x09\xac\x86\xcbgEY:h\xf2\xa2\x1c\
 Q\x14\xa60\x85)\x9c\xb1v0L\xc2\xba\xba\x5c\
\xd0\x0d\x13&G\xb8\xd1\xc8\x9b\xf7\xe2\xbc\xf3S*\xf1\
\x1a\xe1?\x11\x11\xef&G\xf3&\x1a\xa0\x88\x8c/L\
\x0c\x0f\xce^\x9e\x91\x17J\xa7\x1a$8\x123\x04O\
jX)&RJy\xef\x95\xd6\xe1[\x8d\xa5\xe5\xc5\
\xdf\xfd\xdd\xdf\xba\xe2i\xd7x\xeb\x95\x8e\xe44\xdb\x88\
8\xe7\x22\x1d\xfd\xe5k\xfe\xfc\xcd\x7f\xfb\xe6s\xce=\
\xd7\x93\xd7a\x02_e&!\xfe6\xe4<\xc3\xc5i\
\x95\x05\x9d\x86\x07\xd2\x1e\x84\x90&\xb6\x12\x9dT\xceW\
\xafWJI\xd5\x1a\xb4\xfcS\xaae!!\xf2\xac\x94\
R\x0b\x9d\xee;\xdf\xf9O\xeb\xeb\xeb\x97\x5cvI\x91\
\x17LL\xac\xb4\xf7\xcbK+'N\x1c\xfd\xc8G>\
\xfa\xbc\x9b\x9e\xe7\x9ci\x98\x9d4\x9f}\x9a\x106\x0e\
oj\x8e\xe8\xd4\xa0\xe2\x98\xa5U*\xcb\x8a\x85\xc4G\
\xed\xb61\xb6\xc8\xf2\xa4\x9d\xb0\x17\xc5\xe1\xe5*\x22f\
\xa5\xc27c\xcf\xb8\xe1\x19_\xf1\xe2/9y\xe2\xc4\
\xa7>}\xeb\xf1\x93\xc7^\xf3\x17\x7f\xdeJ\xe2g?\
\xfbY\xcc\xcax\x172kC\x1e*\xa2\x84\x00<2\
 \x84\x00\x00\xf0(\x13D\x85\x99\x9c\xf7;[\xbb'\
Nnl\xefn\x9b\xa2\xc8\xb3|\x84rxDQ\x84\
V1\xc6\x98\xdc4\xdb\xc7\x18\xeb\xaaQ\x12M|Y\
6\xe8\xad\x13\xe7\xbd\x17\xe7\x9c\xf5a\xc6|#3\xd3\
\x0f\xb5x\x19\xf7=\xa9\xeb\x03\xbd\xc8\xa4\xd0\x5c\xedx\
\xb3\x13G\xc7\xd7OK+\x9d\xa8\xa6\xe368.{\
\xf5\xcdi\x81\x14\xf0\xe4E)\xc5\x22L\x94$\x89R\
JDz\x9d.)\xf9\xb1\x1f\xfb\xd1o\xfa\xa6ow\
\xd6\xea(\xa2\xd3\xb3Aq^\xb4\xd6\x1f\xfd\xc8G~\
\xed\x7f\xfc\xda\x813\x0e\xa9H\xb3bf\xa5\x98x\xac\
\x9c\xaf\x19&\x9b!\x844I\xf6\xf6\x186\x9c\xf6(\
\x9ab\x92\xe3\x02\xa9\xb5\x92*\xe3\x80yx\xb8<\x93\
bM\xde\xaf\xad\xac\xdc|\xf3-w\xdfw\xefM\xcf\
\xfb\x22\xb2\xa6|A\x8a\x89\xd5\xfa\xfe\x03\x7f\xfd\x867\
\x5c}\xe5\x15+k\xab\xc6\xda\xe6\xc8\xfb\x91\xf30\xbe\
\xa0\x88\xa7\xce\xa0\x9fb\xb3#RX\x9f\xc6\xf2qU\
\x8d!\xb1\x12\xa2v\xbb\xb5\xb5\xb1\x11\xb7[L\x1cj\
D+af\xad\x94'\xd9N\xfbkk+_\xffu\
_\xd3\xeet>\xf2\xe1\x8f\xa6i\xf1\xd6\xb7\xbd\xf5]\
\xff\xfcOO\xbf\xfe\xba\x83\x07\x0e\xf6\x8d\xd1\xe1\xf4\x84\
\xfc\xde\xd3\xfd\xe6\x00\x00\x00!\x04\x00\x80G\x97Zc\
\xd24=q\xfc\xc4\xd6\xd6v\x9a\xa5Y\x9e\xe5\xd9\x90\
\x0e\xd6\x8dC\xeb?\xf3<\xaf\x06\x0b\x1aW\x0d\x96\xb0\
et\xd0\xdaj\xcc`\xa3B\xd0U\xffy[\xa9\x97\
\xf3N\xaa\x1c\xce\x89&F\xc3\xb5\x82\xd3\x125g\x87\
\x01GsS\xc7\x9cp/\x8dC\xc7\x9f\x91\x86#\x81\
2\xbda\x0cb\x83O\x19\x98YD\x16\x17\x17\x15+\
bv\xce1s\x9ee_\xf2\x92/\xf9\xb9\x9f\xf9\x99\
$i3\x8f\x0ej?%^D+u\xfc\xe4\x89W\
\xfe\xe4\xab\xa2(Y\x5cZT\x9a\x95RU`l\x82\
\xc3TG3\x94w\xc8\xcc#f\xf6\x88\x85p<\xe8\
7m\x0f\x13E+x\xa0\xd6z\xf0\xb5H5\x01\xa2\
\x1a\xf3\xa7\xc8\xfbN\xa7\x9be\xd9\xbb\xff\xf9]7\xdc\
\xf8\x8c\xe5\xc5\x9eq\x8eI\x84\xd8y\xbf\xb2o\xfd\x96\
[n>z\xec\xe1\xeb\x9fqC\x9e\xe7\x8a\x145\xa6\
\xe0\xd0\x98\xd15\x8f\x99\xa7\x89\xde\x94\x91\x15#q\xc5\
@\xdd\xde\x94TY\x9aY\x9f\xea8\x8eC\xda|\xb7\
\xdb\xa1F\xf84(<\x11\x8bb\xeblQ\xe4/x\
\xde\x17?\xe7\xb97\xdd\xfc\x99[\xef\xb8\xe3\xae;\xee\
\xb8\xf3\x0d\xaf\xfd\xab\x0b/>\xff\xca\xcb\xae\xb0\xce9\
!\xa5\x98\x09\x0dH\x01x$@\x08\x01\x00\xe0\xd1\xa1\
\xd4\x18\x12\xeb\xdc\xc6\xe6\xe6\xc9\x13\x1bi?\xcd\x8b,\
\xcf\xb2,\xcd\xb2\x22\xcf\xf2\xbc\xc8\xcb\xf0_\xed\x81\xf5\
\xa8\x89\xaa\x8f\xa8\xad\xc7\xcd\xd7\x1dDK\x0flV\x0b\
\xbaA\x8a\xa8\xf3\xceK)\x82e\xc8/D\xfchT\
\xc0h\xa6\x0d\x8eh\xe1\x88\xd4\xcdN\x01\x1d\xdf`\xfc\
\xe6x\x84pb\xb9`}\x05<\xf1\xf4\x82\xa7\x1eL\
\x14EQ\x9e\x17\xd6ZVl\x9d;t\xf8\xac\xdf\xfc\
\xad\xdf8\xef\x9c\x0b\xbd\xf3\xa75a\x82\x88\x84\xa8\xf0\
.R\xea\x17_\xfd\xea;n\xbf\xf3\x8c3\xceP\xac\
X1)\x9am5\xe5\xc3\xab\x1b\x8d\x95\xcd\xa5\xbd\xd6\
\x13NS\xbe\x11_\x0a\xa8F\x9f\x9b\x89;\xe1j\xae\
\xa6\xd2\x9a(\xcc\x9ah\x1e|\xc8\xb7%f\xeev\xbb\
\xff\xf4\x8e\x7fZ__\xbf\xfci\x97e\xfd,8\xad\
\x13jw:\xb1Vo}\xdb[\x9f{\xd3sT\x15\
\xa1\x13\x9a,\x84#\x0702mb\xd4\xcfU\x15>\
\x1c.k\x1c}\x99\x13<s\xf0\xc3\xde\xe9t\xb6N\
n\xb6\xba\x9d\xe0\xbd\xcd'\x12\x11b\x22!\x11\xdaL\
\xfb\xe7\x9fw\xde\xff\xf3U_\x9b\xf7\xfb\x1f\xbf\xf9\x93\
\xc7On\xbc\xee5\xafu6{\xdeM\xcfUJ\x1b\
g\xb5*\xcf\xcf\xc8\x99\x07\x00\xcc\xe6\xb4K\xb4\x01\x00\
\x00\x8c\x22\xd5\x9c\x06\x91\xdd4=z\xec\xd8\x89\x93'\
\xd34M\xb3\xb4\xdf\xef\xa7\xfd~\xdd?\xa6\xb9\x10\xda\
\xc9\x84Y\x13\xa6j!\x93W\x83&\x8a*\x89t\x90\
B\xea\xcap\xa1q\xd6\xb8\xb2\xc3h\x153\x0c-E\
\xbd\xf3\xce\x96\xe9\xa3\x13\xf29'\xaei\xcc\xa7\x98<\
\xc5~\xc2@\x8b\xe1\xf0\xe0\xc8\xca\xda$'\x86\x10\x9b\
mf\xc6\x15\x91&E\xff|\xd5\x87\x06<5af\
V\xedv\xab\xdb\xedv:\x1dV\xf4\xa3/\xfd\xe1\x1b\
\xae\xbb\xd1Y\xa7\xb4\xae\xc6\x90\xef\x0d!cm[G\
\x7f\xf9\xba\xbf|\xef{\xdew\xe6\xa1\x83\x22\xbe\xd9\xef\
\x92\xaao\x16\x86$\xb0~\x0e\x1e\xb8\x04}>\x13\x0f\
\x9b\x9f\xe7\xa1#\x99\xd9>7\x84\xfdk_\x1a:\x85\
$Dd\x8c=p\xe0\x8c\xf3\xce=\xff}\xef}_\
V\x18V\xe5\x0f\x14\x93d\xfd\xdd+\x9fv\xa5\x12\xf5\
\xf1\x7f\xf9x\xa7\xb7@\xe2\x85\xa4\x9e\xddP\x0b\xd8\xc4\
\x03\x10\x12!\x19\xf9\x09\x1d\x84\xf1\x07w\x0e\xa7yW\
w\x94\xa7th\xabr\xd3\xfa\xc7_i\xdd\xeb\xf6\xb6\
\xb7\xb6\x84$\xe4\xba\x97\xbf\x22\x9c\x0f{\x08\xdfhi\
\xe1\xe3G\x8f\xf5m\xf1\xd3?\xfb\xaa\xd7\xfc\x9f?9\
\xf7\x9c\xf3r+\xaf\xf8\xc9\x9f\xfe\x92/}\xf1]\xb7\
\x7f\xa6\x1d\xc5\xb95N\x5c5N\xc7\xc9i}x\x00\
\x98c \x84\x00\x00\xf09\x11\xae]\x98\xc8\x1a\xb3\xb9\
\xb1q\xfc\xf8\xf1\xed\xed\xed,\xcb\xd2\xac\x9f\xa6\xfd\xac\
\x1a<\x9f\xa7Y\x91\xe5\x83)\xf3y\x11\xba\xc8\x980\
\x84\xbe\x92\xc32lh\xc2\x7f\xa6\x1a/a\xc3\xc0\x09\
\xe3\xac\xb1\xd6[\x17|\xb0v\xac\xa0\x83\xa5\x80\x89\xf7\
\x12\xfa\xccL\xf6\xc0\x89\xfe6\x22x#\x9b\x8d\xb40\
\x9d\xb6\xc1x\xd6\xe8xxpb\xb9\xe0\xc8\xc9l\xde\
\x0c\x81M\xf0\x14FD\x8c\xb3\xce\xfb\x9d\xdd\x9d~\x7f\
\xf7\xab\xff\xd5W}\xe7\xb7\x7f\x1b\x89(\x1d.QN\
\xc3\xcb\xbc\xf8$\x8an\xf9\xf4-\xff\xeb\x0f\xfe\xe4\x8c\
3\xce\xd0\x9aX\x11q\xed\x1e\xa3\xcfKe\xf2\xa2\x08\
\x93pi\x0fU\x8e#\x91\x10\xcb\xa3\xa0\x85\x13\xbf\xce\
\x98\xf1\xb1\x1fY\xd3\xd4\xbf)N(D^\x84\xac\xf7\
:\x8e\xaf\xbe\xfa\xaa\xbb\xef\xbc\xf3\xe1\x87\x8e\xb6Z\x89\
\x13OD\x9a\xd9\xda|ie\xediW^\xfd\x8ew\
\xbe[)\xed\xbd\x0b\xa5\x81\x22B\xa4\x9a'yB\xc2\
v\xf8\xaf:?c\xe7\xb1<Q\xf5a\x0b\x89'\xa9\
5\xbb<\xf9\x95\x9b5_Z\xbdl\x0b\xbb\xb4\xbc\x92\
\xf7\xfb.\xfc\x8a\xf3a\x07T+%\x133\x09\x91\xa8\
H\xe7\xde>\xbc\xb9y\xd3\xf3^\xf0\xa67\xfe\xcd\x0b\
_\xf8\x5c\x1d\xc5o\xf9\xc7\xb7\x7f\xf1\x0b^\xf0\xf6\xb7\
\xbf\xb5\x1d\xc5\xd6x'\xc4\xac\x82\x15B\x09\x01\xd8\x0b\
H\x19\x05\x00\x80G\xc8\xe0\xb2\x86\xa8\x9f\xa6\x1b\x9b\x9b\
;;;y\x96\xe5YV\xe4E^\x8d\x9b7\x0d\xea\
5\xb6\x915Z[\xdf`\xc4\xbc+SD}\xc8\x15\
\xb5vH\xd8\xea\x01\x83n\x10j\x1b\x0f\xc6\xc9\x1e\x9a\
y6\xd7LK\xef\x1c\xc9 \x9d\x98\x1a:\x9eYZ\
_V6\x97\xa7\x06\x19\xaa\xf39\x92r\x06\x1b|\x0a\
S\xa7\x0e&IB\x22\xc6\x98n\xaf{\xe8\xecC\xbf\
\xf7\xff\xfd\xce\xa1\x83g{\x91\xd3N\x16\x15\x11\x16c\
\x8aW\xfe\xc4O\xe6\xfd|\xdf\xea\x92(b\xa5C\xd1\
\x9a\x0aS%\xaa\xa7\x1e\xfcI4Hu\x9c48\xe1\
t+\x06O\x992:\xb2~F\x9a\xe8\xe8M&\x0a\
?\x14\xa1\xb0rR\x15\x9fb^Z^z\xfb\xdb\xdf\
v\xc6\xc1C\x97]|I\x9af\xe5id\x8eT\xd2\
i\xb7\xde\xf4\xe6\xbf\xbb\xe1\x86g,,t\xbd\xf5\xf5\
\xabo\xbe\xf4\x095\x84\x83\x84\xd1S\xb4\x15\xad\xf6V\
\xd7\x0bN-\xa7\x1c{\x0a\x1fE\x093\xf7\xfb\xfdv\
\xabML\xa1\x93\x10\x85|Z\x22\xad\xc2\x5cH\x12\x11\
E\xa4\x94\xde\xee\xa7k\xfbV\xbf\xf1\x1b\xbe^\x11\x7f\
\xe8C\x1f\xda\xee\xa7\x7f\xf1g\xff\xc7[\xf7\xfc\xe7?\
\x9f\xc4[ou\x1c+L'\x04`o B\x08\x00\
\x00\x8f\x04\xa9\xbe\x01\xf7a\xc6\xe0\xc9\x13;\xbb;i\
\x96\xa6\xfd4\xed\xa7Y\x9a6\xfb\xc7\x8c\xf4\x92\xa9\x17\
\x06\x01\xc3Faa\x8d\xab\xbb\xca\x0c\xebb \xdc\x08\
\x03\xe9\xab8\xe1\xe4\x18\xddD\xdf\x9b\x18-\x1c_?\
\x1e3\x1c\xbfwF(\xd2O\xea,:\x9e :\xd1\
N\x9ds\x8f\xf7\x9b\x0c>\x8f\x88H\x1c\xc7AW\xca\
\x99\x0aJ\xfd\xf0\x8f\xfe\xf0\xe5\x97]\xe9\x9c=]\x1b\
$\x22\xe7\x9cf\xfdG\xff\xeb\xf7?\xfb\x99\xdb\xd6\xf6\
\xaf\xbb\xd0wE\x95r2mJ\x9d4]\xe8\xd1H\
\x13\x1d\xf9\x9acDH\x1e\x95\xe4\xe7\xf0M\xd0 N\
X\xff\xc9l\xad=p\xc6\x19\x87\x0e\x1f\xfe\xc8\x87?\
\xea\xacgU\x86G\x89\xa8\x9f\xee\x9e\x7f\xc1\x05K\x0b\
\x0b\x1f\xf8\xc0\xfb\xdb\xdd\xaex\x1f~\x83\xc9 \x987\
\xf9\xb54\x96ge\xb4\xd64N\xa3\x8c\xdf5\x9e\x17\
\x100\xc6,\xf4\x16\xb3~f\x8c\xc9\x8dq\xde\xd5\xcf\
\x222\x98\x8bZ\xdevN)\xda\xdcM7\xb6\xfb/\
\xfb\xf1\x97\xfd\xe1\xef\xfd\xfe\xea\xf2jA\xfa\x15\xaf\xfc\
\xa9o\xfd\xc6\xaf\xdf<~TG:\xcf\x0b\x16F\xd6\
(\x00{\x01B\x08\x00\x00\xa7\x8dHhm.E\x91\
\x1f?\xb9qbc+\xebgi?M\xfb\xfd\xbaD\
\xb0\x96\xbd\xc1r\x9e\x17Yn\xf2\xc2\x16f\xbc\xd1h\
\x88\x13\x96\x0b\x85q\xa6\xca\x13\x0d\xe1A\xe7\xbc\xad\xfe\
\x1bh\x9f\xf7\x22N\xfc\xc4~\x9f\xe3\x1e8m\x84}\
s\xa1^?R78\xfe\xf0\xf1=\x8f\xac\x91S\x15\
\x0a\xd6\x01\xc0\x91\xf5\x8f\xf7\xdb\x0b>\x8f\xa8\x06\xd6\x98\
v\xd2R\xac\xba\x9dn\xd2N\x9e{\xd3M\xdf\xfe\xcd\
\xdf&\xe2Th\x0dr:8\xe7\xa3(\xfa\xf0\x87\xde\
\xf77\xaf\xff\xdbC\x87\xced\x16f\xadX3\xb1*\
\xfb\x9e\x8cF\xab\xca4\xd1\xd0\x88\xb3\xfe\x8f\x98\xab\x04\
\xc8\xcf\x91\xf1O\xf2\xec\x0f\xf9x\xae&\x0d\xc7\xcfC\
f\xa6\x22\x0eZ\xe5\x9c\x0bN\xd8L\xf7\xb4\xe2E\xa9\
K/\xbf\xec\x96[>\xf9\xc0\xd1\xa3I\x129\xefY\
\x88<[\x97\xb7\xdb\xf1\xf5\xd7]\xff\xde\xf7\xbc\xa7\xc8\
\x8dRR;\x1e\xd7U~S\x8e_\xaa:\xc0i\xaf\
n\xe4E\xb1\x10\xf9\x81\x8b\xd5\x07Oc)\xb8\x95\x1d\
*\x22\xaf\x14\xad,.\xed\xecl\xe9\x88\xf3,\x1fd\
\x19\x84\xdfr\xd2\xc8P \x11\xf1\xb1bfu\xff\x03\
\x0f\xbf\xe4\xcb\xbf\xe2\xf5\xaf{\xed\xa5\x17_\x22\xac\xff\
\xf8\xcf^\xf3\xbc/\xfa\xa2\x07\xef\xbd\xa7\xd3j\x19q\
\xe8:\x0a\xc0^\x80\x10\x02\x00\xc0\xe9Q]\xa6\xf8\x9d\
\x9d\xfe\xb1\xe3\xc7\xb7\xb76\xf3\xaa\x5c0\xc8`S\x02\
\x87\xe5\xd0\x14c\x04\x0f\x1cI\x1c\xad\xfb\x8bN+\xe4\
\x1b\x0d\xd9y7\xeef\x135oZ\x90\xd0\x8fU\x06\
J5K\xb0\x0eH\xcep\xbfS\xea\xe8x\x18\x90\x86\
\x13J\xc1\x9c\x102\x81\xe38^\xec-D:\x22\x12\
/~sss\xff\xfa\xdaO\xbd\xe2\xc7\x93\xb8\xe3\xfd\
i7\x87\x14\x11\xa5h{{\xf3\x7f\xfe\xcf\xdf\xedv\
V\xba\xdd\x8eVJk]\x8f\x1c\xdc\xe3g\xecQ\xff\
(\x8ej\xd2\xcc)\x9a\x03S\x9dy\x18\xcd\x9f\x1d\xef\
'tau\xce]{\xcd5$\xf2\xa9O|\xa2\x1b\
'\xccd\x99D\x9cV\x94\x17\xc53\xbf\xf0Y\x0f=\
\xf8\xf0\xed\xb7\xdf\xd9\xe9\xf6D\xfc \xa7R\x06\xf3\xfb\
\xa6*kY\x0d8\xb9\x0e\x90\x86\x03\xfe4\x16\x0c\x9c\
xo\xf3E\x19c\x16\x97\x97\xac\xb5\xb60\xc6\x1ac\
Mu`4\xbaC!\xf2\xe2\xbdSZw:\xdd\xe3\
'O\x5c\xf6\xb4\xcb\xff\xee\xf5\xaf\xfdw\xdf\xfa\xcd\xdd\
^w\xd3\xf9/\xff\xca\xafz\xeb[\xfe.\xd2\x1ai\
\xe7\x00\xec\x05\x08!\x00\x00\x9c\x06\xe1\x22\xac\xc8\x8b\x93\
'O\x9e\xdc\xd8\xec\xa7Y\x9e\xa5y\xba\x9b\xe7!G\
t\xa0|\xc1\x0e\x1b\xe6\xd7L\x1d\xcdG\xc6NXc\
GRFk-\x9c\x91\xba9#\x17t\xc6\xbd\x13\xfb\
\x856\xe5\xb3\xdef\xfc\xd9\xa7\xb9\x9fL\x19-8\xcd\
\x03!\x81s\x8b\xd6\xba\xd7\xeb\x89H\x96eq\x1c\x1b\
k\x15+\x22\xfa\xde\xef\xf9\x0f\xd7]\xf7tk\xad\xd6\
\xa7\x1d\x1e\xf4^\x98\xd5o\xfd\xf6o\xdes\xcf=\xeb\
\xeb\xcbD\xa4\x94\xe6\xc6`\x83\x19\x9d<G\x18Q\x94\
&\x8f\xb8\x1a\xedt?\xed\xa7|\xa2z\x87\x03',\
\x7f\xa6\x98\x88LQ\x9c\x7f\xcey\x07\x0f\x9c\xf1\xd1\x8f\
|\xb4n\xcc\xc2$\xe2%\xcd\xf2\xb3\x0e\x1f9\xf3\xd0\
Y\xff\xfc\xcf\xef\x89\xa2XDJ\x19,\x9fw\xf2a\
\x8c\x1e\xff\xf4\x01\xa13\x0e\xb8qb\x07k\x9a\xcdK\
}\xf8S\xf1\xc2\xc2\xc2\xc6\xf1\x93Q\x14\xa7y\xee\x9d\
'?\xc9$\xbd\x17/\xc6\xb9~\x9a\x1aS\xc4I\xb2\
\xdd\xef/\xae\xad\xfc\xe6o\xff\x7fo\xf9\xfb\xb7\x1eX\
\xdd\xf7\xe9;>\xfb=\xdf\xfb\x9f67N*\xa5\xf0\
\xdb\x06\x80S\x02!\x04\x00\x80S\xd3\xbc\x1c\xd9\xd9\xdd\
9v\xf2\xf8\xd6\xcev\xe8$\x9aeY\x9a\x15i^\
\xa4y\x96\x15iV\x07\x0a\x87\xeb\x06\x8b\xd0F\xd4\x14\
\x855\xb9)\x0ac\xc2P\xc2\xdc\x14\xb9)r[\x18\
k\x9cs\xc6\x18\xe7\x5c=[\x22L\x1ct\xe2\xad\xb3\
a\x98\x84\xf5\xa3z6\xde\xe13\xa4\x93\x8d\xd7\x07\xee\
\xbdk\xa8\xf7~\xfc\xae\xa6\xf8\xcd\xd0B\x99\xd4Hf\
\xa2\x16>\xde\xef*x\x1c\xd0J\xad\xae\xac(\xe6N\
\xa7CD\x0b\xbd\x05'\xf6\xeb\xbe\xfe\xab\x7f\xf0\xbf\xfe\
W\xef]\xddJd\xef\x18\xef\xb5V\x1f\xfc\xe0\xfb\xdf\
\xf4\xa6\x7f<\xf7\xdc#\xac\xbc\xd2\x8a\x14y*\x15g\
\xc4\xafFo\x0e'1N\x0b\xe25?\xba\x8f\xc0\x0c\
'&\x82\x8e\x07\xd0\xa6-\x8c\xc2DU[\xd4\xf0\xb3\
\xa6\xa3(\xac#/\xe4\x5c\xb7\xd3\xb9\xee\xfa\xa7\xdfr\
\xeb-'\xb6v\xbb\xedD\x89gVaB}\xee\xdc\
3\xbe\xe0\xc6\x8f|\xe8\x03\x1b;\xdbq\x12\x13\xa9\xaa\
\x8d(\x8b\x94\xb3\x22\xa8*\xf6\x1b:\x18*\xdb}\x86\
\xe7\x1d\x99QQ\xda\x1d\x93\x1f\x99QA\xd5\x9a\xc6h\
\x0f\xaarG\xd9WI\xa4\xbe\xccWu\xc6./\xae\
Zc\xf3\xbc\xcf$\xce\x18R<\xfe\xd5\x92\x97\xb2\x7f\
h\xb8\x8au\xdei\xe6\x9d4\x17Vi\xd6\xbf\xf3\xb6\
\xcfzc\xae\xb9\xf6\xea\x95\x95e\xfc\x9e\x01`/@\
\x08\x01\x00`O\x84\x0b\x91\xed\xed\xed\x8d\xcd\xcd\xac$\
-\xf2,\xcb\xf2lx\xba`\xb3\x91\xccPX\xb0\x19\
14E9i\xd0\xda\xd09&L\xa4w\xc3C\xff\
\xacwu\x90\xce9\xe7\xfc\x84\x5c\xd0\x89\xd1\xbfi\xda\
6\xb1=\x8c\x1f\xcbDm\xc6\x06O\x19!\x1cO\x0a\
\xa5\xe1\x8b\xdd\xe6U\xaf\x1f\x1eC\x0f\xe6\x0dg\xdd}\
\xf7\xdd\x1f\x9c*7\xc5\xce\xce\xce\xd9g\x1f~\xf9\xcb\
^\xc6q\x97\xe8\xb4MK\x88\x14S\x96\xf7\x7f\xefw\
\x7fo}}=N\x12\xe6\xd0V\xb4\xd1\xd8d\xcf\x9f\
\xb4\xbd\x98\xde\x13\xe4s\xdb\xb0\xab2N\x18\x22\xab\x8a\
\x98\x84\xac\xb5W^u\x95\xb5\xe6\xe6[oM\x92X\
\xc4\x8b\x17\xf1B$i\xde\xbf\xfe\xbak\x9d5\x9f\xfc\
\xe4\xcdq\x1c{\xeff>\xc1\xe0U\x8f\xd6U\x8e\xd5\
\x13\xca\xe4\xddLX\x1d\xba\x85\xd6S,\x06\xa5\x86D\
$\xde9\xbf\xb6\xb6o{kKi\x95;c\xbc\x9d\
\xf4\x95Ri\xaf\xcc\xecEXH\x8c[^^\xb9\xf9\
\xe3\x9f\xf8\x0f\xff\xf1\xbb\xfb\xa6X[Y\xfb\xf1\x97\xff\
8\x91\x92\xe1\xde\xc5\x00\x80\x89@\x08\x01\x00`*\x83\
\xcb\x0f&O~s{\xeb\xe4\xd6FQ\x14i\x1a\x22\
\x81y\xad\x81\xe3\xbdC\xeb\x8c\xd0\xf1\x1e3Cy\xa1\
\xd5\x84yW\xcd\x96pa\xecD9i~\xaa\xe0\x8d\
\x87\xecf\x94\xf6M\xec\x073n\x83\x137\x1b\x17\xce\
\xe6\xbd26\x88bd\xf9\xd4\xe1\x0e0W0\xed[\
[[\xdf\xb7\xbe\xb5\xb3\xad\xb56\xce\xfe\xa7\xef\xfd\xde\
+\xaf\xbc\xdeY\xf7\x08:\x8b\x1a\xeb4\xab\xbf\xfa\xcb\
\xbf\xbc\xeb\xee{\xf7\xad\xadx\xef\x855\x13\xcf\xc8\x11\
\x9d\xf99\x9c\xd0\x06f\xe4\xcb\x8b\x89\x91\xc3S\xbfh\
\xe6S=\xf5\xacQ\x16\xa7<\xf8\xf03\xa7\xb5\x16\x12\
f\xce\xf3\xfc\xc8\x91#kkk\x1f\xf9\xf0\x87\x95\x0a\
c\x06\xbdb!\xf1\xe2\xec\x19\x07\xd6/\xbf\xf4\xb2\x7f\
~\xd7{U\x14\x11[%\xcc\x14\xbaq\x0aq\x15/\
\x1cn\xf5D\xe3\x86H\xa3?\xd7uc\x9e\xe6\xa6\x83\
V=\xc4\x13r\x04\x9a/'\x04\x16\xd9;\xb1\xdd\x85\
Eg}\x91e\xb9\xb3E^4\xcf^\xf5K\xafl\
I%D\xca\x93\xf2\xd2[\x5c8yl\xe3\xff\xfd\x81\
\xef\xdf\xdc\xd9\xea$\xad_\xf9\xe5_\xbd\xfciW[\
\x93=\x82\x0f\x15\x00s\xc8i\xe7f\x00\x00\xc0\x1c\x92\
\xe7\xc5\xd6\xf6\xce\xee\xceNp\xbarz\xbc\xb1\xa6v\
?\x13\xda \x183\xdc2\xb4\xf9\xa7\xabZ\xc6x\xef\
l\xd5\xa6\xa5\xe9{R+XS\xb2\x1a\xa9\x982\xa5\
B\xcfO\x1f\xfb>\xe2l\xd3\xf6P\xeb\xe5\xf8fR\
\xb5\x03m.\xcc\x08\x06\xd2\xa4\xcb\xd6\x90`\xe6\xd1\xe0\
a\xee\xd1Z\xf7\xb3t\xb7\xdf_\xdf\xbf~\xe2\xe4\x89\
\x7f\xfd5_\xfd\xbd\xdf\xfb\xbd\xe2]5\x86~\xcfH\
\x18C\xafo\xbb\xfd\xd6\xd7\xbd\xf6\xf5\x87\x0e\x9e\xa9\x99\
\x84\x83\xfc\x0c%vNM\x19-5\x87\x07\x03\xea\x89\
\x98X\x1a\xc3'\xa6)\xd9\xec\xa0\xd3\xe7\x18\x95\x9a\xf6\
\xf0\xc1\xfa\xb1\xf0]\x95\xe3\xe9#\xad\xc2o\x95\x85\x85\
\xc5+\xae\xb8\xea}\x1fx\xff\xe6\xe6V;I\x8c1\
\x14\x9a\x7f\x8aw\xde?\xf3\x99_\xf8\x9b\xbf\xf3;'\
Ol.\xf5\x12Wxb-\xe4E\xb8\xca\xe8\x94f\
\x80u\xa0\xd7\xf5\xf3~\xce!\xb70\x08\xa4\x9e7_\
\x9ez&\x12\x16\x12\xf1nui\xe5\xe8\x03\x0f\x9d}\
\xfe\xb9\xe1\xb7\xa2\xd6\x8a\x88\x1b&\xe9\x99#b\xd6B\
\x11\xc9\xd2\xf2r\xee\xfd\x0f\xfe\x97\xff\xf2\xd1[>Y\
\xec\xee\xbe\xf4\xbf\xfe\xf0\xd7}\xfd\xd7\x17i?iw\
>\xd7\x03\x05`>\xc0\x17'\x00\x000\x99p\xf1\xe1\
\xbd\xdf\xde\xde>~\xec\xd8\xd6\xe6f\x96Va\xc1,\
\x0fy\xa2\x83\xe9\x11\x85iv\x8d\xa9\x9b\xca\x0c\x05\x0f\
\xc3X\xc1j\xb8\xa0k\xb4\x12\xb5\xe5@\xc1*@g\
\xbdw\xce;\xef\xdch\x5cnF\xf8n$08\xb1\
\x1apb\xeehSM\xc77\x1eiis\xcad\xd1\
\xfa\xec5c\x83\x1e\xddD\x01\x11\x11EI\xe2\xbdO\
\xb3t\xe3\xe4\xc6y\xe7\x1dy\xc5\x8f\xbf<I:^\
Nw\x80\xb8P\x98\x1bA\xeew~\xfb\x0f\x14%\x0b\
\xddD\xc2$\xbeJfF\xc2J\x93\xf6!eT\xaa\
4\x1d\x16R\xa1\xb4MN\xd3x\xf6\xfe\xd9\x0e?\x17\
\x13\x87\x13N\x8f\xfeM\xfa\xc9\xaa\xed\xad\xb1\xa1\xf7\x8e\
H\x94b\xef\xc59w\xf9\xd3\x9e\x96\xa7\xfd\xdbn\xbb\
\xbd\x95$\x22,\xa2\x141\x8b\xef\xa7\xd9\x05\x17]\xd4\
i\xc7\x1f\xfb\xc4'\x93v\xdb\x85\x01\x11!@X\xb7\
\x97i8q}\x177\xb2=g\xff\xc8\xd3p\x80q\
<S \xbc\x84f\x85\xa1P\x18&\xa1X\xc4\x14y\
\xaf\xb7\xe8\x99\xb3,\xf5\xe4\xad\xb5\xf5\x97d\xd5\xcb'\
\xc5\xac\x85\xb4\x93\xeeb/j\xb7^\xf9\x13?\xf9\xe6\
\x7fz\x8b\xb5\xf6\xdf\x7f\xe7w\xff\xd0\x0f\xfdP\x9ef\
q\xd2>\xfd\x1cd\x00\xe6\x14\x08!\x00\x00\x8cR_\
\xbe\x14Eq\xf2\xe4\xc9\x8d\x8d\x8d,MM\x9e\x15y\
Z\xe4YS\xf6\x02eAa\x9a\xd6\x9dE\xc7\xe7\x10\
6\xd3D\xc7[\x89z7\x9c\xb7\xe9k7\x1bm1\
ZG\xf3\xa6\xa5\x86\xceN\x16\x1di\x1f:\xc30\xeb\
\xf5\xe3\x91\xc9q\x0fl^\xed\x8d\xc4*G\x12G\xc1\
\x9c\xc3By\x9e\xaf\xac\xac\xaaD\xff\xc0\xf7\xff\xe7+\
\xaf\xbc\xceZ\xa3O7<Hd\xbd\xd3\xac\xde\xf87\
\xaf\xff\xc4'>\xb5\x7f}\xddyC\xcc\xa4\xc24z\
b\xa6\x09\x062\x96\xe5H#\xbd4\xa7\xeb\xcd\x08\xe3\
\xf7\x9er\xfb\xe63\x8el<[\x86\x99\x87ly\xe4\
\xe6\xc8\xb3x\xefEH)U\x14\xe6\x82\xf3\xcf\x8b[\
\xc9\x87>\xf6\x09\x8a\x94\x17GU\xe8\xcfZ\xdb\xeb-\
\x5cq\xc5\x15\xefy\xdf{DG~\xd0\xe3e\x10\x15\
\xa40\xf0\xb0\x1ajOTW\xfcMv\xd7\x19*H\
45\xa7@dtV!U\xc2\xec\x99\xd7\xf6\xad\x1f\
?vT\xc8\x1bcF~\xb1\x84LQ\xed\xa4\xdd\xeb\
F\xed\xee\x8f\xff\xd8\x8f\xbd\xe6\xaf\xfeB\x14}\xc3\xd7\
}\xfd\xcf\xbc\xeaU^DGZ\x14a*=\x00{\
\x04B\x08\x00\x00C\xd4\x97\x1cY\x96mll\xec\xee\
\xee\xe6E\x91\xe5y\x9e\xa7y\x9e\x15y6n\x83#\
U\x82#Z8.\x81\xe3\x03\x06m(\x22\xb4\xb6n\
\x1b\xe3\xbc\x0f\xffM\xf3\xb4i68\xee\x81\x13c\x8c\
\xe3;\x19QD\x19+\x0e\x9c\x11\x0fl\x9e=\x04\x03\
\xc14\xb4\xd6i\x96\xc6q\xbc\xb1q\xf2\xc5/\xfa\xe2\
\x7f\xff]\xff\x9e\xbcy\x04\x9dE\xbd\x93H\xeb{\xee\
\xbd\xf3\x8f\xfe\xd7\x9f\xae\xac-\x89r\xc4q\xf0\x97z\
\x86\x02U\x96RV\x91q9\x87\x82\xca\xe1\xf3{b\
\xf6'y/\x9f\xf3\x91m>\x97T\xd2\xd9\xe5\x8b#\
\x0e\xe6\xbc9p\xe0\xc0\x05\xe7\x9d\xfb\xc9O\xdd\xdc\xcf\
\xf28\xd2\x83..\xe2\x9d\xb3\xd7]{\xed]\xb7\xdf\
\xf1\xe0C\xc7\xb5R\xe2=\x09S\xd5 t\xe8I\xab\
X!7^\xcb\x88\x94\x8e\x1f\xc6\xec\x13R\xbb`8\
\xa4!Q,\xa3\x85d\x8cYZX\x22\xe3M\x9a\x09\
\x91\x88\xe7\xfa\xbd%\xd2B\xec|\xd4iw\x97\x97~\
\xfdW~\xf5O\xfe\xe4OvL\xfa\x95_\xf2\x92_\
\xf9\xb9W\x87\xc2T.\xdfbD\x08\x01\xd8\x13\x10B\
\x00\x00(i^\x97\xec\xee\xeenll\xa4i\x9a\xe7\
y\x16\xfe\xccM\x96\x17i60\xc0z\xc2D\xd3\x00\
\xb3,k\x06\x06\xeb\xee2&LZ\xae\xcc\xd0\x0e\x8f\
\xa1/\x95L|\x18,\xe1$\xa4\x8b\x8e*\xdc\x8c4\
\xd1i\x89\x9d3\x8cq\xe4\xe1RM\xa2\x1f\x11\xbf\xfa\
\xa6\x1fk\x123\xbe\x06\x0d\xfd\xc0\x0c\x92$f\xa5\x92\
\xa4}\xf8\xacC\xff\xed\x07~@\xeb\xb6\x13\xb5\xf7O\
L\xd5\xa9\xb6\xfc\xc8\xfd\xf1\x1f\xfd\xeft'[\xea-\
\x94\x92G\xccBj\x10\xe5\x1a\xc4\x9e\x88\x15\x91\x0a\x19\
\xa1BL\xa4\xa6]\xff\x0c>\xccL\xc2\xc4{6\x8a\
i\x22\xc4\x93F_\xece?3B\x8e\xd2\xa8c\xf4\
a\x14\xc4\xd0\xa3\xc8\x93\xcb]\xea\xb5\xbe\xf2\x8a+N\
<x\xff}\xf7?\x9c\xb4\x22!OL$\xac\x98\x8b\
<\xbf\xf8\x82\xcb\xda\x91\xfe\xf0G>\xd1\xed-\x8a\x0b\
aBi\xc4\x03E\x1a?\xdd3B\x82{\xb4\xc1I\
)\xa6e#\x99\xe1\xb7X\xaa\xc4U\xeb\xc5u\x17V\
\xb6NnE\xad\xc4\xd8B<\xb10\x11\xb18\xf6V\
%\xba\xbb\xb8\xf8\xfb\xbf\xf3{\x7f\xf4\xc7\x7f\x989\xfb\
\xe2\x17~\xc9/\xff\xc2/j\xa5\x8c1I\x92\x84\xc9\
\x86\xf8e\x04\xc0\x1e\x81\x10\x02\x00\xc0\x10\xc6\x98\xcd\xcd\
\xcd\xcd\xc1l\x89\xac\xe9~#*\xd8\xac\x12\x1c\xcf\x17\
\x1dD\x05M9X\xa2Q48\xa1\xab\xe7D\xf7k\
Z\xd9\xb8\xc5M\x8b\x1f\x8e3{\x92D\xc8Dm\x86\
\x04\xc7wNc\x19\xa1#k\xea\xcd\x00\x18\x81\x99[\
\xadV\x96\xe5\xce\xd9\x9d\x9d\xado\xf9\xd6o~\xf6\xb3\
\x9f\xe7l\x11\x9a\x85\xecu'DD\xe4\xc4\xebH\xbf\
\xe7=\xefz\xe7;\xdeu\xe6\x99\x87\x98\x95R:\x04\
\xfd\x9a\xf9\x9f\xb5\x89\xc9\xec'x\x94\xa2\xd9\xa7l3\
\xb3\x97\x84R\x99\xdeN\x86\xc6\xd25'&\x9d2s\
\xc8\x0ce\xe1<\xcb.\xb9\xf4Jf\xbe\xf9\xe6Ot\
Z\xad\x90\xff\x19\xb63\xce.\xef\xdbw\xe5UW\xbf\
\xf7\xdd\xef\x12\x22R\x9e\xd8\x8f\xd8\xafLz\xf6S\xbe\
\x96\x89/\xaa\x19Z\x9cvrF\x7f\xb7\x888\xeb\x96\
WWsg\xf2~\x9f8r\xdeyv,\xc2\x8e$\
\x8a{++\xaf}\xcdk~\xf3\xb7\x7f\xf3\xd8\xee\xd6\
\x8b\xbf\xecK\xfe\xc7/\xfcb\xaf\xd7s\xde\xc7q\x8c\
\xaf\xa5\x008] \x84\x00\x00P\x22\x22i\x9a\x864\
\xd1\xba&0M\xd3j\xc8\xc4\xc0\x0fk\x03\x9c:\x86\
\xbea\x83!Ot<YtF\xf4o\xef+'f\
~\x8e\x98\xa1\x9fRg\xd8\x0c\x06\xd66(S\xda\x90\
N\xbehk\x00\x15\x04\x13\x09\xe9\x85q\x1c{\xef\x99\
\x95\xb3\xee\x9ak\x9f\xf6\xdf\xfe\xfb\x7f#RJ):\
\xad*\xaf\x10\xc1b\xca\x8b\xf4\x8f\xff\xd7\x9ft\xbb\x0b\
\xadV\xab\x12\xbfP\x04\xc7\xa1BoX\x09\xa6f8\
S\xd5j\xf4\x11H\xe1)\xb3I\xa7\xc5\xd6\xf6\xb8\x87\
\x91\xfd\x8c\x9c\xd2\xa1\xd3;r/\x09\x13)\x8a\x8a<\
;\xeb\xf0\xc1\xfd\xeb\xab\x9f\xfc\xe4\xad\xb6p\xba\x8c\xa1\
\x92\x08\x09S?\xcfn\xb8\xe1\x19w\xdfy\xfb\xdd\xf7\
\xdc\xd3j\xc5\x22N\xaaq\x13{y\xd5\x13\xbf\x15\xa2\
Iv7\xferj\xe5\x9b\xbc\x13\x11/\xe1\xff\xa2\x22\
\xdd\xeduO\x9e8\xae\x93\x96'\xcf\xce\xb0sq\xbb\
\xbd\xbc\xbe\xff\xaf^\xf3W?\xff\xea\x9f\xdf\xd8\xd9\xfc\
\xaa\x97|\xc5/\xfc\xcc\xcf\xad\xad\xac\xa6i\x9a$\x89\
R\x8a\x99\xb5\xd6J\xa9\xbd\x9ca\x00\x00A\x08\x01\x00\
\xf3N\xd9i\xc2y\xb1;\xbb\xbb\x1b\x9b\x1b\xb5\xfe\xd5\
Mb\xf2\xe1\xb9\xf3\x83*\xc1\xac\xfc/O\xb3<\xcb\
\x8a</\xf2\xbc\xc8rS\x14&/la\xac1\xb6\
0\xd6\x94\x16h\xad5\xceZg\xad\x1f\xf4\x17\x9d\x11\
\x1b\x9c\xa1\x823b\x83~z\x9d\xe1\xec&\xa5A\x0b\
\x9bw\xc9pA\xe0\x8c\x05\x00&\x12\xc7q\xb7\xdb\x8d\
\xa2H)\xe5\x9c[X\xe8\xad\xad/\xff\xd2/\xfd\xc2\
\xda\xea\x01g-\xab\xe8\xf4\xaeC\x98\x8c\xb3Z\xe9?\
\xfd?\xff\xe7\xb3\xb7}vm}\xdd\x13I\xe8\x862\
\xa9\xd5\x8a\x94\x8dC5\xb1\x1aj\x1e\xb3g\x9aI\x87\
{I\x92\x9c\x11\x0dk\xf6\x92i\xe6|\x8e<pd\
\x87#\x87=\xfe\xd4\xcd\xb9\x7fCY\xb2\x22\xd6\xda8\
i_x\xfe\xf9w\xde~\xe7\x03'6\xe3\x98=1\
\xb3bQ\xc2j;K\xcf9\xff\xfc\xe5n\xfb\x03\x1f\
\xf9X\xdc\xeb\x88\xb0W\xaa\xdc\x9b/\x87P\xc8X\xa3\
\x9d\xd9\x07\xd6T\xbb\x89\x15\x8f\xe1E\xfa\xd0P\x94d\
\xfcU\x8bH(g\xf4a\xb8\xa2\xcd\xf7\xed[\xefo\
\xeff\xbb;\x113;\xeev\x17\xbbK\x8b\x7f\xf9\xe7\
\x7f\xfa[\xbf\xf1\xeb[\xbb\xbb\xdf\xf6o\xbf\xf3\x97~\
\xfe\xd5\xfb\xd7\xf6\x19k[\xadV\xf0@np\x1a\x9f\
.\x00\xe6\x18\x08!\x00`~\x09_G\x13\x91s\xb2\
\xb9\xb5\xbd\xb9\xb5\x19\xdc\xafV\xc1\x91\xe8_S\x0e\xeb\
\x5c\xd2\xd2\x12\xf3\xa2\xc8\x0bS\x98r\x04E\x88\x07V\
I\xa2\xae\x11\x1b\xb4\xa7\x1a\xf30\xa2y\xcd8\xde\xb4\
{\xc7\x95rF\x9a\xe8DF\x82\x84c\xd5>\xd3\x03\
,\x93\xe2\x00\x00\x04z\xbd^\x92$D$\x22Q\x14\
moo}\xd3\xff\xf3\x8d_\xf4\xbc\x17;[<\x82\
^2\xd6\xb9$\x8an\xbd\xf5\x96\xd7\xbd\xee\x8d\x07\x0e\
\x1c\xd4\xda3K\x98\xc6N\x0d\xe3jh\xc0\x1e}`\
\xa8\xb5\xc9\xd0\x1d\xd3wpJ\xc3\x1c\xb7\x9d\x89\xe3\xe9\
'<i\xe3H\xa6\xf9\xe1\xc8\xbd\xc3\x81\xbb\xf2\x85{\
\xe7\xb4\xe2\xab\xaf\xbd\xb6H\xb7?{\xd7]\xadNG\
yQ\xc1\xc3\xbc\xf7\xd6\xb6;\x9dk\xaf\xbd\xeec\x1f\
\xfdhV8&\x22\x19j\x07%44}c\x86\x06\
\x13M\x1e\xd88;\xb3\xc0O\x0a6VGQ\xf5\xbf\
\xf1\x9eY%\xed\xee\xf1\x07\x1eXL\xe2\xc5\xb5\x15\x8a\
\xa2?\xf9_\x7f\xfc\x07\xbf\xff\xfb\xba\x15\xff\xf7\x1f\xfc\
\xc1\x97\xfd\xc8\x8f\xf4z=\xe7\x5c\xab\xd5J\x92\x04\x06\
\x08\xc0#\x03\x83\xe9\x01\x00sJ}Ic\x9c\xd9\xdc\
\xde\xdd\xd9\xe9\x9b\x22+\xf2\xc2\x1a3\xd2\x0ffd9\
$\x81\x16!\x0cXc\x8c\xb5\xae\xec\x14\xdap0\xf1\
\xdez\xef\xc4\xcb\x98\xd4\xd5i\x99~\x0fc\xe5\x89\xc8\
\x8f5z\xf1\xd3[\xbf\xf8\xe93\xe8'\xee\xb0\xde&\
\x5cU\x873\xe3\xab\xbaA\x1a\xbb\x1c\x84\x01\x82S\x12\
E\x911\xa6\xdf\xef\xef\xdb\xb7oss\xd3\x18s\xcd\
5W\xbf\xec\xa5/%b\xa5\xe3\xd3\xdd\x9b\x88\x10s\
\xe1\xdc\x1f\xfe\xe1\x1f\x88\xf8v\xa7\xad\x94b\xc5\x22R\
\xf6\x11\xad\x9c\xb0\xf9\xa0\xb1Y}\xe5\x8a*FW>\
\xae\x9cVA\xa3\xba\xc5DB\x8d2\xc4\xb1\xfd\xd5\xcf\
(\x93\xca\xffFb\x80\xe3:7C`\xc6\xa3\x883\
\xca\x0b'\xde\xa5\x98\x9c\xc9\xae\xb8\xe2J\xad\xa3\x9bo\
\xb9\xf9\xa6\x1b\xae%\xf1^\x11\x91VB\x8a\xbd\xb7\xfe\
\x197>\xf3\x9f\xff\xc7/?\xf8\xe0\xb1\xb3\xf6\xad\xa6\
y\xc1\x1c\x0d\x0eL\xa8l\xc7\xdax\x8a\xfa\xe9\xea\xdf\
\x15\xa3u\x9b\x22T\x9d\x13nL\xff(7\x93z\xbc\
<5\x1f>8\x87\xa1\x1b\xac\x17b\xf2\x8a\x94\x881\
fm}y\xf3\xe8\x09\xc7\xf1\xf1c\xc7~\xf7w\xff\
\xe0\xbd\xefy\xf7\xf9\x97\x5c\xf4\x1d\xdf\xf5]_\xf1\xe2\
/!q\x22\xa2\xb5>\xdd\x8f\x13\x00\xa0\x09\x84\x10\x00\
0g\x94\xd7+>tQ\xcf\xf2bcg\xb7\xbf\xbb\
k\x8c\xb1yV\x8ca\x8c\xc9\xf3\xbc\x96\xc0f\xd7\xd0\
\xd0-&\x88\xe0`\xc8\xbc\x0f\x03\xe5\xc3\xcc\x08\xf1\xe5\
ly?\xcd\xd9\xa6i\xdb)WN|\xf8\xde\xf7L\
c\xfd`\xaa\xd3s\x8a\x06\x12\xb0A\xb0G\xbc\xf7!\
e\xd4\x18\xd3j\xb7\xa28z\xd5O\xbd\xe2\xc0\x81\xc3\
\xd6\x98(\xde\xbb\x10\x96Ba\x9d\x8b\xa3\xe8uox\
\xfdG\xff\xe5cg\x1e<\xa4\x95R*\xe6!\xe9\xa0\
*OPU\x9e\xd6\xd0$\x0e\x0d,\x99YQ\xe5*\
\x83\xbb\x82\xeaq\xb0\xbf\xa9\xa5t\xd2\xe8\xbb\x22\x8d\xbe\
5S\x0f]\xe4QL\x5cl\xea\xd3x\xfb\x9c\xfaf\
8\xc4\x90D\x9b\xe5\xe9\xc2\xc2\xea\x91s\x8e\xdc\xfa\xc9\
\x9b\xb7v\xfa\x91\x16K\xc4\xec\x99\x95\x10\xe5y\xff\xdc\
\xf3/\xe8\xb4;\x9f\xfc\xf8\xa7.x\xf1\x17\xe7&#\
b\x11G\xc1\xcb\xb8.\xaelJiyv\xa8\x92:\
\xaa\x7f]py\x12\xab\xc0*\x97\xbfm\xebC\xab\x86\
~\x10\x11\x87\xe9\xf6LB>$\xf423\x0b1\x09\
3{\x11\x22aO\x85\xb3:\x8eW\x97W\xd6W\xd6\
\xdf\xf1\xeew\xbf\xedm\xff\xf8\xe0\xc3\x0f\xbe\xe4_}\
\xc5w\xfe\xbb\x7fw\xe1\x91\xf3\x9cw\x5c\x15Q>\xe2\
\x93<\xc3\xa8\x01\x98\x1f \x84\x00\x80\xf9\xa2\xfc\xc2[\
\xc8Z\x9b\xa6\xe9\xe6\xcen?\xcbm\x91\x99\x227\x85\
\xcd\x8b\xbc\xe9\x81M\xfd\x1b\x9d!1\xdc'&(\xe1\
\xb4R@iL\x93\x9f\xa6j\xd3\xe2\x84\xd3\x16\xfc\xd8\
\xa8@\xaa\x82~#Z8\xb2\x86\xa6\xb5\xf5\xdb\xf3\x0c\
\xb1\xc7\xfb=\x04O\x0e\xbc\xf7\xfd~?\x8a\xa2\x9d\xed\
\xedv\xa7\xfd\x0d\xdf\xf0\xf5_\xf6\x92/\xf5\xce\x9d\x8e\
\x0d\x96\x88H\x14E\xf7=p\xefk\xfe\xfc\xcf\xd7V\
\xf7\xe9(\x8a\xa2\xa8\x96\x91\x91\xc0`\x15\x80RDA\
:\xb8T\xbeY\xf9\x9fa\x83\x81\xee\xd5v9\x88\x0a\
\x06G\x92\xfaV\xf9\xa4\xe3\xcdK\xa6\x05\x03O7H\
x\xca\x81\xf5\xe3\xbb\xaa\xfdS\x84\x98\xc4Y\xd1\xac\xaf\
\xb8\xec\xb2\xbf~\xe3\x1b\xef\x7f\xf8\xe8\x05\x87\xcf\xb0\x99\
/\xdd\x98\xc4;\xd3i\xaf^u\xc5\x95\x1f\xfd\xe0\x87\
^\xf2\xa2\x17\x88\x88\x17\xa7U(\xac\x16\x16\x96\x109\
\x1d\x98a8GM/\x1e\x04\x06\x85B<\xb5<\xdd\
U8U\x06\xc7\x1b<\xb26\xd6\xf0\xcb\xd8\x11)/\
,D\x8a\x95b\x22O\xac\xb4\x8a\xe3V\x14\xc5B\xd4\
\xcf\xd2O\xde\xf2\xe9\xfb\xee\xbf\xef\xe1\x87\x1e\xba\xf4\xca\
\xcb\xff\xd3\x0b\xbf\xef\xbak\xafk\xe9\xc4{\xafY\x85\
'}\x14\xa7;\x020\x9f@\x08\x01\x00sDy\xdd\
&\x92\xe5\xc5\xf6\xf6v\xbf\xdf\xcf\x8b\xa2(rSd\
\xc6\x98\xa2\xb0\xcd6\xa1\xe3)\xa3\xc3}CK!\xf4\
\xde\xcf(\xd5\x0b\x126;p\xd7\xbcI\x95t\xcd\x88\
%\xce\xf8\x93\x88&\xca\xe1\x0cFO\xce\xf8\xe9\x9a\xb9\
\x06\x80iDQ\xc4\xccY\x96-.-\xb5[\xf1\x0f\
\xfe\xd7\xffB\x9c\xd0^g\xc2\xd7\xb0\x10Yoc\x1d\
\xfd\xf1\x1f\xfe\xe1\xcevv\xf0\xd0~\xa5\xd4 \xd0\x17\
6\x1a\x1d\x95^\xfaG#S\x91\x1a\xf7J9\x9e\x81\
\x86\xd2 \x1b\x9e\xc3\x83X\x9c\x94vHe\xccq\x10\
\xa3\x9bX\x138\x8eL\xcf)\x1d;\xa4\xa1\x9b3\x04\
R\xa6$\x94\x0e\xafg/T\x14\xc5\xe5\x97\x5c\xfc\xd7\
o\xa4;\xee\xbc\xfb\xc2#g\x8a\x18f]\xcd\x9fP\
\xd6\x98k\xaf\xb9\xea\xb7~\xf7\xf7\xef9\xfa\xf0\x81\x85\
N\xe6B3\x99\xa0\xbe\x83\x04\xf2\xc1\x02Q\x9dB\x1b\
^U\xf9\xbc4\x9c\x8b[\x89\xa0\xaa\x1c\x9aU\xe9\xd8\
$^\x84\x1c3\xb3\x8a8\x0ag]E:\xd2Z+\
\xa5\xb5\xf6\x22Y\x9e\x9d\xd8\xdc\xdc\xdc\xdc\xc9\xb3\xd49\
\xbf\xb0\xbat\xe5\xb5\xd7\x5cp\xc1\x05\x87\xcf:\xab\xa3\
\xe3\xf0\x1b5\xe4\x09Wnyj\x1aa\xe4\xc1C\xc2\
;\x03'\x04\x00B\x08\x00\x98\x1bD\x88\xc8{\xbf\xdb\
\xdf\xdd\xde\xde\x0d\x1da\x8a<3&7EaL\x91\
\x176t\x105ew\x98\xd1\x04\xd1\xa6\x0d\x8e\xce\x94\
\x1f\x16\xc2\x19\x09\xa2\xd3\xd6\xd0\xb0\x0a\xce\xb6\xc1\xd9\xfb\
\x9f\x18\x15\x1cY\x18O\x0d\x1d;[\x13\xfaF(\xa5\
<\xc6K\x80=\xc0\xccQ\x14y\xefZ\xaddkk\
\xf3'\x7f\xe5\x17.\xbd\xfc*g\x8d\x8eN;<h\
\xacM\xa2\xe8]\xefz\xfb;\xdf\xfe\xce\x83g\x1e\x09\
\x8dd\x1a\x99\x88\xe3*U\xf9^]\x22\xd8\x18\xaaG\
\xa5\xde\x0c\x86\xceWi\x90\x93\x9dm\xe0\x92\xcd\xfc\xd3\
\xd3W\x88\xbd\x84\xfb&\x1f\xc0\x1er\x1aG\xb6\x11\x11\
\xc5D\xc4\x8e\xb9_dg\x9ds\xf6B\xaf\xf7\xe9O\
\x7f\xe6\x05\xcf}&\x89\x17\x8e\x83\xc3y\xa2~\x96\x9e\
s\xdeyq\xa4>\xfd\x99\xdb\x0e\xdfxm\xba\x9bI\
H\xa6\xad\x9co\xdc\x09\xeb3\xc14t/\xf9\xf2\x84\
W\xc1V\x19\x9c=f\xd6\xac\x14k\xa5#\xd6\xac\x98\
\xb4&\x22\x16\x15~\x8f\xf5\xfbY\x9a\xa6\xceZ\xef}\
\xe8\x12\xb4\xb8\xbct\xd1\xa5\x17\x9e\xb1\x7f\xff\x19\x07\xce\
XZ\x5c\xae^\x18\x95*\xb8\xb7\xf3?~ZD\xa4\
\xfeM\x19\xbe\xacS\x15Zk\x98!\x98[ \x84\x00\
\x80\xa7>\xf5e\x81-\x8a\xed\xdd\xdd\x9d\xfeN\x9e\xe6\
!%\xb4\xae\x0f\xacc\x83y\x9e\x9b\xa2\x8c\x0c\xe6E\
a\xac)\x8a\x22\xc4\x03\x9b6X\xf7\xf0\xf4cc\x1e\
f\xc7\xf1\xc6\x93B\xa7\x89\xe2xR\xe8\x8c\xe0\xe1\x8c\
\xe5\xd9\xb1\xc1\xe6\xc2H\x87\x8cSJ#\x00\xe3\x84\x0e\
\x1fZkc\x8a8\x8a\xd24{\xe1\x0b\x9f\xff]\xdf\
\xf5]^\xdc#\xea%CQ\xa4\xb7v6\xfe\xf7\x1f\
\xfd\xef\x85\xa5\xd5(\x22\xcdJ\xb3*\xd3\x1a\x99\x99X\
\xea$F\x09c\xf8\x84\xd8\x97!B\xa2PO\xd7\xd8\
a\xa9\x8b<]\xf0&F\xe7\x06\x07\xc4e\x5cJh\
4\xde9#f(\xd3\x87\xceO\xeb=3\xeb0\x86\
7\x1ey^\xae\x9a\xc1\x08\x915fui\xe5\xbc\xf3\
\xce\xff\xcc\xa7?\xb3\x9b\x9a(\x8alynX\x89\xd8\
\x22_[[?|\xd6\x99\xb7|\xfc\x96\xe7?\xfb\x19\
J\xd2z\xb8}U\x0f8\x08\xfd\x85\x16>,D,\
\xac\x88C%`e\xd7*\xbc\x1bJ1\x93\xd2*\xd6\
:\xd2ZkVJ\x8c\xa7,\xb7\x92Yr\xb9\x88\x18\
kw\xf3\xd4\x89DZ'I\xd2n\xb7{\xbd\xde\xfe\
\xf5\xf5\xb5\xb5\xb5\xa5\xa5\xa5\x85\x85\x85^\xaf\x17\x0f\xe7\
\x15\xd7\xbf\xc3\x15\x9f\xba=~\xf3\x0b\xaf\xfa\x97\xe7\xe0\
\xd7\xb5\x0f\xed\xb2\x98\xc8+\x92(\x8e\x83\x10&I\x82\
\xa1\xf6`n\x81\x10\x02\x00\x9e\xe2\xd4\x17Iy\x9eo\
lmfiVT\xa3#\xeat\xd0\x91LQ\x1b,\
\xb0(rS\x8c\xe7\x886\x87\xcb\xcf(\x1a\x9c-o\
2)\x83T\xa6\xa4\x95Nt\xc2S\x16\x1f\xceVA\
\x19+\x1alZ\x225\x22\x8a\x00\xec\x05\xadu\x1c\xc7\
EQ\x88H\xb8\xc2\x16\x89\x8c\xf5\x0b\x0b\xbd\x9f\xf9\x99\
\x9f\xed\xb4\x17\x9ds\xea\xf4\x9bAZk\xe38\xfa\xab\
\xd7\xfc\xe5\xbd\xf7?p\xe8\xe0!f\xa5TD\x95\xf3\
\x84\xc2\xb5\xba\xb3H(`#n&\x04R\xd5\xf9\xb2\
L\xf9\xe4\xfa\xfb\x8e\xb2/J\xb9i3F71`\
\xce\x8dn\xa3\xf5J\x22\xa6\xe1\x16/\x13\x1fH{\xe8\
=\x13\x96\xc7\xf6?+\xd7t<M\x94\x87#\xa7D\
d\x9dUJ]q\xc5\xe5\x1f\xff\xc4\xc7\x1f>q\xfc\
\xac\x03\xebb,iM,,d\xada\x91\xa7?\xfd\
\xba\xd7\xfd\xed?\xec\xe6\x8e5\x93\xf7\xe5i\x93\xd0E\
\xa7\xd4gb\x12\xc7\xc1\xc2\x85\xc9\xb3D*\xd2Z)\
\x1d\xb3b\xa5T\xc4\x9a\x88\xacxk\x8a\x22\xcd\xfa\x96\
\x8cq\xd6\x19c\xf2\xdc\xf98\xe9$I\xd2\x8a\x93\x85\
ng}}\xfdH\xaf\xb7\x7f\xff\xfa\xea\xdaJoa\
\xa1\x95\xb4\xa2\xb16\xa1\x22u\xdf\x1a\x9a8dr\xc6\
\xc9l\xce\xd1\x09)\x1e\xcd\xe1=2h*+Z+\
!\x0a\xf29\xdb\xbd\x01xj\x03!\x04\x00<\x95\x09\
Wg\xa1\xb9\xc5\xf6\xceN\x9agE\x9e\x17i\x96e\
ya\x8afT\xb0Y1h\x8b\xaa\x91\x8c1\x85i\
\xcc\x96\x18\xb3\xc1\x89*8\xb1\xd1\xcb4s\x9b\x91J\
:\xb1k\xe8\xde\xeb\x0f\xeb\x9b#\x1b\xd0\x98\xfbM[\
\xf3x\xbf{\xe0\xc9D\x1c\xc7\xedv[D\xf2<\x8f\
\xe3\xd8\x18\xc3\x8a\x9d\xb3?\xf2\xd2\x97]\x7f\xfd\x0d\xce\
\xb9G0\x1b\xc09\x17\xc7\xd1-\xb7|\xeao\xde\xf0\
7kk\xfb\x94\xe6(\x1a\xcc\xb2\xe7\xaa\xd4O&\xa5\
7\x8f/\xd7\xf5\x84u\xd9[\xf3\xfa_\x86\x9dp\xb0\
\x5c;\x9aP\xddxFFZ\x98\x8e\xd1\x94\xb4\xbd\x98\
\x86\xd4\xa3\x18\xc6b\x95\x13\x0e\x8fhh\xb4\xc3\xd83\
\x96\xafNH\x13y\xa2\xdd\x22\xbb\xec\xd2K\x88\xe8\xde\
\xbb\xee9\xe7\xe0\x81\xcc\x1a\xd2U\x08\xd1\xdb\xad\xcd\xcd\
\xa7]|\xc9\x9f\xbf\xe6u\xf7\xdd\xfd\xc0\xf9\xe7\xec\xef\
\xeff\x8a\x15\x89/\xb3k\x15\x13\xb1RZk\xa58\
\xd6*\xd2J)&\xebLQ\x14\xd9N\x9af6/\
\x0a\xe7\x9cb/\xe2\x85H\xab\xb8\xdd\xe9v\x17\xba\xad\
\xa5\x85\xf5\xc5\x85\xb5\xc5\xc5\x83\x07\xcf\xdcw`\xad\xdd\
n%I+Rz\xfc\xd4\xd5\xbf}\xb8N1mV\
t\xee\x8d:\x0cX't\x0c\xc6\xffT\xbf\xf7\xbc\xf7\
\xe1\xfci\xad\xe38\xd2ZGQ\x14W\x9c\xee\xe7\x13\
\x80\xa7\x0c\x10B\x00\xc0S\x12\x1f\x1a\x9b3Sa\xcc\
\xc6\xe6v\x9a\xa6y\x9e\xe7E\x9agY\x9e\x17a\xa0\
|\xb3g\xccH\xf3\x98f\x9ah\xf0@o\xcb\x1cQ\
\xeb'\xdb\xa0\x9c\xaa\xfco\x8f\xcb\xd3J\x10\xf7\x12Q\
\xa4\xe9\xf3\xa0i8*81\x0cR\x03\x1b\x04\xa7K\
\x96eY\x96\x11Q\xab\xd5\x0a\xa3\x1f\xc8\xd3\x17~\xe1\
\x8d\xff\xe9{\xbfOh0*p\xaf\x94}*Y\xc4\
\xfd\xc1\xef\xff\x81s\xaa\xd3i\xb1\xd2\x9eD)\xa9\x1a\
\x83\x94Q?a\xaa[[\xd2\xa4\xc9\xef\xcd\xdc\xcbz\
\x99\xa9\xee\x86\xc9\xccJ\xaa\x961a\xde\x02\x89ph\
\x98)\xc2j\xa0\xa0e\xa3L\x22&R\xe1\x87hf\
\x97\x17\xa2\xd3(8d\x22_\xcel\x18\xd4\xef\x0d\x0e\
\xdbK\xbdG\xa9\x02\x9b\xf5\xfe\x99\x88\x84\xc9\xd7#\x04\
\xc3\x86^3\x99\xac\xbf\xbe~\xc6\xca\xf2\xca\xad\xb7\xdc\
z\xd3\xb3\x9e\xa5x;\x1c\xae\x13'J\x19c\xd6V\
\x0f\x1c\xda\xb7\xf2\xc1\x0f|\xe8\xca\xab\xbf6\xcbR\xa5\
\x94\x88&!%>bN\xf3b\xb7\xbf\xed\xac\xb5^\
\x9c'o\xc5\x89\xe88J\x12\xdd\xed\xb6{k\xabg\
,.,.\xf6\x16WVW\x16\x97\x96\xba\x9d\x85n\
wai1\x89\xe3\xb1\x97\xedI\x824J\xa5\xe5\xaa\
\xd6\xbfG\x1c\x9b\xab3B\x8d1Y\x96\x85\xdf\xd2\xe1\
\xf7v\xf3W_\xfd\x0cJ\xa98\x8e\xdb\xedV\x92$\
a\x9c}\xa8\x1e\xfc\xdc\xc3\x83\x881\x82'/\x10B\
\x00\xc0S\x10!bqL\x94\xa5\xf9\xc9\x8d\xad\xdd~\
\xa8\x16\xcc\xf3\xac_'\x8b6\xa7\x0b\xd6r8\xb1s\
\x8c1\xc6YWi`)\x84#\xf3$f\xd8\xe0\x1e\
\x15q\xef\xadD'\xc6\x1bgH\xa0\x8ce\x87\x02\xf0\
\xa8S_\x0a'I\x92\xe79\x09\xb5\x16\xda/\xfd\xf1\
\x1f[Z\x5c}\x04\xe1Aa\xb2\xce\xc5Z\xbf\xe1\x0d\
\xaf\xfd\x97\x8f\xfe\xcb9\xe7\x9c\xc7\xec\x95\xd6\xcd\xa6\xa2\
!\xe8\xad\x94jv\x8d\x19i\x0f3\xe3B\xbf\xce\x1d\
\xad\xe6\xe5U\x929\xd8\xd3`\xfc:\x8d\xb6!-\x9f\
eda\xfcl\x9cr\xe5\xe86u\x9e\xe4HM\xa0\
\xc8\xb0kJ\xb3\xba\xaf\x9c\x89\xc1u\xe7O\xaa\x1a\xa8\
2\x918k\x97\xf6\xad^z\xf9\xa5\x9f\xbc\xf9\xe6\xb4\
(\xda\x9d\x16\xa9\x88U\xe4\xbcX\xeflVp'\xb9\
\xe2\xfa\xa7\xbf\xe5\x1f\xfe\xf1\x8bnzf\x96\xedfN\
y_6r\x8d\xb4n\xb5\xb4Rz\xff\xa1\x03k\xfb\
\xf6-///.,.,-.,/\xae,\xf4\
:\xed\x16\xd3\xe4wV\x88\xfc\xa0G+\xd1 \xe0\xd8\
l\xf3\xf9\xc8\xf5\xc9\x8b\xaf2B\x8d\xb5\xa1/X\xf9\
\x8d^\xfd\xeb\xb1\xe9\xe4\xa1mL\x14E\xadV\xd2\xeb\
-t:\x9d(\x8a\x94R\xa7\xa5p\xb3\x7f\x8b\x8a\x88\
4fr@\x0e\xc1\x93\x08\x08!\x00\xe0\xa9\x86\x88\x84\
K\xb8\xdd4;~r\xab\x9ff6\xcf\xd24\xcd\xb2\
,\xcb\xfay\x9e\x85K\x87\xa1\xf0\xa0)\x8a\xc2\xd8\xe1\
r\xc1\x90q4h%jK\x0f\xb4\xde5\xab\xfa&\
\xe6v\x96\xce&^\x1a+\xf6\x12\xe2\x1b)A\x1c\x99\
^81$8\x1e\x1b\xa4a\x0f\x94\xe1V\xf54\xfd\
B\x16\xdfp\x83GL\xf8\xf0DQ\x94\xe7y\x18\xc7\
\xf2\xef\xbf\xe5\x9b\xbe\xecE_\xe6\x9cW\xa7\x9f,\xea\
E\x22\xad\x8e\x1f\x7f\xe8\xcf\xfe\xf4\xcf\xd6\xd7\xf7+-\
\x14\x92\x17\x87\x87=Lj\x06\xe3yf\xdf\x11iN\
J\xa8\x1e\xd6\xb81\x9a;:rs\xe2>G\xba1\
5\x1f[\xf7\xea\xacwN4\x14\xfa\x1b\x8c@ \xe2\
*C\x95\x89IU1|\xa9\xe6\xbe\xb3\x84\xdc\x87\x90\
\xcfYJ,\x97\xa1A\xa1\xd2y\xb4\xd2\xcc:\xa8\x8e\
b-l\xbd\xb7\xac\xe8\x92\x8b.|\xef{\xde{\xd7\
\xdd\xf7\x1c\xdc\xb7\xbc\xb9y\xc2Y_xW8\x1bk\
\xbd\xb3\xbbs\xc9eO\xdb\xde\xe93\xc7_\xf1\xe5\xff\
\xda\x8a\xeb\xf5:\x9dv\xbb\xdb\xed\xb6;\xddN\xab5\
%\xc0+$^\xc8\x880\x91\x22\xf2!\xecZg\xbe\
ri\xa9\xd4|\x99\x9f\xfb\xc7L\xbc\xb7\xde\x1bkB\
P:\xaf\xbe\xc8s\xc6z\xe7\xa8\xf1+1|Z\xaa\
\x90`{qq\xb1\xddn\xb7Z\xad0\x10\xe5t\x9f\
w\xda[?q\xb9\xfe\xc5+e\xb3U\xf8!xB\
\x03!\x04\x00<\xa5\xa8\x1c\x89\xb6v\xd2\xe3'N\xf6\
\xd3~\x9e\xa6y\xda\xcf\xb2<\xcb\xb3r\xee\xbc)\x8a\
<\xf4\x8d1E\x9e\x9b\xa20\x85)\x8c)\xbb\xc6\x18\
c\x5cU.h\xadw\xde:\xe7G\xfa\x88VB\x16\
\xbe\xa5\x0e\xf2'\xe2\xbdk\x98\x9b\x08IH\x90\x9a\xa5\
\x7fT\xa5<M\x0c\x18\xee\xb1=im\x86\xd4\xe8\xa9\
@\x8d\x8b\x98f\x01\xe1\x8cS\xb7\xc7\xb9j\x00\x8c\x13\
.\xbe[\xadV\xf8\xfc\x9cu\xf8\xd0\xcb~\xf4\xe5T\
O\xf4\x9b\xc9`xy\xb5\xe0\x9d\xd5Q\xfc\x7f\xfe\xf7\
\x9f\xa6\xfd\xfc\xc0\xc1e\xef\xbd\x8eb\xa9Z\x8c\x84\x02\
\xb9*\xebS\x851\xeb\xc4!\xdbr\xa83\xa74\x0a\
\x02\xebgh\x5c\xa9\x87\x9e\xa4!\xc1|\xb8\x22\x91\xab\
\xf8[\x99{\xc9\xe5%\xbe\xaa\xbb\x97\x96\x8d8\x9bO\
Q\xfe9\x88\xf21\x09\xe9\xda\x0a\xaa\x06\xa5$T\xef\
\xa6\xb2\xd1\xba\xdbM\xb5\xadg\x11\x12b\xe1\xd2\xb7T\
\x99\x1a[V\xf4i\xad\x14\x0bq\xa44k&\xf1l\
\x9dO\xf3\xac(R\x97\xfbr\x14\x8e\x88\xf7\xd6\xd8\xfe\
Bo\xe9\xac3\xce~\xe1\x8b\xbe\xac\xb7\xb8\xb8\xb0\xba\
\xbev\xe0\xac\xa5\xc5\xa5\x95\x95\xde\xda\xbe\xf5}k\xab\
\xcb\x8b\xcb\x9dnWiu\xcf\x1dw\x1f:|f\x14\
G\xa3oN\xfd[\x86\xca\x96,UN\xaa\x1at\xf4\
!\xfdhY\xdf\xe4\x0f\x89\x88u\xceXc\x8d\xc9\x8b\
\x22\x0d\x83\x83\xf2\xbc\x9e\x07K\xce\x0f\xde\x02\xe6(\x8a\
B}`\xa7\xd3YXX\xe8t:\xadV\xeb\x11\x14\
\xb2\xd6\x1f\xef\xe9\x9f^_\xffs\xa0X)\x15\xceI\
\x95f\xdc\x88\x87\x02\xf0\x84\x05B\x08\x00x\x8aPk\
\x8csnss\xf3\xd8\x89\x93\xbb\xbb\xbbE\x9efe\
l0\x1f\x89\x07\x86f2f80X\xe6\x88VB\
\xe8\x9d\xf3nt\xb4\xe0`\xb9\x92=\xef\xbd\xb8Qg\
#\xaa\x06^\x85\xba\x99\xe9-Fi\x8a\x13\xce\x16B\
\xaa\xdc\x8f&\xd5\x0d\xd2\xd0%\xdc\xd0\xf9\x99v\xde\x08\
*\x08\x1e)\xcc\x1c\xc7\xb1\xd6\xba\xdf\xef\xb7Z\xc9\xf2\
\xf2\xe2\xcf\xfd\xec\xcf\x1e:t\x96s^\xeb\xd3\xac\x1e\
\x0c\x9dE\xa3\xf8\xdd\xef~\xe7?\xfe\xe3\xdb\x0e\x9cq\
\x06\xb1(\x15\xb3\x0a\xa3&\x88H\x141\x97\x014\xae\
\xa6\xdd1UQ3\x0aq\xb6jd\xc2\xf0\xa7\xba9\
\x8c\xbeT\xbd\xb0\xba\x12\xb4Z&C\xf6\x9f(*\xfb\
\x91\x86\xc6\xa4\x12\x02sR\xf76ej\x04\xe1\xa9\xb2\
\xcaRK4U\xe5\x88\xc1\xee\x06\x9d3\xbd\x08q\xf9\
\xc3\xcb$\xc1\x22H\xb1(\x1d\xe2jQ\x88\x8a\xaaH\
i\xad\x15+&\x11\xf1\xce\x17\xc6\xe4E\x91\x99,O\
\x8b<+\x9c\xf5\xdeZ\x11\x1fk\xa5\x94\x8aZ\xc9\xe2\
\xca\xf2\xc2\xea\xd2\xc2\xc2\xc2\xe2\xd2\xe2\xf2\xca\xea\xd2\xe2\
r\xb7\x97\xac//\xad\xef[_\x5cYa\xd6\x13\xed\
$\xfc&I\x92\xe4\xfe{\xef;\xfb\xbc\xb3\xbdsJ\
\xa9\xaa\xc3\x8bj4r\x9d\xf0\xe6\x7f\xbe?]!W\
\xc2\x18\x93fY\x96gaJP\x16\xbe\xcb\xb3\xd6[\
\xeb\xbc\xaf\xa7N\x860i\xab\xd5\xeav\xbb\xbd^\xaf\
\xd7\xeb\x85BA\xa5T\xa3y\xcd\xa9\xe3uR\xfe\xda\
\xf6\xce{[\xcd%r^\x8c\xb5\xc6\x14\xd6:\x11\xb1\
\xd6\x86\x06e\xcc\xec\x9cs\xd6&I\x12E\x91f\x0e\
\x0b\xe1`\xe28\xeev\xbb\xedv\xbb\xddn'I\x82\
P!x\x02\x02!\x04\x00<\xb9\x19\xc9\xd1\xca\x0b{\
\xf4\xd8\xb1\x93'N\xf4\xfb\xbbY\xda\xcf\xb2~\x96e\
E^5\x14\x1dd\x89\xda\xa2(L^u\x105\xd6\
XSg\x87\x1aWO\x9cw\xde\xd9\xd1\xb61\x9e\xcb\
\x85\xca\xf4\xa6\x08\xa1\x17\x0a\x0f!\x11\x16\xef\x85\xa8\x16\
H\xaa\xf2\x9a*\xd9\x9b\x90O:\xd8\xcc{/\xe2\xa4\
\xf2@/4&~#6H\xa72=\x19.O\x82\
\x0a\x82\xcf\x85\xf0\xf9\x09\xfdE\xd3,\xfb\xf2/\x7f\xc9\
\xd7}\xdd7\x88\xdf\xab\x0d6/\x90\xbd\xf7Q\x14\x1d\
?\xf6\xf0o\xfe\xc6o\xf7\x16\x17X+\x11f\xa5\xc3\
G\x95\xcb`\x5c\x95NYfXVc\xe8k\xfb*\
}\xb0\x1c\x9b0\x08\xfa\x09\x8f\x8eS'\xaaj\x10\xeb\
\x18\x9db\xc5\xec\xeb\xb6\x97R\x17\xe7q\xf5dL\xcc\
B\x8a\x95\x90'Uv\xa1\x09\xf1E\xefD|\xdd\xc0\
\xc9z\xefI\xb1b\xadH\xb3\x22\xa5\xb4T\x07\xab\x15\
\xb1b\xad\xa3r\xc0\x1e3{\xcf\xc6\x15\xc6\xe4y\xbe\
k\x8a\xbc0\xc68\xf1\xe2\x9cub\xe3\xa4\xb5\xd0]\
H\x92\x84\x15\xb5Z\xf1\xc1\x83\x07W\xd7\xf6-.-\
\xae\xac\xae.\xaf\xac\xad,-,.\xf4\xba\x0b\x0b\x0b\
\xbd^\xa2'^\xdd\x89\x17\xeb\xc5+\x22\xf1\x5c\xbe\xee\
\xfa$(ED+\xfbVo\xbd\xe5\xd6\xb3\xe9\x1c\xa5\
\x1e\x85&+\x8f\xca\xe7\xca9\x97\x97\x83\x82\xb2~\x9a\
gya\x8a\xc2Zc\x8a\xbc0EH\xbf\xa0*$\
\x18\xc7q\xab\xd5\xeat:\x9dN\xa7\xdb\xedv\xbb\xdd\
 `\xde{\xf16\xec\xd1\x97\xfd\xc6XD\xaa\xe8^\
\xf8\xd6\xcfY\xeb\x0a[\xf5\x9a\xb6&\xcf\xb3\x90\xff\x5c\
\x146\xcf\xb2\xd0R\xac\x9ag8(.U\xac\xc3G\
Fk\x1d\xca\x14\xa3(\x8a\xe3(\x8a\x22\xad\xb4\x8et\
\xbb\xdd.\x0a\x1b\xc7\xbb!J\xd9j\xb5\xc2\xb7'\xa7\
[\xc1\x08\xc0\xe7\x0f\x08!\x00\xe0\xa9@\xb8\x8cK\xd3\
\xf4\xa1\x07\x1f\xda\xdc\xdc\xecgi\x9eg\xa6\xc8\xc4\x16\
\xca\x19\xf1F\xbc\x11g\xbc\xb1\xae0&\xcb\xb3</\
\xe7\x0dV\x91Ac\xads\xd6:\xef\xad\xf7\xde8\xe7\
\xca\xd0\xa0\x0b\x97\x0b6\x14\x11z\xe7\x9d\x13\x12r\xce\
\xf9\xf2\xc2\xaft\xbe\xf2\xa2\xb3\x0c\x22\x94\xd7\xa3RM\
\xd3\x0a\x0b\x22U\xa2i-\x7fDe\xe2\xe9\x90\x11\xd6\
7)\x84!]H>-\x03\x8e\xbe\x99&:M\xfc\
&\x9a\xe1\xc4-\xc356RF\xc1##|l\xac\
uD\xa4\x14\x9du\xd6\xc1\x97\xff\xd8\xcbi0\xd2|\
\x84F~h\xdd\xb1\x93I\x84D\xc8{\xc7\x8a\xbds\
?\xf1\x8aWlnn\x9du\xf8,'e\x09\xa2\x90\
p\xd5\xfb\xc5{_NO\x97z\x9fBN\xea\x88]\
\xd5\xcb\xa4\xbc\xe8\x0f\x01\xae\xd2\x19\xcb\x8bx\xa2AE\
_\xb9\x13\xc5,\xc4\xc4\xe1\x89\xa4\xfc\x11\xf6!((\
\x22\xe1\x0b\x1dr\xdeW\x19\x93$\xe4UY\xf4\xa7D\
<\x91h\xadY\xc7\x9a\x95V*\xd6\x8909\xf2\xde\
\xb2\x08;\xe7\x9c\xb1\xe1I\xad\xb5E\x91\x19S\x18c\
\xb2\xc2\x09q\x14EZq\x12\xe9N\xa7\xbb\xb8\xb8p\
`\xdf\xda\xd2\xd2\xf2\xda\xda\xbe\x85\x85n\xb7\xdbYZ\
YZ\xdfw`me_\xb7\xd7\x89\xa38\x14\x08N\
}K\xca_\x1d\x22\xec\x89\x14\x97\xb2\xaa\x98\xe2\xd0\xa0\
tb\x98PDZ\xedV\xbb\xdd\xda\xde\xdcZZ^\
\x92\xc75\xd31\xfc&,\x8a\x22\xcb\xf24MC\x9b\
\xe8,\xcf\xf3</\xf2\xc2\x98\xc29\x1b&&2\x93\
V:N\xe2P(\x18\xc7q\x9c$\xacTa\x0a\xbf\
\xe3\x95\xd6e\xaeo\x88\xb0:g\x9d\xf7^\xbcs\xa1\
X<t\x8f.\x8a\x22\x0c\x9d-\x8c)\x8a\xdcZ\xeb\
\xca\xa4\xdb\xf0E\x5c\xf9q\xa9>-\xac\x14k\xad\xa3\
HGZ\xc7Q\xd4iw\xe2$\x8e[I\xb7\xdbM\
Z-\xa5T\x92\xb4:\xedv\x14EJ\xeb8\x8e\x98\
\x95b\x09y\xa4\xcd\xef\xe0\x04e\xdb\xe0\x89\x01\x84\x10\
\x00\xf0$F\x1a\xbd\x04o\xbf\xfd\xce\x07\x1f| \xdb\
\xda\xda\xde\xd9\xdaI\xfbY\x9afij\x0bc\x0b\xb3\
\xbb\xb3\x9d\xf6\xfbyQ\x14\xc6\x16E^\x14\x85qR\
\xd6\x03\xba\xf0\xef\xbe\x17\xf1\xe5\x88k\x22\xaf\xca\x8b-\
&\xaf\x95h\xcdQ\x14\x8b$\x14\xaeD\xbd+sE\
i(\xa5\xd39\xef\xc5\xdb\xa0\x90\xcey\xa1\xb0[/\
n\x90l\xea\xa5*7\xa1\xe0w\x9e\xc2\xa5p\xe5\x84\
DT6M\x08\xa6\xc7ua`ye*\xb5r\x12\
\x8d5Q\x94FSD\x1as\xc2JYE\xaa\x80\xc0\
\xc8f\xe5>\x9b\xfd6\x00\xd8\x03\xcc\x1cEJk\x9d\
e\xd9\x7f\xfeO\xdfw\xe5\x15W\x1bk\xe2(\x1e\xb7\
\xc2\xfa\xb3V~\x9e\xc9\x87\x00\x15sH\x95T\xac\xd4\
\x1f\xfd\xc1\x1f~\xf6\xb3w\x9c\x7f\xfey\xce:\xad\x15\
s5\xe6\x81Th\xaa\xa2\xea\xb61\xd57\x18\xcce\
L\x8f\x07\xd3(\x86$\x90\x15\x93\x17\xaeU\xd0K\xdd\
\x8d\xb3j\xfb\xc1.\x14\x22\x86\xd6\x9c\x14\xa6#\x081\
k\xad\x89t\x14E\xac\x14+\xe5I\xc8\x8b\xd6J\x84\
<9r\xdeXo\x9d8k\x9d7\xbe\xb0:r\xec\
\xc5dyn\x8cqVE\xba\xdb\xe9\xb5\x93V\x14\xc7\
q\x14'I\x92$\xad^\xaf\xbb\xb8\xd0i\xb7\xdbk\
\xfb\xf6\xad\xad\xaf/..\xf5\x16z\x0b\xbd\x85N\xaf\
\xd7i\xb5\xf4\xa9%\xa1\xfa\x850x\x0b\xea\x0c\xcf:\
\x99\x95\xeb\x99\x8d\xcd\xf7j\xf6~W\xd7V\x8e=\xfc\
\xe0\xd2\xf2\xd2\xe3\xeb*\x22\x92\xe7\xf9\xce\xceN\x96e\
\xfd4\xef\xf7\xfb\xa1\xe6;(t\xc8\x12\x0d/T)\
\x0a\xbf\x8aC\x7f\xd1\x22\xcf\xd3,#\xa6:\xfe\xe6\xbc\
s\xd65\xa7\xc8ZgC\x16Ha\x8a\xf2k>+\
\xd6:\x91A\xeeF\x19>\x0d\xd5\x9eU\x93\xd2$I\
\xa2H'I\xab\xd3i-,t;\x9dn\x1c\xc7\x0b\
\xbd\xc5\xe5\xa5\xa5V\xab\xa5\x22\x1d\xd2D\xeb\xe02\x00\
O\x16\x18\xdf\x04\x03\x00\x9e\x02\x88\xc8\x03\x0f<`\xad\
\xb5N\xd2<\xcf\xf2\xac\x9f\x15;\xbb\xf9\xe6N\xd6\xef\
\xa7i\x7f7\xcbsk\x0a[\xf4\xc3\xf8\x890f\xb0\
0\xc6;\xeb\x0a\x93\xe7ya\x0akl^\xa4\xfdt\
\xd7\x14A\x1b\xc3_\xb9\xb5\xd6;+\xde\x95e\x83\xae\
l\x18\x13\xb2\xd5\xbcwe\x22\xa7\x17\x11\xaf\xc2\xe1\x84\
<\xa2:\xbfMqY\x90S\xb5\xae\x17RU\xfa'\
O\xaa\x02,\x85s\x90\x04*\xde\x97\xd7\x7fM\xb9\xab\
;\xd8\x11M\x09\x09Jc\xc3\xa9g\xaf\xbct\x16\x19\
\x84\x5c\xea\x87SS\x0fgtY\xd4Z\x8b\x88\xf3\xae\
\xf1\xd8\xba\xb5\xfc\xa9C\x94\xa7\xfb\x8f\xd1\xec`\xe6\xec\
\xb6\x90\xcd\x9e\x90\x8f\xec\xf3\x06j\xc2\x0c7km\xb7\
\xdb\xce\xf3\xe2\xc2\x0b.\xfa\xc0\xfb\xdf\xb3\xb8\xbc\xec\xac\
gf\xa1\xba\xcfG\x15X\x99t\x9d\xec\xc8o\xa6;\
w\xddu\xf7\xfd\xb7\xdd\xf9\xde\xf7\xbe\xe7\xe6[n\xd9\
\xb7\xba\x1a\xde;\xad\xa3\xd2p\xaa+l\xae\xc6\x01\x96\
\x8da\xaa/o\x98\xc5\x97S\xf8\xc27-\xa1\xe5\x0c\
S\xd5\xea3\x04\x89\xc27(J\xeb$\x8a\x833\xd4\
(\xc5^\x1c\x898\xef\x89X\xbc\xcf\xf3\xbc\x9f\xf7\x9d\
\xf3\xde+!\xf6\xe2\x98XU\x8d_\xacu^\x91&\
ju\xda\x8b\x8b\xcbk\xcbk\xbd\xdeB\xaf\xd7\xedu\
[I\x92\xc4Q\xac\xb4nu\xdag\x9d}\xf6\x81\xf5\
}\xddn\xa7\xddnG:\xda\x83'\xf82\xa6U\x22\
T'\xc6R]\x9f8\xfe\xd1}t\x04\xc4;w\xcb\
\xc7>q\xd1\x95WD\x91~\xbc\x94\xc6{\x9f\xe7\xf9\
\xee\xee\xee\xce\xcev\xbf\x9f\xf6\xd3<M\xd3\xa2(\xbc\
\xab\x13\xfb}u\x05+\xa4H\x85\x84\xdb\xaa?k\x1d\
\x82\xab;\x81\xd5*\xe8\xbc\x13\x17R5|\xf8=[\
\xfe\xce\x1b\x8cx,\xcb&u\xc4Z\xabV\x9c\xb4\x92\
V\xab\xd3\xee\xf5z\x0b\x0b\x0b\x8b\x8b\x8b\x0b\x0b\x0b\xdd\
n\xb7\xddn%I\xa4\xb5&R\x13\xcf|\xf9[\xb7\
\xae,}\x9c\xce$\x00{\x04\x11B\x00\xc0S\x01f\
9\xf3\xcc3\x1f\xc1\x03=\x89x1\xc6\x1ak\x0ak\
\xb2\xbc\xd8\xd9\xdeIs\x13\x06\x17\xf6\xd3\x22\xcd\x8b<\
/\x8a<+\xb24\xcfsk\x8c\xb1E9\x8d\xc2\xbb\
\xc2\x98\xea\xbbf\xeb\x9c\x13\xef\xbd\xb3!\x13)\xcb\xf2\
\xaa+z^\x16\xbe\x14EQ\xe4\xde:)\xb7\xb7\xce\
;g<Yo\x9d\x0d1@k\x9d\xb5\xb6\xba\x8cq\
u\x83R\x22\xff\xb9\xc7\xed\x06M\xee\xb9\xfeKBY\
\x16\x0d_\x81\x96W\xd1\xf5\xc80\xa9]\x90+\xb9\xac\
\xef\x184>\xac\x1eCZi\x22\xf2\xbe\xf4I\xe6\xd0\
S\x91\xc2\x17\xf0DT\x0fo\x0c\x0f\x8f\xb46\xc6R\
\xd5\xae\xbe\xbc\xaco U\x9b\x90\xc6%Vx\xdf\xb9\
\x8ah\xd6\x83\xe9\x86L\xef\x94\xe9\xb2\xe0s$\xbce\
J)\x11\xe5\x9c\x7f\xc5O\xfc\xd8\xe2\xf2\xaasNG\
\xe1\x02\xa3\xd9\xd4\xd1\x0b\x99,\xcf\xad\xb5\x1b\x1b\x1b\xf7\
\xdc}\xdfC\x0f>x\xcf\xbdw\xdf\x7f\xff\xfdw\xdc\
y\xd7go\xbbcgw\xf7\xc0\xf2\xea\xea\xd2\xf2\xd2\
\xfaj\x7fwG)\xa5\xb4\x0a\xc5uD\xc4\xc4\xba\x8c\
\xda\x94\xdf\xab(\xadH)\xaa\xbec\x11f\xc5\xec\xbd\
h\x22\xa5X+\xf6\xa2XiV\xac\x95f\x22\xcf\x14\
\x04\xa00E\x9a\xa5[\xf9V\x18>\xea\x9c\xab#\xed\
\xde\xb9*\xc0\xc8\xa6(\x9csg\x9cu\xe6\xbe\x03g\
,/-/.\xf4\x96\x17\x17\x17z\xbd^\xb7\xdbJ\
Z\xbd^\xb7\xdb\xedu\x17\x16\x16\xba\x9d\x85\xa5\x85n\
\xaf\xa7\xf8\x94\xd7T\x22\xe4C\x00\xb2\xf1UK\x15\x92\
\xaf~\xc4\xb8,)<\xc5\x89\xff|\xbc\x9b\x22\xa2\xb4\
\xee-,l\x9d<\xb9o\xff\xfa\xe3\x12$\x14\x91\xa2\
(vww\xfb\xfd~\xbf\x9f\xa6i\xda\xdfM\xfbi\
j\x8cq\xce\xb8\xaa\x84o\x90\xa1O\x83\x16\xca\xd2\xe8\
\xb9\x15l\xb0Y\x8f=8\xeb\x8d\x0c\x0b\xa5\x94bV\
:\xd2Z\x85\x02\xc0\xd0\x03fa\xa1\xbb\xb8\xd0\x0b\x1e\
\xd8[X\xe8t\xdaQ\x14k\xad\x86\x83\xae\xe5Wt\
\x83\x0e\xb3\xcd\xb7\x07\xb9\xa0\xe0\xc9\x03\x22\x84\x00\x80\xa7\
\x08\x03\x07h\xfc\x9f\xc6\xaf\xfe\x07\xd1\x8a\xfa\xdf\xec\xcf\
\xe3?\xdb\xde\xbb\xdc\xba\xac\xd2\xc14/;\xdc\xe4y\
f\x8c\xb1e\xcdJ\x18{a\x0a[\xa4\xfd\xbc(L\
\x9ee\xa1\x97](l\xc9\x8a\x22\xcf3\x1b\x92\xa5\x0a\
\xe3B_\xd4\xa2\x9a\x9d\x18J \xbd\xb5\xc6\x14\xc6Z\
\xeb\xad\xb1\xd6\x18\xebCu\x8c%Q\xe2\xc89\x1b\xfa\
\xd3X\xe7\x82j:kI\x5c\xd9\x89\xc3\xdbr\xc4\xd9\
c\x91.Zwbgj\xa4\x14\x0e\x86\x96\xf1\xd0F\
\x83\xb7\xb5\xf1f\x0f\x1eR^u\xa9j\xb5(U\x86\
\xadX1\x97-\x22\xb9\xcc\xc6\xad\x1e\xc9c\x9f\x8dP\
\x22\xd6\xfc\xcc4\x9b\xf4<*\x11\xc5\x09\x96;\xfd\x92\
\xb198\xa1\xd9\x01\xa5y\x0c\xa1\x81a\xc8\x94\xe3\xc6\
\xac\xf6\x89\xe1\xd3\xe6N\xea\xcd\x9a\xc3\x12&n\x1cE\
\x911\xc6{\x1fr\x8c\xc3\xc1(\xa5\x94Ra\xa5R\
\xaa0E+n\xe5E\xfe\xcc/\xfc\x82\xb7\xbd\xf5\xef\
?\xf5\xa9\x9b\x8f\x1e=\x99\x17\xfd\x8d\x93\xc7\x8f\x1d;\
\xa1u\x9c\xa7\xd9v\x7fggk\xf3\xc4\xb1ci\x9e\
;/\x9b\x9b\xdb\xc776\xc4K;\x8a/\xbf\xf4\x92\
\x85\x85\xee\xceN\xbf\xd3\xe9\xc4\xad\xd6\xce\xd66\x89h\
\xa5\x89\x95\xd2\x8a\x22\x16r@\xda>|\x00\x00\x80\x00\
IDATZi\x16j|?B!$\xd4\x88h\
+b-\x22\xd6\xda\xf0\xc3\xe5\x9c+\x07\x92\x8ax/\
Z\xa9p\xad_\xa6l&I{\xa1\xbb\xb8\xb8\xb8\xb4\
\xb4\xd4[\xe8u{\xbd\xc5\x85\xc5\x85^\xaf\xdb\xed\xc6\
q\xdcJZq\x14\xc5Q\x14\xc5\xf1\xea\xbe\xb5v\xd2\
\xda\xc3\xdb\xeb\xc3\xf7\x11\xe1\xe8\x9a\xef\xe3\xe0\xe3\xfe$\
1\x84\x9d\xcd\xad\x8d\x8d\x8d\xc3\xe7\x1c\x11\xef\x82\x86?\
\x96\xc7\xed\x9c\xdb\xde\xde\x0eB\xb8\xbb\xbb\x9b\xa6i\xbf\
\x9feYf\xad5&\xafz>S]s-u\xab\
g\x1e\x08\xa1T\x15\xd8\xe2\x87~r\xeb\xc9\x84u\xff\
\xcf\xf0\x89\x08]I\x17\x16\x16\xda\xed\xf6\xd2\xd2\xd2\xd2\
\xd2Rh\x003\xe3G\xe3\xf1~\x97\x00x4A\x84\
\x10\x00\xf0\x14\x81\x9b\xc99\xa79\xfa\xa9\x99\x18\xd9L\
\xb0\x94\x86\x5cr\xb3}\xc5\x84\xa7\x1f^]\xea\x08+\
\xa5;\x89\xee$\x09Q\xef\xd1}\xbd2\xf8\xaf\xbcN\
v\xce\x99P\x07c\x9d\xb3\xd6\xd8\xc2Z\x13\xea\x12\xbd\
\xf3\xd6Z\x22\xf6\x8e\x0ag\xbc\xf76\xf7E\x9e2\xb9\
\xcc\xa4\xbb\xfd\xdd,\xef\x1bc\x8dq\xd6\x9a,\xcbL\
\x96\x8b\xf3E\x9e\xa7\xfd,\x8cp,\xf2\xbc(\x8a<\
\xcf\xf3,\xb3&\xa8\xa8\xcb\xf30\xdb\xd1Zg\x8d1\
\xd6\x93s\x83\x08g\x88\x95z\xe7\xcbV\x0e\xd5\x14G\
\xf1Uu\x16\xf9\xfa\x947\xce\xfa\xe7\xf81 \xef\xc9\
9GU'\x11j\x0c\x06/{LR\x1dU*\xdf\
(\x22RJ\xb1\x22&\xd2Q\x14\xae\x17\xc3\xf4\xea\xd0\
\x0c\x90\xaa\xe0C\x10\xa1 `\xa1\xb5\x89xo\xac\x0d\
\xb2\x11\xe6\x97\xd4\xd7\xa3a<ZhI_\xe9\x9f(\
\xa5\xbc\x1f\xf6\xcc\xe1\xe6Cu\xd7\xc7\x90\xf9\x96$I\
\x92$!\xed\xad>\x92,\xcb\x88(\x8a\xa2\x19-\x85\
F|/\x9c\x7f\x1a\xbe\x96\x1d\x7f\xb8R\xaa>\xfe\xf0\
\x1a\xcb\xe8J\xf5\xb9\x16\x91\xf0b\xad\xb5\x9dNgw\
w\x97\x84\x9c\xb3\xeb\xfbV\xaf|\xda\xe5\xbf\xfek\xbf\
\xf6\xf1\x8f}riyiym)\xcf\xcc]\xf7\xde\
\xbf\x7f\xff\x01\x16\xd2\x11+\xad\x93n\xb7\xb7\xb8\xd4\xed\
\xf6\xac\xf3V\xf8\xd8\xf1\x13\x9aXTt\xe2\xe4\xb6\xb5\
\xf9N\xba\x9d\xb4;\x9a\x159\xb7k\xa4\x08\xdf|x\
g\xadu\xc6\x16y\x1e\xc7q\xe8\x1d\x12i\xad\xb5\x16\
\xa18\x8e\xa3(\xd2Q\x14\xe9(\x89)\x8e\xe3^\xbb\
\xbdv\xe0\xc0\xea\xda\xda\xe1\xb3\xce\xdaw\xc6z\xaf\xd3\
^lw[q\xab\xd5n\x87\xeb\xfev\xab\x95$I\
\x9c$\xac\xf7\xfaePe\x17\x83\x8c\xea\xe6\x90\x89\xc1\
\x0f\xbc\xaa\xc3\xa1OZ[\x10\x11\xa2\xde\xf2\xd2\xd1\x87\
\x1f\xce\xf3\xbc\xd5j=\xf6\xade\xc2\x0f\x0bU.\x1d\
\x0aD\xb5\xd6\xe17X\xfd\xc5G\xdd\x7f\xabn\xc1\xd5\
\xc8\xb3\xf7\xb5\x81+\x1dB\x80e\x0b\xd0\xda\x00\xe38\
\x0eC)\x82\x07\xf6z\xddV\xab\x1d\x06\x15\x0e\xff\x80\
\xd0\xc8X\xf9\xc7X\x05\xc3K\x0b\x09\xf9\x8f\xfd\xb3\x83\
\xf9\x01\x11B\x00\x00\xf8\xfc\x22C\xbfg\x9bez\xa3\
\xad\x07\xc4[/\xce\x8bc\x8e\x5c\xd9\x8e\xd4\x89\xf3\xe2\
\x1dU\x92CD\x22\x8e\x89\xbc\x17\xa5\xca\x0b\xa3\xba\xda\
\x90\x98\xc4\x9b\x90\x13\xa5\xd8\x97\xf3\xd2\xd4\xa0\x8a\x8fY\
\x89bO\xe4\x99\x22\x15+\xd2\xa2(4\xf6PJ\x87\
N\x8dU\x85$y\xefY\xb4s\xf5\x0cF\xb2\xb6\xac\
\xa5$!W\xfe\xcd\x9e\xc8\x0b;\xcf\xa4c'b\x5c\
!^l\xd0Ak\xbd\xf8\xb4\x9f\x16y\x96fy\x91\
\xf6\xf3~?4\x91\x0fEAY\x96\xf5\xfb\xfd,\xcb\
\x8a\xc2dY\x9agy\x198\xcd\xb3`V\xbe\x9c\x04\
&^\xc4:/\xe5\x18\x10\x09-\x22\x88\x06\x93\x18\xcb\
2\xce\xb0\xbdHUtYE\x0a\xbc\x08\x09\x87(\x02\
U\x01A\xef\xcb\xfb>\xcf\x9f\x818IT\xa9yZ\
ke\xad%\xa28\x8e\xcb\x83\xe7\xd2\xd6\xb8\xfed4\
\x03\x92\x1c\xc6\x1bP\x10\xe9\xd0O%XY\xab\xd5\x1a\
J\xbe\x1d\x0e_\xd4R\xd7\x5c\x0evJ\x14\x1a\x1e\x8a\
\xf7\x12$3T\xd0\xd5W\x05\xa5L\x96}5\xa5\x1e\
\xe8\x17\xfc6\x5ca\x07=v\xce\xf5z\xbd\xeeB\xef\
[\xbf\xed\x9b\xd6WW7w\xb2<-v\xd2\xcd\xed\
\xb4\xef\x0bs\xe7\x1d\xb7-,,{\xeb6\xb66\xd2\
\xdd\xdd\xe3\xc7\x8f\xb1P\xab\xd56\xd6\x11+f\xeev\
\xba\xadV+\x8e\xa2$Nt\x14\xa9\x88{\xddn\xa7\
\xdd\xee\xb4\xbaQ\x1c/./\xb5\xda\xed^\xaf\xbb\xbc\
\xb8t\xe6\x99\x87\x8e\x9cs\xf6\xca\xeaj\xa7\xddn%\
\xadp\xed\x1e'-\xadK\x81?\xdd&\xfeuS\x96\
F\xdbSj\xc4\xabGS\x93\x9f\xf2\xd4\x9f9\xc5|\
\xf4\xbe\xfb\x85\xd5\x813\x0f\x8a\xf8z\xc6\xfac\x831\
fgg'\xcf\xf3~\xbf\xbf\xb3\xb3\x93ea\xfe|\
(\xfc.\xaa\xde0\xde\x0d&\xfd\xb8\x91\xef,j\xfd\
\xab\x87@$I\xd2j\xb7;\xedv=\x8e\xa2\xddn\
w:\x9dv\xbb\xfd\x88G\xd5?6\x14E\xf1\xd1\x8f\
~\xf4\xca+\xaf\xect:\x8fo\x9b\x1f\xf0\xd4\x06B\
\x08\x00\x00\x8f\x0b\x03+\x14/\xce\x98,\xcb\xaa\xde6\
\xc6y_\x8e].\x8a\xd2\x91\xaa\xe9X\xce9)'\
a\xb80\xf0\xcc8G\x5cN\xb2 \x22\x15\xec\xd0\x0b\
1\x87\x22>\x09C\xb1\xcb\xfc*\xeb\xea\xa9\x15BL\
\x8a\x88\x14+V\xe5\xdc\xedPF\xa3\xb8\xcc\xa7RZ\
EZGq\xac\x14)\x1dz\xed\x85Q\xd9Z\xab\xf2\
\x92\xab\xb2\x09\x15\x9a\xe7\xe8\xb2\x83\x0eQ\xc4:\x8aB\
\x9c\x94\x99\xe3(\xd2\xc4\x9auy\xed\xaeT\x18\x1c\xa0\
\x98\xa2H\x8bH\xa8\x06\xab\xbe\xebwAEB\x0f@\
\x111\xceY\xefH\xc4\xd8r$\x88s\xdez\x0a\xed\
\x22L\xd5l\xc2\x9a\xc2\xd9\x90Sk\xea\x96\x82\xe5\xff\
m9X2\xb4\x19\xf4\xdeYk\x8a\xc28\xe3B\xff\
y\xef\xc2\xf0\xb1\xc2\x14\xc6Y\x17\xd2k\x9d\x90w\xce\
;g\xbd\x0b-\xec\xbds\xe2\xc5\x8bw\xd6Y[\x94\
\xcd*\x5cU\xbc\xc4$^\xaa\xa7\xf0\xce:\xe7\xcb\xb6\
\x16\xde\xf9zt\x81\x888_\x16 \x85@\xa2\xf7~\
\x90\x13\xf98\xfc\xd3\xccZ\xabz\xfa\x083GZW\
\xc7YI\xa0\xaa+\xf58\x8ec\xa5\xd4n?%\xa2\
\x0b/\xb8 M\xfb\x1b\xdb\xdb\xe4\x5c\xb7\xb7\x10\xeb\xa8\
\xb7\xd0Y\x5c\xec\x9e8z\xe2\xc2\x8b/:\xb0\xff\xc0\
\xc2\xc2\xf2\xfa\xfe}Q\x14\xf5z\xbd3\xf6\xefk\xb7\
\xda+++K\xabK++\xcb\x9dNG\xc5\xba\xdd\
n\xb5\xe2\xa4\x15\xb7\x94N\x88O\xf7\x02]\xaa\xc4\xe3\
\xfa\x92\xa6\x16\xbdFU\xec\xc8\x954\xae\xacgRd\
\xf9=w\xdcy\xe4\xd2\x8b5W\xf3\x0a\x1f+\xbc\xf7\
i\x9a\x86\xef\x8c\xc2B\x91\x17i\x96\x19S\xfe\xac5\
\xfa\xcaP\x1d\xbe\x1bO\x04\x0d\x13\xffj\xf1\x0bC\xe1\
\xc3\x00\xc0\xf1\xe4\xed\xb0\xf0\x04\xfcP\x08\xd1\x07>\xf0\
\xc1V\x12_}\xf5\xd5\xa1\xfc\xf4\x09x\x90\xe0)\x00\
RF\x01\x00\xe0q\x81\x07\x7f+Rq\xd4\xe6N+\
n\xf9\x90r\xe9\x9c\xb1\xc6\x14\xa6\xb0\xae0\xc6\x14E\
?\xcfv\xb3\x94w\xfb\xa5\xe8\x14\x85\xf1\xc6\x04\xd1q\
\xec\x1cU\xc11/\xce\xd7Q\xc80!1\xa4gV\
Y\x9a!\xb3\xaa\x8c\x9ey\xf14\x18\x82\xe8\xa5lo\
\xe8\x99U\xf8\xd2\xddy\xcbL\xe2\xc5\x93'\x22\xcf$\
$\xba*\xbc\xd4J\xd5\xcd#\xab^\xf7DB\xac\x94\
\x88WUk\x07\xc5J+\xa5\x95b\xa5H\x95*\x19\
t2\xd2:\x8a9\xd2*\x0a\xc9\x80Z+\xa5u\xa4\
\xb4\xa6(\x8a\xb5\xaaz=h\xad\xe2(\x8a\xa3 \xa4\
Q\xd4j\xb5\xb4\x8eba\xa5\x94\xd2\x91V\x14z\xba\
\x86\xca2E\x12\x92|\xb9YM\xe4E\xc4;)g\
\x84\xb8\xea\x1cH\xf0\xe6R\xb2\x8d\x15\x12k\x8c\x88\x0f\
A0'\x9e\x85\xc4y\x13t\xce\x07A-\xb3`\xbd\
3\xce{cLV\x94y\xb4\xe1\xfd\xf1\xa5\xb4\x9af\
\xabC\xa9f\x93x\x1f\xc2p\xe4\xacc&E\xec\xbd\
\xd7Z{\xcf\xd6Z&\x0e\x22\x19:\xe8\x04\xdde\x22\
/>\x5c\x13[g\x85\x82UR\x91\x17\xe1d\x92\xf3\
\xd6\xb9\xd0U\xa5\x8e\x88J\x1d\xdb-\xdb\x06I^\x14\
B\xe4\x9c+\x8c\xf1\x22\xc1[\xad\xf3Rv\xe0\xf0\xd6\
Y\x095\xa6$\xbe\x0a\xc2\x04e\x0d\x9d\x18\xbd\xf7Z\
G\xbb\xbb\xbb\xd6\xb9\xe7\xdf\xf4\x9co\xf9\xc6o\xb8\xfc\
\xb2+\xa2(\xc9\xf3leiyqaa\xa1\xa3\xe2\
v\xab\xb7\xff\x8c_\xf8\xf9W\x7f\xc37}\xdb\xe1\xb3\
\xce<UdC\x84|5,B\xc4\x1b\x1a\xca\x1f\xae\
g'H\x08x\x8f6n,+\xdc\xca\xc6Ba\x15\
\xae\x99?\x17\xbc\xf7I\xbb\x95\xb4Z\xfd\xad\xed\xe5\xe5\
\xa5\xc7\xf8\xd9\x95R\xadV\x8b\xaa\x8e/q\x1cgq\
\x16\xc5Q\x88\x0d\xd6%\x82Jq\xe8>\x15\xc2\x80U\
qh\x92$I\xed~Q\x14\xd5)\xdf3x\xc2~\
\x5c\xc2\x0f\xce\xfa\xbe\xf5\xdbo\xfb\xcc\xb1\xe3G\xd7\xf7\
\xed\xf7\xcd\xd6_\x00<z@\x08\x01\x00\xe0q%\x94\
\xb1\x85k\xfa\x16\x11Qk\xc2&\xa5\xb1\x94\x83\x94\x9d\
3\xc6\xe4y\x9e\x99,\xcf\xd3\xac\x9f9c\x8d\xb1\x85\
1\xa1\xd2/,\xd8\x90\xb5Y\xc6\xc9\xca\x19\x88,\xe4\
H\x9c\xf8J\x16\x84\xc8U\x92\xe8\xc3t6\x12\xf2\xa1\
\x11\x8bsN\xbc\xf3\xde9K\xd69\xe7$\x8c\xbf\xf0\
U=\xa0\x84\xa9\x8ba\xaebY\x06\xe7\xab\x1cSq\
^\xbc0\x97\x1d\xdd9\xf4\x81\x08\xdf\xe3\x870bH\
V\x0c\xddd\xca\xab~)u\x8e\xcb\xb6\xa2\x5cF%\
\x950\xabH+VJ3\xb3\x94y\x8b:\xdc\xab\xeb\
\xa4A\xad\xc3\xac8\xdd\x0cb\xaa\xa0\x9eZG:\xd6\
\x1ci\xadt\x14\xd5\xd7\x91\x91\x8aC\xdd k]\xb6\
C\xd5L\xa4\x89I\x84CN\xad\x16\xd2\xac\xeaf\x90\
\xde\x0bW}i\xa8\xea\x5cBDeoX\x11k\xad\
\x88X\xe7B\xc7\x9f\xe0Z\xd5\xc8\xcb`\xa6.\xd2\xba\
z\x89\xa4\x94&&\x16EU3\xd7\xd0.\x83\xeay\
&\x22\xdeY\x09\xa9\xae\xe1\xa4;_\x06R\xbds\xd6\
yk\xbd\xf3\xce;\xf1e\xb6,\x91'\xf6!\x1f\x96\
\xab\xd6\xfcR\xcd\x08Q\xc4\x8aY\xb1\x12&R:\x8a\
\xb4b\x15EI\x14EJ\xe9$\x8a\xa2\xa0\xe3\xcc\x91\
.\xaf\xa7\xb3\xc2\x86\xbce#VH\xba\xdd\xde\xf3\x9e\
\xfb\xecCG\xce){\xcb\x92\x90sT\x18q\xd6\xb3\
\xca\xd2~\xa7\xb3\xb0\xb6\xba\xe4\x8a\xbex&f\xd2L\
\xccB*\xbc\xb3*L\x88(\xcf\xa8*\xdb\xc7ry\
b\x1f\xe3\xa8\x14h\x12\x04iym\xf5\xe4\xd1cK\
\xcbK\xf4\x98g*\x86\xf2\xdd\x90\xea\x99\xe7y\x94\xc4\
m\xdb\x09Qx\x12R\xd5\x8fw\x9d\x11\x1aB\x82a\
\x06\xe0\xc4C}R\x17\xe0\xb5\x92\x84\x85\xee\xbd\xe7\x9e\
\xf5}\xfb\x9f\x94/\x00<\x19\x80\x10\x02\x00\x9e\x1c\xd4\
\xe9_B\xcd\xafH\xebn\x8a\xf5\xbf\xf7O\xb6\x7f1\
\xab\xe8\x06\x0d\xfa\xd6L\xd8\x84\x99\x94V\x91N\xda\xad\
d\xf4\xcc\x94\xdd\x15\x5c\x9dOe\x8a\xa20&\xcb\xf3\
,\xcbM\x96\x17y\x9egE\xe8QjLQ8k\
\x9d+\x8c-\x93\xaf\xac\x0br\xe1]\x9dL*\xce\x99\
2\x0a\xe6C\xbd\x8e\xf6\xd6Yg\x8b\xc2\x1a\xe1\xb2!\
)\xb3\x22\xadc.S?\x83\xb3:\xeb\x953\xc6\x16\
\xde\xe6e\xb1\x8f8\x11V\x1c\xeb\xa8\xd3i\xb7[\xad\
\xf2\xd2\xad\x1c\xd1X\xd6'\x85\xf6\x11\xe5[\x5c\x9aP\
\x15\xe5\x0a\xdf\x94\x8b8#\xd6\x9b\xa0\xad\xa5\x85r\xf9\
\xea\x998\xcc\xb4h\x0c$'&_v\x8fQ\xe5\xfc\
\xc7\xe0[e\x0d\x9c\xe2j\xe4y\xe8\x1c\x13B\x98\x1c\
\xe9(J\x92\xeazS+\xad\xa3p\xd9\x19\xdcR\xa9\
H\x97\xe3\xa7u\x14)\xad\x83\x86\xc6J\x85\xcbS\xad\
u\x1c\xc5\xadv;\x9c\x1f\xa5\xb5\xf7^qe~A\
\xd6\xbc8\xefD|\x9e\xe7\xcc\x1ct\xbc\xcch-\xa5\
Q\x9cs\xba\xec\x98\xa1\xc2z\xa18H81;\xb2\
\xa2\xd89\xf2$\xd6{O\xca3[&a\xb6$.\
\xbcu\x83:\xab2\x97\x95\x89\x95\xd2\x5c\x0d\x0f\xd4Z\
+\xe6(\xd2\x91&\xeb$\x8a\x22O\xc6\x8b\x8f\xe3\xb8\
\xf0\xc2q\xa2\x22\x8e\xe28\xd2:N\xe2$i\xed/\
/\xbf#\x15\xeb0c}\xb7\x9f\xdd{\xf7=I+\
\x8e\xe2HGI\x18\xc8\xcd\xe2u\x1c=\xf4\xf0\xf1}\
kk\xddV\xd7\x98\x5c\xb3\x22a\xefI\xb4*\x7fD\
\xab\x16-\xcc\x5c\x8eT\x09\xbd~\xa49q\x1e<>\
\x84\xcc\xe1\xc5\x95\xe5\x87\xef\xb9/M\xd3N\xa7\xf3\xd8\
\x1fC\xf8\xf9k\xb5Z\x9dnw\xd1\xd9\xf0\xadH\xf8\
EY\xa7\x86\xd6m\x93F\x18\xd7\xbf'\xa9\x0a\x06\xda\
\xddn\x9c$\xc7\x8f\x1d\xdf\xdc\xda\x5c^Z\x1eN\x85\
\x06\xe0\xd1\x01B\x08\x00xR!\xe5P\xbcr\x88\x00\
\xb3j\xcc\xac\x16\x91'\xe9\xbf\xfb\xa71\xbd\xb8Q^\
V\xf6\xd1\x0b\x01F\xaa\x06\xbf5OV\xd9\x13D\x9c\
-q\xb6\x9cr\xe1\x0aS\x14\x85\xb5\xa6_\x18\xeb|\
Q\x14\xc6X\xeb\xbc\xb3\xd6X\xeb\xca\xd1\x16\xc6Yk\
\x9cuy!\x95[Y\x16\xe7\xebF\xa6i\x96e;\
;;;;\xbbi?-\xf2\xdc\xe5\x86\xbc\xa8(\x8e\
\x92\xd6\xc2\xe2b\xb7\xb7\xd8\xed-\xac\xac,\xad,/\
/,,\xb4Z\x09\xb3\x84r\xbepH\xc6\x98\xd0\x1f\
bP\xe3\xe7\xbds\xd6\x8b\x93\x01e.!\xd5m\xe6\
k\x0b\xf6^\xaa\x061\xd2H\x93\xa4\xaa\x97O\xf5%\
B\xf8S\x94\x84I\x05U\x06mH\xa5e\xb1\xcey\
1\xe1\xf1!\xf9\xb6\xee\xffY\x9f\xe7jdu\xd0*\
\xc5\xccJk\xaa\xc42R:\x14FF\x91\x0eg*\
\xaa\x92]\xeb\xec\xb5(\x8e[I\xa4\x95j\xb5ZI\
\x92\x84F\xa6Z\xeb\xaa\x1f\xadRZ\x89\xf7:\x8a\xc4\
W\xe9\xa9^\x9c\xa7\xe0\xe6uK}k]\x14\xc7u\
&j\x1c\xc7\xce9\xf2\xadrx\xa5\xf7\xae\x8cD\x86\
Q\x97\xe1f\xf3|\x96m\x19\xad\xb5\xccL9\xb1*\
S\xef\x98\xa4\xac\xf9$.\x15X\xa9(\x8e\xc2\xf1\xc7\
Q\x14'q\xa4\xa3\xa8\xd5\x8e\x92$\xa9\xba5\xc6Q\
\xa4t\xa4\xe38\xd2\x11\x13\x13\xb9v+~\xf8\xa1c\
W]u]\x91\xd9\x93'N(\xe5U\xd4b\xad9\
\xd2\x91\x8eC\xc5\xaaR\xa4T8\x93\xe1\x1c\x87/\x19\
\xaa\xc9\x962\x98\xf7\x1d\xe6a\x96\x1dv\xb8\xf9\xa3\x80\
Io\x9fG\x98hym\xed\xc4\xc3G\x0f\x9fs\xc4\
\x8b\x9cr0\xe2\xe7\x09\xad\x94V\xc9i=\xe4I\xad\
\x7fC/\x84\x98\x88\x92v\x12\xc5\xf1\xee\xce\xce\xc6\xc6\
\xc9\xe5\xa5e!yl\xe7\x80\x80\xb9\x00B\x08\x00x\
r\xc0e\x06\x1d{\xa54\x91\xaa\xa6\xd8\xf5\xfb\xfd\xad\
\xed\xed\x9d\x9d]\xefy}\xdf\xfa\xea\xea\xd2S\xe5b\
`\xda\x89\x98]\x8c5TzE\xac\xc3(\x05\xa5\xe3\
x4\x15\xd5QY\xe3'\xce\xfb\xb2\xc4\xae\x8c\xc6\x91\
s\x14\xbe\x8f\x17\x22\x1d\xa9X+\xb16\xdd\xd9y\xf8\
\xe8\x83\xf7<x\xffC\x0f\x1f=q\xe2\xc4\xe6\xee\xc6\
\xc6\xe6n\x9afD\xa2\x92\xce\xfa\xda\x19++k\xcb\
++\xebk+\xfb\xd6\xd6\xf6\xad\xad\xae,-/\xf4\
z\xadV\x92h\xc5\x8a\xbd\xf7EQ\xe4Y\xde\xef\xa7\
uj\xab1\xc6Z\x17\xf4\xd0\x04It\xceY\xe3\x9d\
\x091K\xa9J\x1c\xbd\xd4\x7f\x97\xab\xea\x89\x08\xc1\x0c\
\xa9\x0c\x1b\x0e\x0d\x22+\xdbx\x96\xb3\xc8|\x08\x1d\x8e\
\xb4\xe5\xacj+e \x81B,T\x8f\xb9\xab\xa6#\
\xb2\x17_?*X\xa2\xaa\xbaq\x12\x91R\x8a\x84\xa8\
l\x97\xc3Tf\xc5\x96\xe3\xef\xb4\xd6\xedV\xab\xd3i\
\xc7q\xd2j\xb5\xb4\x0e_e0+.\xc7\xe5\x95\x83\
88t\x03\x22\x22O!\xc3SF\x5c(TO\x95\
\xcfX\xbf\x0a%\x8aC\xc7R\xd6\xa2$&\xef\x9c\xc4\
u\x85\xa8\x0f\x9d8H\xc8y'\x22\xf5p\x89p\x02\
CPH\x09\x8bR\xcc\x9e\x14[o\x95rD\x14\x15\
A\x12\x15qH\xb7-\xab<C\x88\xa6\x8e\xd5x)\
\xa3\xa0\x9e\x9cV\xd4\xdfJ\x8f\x1f\xdex\xe0\xa1\x07\xb2\
\xdd\xdd$\xd1I\xa7\xd7j\xb7B\xc7\xc7\xb2\xb2+*\
Gz(V\x9a\xa3p*\x95b\xc5\xd5\x89S\xaa\xd9\
,\xa4^\xae\x17\x88\x88Ucze\xa3,\x17|\x8e\
\x045_^_\xbd\xeb\xb6;<\xa1\xb9\xe5\xe3\x86\x10\
%\xadV\xb7\xdb\xdd:~b\xf3\xc4I:r.\x22\
\x84\xe0\xf3\x01\x84\x10\x00\xf0D\xa3n\x04\xcf\x14\x026\
T\x96?\x95\x8d\xfb\x85v7N\xdcw\xff\xdd\xf7\xdc\
{\xdf\xeen\xda\xea\xf4\x0e\x1d:\xeb\x8c\x83\x07\x97\x97\
\x97[\xadd\xce\xaf[\x86\xae\xdb\xa4\xfaCF\xaf\x1f\
\x84)\xd4\xc8\x11\x91\xd2\xa4\xa6\xb4u\x14\xf1\xdb\xdb[\
\x0f?\xfc\xd0\x03\x0f\xdcw\xff\xbd\xf7=\xf8\xc0C'\
Nn\x18\xebz\xdd\xde\xea\xea\xca\xc5\x17\x9f\xb9\xb8\xb8\
\xb8\xb6o\xdf\xea\xea\xea\xca\xd2\xd2\xc2\xc2b\xab\xdbk\
\xf6\xef\x13\x11\xe7\xacx+\xce\x8b\x88\x22\x9fD\x91\xee\
D\xedV\xdb{_\x87\xfb\x9c/\xdb\xa6\x86\x16&e\
Gy\x17\x1a|\x92\xb36H\x9e\xf3^B\x03\x9cz\
\xa0a\xe8\xcf\xe2%x\x9a\xf3\xaev\xc22 VF\
\xfc<\x09\x85^;Ua^\xa9\xbf\xe1 \xfd`\x10\
biG\x95/J\x15f\x0cAhVJ\x09\x11K\
\xa5>\x1c\xd6\xb1\x08\xe9\xaa\xafN0\x9b\x90ZI\xaa\
\x5c\xa8\xf1ajG\x90\xdd\xeae\xd4\xee\x1a\x9e\xcd{\
\xcf\xac\x9c\xb8\xaa4\xaf\xcc\x7f\x0b-4\xea.\xa0Z\
k\xe7\xbd\xa2\xb2\x95\x8e\x0b\xe3\x01\xbc\xd3J\x87\x97\xaf\
X\x853\x17\xda\xe7h\x1d\x82\x85>\x92\xa8\xf6\xe6\xb2\
|T8<\xafgU\xc6\x5c\x1d\x11;\x22b\xa6<\
\x84\x0d\x1b\x03\xf7\xca\x06B\xd5J\xa5\x98H\xb1p\xd9\
\x03Q<+\xb2\x9e6\xb6>\x11G\xb1b\xddj\xc5\
q\xab\x15\x87\x8a\xcd(\x8e\xe3X\xebH\xc7\xa1Y\x90\
*\xeb;\xb5\x8a\xa28\xd2Q\xa8\x09\x8dt\xa4\xb5b\
V:*sy\xcb\xba2\xad\x95\xd6\xccU\xe1hP\
\xcaPZ\x1a\xaaJ\xb5\xae\x05R\xa9*\x88^\xe9\x22\
\xf3`\xae\xc6\x84\x1f\x19\xd0D$i\xb5\xda\xed\xf6\xd6\
\x89\x8d\x95\xb5\xd5'r+\xce\xa7,LD\x92h\xdd\
nw\xa2(\xda8q\xb2\xb0&\x89\xe2\xc7\xfb\xb0\xc0\
S\x10\x08!\x00\xe0qF\xaa\x9a\xa2\xf2f\xb88\x0e\
\x85\x22\xcc\xc4Z\x13\x89\xd8\xcd\x13\x0f\xddu\xfb\xddw\
\xdfu\xef\xd1\x07\x8f\xda\xbc\xe0\x85\x95\xc3\x17^t\xc5\
\xd3\xaf=\xeb\x8c\xf5V\xeb\xf4\x12\x8a\xe6\x85\xc1T\xb5\
\xc1\xe8Cb\x96:\xc05zm'\xe2L\x9e\xf6\x8f\
\x9f8\xf1\xd0\xd1c\x0f<\xf0\xc0\xf6v?\xef\xa7\xc2\
\xd4Y\xe8-\xad\xec{\xfa\xb9\x17\xaf\xad\xac.t;\
\x8b\xddV\xbb\x95DJ\xb1\xd2\xa4\x151\x93\x17\xe7\xbd\
+R+u% \xc9\xff\xcf\xde\x7fF\xcb\x92e\xe9\
a\xd8>&l\xfa\x9b\xd7?\xff\xca\xbcr]m\xaa\
{\xda\xf7L\xcf\xf4\x0c0\x00\x06\x83\x01\x04\x8c\x04r\
@\x8a\x82\x04\x11\x5c\x12\xe1\xc8Y\xa4\x04@\xe4\xd2Z\
\x92~P\x8b\x84\xb4\x96D\x91\x22\x04\x09\x04\x04h\x06\
\xc0\xb01\x83qm\xcbvy\xf3\xbc\x7f\xd7\xfb\xf4\x19\
\xe68\xfd8'ND\x9a\xfb\xaa\xba\xba\xbb\xeaUu\
\xee^\xfd*ofdd\xc4\x09w\xbe\xfd}\xfb\xdb\
\xc26\x07\x93\xd91\xc6\x84\x98\xf6\x068\xff\xac\xb0\xbd\
\x96\xb3*\xb0\x9d\x05\xe5(Hm\xfe)t\xcb\x06\xc8\
\xd1\x94R\x19:4$\x22(\xb02K\xc8\xe0\xa2\xb2\
\x8d\x1d\xa4*\xaeW*;D\x0a\x102\x92Q\x84,\
\x93\x88\x8a\x1d$\x11 \x8c\xb4\xb9\x85n\x0c\x881\xd6\
d\x15\xc6\x1a\x83(!\x04\x00\xe2R\xc9\xcc\xd2G\x08\
\x91$\x89\xc5\xabv\xbf4D)\xb2\x9aB\x08\x84\x10\
\xc8\x5c%\x9b\x1fR\x94\xcb\x84\x95R\x04\x13\x81@\x09\
\x81)\x06\xc9\x15VH\x22P\x0a#l\xack\xa4\xd4\
&\x9dHI\xa50V\xa4\xc0\xa9Z\x9b\xd5\x91_\x1f\
{GS\x91\x5cI\x84\x90>\xa0\x08!@\xd2BS\
\xdd\xec\x01\xa1\xdc\xd3\x15\x83\xd9<\xa5\x07E\xdb\xf4d\
\x85\x97\x9aQ\xb4/(\xa1\x88`L\xb1\xedb\xa2\x0b\
1\x8dq\x08\xcd\x8cf1\xd6MP4\x04\xd4\xe0P\
#EB\x08&\x18!\x82\x10\xc18\x07\x84\x18\x13l\
:\xa1 \x82\xb0\x16\xe6\xda\xc2\xb3\x0c1bBHV\
\x95f1$\xc2\x18\xa9\x5c\x91\x9d\x8f\xbd)EE\xa6\
\xb1\xe7q5l\xef\x1ac\xc5\xc2\x0f&\xc0\xd2\xbb6\
\xb78\x7f\xb4wP\x9fkh\xa5\xe2\x0c\x0d~\xd0\xa1\
\x00!\x08J\xa1\x13\xf8\xc3$\x1d\x0e\x86n\xad\xf6n\
\xb6\xbd\xb3\x98\xc5\x0f\x1d3@8\x8bY|\xc4\xa28\
\x93\xf8x<\x10tM\x97\x9e\xc2\xebB*m3\x9f\
*\xd1:\xdc\xdb\xbb}\xef\xce\xcd\x9b77\xd7\x0e\x8f\
\xba\x18;K\xcb'\xce>r\xfe\xb1\x0b\x8f\x9c8q\
2\xc8D\x90\x1f\x96\x83\xdc\xfd\x8fEq\x1e?\xf6\xfe\
$\x8fWhR\xafi\xab\xd1\xcf\xb2.\x05\xe3CW\
`i\xa0\xc0~d\xfc\x16@\xd6P\xdc~\xc1\x18\xac\
d\xb5u\x9c3\xce\xd2$M\x86\x83a\x9a\xc4\xfd~\
\xef\xa8\xdd\x8b\x13\xe6Q\xb2\xbc\xbc\xfc\xc8#\xb5\x8a_\
\xf6<Ga\xa9\x8f\x14\x06\x04\x08q\xc1\x87\x914\xab\
CH\xa2|\xf03\xbbM\x80b\xbfw\x04\x00\xc6S\
\x12#\x02c\xd2\xbel\x17Pa\xcfea7\xad\xfb\
\x88\x02E0\x81\x82Trl\xb4\xb5\xfc3\xb3\xff4\
\xfa\xce\xbc\xa40\x1b\x16\x95\xb5\xe0F\x99A\xa8\x1do\
\xa9$\x02\xa4a\xa7\xc1\x8d([[\xd6\xa2]\x81T\
\x99\x08Ue\x82U!\x94\xe0\x82\x0b\xc1\x043}\x0f\
MU\xa4\xcc\x18A\xa1\xfbX\x14\xb7yl\xdb\xc6\xf0\
X\xf1\x9d\xf1\xdd\xccz6\x22@\x84\x10)\x85=\x19\
\xa4\x94\x00\x0aI0\xf69J*\xa5\xb04\xed\xec3\
\x9fRi\xdd\x88\xa4TX7\xd8\xc8`\xaa\x05\x8dc\
\x04&\xc28\xdb\x00\x94)\x8c\x95\xb6\x835\x0dN\x00\
4 4\x1b\x89Fj\x9d\xac\xda\xb3\x18Z\x22\x9a)\
\x00\xac@\xd4\x026\x92Uk\x1a\xb0\xa7\xdf49\x05\
L\x8a\xdd\xe70\xa6\x060\xda\xf5\xd0\x0c\xa5cB2\
\x04X\xecb\x9fm\x12&\x84\x8e\x01E#aEH\
a\x0cH\xe3JT\xc0\x9a\xe6$\xb4]\x0d\xac\xcb\xad\
\xddI\x8c\xcd\x8e\x99}\xd7\xd6F\xd8\xd8\xe9\x22\x84\x88\
v\xd8}\x80C)U*\x97\xf7wv\x87\xdaZF\
*5\x93\x8f~\xb0\xa1\x1f\x09\xe5Z\x95z\x8e\x88\xe3\
v\xbb]\xaf\xd5>\xec\x8d\x9a\xc5\xc70f\x80p\x16\
\xb3xpcj\x16\xd0\x9ad|\x94\x9f\xc9\x99\xa7\xa6\
\xd6\xef!\x84\x11\xc2Dw\xbd\x16{;\x9b\xf7n\xdd\
\xb9q\xf3\xd6\xf5[7;\xad\x0e\x00T\xe7\xea\xab\xcb\
+\x17\x1ey\xfc\xf4\xb93\xab\xa7O6j5\x8c<\
\x00\x09J( \xc8\xf8\xd4\xff\xf8\xc7c\x92\x99\x19{\
s\xa4!\x94\x9a\xf2\xad\xb1w&_\xe8?\xc6\xbe;\
}\xb1\xec\xe7\x941\xceA9\x9e\x99\xd8T\xfd\x11\x86\
\xbc\x22\xcbLm\x110\x9e\xf2\x94%I\x1c\xc5\xd1`\
0\x1c\x0e\x87i\x922\xce\x11B\x8e\xe3Q\xd7\x99_\
Xt(\xc5H\x01p!\xc5 \xeeF\x89Y\x19\x22\
\x98(D0VH!B\x01\x11\x031t5\x97\x02\
\x0c\x99\x09\xac\xc1\xa1v\xc7\x00\x00\x10\xb6\xc6?(3\
\x0f\xd1\xf6!\xd6\xaee: ,\x8e\x0c\xce0\xc9\xf8\
\x10!{QL9\x1b\xd4\x08\xc26\xeb\xca\x8b\x09q\
VXX0\x9bQ\x19\x10\x12\xd6\x14TZ;\x16\xd3\
\xddAH\xed\xcbj,=M\x87A\xdb\xd5Q*\x80\
\xac\x88\xb1p\x98\x8e\xfb\x17\x00,\x5c,B\xc4\xb15\
d\xc7\x17\x94\x02\x84\x916\xd8\xd1\xc8Jf\x1d\xe4\x01\
\x03\x92\x96p\xc5\x00\xa0\x84i\xab\xa8\xa5\xba\x14Q\x83\
9\x11(!\xedP\xd8\xdf\xb2\xb2\xdb\x22,\x04\xd3B\
\xd1\xa8p\x01))\xedq\x93\xf6\xa0\xe9\xdf\x02\xd3.\
e\xe4&V\xdc\x0b}\xaeJ$A\x18\xd2M\x17a\
\xa2L\xe7i\xcf\xe7<\xedaK\x07\x010!Z\x16\
k\xbe\x08\x08\xdbdA\xa6\xe8\xc5\x18p\x01\x07\x8e\xbd\
\xc8\xf1'\xa19\x02\xb5\x9f\x82D\xa6L\x91d(5\
\x07\xa3\x84\x8chS\x8b\xc4\xe3hP\xebhK\x09\xd1\
\x92\xd7\xac\x00\x93X\xe9/\xb2\xfdQ\xb2^,f7\
\x1f\x0c\xe8\xe5y~\xa7\xd3\x09\x83@\xa1\x07e\x93~\
\xda\x22\xf4}\x8f\xba e\xabut\xf6\xcc\x99\x0f{\
sf\xf11\x8c\x19 \x9c\xc5,>\xe4\x18q\x8c\x84\
c\xa1\x9e2\x15YR\x08\xa9L\x9bi\x89\x00<\xcf\
{\xd7\xae\xbb\x0fN(PH)\xa1$\x00\x10L\x11\
B\x04!\x00h\xb5\x0fo\xde\xbcy\xf7\xea\xf5k7\
\xae\xadom\xc5i\x12\x84\xc1\xfc\xc2\xfc#\x8f?\xba\
\xb4\xb40\xbf8\xbf8\x7fruu\xb5R\xa9`L\
2\x82\x04g\xf4\xc3\x8fg\x82r\x1c\xa17\xf9\xa9*\
\xa2\x96Q.\xaf\x88\xe5\x90\x1a\x9d\xf4\xc3\xc84\x7fl\
aS\xaa\x96\xe1}\x09\x12\xb2\xb7@\x93k\x1a@\x19\
\x8c\x812O\xcd\x91:.3\xc7\xc5*\x9b\xd8*\x84\
\x14\x17,\x1eF\xc3a\xa4\xa3?\x18FQ$87\
\xfd\xe8(u\xa9C\x09\xd5\x0e\x932M\xe34\x8d\x11\
\x00\xa6\x08AF\xaah\xf4!l!'\x02@\x88\x15\
L<\x90\x86\x82\x06\x06L\x1b\xc9\x22\xa2FY\xab=\
P#s^\x84\xd0\xe4\x97-\xe8\xbd\xcf;`\xed@\
\xb5g\x8c9 95:\xce\xb0\xd9A/\x04hK\
\xd6LFi\xbb)fC\xad\x9dH\x15(\xa5{\xcb\
k\x00),@\xd2`\xa9\xb0f\x80c\x11~\x91\xf4\
\x9br\x82\x190i\x06&G\x89\x00\x80\x91\x92\x12a\
\xa2\x05\xad\xa0\x14\xc6\xda\x12\x06+\x851\xb1kV\x04\
k:\xc7\xd0\xef\x08\x83T\x8a\x10\xd0\xdd\xe5\x95\x02\x09\
\x12!\x05B!\x0a\xbaU\xbdePe^a\x09B\
p\xbd=R\xe6\x86\xa5\xa04\x18\x96\x94 \xcb\x14b\
D4M\x8820\xa34J\xd7k\x9a\xda\x1e@J\
\xc0X\x17J\x220\x92T\xa5\x10FH\xea\x96!\x08\
)i*\x135\xd2\x97H\xea\xd3\x04s\x81PV\xe6\
\x08\xcapqY\xf7\x0a\xc8\xee\x10:#\x02\x85\xa2G\
\xdb\xaa\xceVCb\xfd\xc5\xec\x03\xbd\xfd8\xc3\xb4\xfa\
\xa71\xc6\x08\x90\x85\x92\xb8\xc0c\x16A\xa65\xda)\
~\xa4Q$\xc9t\xb0\x0e\xa5\xban\x12\x13\x83`\x1d\
\xc7\xa1\x0e\xd5\xa8\x90\xe6-N\x08\xc2X\x9b\xf8P\xc7\
1\xf7\xf9\x0f\x16\x8e\xe9\xb3\xa01?\xb7\xb3\xb5\xad\x0a\
2\x86\x0f8~\xaa\x15\x92\x08\x81R\xbe\xe7\x96\xaae\
\xb7\xd3n\xb7ZJ\x09\x84\xf0G>-<\x8b\x07,\
f\x80p\x16\xb3\xf8\x90c\xd2\xedC)%\xa5`)\
K\xd3\xc4\xf8\xf33.\xa5\xd2\xe6\x1a\x00@(q]\
\xcfu\x9d\xc0\xf7\xde\xd7o~@a\xb9,\xc8\xd4i\
*+\xe6\x01\x00!\xd8\xd6\xfa\xda\xe5\x8b\xef\x5c\xb9t\
\xf9\xc6\xad[\xfd\xe1\x80\xbaa\xb5^]9y\xa2^\
\xad\xd6j\xb5\xb9\xe6\xdc\xf2\xd2\xca\xd2\xe2rsq!\
,UI\xce\x8f\xbd\xff\xb9\xc1}P\xdf\xd4\x09\xfa$\
\x05W\xe0\x9at\xfb\xf6\xa9\xd0\xce\x00\xc2\xb1\x8f4E\
c\xb4\x88zI[\x9a\xa6Q\xa6)\xacS\xda\xcfC\
)\xb3\x1a\x99\xa9\x1fA*\xddL\xdc\xf4\xc8\xcb\x02c\
S\xf8&\xa5\x94\x82s\xce\x06Q\xb7\xdf\x1ft\xbb\xbd\
\xfe\xa0\xdf\x1f\x0c\xd3\x94\xe9m\xd5\xba\xbb\xec\xcb\x18c\
\xac\x14\x08!\xa4\x10(S\xb8!\x8c\x90\xe2\x08!!\
\x04\xc94o\xba\xbf\x07\xc0\x04\x84\xd3/\xd4\xf8;c\
a\xb1b\xf1\xc5\xd8<o*\xf6;\xfe\xd4\x9a\x0e>\
\xc7t\xa10\x8a\xca\x8a\xf0/\xc7\x81\xa3\xae\xa4F\x02\
\xaa+\x0f\xb3n\x0d\x191\x98+9\xed\xb7 \xc3l\
\xf6u\xf1\x10\x1b\xb81\xca\xef\x15\xd9];\x0ev\xcb\
0\x02\xa5P\x114\x9a5\x832\x89\x01\xa5@!\xad\
#\xd6\x04\xd5\xd8\x80\xe8d\x02\xd2g\x8d\xe1\x08\x01i\
\xfe\x10\x00L\xc9\x9f\x04P\x0ak|\xa8\x1c\xc7\xd1\xcd\
,5\xa9\xa8\x00\xf4\x08P\x8a\xb5I\xa9\x94\xc4\x16@\
\x1a\xcb\x1e#\x855\xdd\xeaE&\xa3\xd5\x04\x9d\xd9$\
\xb3G\xdazGaM\xff\x01\x00\x00\xce\xa0\x97\xaek\
\xb5 \xcd\x1c\xfaLo\xaa\xff\xc6\x1a\xfe\x22e\x8a`\
\x01\x14R\x1a\xdcf\x8b)\x90\x96|\xb6=\x12\x14H\
\xcd\x5c\xe7g\x9d\xcc\x1cb\xed\xdd)\xa3\xa3Q\x8e\x01\
\xc1Z\x09\x81\xe9\xb8Y`\xedlUd\x11d\x82U\
\x8df\x10\x10\x8cR\x14\xb0-\x89\xcch@\x92a>\
\xd3w\x04!B\x89\xce\xcb\x14\xdb\xac\xdb\x10B\xb8\x8e\
K\x9c\x0fa\xce&\x84\xf0\x83\x00\x10\xea\xf5\xfb\xe5r\
\xf9\x83\xdf\x00\x80\x19-\x09\x08P\xad^\xdf\xdb\xdd\x1b\
\x0e\x87\xc3a\x5c*\x95\xd4G\xb6\xc7\xd2,\x1e\xcc\x98\
\x01\xc2Y\xcc\xe2\xc3\x09=\x9d\xd2\x1e\xfbB\x08\xce\x18\
\xe7\x9cq\x1es\x16\xa7I\x9a$\xf1`\xc8\x92T\xe7\
\x9d)%\x049\x84\x10\xc7q\xca\x95r\xa5\x5c\x09\xc3\
\xd0u\xe9\x03\xfb\x98\xb4\xd3SM\x9f(\xac\xd9@\x02\
\xa0\xfa\x9d\xd6\x8d\x1bW_y\xfd\xd5\xeb\xd7n\xee\xef\
\x1dJ\xa1\xc2\x92_\xab\xd7\x17WVC\xdf\xad\xd7k\
\xf5z\xad\xd1XX\x5cY]XZ\xae7\x1a\x81\xa7\
A\xaf\xc9M\xbf\xf7]V\xd6\xaa\xff\x18\xcc0\xa9<\
|/|\x8e\xd6\x15\xc2\xe8G*\xa7\x0d\x8d\xe2\x10@\
\xb3yS\xa0\x8b\x9d\xdc\x8f\xae\x5c\xa7{\x0d\xd9\x8b\x8c\
\x90\xd4\xcc}\x01#\x8c\x89C\x88C\xa8\x96\x9cQ\x9a\
\xdby\x0a\xce\xa3$\xee\x0f\x06\xddn\xb7\xd7\xebF\x83\
A\x14Eq\x9cp\xae\x94R\x99\xf5\x22\xd6\xa6\x8c\xda\
\x9c\xb1\xc8\xd7)\xd0\xee\x95Hqn8\x12\x99\xe9\xf7\
\x00T\x06\x08\xb5\x99\xa5\xc50cC\xfa\xae\x80p2\
\x90\xa9\x1e}\xffi\xeew=\x8eS_L\x06d}\
\xf9\xd4\x88\x99\x8a\x04\xa3\x91\xcc\xe0\x22\x82\xa2\xa2\xd2\x1e\
e\x84\x90\xcc\xca%'O\x1e\x00Q\xd4H\x1f\xb7#\
E!\xa8B\x00\x80\xf5Q\x01e\xbcZ\xf4\x90e\x1b\
\x90Y\x9c\x22d\xb3\x0a\x86L\xcb\xccH\xb3\xb2<\x03\
`\xf4{\xf6\xe7\x84\x10\x08\x14B\xa0\x05\xb1z\x04\x10\
B`\xdb\xc2#S\xa3\xa8\x93\x12*s\xea\x01\x00!\
\x04\xe7L\x9a\xbc\x15g\x0ca\x8c\x85\x10J\x08\x84\x91\
f\xb0\x8bg\x85\x04P\xa6\x7f\x07H%\xb1q\x0bF\
\xf6L\x92\xa3GP\xef\x14\xce\x00\x9d\xd2hPJ\x83\
\xfc\x94@H\xbf\xa3\x9018\xd5\xa8N\x80\xe6\x87\x05\
\x00\x02ez\x7f \x8c\x11\x06\xa5\x07K\xa3J\x0b<\
\x95R\x08\xec\xb8 sQZ\x87+\x95\xb5\xb3\x00\x0c\
Ja\x8c\xb2\x0b\xc5`]!\xa5-\x17,\x9e`\xfa\
\x18\x15+\x15\x91\x10E5\xa9%\x00\x0b\xf8\x90\x10\x87\
:\xd4q(\x15B\xe8\xe7\x82\xeb\xba\xf9\xe5\x86\x10@\
\xeaNk6\xfa\x93\x0b}\xf7\xd0\x22\x8eJXjm\
\xedV\x1e-\xcf\x9a?~XQ*\x95\x5c\xd7\x1d\x0c\
\x86\xddn\xbfT*}\xd8\x9b3\x8b\x8f[\xcc\x00\xe1\
,f\xf1\x93\x8b\xc2T\xd7H\xd0\x04\xe3\x22IX\x92\
&q\x1c\xc7q\x9c\xa4\x89n\xc5\xc6\x18\x13\x8c3n\
\xbbtKP\x0a#\x84\x89\xe3P\xd7\xf7\x83Z\xcdo\
\xd4\xab\xd5z\xa9\x5c*\xd3\x07\xc6u:\x9f>\xe5\x96\
\x22z\x96/\xa4T\x08S\x0d*b\xce6w\xb7o\
^\xbf\xfa\xf6k\xaf\xdd\xbb\xbb\xb6\xd7j\x81B\xd5J\
yyy1\x0c<\xd7\xf7B?\xacUk\xcd\x85\xe5\
\xe6\xc2\xc2\xf2\xf2\xea\xc2\xc2B\xb9\x1cf*I\x95\xcd\
@\xee7\x0b\x992\x11W#\x7f\x14:\xcc\x81\x85m\
\x85I\xbcR\x05\xaf\x91Id82\x95W\x99_\x8a\
\x02\xc8\x0d*\x0b\xd4T\xf65\xa4u\xa3E\xa0\x82\x0c\
\x08\x03l\xfe\x8bT>v\xba\xbd:B\x88\x10J\x8d\
v\x0cS\x87`\x87b\x84\x9c\xbc;\x84b\x8c\x0d\x06\
\x83n\xafwt\xd4\xea\xf7\xfb\x83\xc1p8\x8c\x19K\
\x85\xd4\x1a:D\x09!\xc6\x9e\x91`\x0c8\xf7\xc9\xc8\
\xb6\xd1\xd2\x95\xd6>\x11!!eV\xaae>\x95H\
\xe6lO.\x11\x1d\xa7\xf5\xd0t\xa4s\xbf3Ge\
\xda\xc5\xa9\xc7UM\xab=+R\x88c/&\x99\xba\
\x22l\x1b\xf3h\xc9\x8b\xe2\xf4\xa5\xa9\x8a\x8e\x9b\xd6<\
\xa6\x08\x18M\x0e`\x0c\xd1\xa9\xdc\xc0&\x83d\xa3L\
 \xa0\xbc\xe2\xb1\xe8\x17\xa42<\xac\xff\xd5\xb0M/\
\xafG\x07!\x95\x9d!\xd2tD,\x0c\x08&Y\xb9\
e6|\x06\xe3\x13]\x8eK\x09\xc6\x84 \x8ct5\
\xa1n\xe1\xa9\x042g\xaeRJJ\x8c\x11v(\xb5\
JJ\xdd\x03C\xf0D\xf7\x86d\x8c\x0fz\x834M\
\x93$\x8a\xe2(M\xd34MY\xc2\xa2h\x98\xc4I\
\xcau\x03I\x8e\x10v\x5c\x17\x01\x18\x93P\x8c\x11 \
)\xc1\x82,\xc7q\x1c\xcf\xd5\xa7\xa2>\x82\xc8\x98\x1a\
\x99N\x8dz\x5c0\xe4bN\x0d\xe4\xc0\xd6\xbeb\x84\
@\x19l\xa5\xc0.\x83\xed\x8a\x8a..F\x80\x0a\x12\
\x00a\xa4\xcdf\x95\x04.\x84\xe0i*\xcd\x91\xd57\
\x14\x0c\x99\xc8\xb3\xe8!\x03\x80\xf4Q\xcb\x18B\x841\
 \x04`\xfcR\x0b\xf5\x8cS\xce\x5c}\xd5hv]\
JI\xb2\xbd\xce\x85\xfd\x08\x84\x14:\xd1#A{\xbf\
\x22\xa9m\xa3\xa4\x92BPJ\x89\xa2\xd6\xcaHe\xba\
p\x89\x10\xe7\x1c\x13\x82>(<f3A\x0ad\xb5\
^;\xdc\xdb\xe7R\xd2\x8fN\x85\xc2\xc7&\xf4\x81\x08\
\x83 \x0cK\xdd^t\xd8n\xad\xac,}\xd8\x1b5\
\x8b\x8f[\xcc\x00\xe1,f\xf1\xe3\x88\x09\x96Cp.\
9O\x924M\x93\x84\xb3\x94\xb14IX\x9a\xc6I\
\x92\xa4\x8c1\xcex\xca9\xe7\xba'\xb7\x10\x5cp)\
\x84&%\xf4\xd4\x86\x10\xe2\xf9~X.\xcf5\x1b\xcd\
f\xa3^\xab\x87~\x80\x1f\xdc\xd4\xac\x9d7k:\x8b\
\x02@\x1a\x0d\xef\xdd\xbdu\xf9\xda\x95\xd7\xdfzgg\
k'\x19F@I\x10\x84K\x8b\xcb\x9e\xe7\xba\xae\xe3\
\xban\xb5Vk4\x17\x9a\xcd\xf9\x85\x85\x85\xe5\x85\xa5\
F\xa3\x11\x86A^\x9b\x96c6T(\xb7\x1c\xd7a\
*\xa9\x8ax,{\x95\x81\xbf\x09\xa6h\xe4\xb5\xca'\
\xfar\x02\x10\x1e\x0b?F\x90e\xfe[P\xa0\xfe\xf2\
\xb2B4\xa1+\x05P\xc2\xa2\x11\xa4\x95t\x04c\x87\
\x80\xe3x\x8e\xeb\xe8*\x22J\xb4\x0f\x85!\x18\x93$\
i\xb7\xdb\x9dn\xa7\xdbi\xb7\xdb\xedn\xb7\x1b\xc7\x09\
\xe7\x22\xf3\xe3 \xd8\xc2>\xd3\xec\x1b0(\x8cT\x0e\
\x04\x15(\xa92]\x1ch\x83\x96\xac\xf2*g\x90\x90\
.\xff\xca^\xdba/.0\x06\x8d\x8a\x8dC\x8a\x87\
\xe6\xd8s\xc5\x0a \x0b`R\x15\x84\x94\x93\xcb\xdf\xe7\
\xc5\x18q7\x86\xfd&\x19\xc2\xb1.\x0br\x94;\x84\
\x8c\xc0\x9fJ\xed\x16w-\xcbU\xa8\xb1}\xcf`7\
R \xd1\xc8\xf2P@\x852\x03F`MMQ\xd6\
\x8f#\xd3\x10g\xab/\xec\xa6\xde\x02}\x9c5\xd0\x22\
\x0e\xb5-\x1a\x14\x00\x10\x02JbcB\x84\x90\xaeB\
s\xb0\x00 \x0a\x14\xd2\x9aO\x1eEq<\x8cz\x83\
~\xfb\xb0\xdd\xda?\x8a\x86\xd1\xa0\xdf;<\xda\x8f\xa2\
8\x89\xd3A\x14\xf5z=\xc18\xe7,Ic\xce\xb9\
\x14\xa6r\x12!\x04\x80\x15 B\xb0\xe3R\x8c\x81R\
\xc7u\x1d{=!L0\xc2\xae\xebU\xaa\x15\xcf\xf3\
\x94\xc6H`*]\x85\xe4Jj\xbf\x16\x84\x8d\x14\x13\
!c\xa4\xab\xb2b?L\x15\xc2\x08k\xcc\x9c\x9b\x93\
\x82\xf6\x80\xc1*+\xc9\xc3\xb9\x15\x8b\xf5e!\x84:\
\x94R\xea\xba\xd4!\x18\x13\x87\xba\x14c\xcfq}\xd7\
\xc5\x199G)5}\x10\x09\x81\xa2\xb9(\xd2\xbaP\
\xc0\xd95,\x85\x10J_\xaf\xc8\x00j)U\xe1N\
0\xf5\xea(\x96)ZzP;\xa5b\x92\x81O\x03\
m1\xd6\xad\x15\x01aL\xf4\x16\xa2\x82#\xab\x85\x85\
\xdaU\xf5\xddn\xc5?\x81\x90\xca\xf1\xbdjs.\xea\
\xf5\xab\xb5\xea\xacv\xedC\x09\x87:sss\xedn\
\xbf\xdd\xedH%0\x9a!\xf3Y\xfc8c\x06\x08g\
1\x8b\x1fK(\xc1\x05c<e,NY\x1a\xc7Q\
\x92\xc4,\x8d\xe38M\x12\xce9c\x9cq&\x19\x13\
\x8c\xe9\x8e\xdb<kM\xa6\xbb\xa7\xd9\x8c3\xc6\xd8q\
\xdc ,U\xab\xd5\xa5\xe5\xa5\xc5\xe5\xa5r9t\x09\
\xb5\xf3\xc8\x07\x0a\x12\xea,\xb66+\xc4Y\xe3\xf8\xee\
\xa0{\xeb\xda\xa5\xeb\xd7\xae]\xbcrmo\xe7P\x01\
\x10Gy\xbe\x1f\x06e\x8c\xc1q\xa8\x1f\x04\xe5J\xb5\
R\xad\xd5\x1b\xf5F\xa3\xb9\xb0\xb08??\xdfh\xd4\
\x02\xd7\xcd\x14d\x05A\xe3\x98\x9b\x8b*h2\x0b\x90\
\x0f2<j;\x03L\x85\x7f#\xec\x9f\xca\x1a\xcd\xd9\
\x8f\x0a\xb5^\xe3\x0bg\xeb\x19?\xf0\x86\xe53\xf5\x84\
\x1aI\xe5_\x87\x5c\x5cZ\x5c\x83)\x18DH\xeb\xc7\
\x1c\xea\xba\xae\xe7:\xc4uL\xaf63\xbb\x94\x8a\xf3\
\xb4\xd7\xeb\xef\x1f\xec\xb7\xda\xed\xa3\xa3v\xaf\xdb\x8d\x93\
Dp^\x98\x1f\xe7\xd4H&Q\xb3|Gnj\x9f\
\x8fXA\xf6i\xab\xdd`Z\x9fn[\x8ee<B\
'e\xa2\xfaS0\x9e\xa7\xa0r\xa0x\x1fPgC\
\xea~\x05`\xb4\xb5\xc7\x8d\xf3T\xb6v\xea\x9f\x934\
 L\xc0\xc21\xe0g\xdeG\xf9z\x10\x1a)\xde\x1b\
\xdb\x9eb\xbd\xdfT\xa8<\xfa\xa7\x16j\x02\x8cBV\
\xbb@\x013\x80\xa6\x9c1(\x00\x01\x80\x00I\x8cM\
\xb9 \x01\xa4/0\xcdhQJ\x1d\x87R\xea\xb8\xae\
K\x08E\x18!cG\x82Ls\x05\xc7\x91\x92c\xce\
%\x17\xc3(\xea\x0dz\xadv\xfb\xe0\xe8how\xb7\
\xb5w\xc0\xa2\xe1p08:::j\xb7\xfb\x83A\
\x14E\xc3(NS\xa1\x84PRJ\xa40\x22Y;\
\x07d\x84\x9b\x86\x87\xd4\x92T\xc0\x08K\xc5\x00!\xa1\
p\xa5Z\xf6\x5c\x87\x0b\xc1R\xc6\x85m}!\xd3\x94\
1\xd6\xeat;\x8b\x0b\x8b\xcb\x0b\x0b\x08 \xe5\x5c\x08\
\xa1\xa4$\x08#J@)+\xab\x04\x00\x9d\xf8\xc0\x98\
\x00q\x0c\xaes\x1c\xdb\xc2\x81d\x08*\xd7XbL\
\xb0\xf9N\xde\xfd1\xcbj(#\x07E\x800&D\
a\x85\x08\x00!\x5c\x0aH%\xc2<\xaf\x06\x84\xec*\
\xca\x9a\x22b\x8c\x08\xa1\x8eC=\xc7u\x1c\xc7q\x5c\
J\x10&X\xb3\x98*\xab\x86\x86\xbc9\x87\xd0 \x11\
$H9\xe5\xe4\x1f\xc3\x84\xd6\x95t\x14\xc4b\x92\x15\
\x11:\xd4\x14\x10\xdaJB\xc7q\x88I\x0f\x11\xf8P\
\x02\x01\x00\x84\xe5\xd2\xd1\xc1a\xb5V\x95J\x91\x07\xea\
9\xf4S\x13ss\x8dv\xbb\xd3\xeau\xa28-\x05\
\xc1\x87\xbd9\xb3\xf8X\xc5\x0c\x10\xceb\x16\xef/\x94\
\x142I\xd3\x84\xa5q\x1c\xf7\x07\xc38\x8eS\x96\xf2\
\x94\xf1\x943\xce8\xe7\x9cK]\x0d\x92\xb2\xd4\xd0\x80\
\x9c\x09\xc1\x954\xae}\x00\x99t\x0ccL\xb0K\x1d\
\xdf\xf3\xab\xd5\xca\xfc\xc2\xc2\xd2\xd2R\xa3\xd1\x08\x82\xc0\
L'\xad\xcd\xc1\x87\xf9\x14.\xe6\x853\xe9\x19h\x1c\
\x82\x14@\xbf\xdf\xb9v\xe5\xf2\xd5\xb7\xde\xbav\xeb\xf6\
\xf6\xe1\x11A8\x0c\xbcz\xbd\xa2m\x09\x11!\x0e\xa5\
~\xa9R\xaf\xd7\xe7\xe7\xe6\xea\xf5\xb9\xb9F\xa3Yk\
4\xea\xf5R\xa5\xec{.\xc2 %/\xfc\xc4\x88\xc5\
\xe2\x08B+\xa8\xf9P\xf6\x17\xca\xa6\xdab\x14\xc5\x15\
\x09=\x0b\x14\xc7\xdf\xb14\xe1\xb4b\xc2I@b-\
2-\xe1\x93m\xb0)\x15\xd3\xb5V\xaa\x80`\xb3\x01\
\x03\x84\x10\xc1\xc4q]\xcfs<\xcf\xf3|\xd7u\x5c\
\xd3\x19\x02\x1b\xd3T)\xd28I\xba\x9d\xce\xfe\xde\xc1\
\xde\xee\xfe\xfe\xe1\xc10\x8a\x84\x10\xfaL\xc98@\xdd\
\x0d=\x9bh\x12\x8c0`k\xb4X`\xec\xa4\x92J\
XcOd\xbd@\xa7 \xc0B\xf7\x07\xc8\x1d\x5c\x95\
>\xf0(\xb33Q\xc5\xc3S8X\xb6\xfb\x9f\x1d\xa8\
I\x920G\x5c\xd9i\x04Y\xa5\xd9q\xd8[M=\
\xa0\x13\xd0n\x04\xf8Y\xc2:;c\x94\x9c\xbe\xbcY\
\xf8\x18g\xa0\x229S\x00\x81YW\x0ddk\xcc\xf2\
N\xf1\xa3\x1f\x22K\x9b[F1\xbb\xa2\x15\xc2X*\
\x85\x0d\x84F\x19\x87\xa6\x0c\x92\x01%\xa5\xd4\xf0\xcfu\
=\xeaP\xd7u4Tp]\xd7q=\xcd\x1ecJ\
\x04VL\x88h\x18\xb1A\xaf\xd7\xedu\xba\x9d\x9d\xdd\
\xbd\xed\xcd\xcd\xce\xd1Q\xeb\xe0\xf0`\xff\xf0\xe0\xf0\xa0\
\xd7\x1fp&\xe2$aIb\x12\x01\x18#J\x90n\
\x08\x8f\xb1\xeb\x11\x8a\x09B\xc8z\xd9 \xa9\x10F\x22\
SDSJA\x81\xebR\xdd\xf2>\xa3\xb7 \xe5<\
,\x97W\x17\x17\xeb\xb5\x9a\xef\xbaI\x9a\x0e\x86\x83$\
\x8a\x95TR\x08\x09\xe0z~\xb9\x14\x96Ke\xd0\xcd\
\xfe\x08\xa1Y\xd6\x83`L5\xd4\xa1\x94P\xa2\xf9@\
\xdd\xc4P)%\xb2\xf1\xd7\x066`4\x96\xa0\x94\xd4\
\x8az\x0d/\x85TBq\xceApn\x9dP9c\
B\x08\xc9\xb9\x14R\x0a\x8e0\x10\x8c\xa5T\xc2\xb4\xe5\
0\xbe\xa3X\xd7\x15\xe2\xbc\xbb\xa0n7\xe8yn\x18\
\x84aX\xaeV\xaa\xf5z-\xac\x94<\xdf\xc3\x84\xea\
S\xd6\xde\x92\x01#\xa9\x142*Y\xa9@a\x8c\xb3\
T\x8f9\x0dL\x97\xc5\x0c\xb6\xe6l&\xc6\xc48\x8d\
\xe6%\x85\x94\x12\xaaG\x87R\xc7q\xa8\xe3\xd0\xccv\
\x86:\xda{\xe6\xc3!\x85\x10\xc2R\xa9r\xb5\xb2~\
\xf7\xde`8\x0c\xc2p\xe6p\xf9AE\xf1v\xab\x02\
?\x08C\xff\xb0s\xd4\xeb\xf5KA\xa0\x8eWa\xcc\
b\x16?l\xcc\x00\xe1,f\xf1^\xc3\xba\xbf\xc4q\
\x14'q\x1c'\x838f\x8c%I\x92D\x09c\x1a\
\x02r\xc1\x19\xcf\x5c\x01\xb4(T\x09]N\x22-\xb6\
\xc9J_\xb4\xc3\x07\xf1</\xac\x94\x9b\xcd\xb9\x85\xf9\
\xf9\x85\x85\x85Z\xad\xee\x8eU\x09>\x10\xf7|\xe3q\
\x02RJ\x05\xa6\x7f<@\xd4m]\xb9z\xe9\xe5\xd7\
^[\xbbsg\xbf\xdd\xa3\xc4\xab\x84\xe1\xd2\xfc\xbc\x12\
\x82\xb34M\x19\xc6\xc4\x0b\xcb\xa5J\xadZ\xab\xcf5\
\xe7\xe6\xeb\x8d\xb9Z\xa39W\xafT+\xa5 \xa4\x94\
\x00BL\x08\x10#\xc2\xbb\xb1Y;\x14p`\x81\xff\
;\xd6;$_\x89R\xb20\xe3\xb7\xeaD\xa9\xe1_\
\x81\x22\x1b\x81\x8b\xd3\xa0`~\xecl%\xa0\xfd\x08\x15\
\xdaN \xc8\xc1\x88\xee\xfa\x860B\x98R\x1a\x86~\
\xe0{\x9e\xe7;\x8e\xef:\x84\x12d\x0d\xf5\x15@\x12\
G\xc3~wo\x7f\x7fkk\xeb\xb0u\xd8\xef\x0d\xe3\
\x98q!1\xc6\x9a\x1c \x19\xb1`\x09\x07\xdbo\x0d\
\x00\x94B2\xf3\xa5\xc9&\xf5Y=\x96\x857P\xf4\
N\x1c\x7fad\x8e9\xccy\xb7\x13\xc2\x900\xf9\xf1\
\x1a;|P\x84@\x93\x9f\xaa\x1c\x81\xc34$9\x06\
\xe1`\x02\x07N\x82C\x00\x90\xba\xf5\xc1H\x0d  \
9\xb2\xb0>\xdc\xf2\x18\xcci7\xbb\xf8/B\xa8(\
\xfc4\xd4\x12X\xd0\xabr\x9f\x12m\xf4\x82\xc0\x88B\
32\xd6\x98\xf4\x98\xcb\x1f\x89L&\x8a\x11\x02\xa4\x0c\
#G\x90\x830%\xd4\xf3]\xc7q\xa8\xebxA\xe0\
\xf8\xbe\xe7\xbb>!\x8e\xe3\x10J\xe38\xee\xf7\xa2\xc3\
\xd6a\xa7\xb5\xbf\xbf\xbf\xb7wp\xb0\xbe\xbe\xb9\xb9\xb1\
\xd9\xda\xdb\x1f\xf6\x07\xdd^\xb7\xdf\x1f\xa4i\xaa7\x14\
Q\x82\x09\xc6\x84\xba\xd4\x0d\x09E\xa52\xc6XW\xaf\
q!@\xe9\x16\x13RH\xc9\xa5 \x08K)L\xdd\
\x1d(\x8a57\x86\x95mj\x02\x0a!E1F\x98\
\x9a\xe6\x10H\x1d\xb5[\x9dN\xc7s\xbdJ\xb5V\xab\
\xd7\x1bssK+')\xc6\x0eu]\x8a1R\x5c\
\x08\x840\xce:\xbf\xa3\x82\xa9\xa7\xa9S\x95\x12K\x0c\
\x044\xe9\x07J!\xa2\x1bE\xe8\x92>\x0c\x88\xe8\x01\
\xd7U\xa7Y[\x0b@\xd6\x95\xb7\xc0\xb6\xea[\x132\
\xbd\x01\x8d\x8f\xae\xc1c\x19\xf7\x8e\xb1\xe6)\x09\xb6\x22\
M}q\x11\x02\xc8\xb8\x83fE\xbe T\xc6!K\
\xa5\x00\xb4\xa5\xaa\x94R\x9f/\xd9Y\xa4/E\xa3q\
%E&\xb0\xc8\x07b\x82\x09\xd2\x0d'\x08\xc1\x0e\xce\
\x9dF\x0d,\xa4\x14\x13GS\x82\xc4\xc9\x9aO\x14K\
\x10?\x9c@\xda}\xa7\xd1l\xf4[\xedR\x18\xea\xdd\
\xfcP7\xe9\xa7!\xd4\xc8\x0b%1!A\x18\x12\x80\
^\xb7\xbd\xbc\xb8\xf0ao\xde,>V1\x03\x84\xb3\
\x98\xc5\xfdB\x08\x95\xb24M\xd3\xe1p\x18\x0d\xa34\
M\x92$\x89\xd2\x84s\xce9\x13\x9c\xb3\x94%I,\
\x99`\x8c\xe9B@S\x14(r\x14\x08\x19;\xa1=\
\x10t\xcaX\x9b\x8b\x07\x95r\xa5TZ\x98\x9f_Z\
\x5cZX\x9c/\x85\xe1\x87\x95\x03~\xd7PR7.\
C\x18c\x02\x10\xc5\x9d;\xd7\xaf\xbe\xfa\x83\x97/^\
\xbe\xd1jw\xc1\xf1+\xe5pyy\x09\x01\xf0\x941\
\x96J)\x01\x13\xdf\xf7J\x95j\xad\xd1h6\x9b\x0b\
\x0b\xf3\x0b\xf5F\xbdZ+\x97J\xae\xe7\x22B\xa4R\
\x09\xe7\xf9\xbcBN\x01x\xf9\x9fbJ\xcf\xee\xe3\xb8\
\xa3\x91%\x0bh\xcd\x92Q\xb6\x97\xe0T@\x02\x13\x08\
\x07\x8eYx\xe2})2\xcf\x12\x0c\x88R\xea\xfb~\
\x10\x04A\x18\xf8~\xe0\xb9\x0e\xa1\xba:\x09g{,\
;\x9dv\xeb\xe8pwkgwk\xbb\xd3\xee\xf4\xa3\
a\xc2\x18\xc2\x84R\x87R\xc7u)!\x18#\xad\x91\
\xd3UXY\x937\x8b\xc7Ta{\x94\x92\x99HM\
\x81\xd2\xdd\xc9Q\x81\xf0S0\xa2o\x1c\xc1\x84\x13\xfe\
.\xc7\xd1\x00cR\xd8\x22~\x1b+\x02Tj\xdcd\
u\xea\xf1\x1a\xd3\x9aN\x85\xfa\xc7\xbd\x86\xac\xe4O\xbf\
2\x9a\xe1Iy\xf0(\x0f\xa9\x94*\x1a\xbd\x8e\xed\x08\
\x00\xa8\xcc\xca\x12r\xd2\xd5\xc0@\xa9\xc6\xc7\xb00\x8c\
Z7\x98\xbfc\xa7\xf2*?\xe3\xa4^\x80 D\x08\
\xf6\x5c\xd7\x0d<\xcf\xf7\x1c\xdf\xf7}\xb7\xe4y\xbe\xe7\
\xbb\xae\xebP\x170\x12 \x87i|\xb8\xb7\x7fog\
\x7f\xef`o}}\xfd\xee\xdd\xbb\xfb{\x07\x9dv\xbb\
ux0\xe8\x0f\x00\x08g)\x17\x120\xa5\x94\x12\x8c\
=?\x08\xc3\x92\x94R*`R\x9a4\x15\x1b(!\
\xa5\x90\x80\x90\x00iL\x8b\x08\xa1\xae\xe39N\xdd\xf3\
Ja\xe8P\xa7\x14\x84A\x10\xf8\xbe\xef\x87A\xe0\xfb\
\xe5 \x0c\x02\xcf\xf1\x88\xef\xfb\x8e\xe38\xae\xef\xba\xae\
\xe7y\x8eK<\xcfs]\x97`\xe2\x12J(\xc5\xc4\
x\xc0H!y\xe6\xd1J\xc00\xd9B*\x95\x9d\xb7\
\x14\x80\x90\x91\xae\xeb\x96DE\xda?T\x93\xe0`\x10\
\x1e\xc6\xa4`\xe1*F5\xd8Y6$\xf3I\xb2\x95\
\xbb\xe6`\xa8\xb19\xb5=!\x95\xd22o\x9d\xb6Q\
\xa0\xbd\x5c\xa5RR\x9b\xf3*%\x15\xcf\x08g\xad\x0a\
\xcf7\xd3\xfc6Xg\x1b\xc8\x14\xdb\xba\xc1F.\x04\
\xa5\xa6\xc7DV\xdd\x88\x09\xa6\x04\x13Tl\x1bCu\
\x19(u4Chz\xd9c\x84\x1e$\xf2Go\xcc\
\xfc\xc2\xe2\xce\xe6\x16W\x92<\xa8\xcf\xa9\x8f\x5cL\x13\
\x5c\x14\xeeH\xf9\x09g\x94\x03\xf5j\xad\x1c\x96\x06\xbd\
>\xcc\xbaq\xcc\xe2\xc7\x1a3@8\x8bY\x8c\x87\x10\
\x92\xb14\x8e\xe38I\x86\xc38\x8a\xa2\x94\xa5I\x92\
\xb24\xe5\x8cq!\xd24\xe1\x8c\x1b\xdb\xba4M\xd3\
T\x0a\xce\xb5;\xa8T\x22304\x15Mfn\x89\
\x08!R'\xda\x09\xf1\x02\xbfT*\xcd\xcd\xcd--\
//,.4\xea\x8d\xc0\xf32=\xe8\x83\xa3\xc51\
\xd3~)\x95\xa9\xb1\x01`,\xb9u\xeb\xca\xdbo\xbe\
\xf9\xfa\x1bo\xedl\x1fHBK\xb5\xda\xfc\xeaI\x97\
\x22\x90H\xa4\xf1\x90\xa7\x5c\x02\xc5\x8e\x1f\x96*\x95r\
\xbd1\xd7\x98k\xce\xcf5\x9b\x8dz\xbdV)\x95B\
\xc7q\x10BR)\xc9\x98\xa6\xe9pA\xccy,\x1a\
\xd4\xa9\xf8\xa9\x98M\x13M\x90Yv(\xab\x03-\xcc\
\xfem\x0fC\x0b\x08\xd1\x14Pw\x1c8\x1c[l\xa4\
\xe1\xb9\xfd\xae\x90BJP\x80\x09v\x1c\xa7Z\xae\x94\
\xcb\xa50,\xb9\xae\xab'\x83E\xa8?\x1cFG\x07\
\xdb\x87{\xfb\x9b;;[\xdb{\x83\xfe\x90s\xae0\
\xc2ZX\xeb;\x04#\xaddC\x98 \xdd0\x22\x9b\
\xec\xca\xac\xbd\x9b=H\x08\x14H\xb3z\xbduf\xa2\
\x80\x91\xb2hP/\x8f\xc6e\xc7#\xc0\x06L\xfb\xb8\
\xf7z~L`<(L\xee\xa7\xa2,\x18\xc3i\xd3\
F\xfe8J\x10\x8eG\x83#\x9f\x82\xb2\xe5z\xc5\x93\
\xa4\x08\x08\xf50\xc2X{@\xb0\xf2X\x93D\x10\xe3\
\x809\xeb\x8c\x87\x90\x04\xc80\x22\x06P\xda\xed\xa5\xa0\
\xc5\xcdGFp\xa1\x8bK\xcd\xec\xdf\xa1\x9e\xe7\xba\x9e\
\xe7{.\xc5\xd8q\xdcJ\xb9\xe4\xf8\x0e\xf1\xdc\xa0\x5c\
r\x1dJ$\xc4qtp\xd4^\xbf\xb7\xbe\xb3\xb1\xb5\
\xb5\xb9~\xfb\xde\xed\xb5\xf5\x8d^\xbb\xdb\x1f\x0c\xa2(\
\x96R D\x10\xc6\x92sP\x88P\xa4\x08\xc5Xr\
!\x86q\x22\x84\xc4\x0a\x10B\xae\xeb\xfa\x9e_-U\
\xca\x95r\xadQ\xaf\xd5\xab\xb5j\xadZ\xa9\xd4k\xf5\
Z\xbdV\xa9U\xab\x95j\xa9T\x0a\xcb\xa5R\xb9\xec\
\xba\xae\xe7\xba\x04c\xcf\xc1\xba\xdb\x01\x06#\x05\xe7B\
\xe8v\x17RH\xce9\x00\x08!\x18K\x85\x94J\xdf\
\xef\x84\x92H\xdbx\x0a\xa4\x14`p@*\xa9\xb0.\
\xe8UH)\x891\x92\x9a\x81\x96\x92K\xc1X!\x1d\
c0\x999h\xd2V-\x02H!\x15(\xa4\xdbV\
hF?\x83s\x9a\x8b\xb3\xbe\x1a\xf9\x09\xa6\xc1^A\
\xdb\x9e\x97\xd1\xda\x1b\xabI\x92\x14\x8bc3\x7f\x17\xc8\
zb \x94\x7f\x8c0XoT\x00S\xf2\x97\x95\x04\
f\xec\x1f!\xba\xc5\xaa5\x8f\xd1=\xe8ug\xf9\xac\
\xe1<!\x98:.u}J\x88m\x03\x83\xf3u#\
\xbb}\x0f`(\xa5\x5c\xcf\xc5\x18w;\x9d\xb9z\xe3\
\xc3\xde\x9c\x9f\xf8\xce~\x00p\xab\x98\xad0JiC\
\xa7\x9b\xae+R\x01\xe7\x12# \xd8l\x8f\xefy\xf3\
\xcd\xf9\xad\xad\xad(\x8a\x82Y\x19\xe1,~|\xf1C\
<\xfbg1\x8b\x8fih\xd9\x9ab\x8c\xc7q\x12'\
\xe9`\x18\x0d\x07\x838\x8a\x924MX,\xa5I\xb0\
\xb3T\xfb\x82\x0a\xc1M\x95\xa0\x94\x921\x96\xa6\xa9\x90\
R))\xa4\x04!m?\x02\x85@\xdbGb\x94\xf5\
\x11w\x9c \x0c\xc2Z\xa59\xd7<\xb9\xbc\xb2\xb4\xb4\
T\xabV\xa9\xf3\xa0\xf4\x90\x18\x19\x13-\x85B\x0a#\
\x02\x00J\xa9\xbbk\xb7\xde~\xfd\xc5\xb7\xde\xbat\xf7\
\xee\xb6\x10*\xac\xd4\xca\x95\xb2\xef\x12=\xc7SR\xb1\
T\xc4B \xea\x94\xc2\xb0^\xab\xce5\xeas\x8dF\
\xa3177\xd7\xa8\x97\xcb\xbe\xefSJ\x00\xb0\xbe\xe5\
Hk\xb9\x02`\xac\x18F\x05\xa2\xd90\x1aU\xe1\x08\
\x96\x9b\x06\x0b\xd5(\xcdX\xfc\xd4\x22\x03\xc8\xdc&\x8a\
\x0b\x181*\x00\x14\xdfG\xb9\x12L\xcb\xff,\xea\x84\
\x11\x84#\x85R\x5c(.%\xa5$\x0cJ\xd5r\xb5\
R\xae\x94K\xbe\xe7PD\x90\xca\xbb\xb9\x03gi\xab\
u\xb8\xb5\xbd\xb3\xbd\xbd\xbd\xbd\xb5\xd5iw\xd34U\
J!J(\xa5\x0eq\x08\xc1\xc8\xbahd.\x84\xa0\
9\x13kM\x91\x89D\xf5\x96\xe8\x95\x9b\xd9\xe4D_\
\xef\xc9\x89\xa5F\x86f\xb2;i\x12\x03E 3\xed\
\xb4\x98\xd2\xfd|\xfc\xd3\xa9Xz\xec\xf5$\xe4\x1b?\
\x9a\xc7 \xc0\xe2;\xd9\xf9c+\x06\x8b\xc5\x7fS~\
\x05\xb2\xe2\xbfc\x91\xaa\xeeD`\xce\xca\x5cE\x9b\x17\
\x84\x81\xc4\x85\x96\x8c\xb6}\xb9^\x0f\x02\xac)D\x8d\
\xa5\xb4\x1d$!\x98\x12J\x1c\xeaz\xaeO\x1d\xd7\xf7\
i\xe8z\xa1_\x0a\x82j\x18\x96\xc3\xd0\x0fJ\x9c\xcb\
~\xf7h\xff\xf0p}s\xf3\xc6\xd5\xabwn\xdf\xdd\
\xdc\xdc\xda\xda\xdc\xda\xdf\xdfg\x09\x07)\x11E\xd4q\
\x10 %\x14(%\xb9\x88\x19\x8b\x92\x98K\xe1\xba.\
%\x8e\xeb\xb9\xe5R\xb9\x5c\x0e\x97V\x96\xcf\x9e;\xb7\
\xba\xbc\xb2\xb4\xb8\xb8\xb4\xb4T\xabV\xca\xe5\xb0Z\xad\
V\xabU\x87\x10\x87R\x841V\x18#\xc4\xb9H8\
\xd7F/\x5cp\xc1E\x9a\xa6\x5cp!\x12-w\xb7\
Y-)\x95\x02$\x84P\xa0\x940\xee\x9a\xc6\xd7\xd7\
\xd8\x8e\x9a\x8bYd\x175d\xa6\xc0\x86\x89\x93\x122\
\xb5'\xe8l\x90\xbe;\x22\xf3\x05\xacW\xa8\xaf\xb1l\
1\x09J\x0aI\xb2$\x85)-\xb4^\xa0\xfaB\xc9\
NbK\xc3j|\x9eO\xe5\x11\x18}i\x86\xf9t\
i\xa76\xa1\xc9\xdaZX\x116\xc2\x80\x09\x22\x06\xfe\
eo\xebk0\xf3k\x02S\xfa\x97\x9b\xc1\x10lM\
D\xb3\x9e\x82\xb9\x14\x14S\x84\xb0\x96\xa6\x22S\xbb\xf8\
`Q\x7f?l\x0c\xfa\xfdN\xbb\xb3z\xf2\xc4\x07\x03\
\x99>\xe08nJl\xaa\x9d\xcd\x1d\x17\x10H\x93@\
\xfb\xd1B\x82\xbe\x16\xb0\x92J*\xe1\x10C\xd20\xc1\
[\xdd\x8eB\xb8Q\xad\xba\x98\xe8\x0d\x90Ra\x8c\x91\
RI\x94^\xbcz\xf5\xc4\xea\xd2\xf2\xf2\xb2\xbe\xf5!\
\xfcq;\x10\xb3\xf8\xe0c\x06\x08g\xf1\xd3\x15c\xcf\
0\xa5T\x92&\xc3\xe1p8\x1c\xf6\x06\x83\xc10J\
\x19cI\xca\x92\x981\xceX*\x18\x97Rd\xed!\
4\x1c\x14:\x8d'\xa4\x90B\xc6q\xac\xdf1\xde\x0b\
\xcax-j\xc1\x8f6\x82\xa7\x0e\xa5\xd4\xf1}\xbf^\
\xaf\xcf/\xce/-//.-5\xaa\xb5\x91\x9a\xa2\
\x07&\x94RY\xf3h\x04\xa0\xda\x87{o\xbe\xfe\xca\
\x1b\xaf\xfd\xe0\xf2\xf5\x9b\x83\x01\x0a\xcaa\xb9^\xf1\xbd\
\x80\x22L\x00)%S\xceS\x96r%\x09\xa5a\xa5\
\xd2\xa87\xe6\xeb\x8df\xb3>W\xab\xd7\xab\xf5\xb0T\
\xf2<\x17S\x8c\x00\xc9\x02\xf4\x92\x16\xf8e?:2\
\xe9\x97\x19#\x90\xb1=\x00\xb9\xa0\x14&\x1e\xdb\xd2\xb8\
 \x8e\x8b\x03-\x800\xbb\x96\x81\x07\x03\x03\xb2\x05P\
\x86&\x0a\xf5\x84\xa0\x90\xe6},\xadgiHM\x07\
J)\x84\xc2\x98\xba^\x10\x94j\xd5R\xb3^\x0a\x83\
\x0a%\x8e\x02\x95\xf9\xad\x82Pr\x18\xf5\x0fw\xf77\
\xd76\xb7\xb66\xf6\xf6\xf7\xfbQ$\x85 \x18cL\
MA 6-\xe35\xab`\xba\x00Z\xa1P\xa6\x1c\
\xb3\xba\xc4\x11\x81b\x06\x08-\xc0C\x13\xae\xa1\xc5@\
Ers\x0a\x5c\xb4\x02\xa6|\xb1\xe2\x891\xf5\xf5\xd8\
;\xf7Y\xec8\xc8\x07\x13`\x0f\x8e\x83\x7f\x93/2\
\xec7\x06\x08\xc7X\xe2\xe26\xa0\x89\xce\x16\xe6M\xcd\
<\x15\x88\x5c4\xce\xa6*\xa2\x81G\x81h\xb5h\x02\
\x016}\x10\xb4\x18\xd3\xa1\xae\xe7z\x9e\xebP'\xf0\
\xbc0\x0c\xc2R\xa9\x5c\xadx\x15\x1f\x10\x8a\xda\xbd\xde\
Qkmc\xed\xca\x95\xeb\xd7o\xdc\xb8w\xfb\xee\xd6\
\xe6V\xaf\xdfg,A@\x00\x90\x02\xcc\x18SBr\
)R\x96p\xc6\x00\xa1R\x18\x96\x83p\xae\xdeXZ\
\x9a_9\xb1|\xea\xf4\x99Sg\xcf\xac\xae\x9ch6\
\x9b\x95r9\xf4\xdcr\xb5\xea\x87\x01($\xa5b\x8c\
\x09)\xa2\xe10I\x12\x96\xa6<M\x19g\x9c\x0bf\
\xda\xdb(!\x94\x10\xc6\xf8JI%\xa4PJ\x09\xc9\
,\x14\x04\x00S\xfa\x9c\xa5nF\xce.s\xa9f]\
\xfb\xb4\xc8\x16\x9b\xd7\x18\x9bj\xbaL\xd2\x99\xcfYq\
\xde\xd6\xd2\x9c\x83\x08a\xedf\xa3\x91\xb69\x1c\x18\x81\
\x90\xed\xa3\xd6|s\x9eq\x86\x00\x08%\x08\x83n\xb6\
\x01\x19\x8e\xcb\x90\x16\xd6\xbd\x0aQ!y\xa2\x8f)\x22\
\xd6\x88\x17e\x07\x0b\x8c+\xaf\xae7\xcc*r\x8d\xd1\
\x0b\xa6\x96\xf8C\xd9\xa5I\x0c\xa3\x07\x99\xff\x0bF\xda\
\x885\xcb\xe0\xa0\x02\x80,\x00U8^s\xfd\x00\xdd\
\xf3\xdf{\xe8c\xba\xb1\xb6\xbe\xb8\xb4\xe8z\xde\x87\xbd\
9?\xd6]{o\x0fb\xfd<BY%\xf0\x8f\xfa\
\xa3\xa0\x14\x80\xe4B\x9f~G\xdd\xee\x8b\xcf}\xff\xf9\
g\xbf\x7f\xef\xce\x9d\xf6\xe1\x11\x02XX^:y\xea\
\xe4\x17\xbe\xfa\xd5/}\xe5k\x8dJM_\x95\x18\xe3\
\xf5\xf5\x8d$\x1a<\xfc\xe8\x05=\xf7x\xd0\x04\xc6\xb3\
\xf8(\xc6\x0c\x10\xce\xe2\xa718\xe7q\x9aDQ4\
\x18\x0c\x06\x83h\x18\xe9\xb6\xcb\xbaU`\xc4R\xdb+\
\x9e\x81\x02\x8d\xfcr[\x98,\xf4;I\x92\xe8j\x19\
\xc8\x9e\x10V\x07D)\xa5\x9e\xeb\xba\xae\x1f\xf8\x95J\
eaq\xf1\xf4\xa9SK\x8bKa\x18>\x98\xf7n\
!% \xd0\xc5!<\x19\xde\xb8\xf1\xce\xf7\x9e{\xe1\
\xf2\xc5\xcb\x07\x07mL\xbdr\xa9\x16\x96K\xae\x83(\
\xc5\x0a\x90\x94Rp\xc9R!\x94t}\xaf\x5c\xaeU\
\x1a\x95\xb9Zmann\xaeQ\xaf\xd7*aP\xa2\
T\xb7\x91\x80\xbc\xcf\x9b\xa5ndn\x10j>\xb1&\
\x22\xa0\x90\x02\xdbO0\xf3\x93\xd1\x80\x12\xe0\x18\x98!\
\x0d\x81\x08P\xb0\x0f).`i\x87\xe2o\xe9\xf7\x91\
BEA\xa1\xde\xce\xec/\x04v\xfe\xaa\x84\xd4B`\
\x04\x9e\xef\xd7\xaa\xd5j}\xae\x5c.\x07\xbe\xeb\x12\x02\
\xa0\xf2\xca@)z\xed\x83\xf5\x8d\xed\x9bw\xee\xee\xee\
\xec\xf4\xbb\x1d\x96\xa6\x120\xa5\x8eQ\x88Y\xc7\xfdl\
f\xaaK\xa7P6\xe7\xd6G\x01\x01\xa8i\x80P\xff\
\x0a22\xc7\x11@8\x16E\xf0c\xec:\xb2\x9d5\
\xfbXl\xa4f\xecg\x90\x82\xf7\x84\xf7\x8au\x83\xf0\
n\x98p\xec\xa0\x8c\xb5ax/\x80p*\xa9\x98S\
\xbe\x193\x5c\xcc\x0eLb\xbf\xfb\x84\xc2\x80\x14.\x16\
\x89\xa9\xccNF\xef.Ff6\x96\x95bb\xdb\xa2\
\x80\x10\xe2\x10\xaam@\x03\xdfs}\x97xnP)\
Uj\xd5z\xa52W\xad+\xa5\xf6\x0f\x0fv\xd77\
\xdez\xf3\x8d\x97_{\xfd\xda\xb5\x9bG\xfb\x87GG\
G\xfdA_\x01\x00&\x0e\xa1JJ%x\x9a0\xa5\
\x90\x22\xd8\xf3\xbd\xc5\x85\xe6\xd2\xd2\xe2\xea\xd2\xca#\xe7\
\xce\x9f}\xf4\xe1\xb3\x8f<\xb2\xbc\xb44\xd7\x98+\xf9\
.R\x12S\x92\x0a\xce\x18\x97L\x884M\x938J\
\x92(\x89S-[\x10Bp\xa9\x04\x08\xdd\xe7F2\
%\x15\xe7\x5cfjv)\xa4\xcc\x0c<\x8b^\xbec\
\xe4\xb2.\xaf+\x1eq\x94\x15\xe1i\xe8\x93\xbda\xc6\
\xc8h\x1fM\x1by\x05\x18C\xa1)_\xf6/\x02\xcd\
\xa8\x9a\x9f\xc3\xf6#\x8d*\x01@a\xe4\x10z\xb4\x7f\
 8_Z^\xe6RPJ\x89\x81\x80\xe62\xc2\x18\
cL\x91\xae\xe0#\x18c0\xfe\xbb\x88\x16\xae\xae\x1c\
\xef\x19\x0cI@S{\xa6\xd4\x8f\x8c6\xb3\xc0T\x03\
{T\xb4\x07\xcd\xc8y;\x14y\xaah\xa4\xa4q\xf2\
\xac\xba\xef\xa7\x1f\xb5\xd0\x07}\x7fwO\x0a\xb1\xb4\xba\
\xf2\xa0e3\x7f\xc4\xfd\x12B\xec\xee\xeev:\xad8\
\x8e\x84\x90\xa6\x0a\x94\xd20\x0c=\xcfu\x1c\xc7\xf7|\
?\x08\x1c\xc75\xd9\xb3\x1fy\xf7\x95TBIJH\
\xeb\xf0\xe0\xbf\xff\xa7\xff\xf8_\x7f\xf3_\x1f\xec\xed\xf9\
^\xa9R\xa9\x06a\xe8P\xcc\x05\x8f\xe38J\x92\xc5\
\x95\xa5?\xff\xe7~\xed\xcf\xfd\xea\xaf\xba^\xc0\xa5`\
\xf1\xf0\xce\x8d[\x17\x9e|\x12S\xc7\xf4\xf9\xfcX\x1c\
\x88Y|\x881\x03\x84\xb3\xf8i\x08s\x92\x0b)\x86\
q2\x18D\xc3\xc1`8\xec\xc7q\x9c\xa6i\x12'\
I\x920\xceY\xcaR\x96r\x96\xb24\xd5Ys\xc6\
\x18FD)e\xba\x06\xaa,]\xae9\x22!$\x17\
i\x9a*\x00+\x19\xd2fq\xd4q\x1c\xd7\xf1}?\
\x08\xc3j\xad\xba\xb0\xb0x\xe2\xc4\x89\x85\x85\xf90\xc8\
\xa0\xa0z\x10\xfa\x09*[\x93\x06\xca\x88\xa4\x14\xc8\xdd\
\xdd\xbb\xaf\xbe\xf2\x83\x97_|m\xed\xdev\x22D\xb9\
\x5c\x09\xcbe\xea\xba\x8e\x83)\xc1D\x11)D\xc2\x92\
\x84q\x09\xd8\x0f\x82J\xb9\xd2\x9c\x9bk\xd4\xeb\x8dF\
m\xae^\xa9\x97k\x9e\xe7c\x82\x152\x08ndf\
o8<#\xac\x85\xbc\x88\xc8\xfc!s\xb7\x97\xec\x8b\
P\x84\x01f\xd8\xa4R\x05EZv\x88\xc7\x1bKL\
pD\x0atC\x08\xa4\xcdB&\xb0\x8aA\x17J)\
\xd0\x96\x16RKg\x85\x94BJD\x9cR\x18\xd6\xea\
\xf5\xc5z\xadZ-\xb9\x9e\x8f\x10.\xa4\xfa\xd50\x1e\
\xec\xed\x1fm\xacm\xdc\xbb{\xebh\x7f\xaf;\x180\
\xa1\xb2\x16\xf3\xc4\xb6u\xb33LTxa\xb5m:\
\xf2\x0e\x10Z\xa2\x88M:\xda\xf4\x93@\xd6Tf\xc4\
-\x06F\xdb\x1bd\xc8O\x97\x15\x82\xf1\x8c)\xdc\xf2\
\x95\xe1\x02\x95\xca]j\x8cd\x12Ox\xc3\xc0\x04\xc4\
\x9a\x8a\xcc\xc7^\x8c\xadd\xec\xa3\xa9\xbc\xdfTL\x08\
\xa3\x90r\xe4_sEe\xffL\x9e\xe8\xc7\xcf\xdb\xcc\
p\xa1\x0co\xcb\xbc\xb8,k\xe5\xa8\xdb\x0ahJ\xd0\
\xb4\xf5\xc0\x08\x13J\xa8C]\xd7\xf7\x5cJ=\xea\xfb\
~\x18x%\xdf\x0f*\xe5j\xbdQ\x0eB\xea\x12\x85\
\xd5\xce\xee\xfe\xc6\xed\xf5\xb7_}\xe3{/>w\xe3\
\xe6\xcd\xc1Q{8\x182\xa9\xa8\xe3\x10\xecp!\x94\
\x12\x09O\x01\x910\xf0k\xf5\xc6\xc9\xd3'\xce\x9d=\
s\xe1\xe1G\x97\x16\x17\xce\x9c9}\xee\xdc\x99\x95\xe5\
\x15\x9f8\x92\x8b\x84\xb3(M\x928I\xe28N\xd9\
0\x8a\x93$\xe1B\xa4\xa9\x162H\x01\x92s\xce8\
gi&\xfb\x14&\xf9\xa24\xfe\xcb.3\x844\x02\
\xc4F\x8e\x5c\x18\x0a\xfbr4\x0da\x8d=3\xa3\x17\
+\x9d-\xd0q\xda\x98\x13\xe5\xeaMdWd\xa5\xd3\
\x08!b\x7f\xd5\xbccGZW-j\x06\x8fh,\
F1\xddZ[_>}R:\x18)\xa0\x88P\x8c\
)V\x98\x12B\xa8\xae\xe5\xd3\xd5x\xda\xb3\xc5(@\
\x89\xd6\xe9g\xf6\xbcZ\xb2\xa9\x91^\xd6\xc8\x1e\xe1\xac\
!\x04\xfe\xa1\xb4\x7f\xf6\xfcB#\xef}\xe8\xb7\xf3\x0f\
&\x14\x00\x824N7\xd7\xd7O?t\x0eg\xf8\xff\
\xa3\x1aJ\xdf\x1c\x00\x10:<<\xbcx\xf1\xe2\xc6\xc6\
F\x9c\xc4\x8c1\xce\xb9\x02cC\xadO Bh)\
\x0c+\xe5J\xbd\xd1X=qryy1\x0cK\xfa\
\x8e\xf3\xfe\x1e\xe6R(\x05\x8a\x10\xfcG\xbf\xffo\xfe\
\xab\xff\xf2\xff\xbc\xbf\xbf7\xbf\xb0X\xaf7|?\xa4\
\xae\x8b1FX\x19\x9f]\xc0\xfd\xdepow\xf7\xb1\
\x0b\x8f\xfe\xad\xbf\xfd\xb7N\x9c>\xc3\xd2\xe4\xde\xad[\
\x8d\xc5\x85fsA\xf71~`\xed\xe8f\xf1Q\x89\
\x19 \x9c\xc5\xc7?\xa4Rq\x9c\xf4{\xbd\xfe\xa0?\
\x88\x86I\xac\x8d`\xcc\x7f\xd28\xd1u\x80\xfa\x19\x90\
\x89C\x85\x10R)\xa9\xfb\x10K)\xa5\x92\xc2\xbc\xd2\
 A*\xa5$\x17\x9cs\x94\xd9E\xb8\xae\xeb{\x9e\
\xe7y\xae\xef\x05aX\xa9V\x16\xe6\x17N\x9e<\xb9\
\xb4\xb4\xe4\xfb\xfe\x87=\x0c\x00\xb6\x92*\x03\xa5R)\
e*\xd5\x80\xa7\xd1\xd5\x8b/?\xf7\xfc\x8bo\xbf}\
\xbd3\x188^)\x08\xca~@\x1c\xeaRj\xfa5\
s&X\x9a\xa4B\x0a\x05\x9e\x17Tk\x95\xb9\xb9\xfa\
B\xb39WoT+\x95J)t\x1c\x8a\x10Q\x19\
\x11\x07\x93\xd3\xfa\x02bS\x99:t\x12\x98\x15\xff\xb4\
/$\x8c\xe3\x93\xe2WL\xe2^\x81\xcc\x16T`^\
O%\xac\xa0\x882\x0a\x00\xb2 D\x04\xdd3\x02S\
\xec\x07\xe1\x5c\xa31\xdflV+\x15\xd7uI\xd6\x88\
\x0c\x01H\xa9\xba\xbd\xde\xce\xc6\xc6\xce\xfa\xdd;\x1b\x1b\
\xbb\x07\x87Q\x94\x00BT;>\x12M\xfc\x99\x1e\x81\
X[\xfeg&\xf2\xc59\xb7A&Y\xb9\xa0\xde\xc6\
\x11^%/\xff\xcbg\x9f9D\x84B\x0b\x88,P\
\xc6\xf7H\xf3)h\xb2Ge\x0d\xef\xf4\x1a\xa4-\xdc\
\x9a\xf8\xee\xd8\xc93}$\xa7\x1d;\x18\x85|0\x0d\
\xdd\xd9\xd7\x9a\x9e\x82i\xd8o\x12C\xa2\xacW\xc1\xf8\
\xd9\x92\x11\x9e(K\xdeO\xe2\xc0I\xea\xcf\x92\xab\xb6\
d\xd04{\xccd\xdf\x00\x80\xc0tA\x00L]\x87\
z.\xf5]\xdf\xf3]\xc7uJ\xa5jX\xf2*\xb5\
\xb0\xdel\x06^)@d\x10\xf56\xf7\x0fo]\xbd\
q\xfd\xe2\xdb\xaf\xbc\xfa\xca\xa5k\xb7\x06\x83\x84EQ\
*\x98\xc4H\x01P\x85\x10\x80\xeb\xba\xe5j\xe5\xec\xc3\
\xe7\xce\x9c>\xf5\xe8\xa3\x8f<\xfe\xc8c\xe7\xce\x9d\x99\
_\x5c\xaa7\xe7J~\xc8\x19\x1b\x0e\x06\xd1p\xd8\xeb\
\xf7\x86\x83a\x12\xc7Q\x1c\xa7i\xa2\xa5\x0bB\x08\xc1\
s\xb5\xa7\xf54\x16\xba!L\xa6\xf6\x1c!\x7f\x01\x90\
\x82|\x8f\x8d\x94\x13\x17\xd5\x95\xf6$\xcc\x9b\xb6\x17\x90\
\x9e\xe9\x01q\xdf\x00c\x0a:\xfeu\x8b\x0c5|\xa0\
\x19\x88T\x08\xd0Xf$\xaf\xe9\x03\x84)F\xc8u\
=>\x8c\xb7\xf6v\x1fz\xf2\xb1h8\xf0\xa8\xeb\x10\
\xc7!J\x13\x82\xbam\x9f\xee\xeb\xa0;\x19\xea\xbb1\
\xca,OsA/\xc2?5\xa0\xed'\x1bB)\x82\
\xd0\xf6\xd6v\xb5Z-\x95K\x1f]0l\x9f\x86\xd1\
pp\xed\xda\xd5\xab\xd7n\xf4z=]\x16\xa2\x05@\
\x1a+\xea\x84\x86\x15\x22SL\x08!\xbe\xe77\x9a\xf5\
\x0b\x8f]x\xe8\xa1G(\xa5?,U\xa8\xa7\x12\x84\
\x90a\x1c\xfd_\xff\xab\xff\xf2\xb7\xff\xf9?\x9fk6\
\xe7\xe6\x17\x5c\xd7\xf5<\xd7q|J\xa9\xce\xcf\xaaL\
\x8d\xa4e\xce\xbb{\xbb\xbe\xef\xfc\xed\xff\xf0o>\xfd\
\xccg\x0f\xf6v\xe349y\xf2\xb4\x92\xaaXX>\
\x8bY\xbc\xbf\x98\x01\xc2Y|lC*\xc58\x1b\x0c\
\x06\xfd~\xd4\xef\x0f\xfa\xfd\xbe6\x86a,\x8e\x938\
\x89\x13\xc6\x18\xe3\x5c\x0bD\xb9\xe0\x82\x09)\x04\xe3L\
p\xa3\x0e\xd5\x0f\x80\xac\x81`\xe6\x83W\xe0\xa0$\x17\
J)J)\xa5\xd4\xf3<\xdf\xf7\xc3 \x0c\xcb\xa5R\
\xb9\xd4\x9c\x9f_]YY^^.\x97\xcbz{\x1e\
\x84\xe7\xa6\xcaf\xfe\xba\xb5\xb46\xae\xdc\xdf\xdfx\xe1\
\x85\xe7_y\xe9\xa5;\xf7\xb6\x11\xa2a\xb9\xea\xfb>\
\xa5\x98R\xe3s\xa2AH\x9a2\xc6\xb9B@]\xaf\
R\xa9\xce7\xe7\x16\xe6\xe7\xe6\xe7\x1a\xd5J\xc5\xf7|\
J\x90\xeee\x0d\xa0+\xee\x95\x9a\xb0\x81\x99\xaa\xfa\xb3\
\xa5_\xf6\xfd|k\x8b\x0bC\x8e!!\x073\x96\x03\
+4\x18\x94R3]\xc5\xf6\x83S\xc8\xae\x8c\x0b4\
\x861Y#\x01%\xa5\x90\x92\x83$\xc4)\x97+s\
ss\xf3ss\xf5z\xddsF<\x99\x95H\xf7v\
\x0f\xee\xdc[\xdb\xdb\xdb\xd9\xde\xde><:\x8a\x93\x04\
\x13\x07S\xea\x98\xf9,X\xad\x1a\x14\xe6\xc7X\xd9\xee\
j\xa3BP\x8d\xf8\xb0e\xfcF\xf9\x9aB\x93@\x85\
@\xbbV*PXe\x86\x89h\x0a3f\xc7$7\
Y\x85\x89\xe2@\x05\x0a\x8f\x8f<\x00`5\x22\x1c=\
\x8e\xe8\x1b\x1f\xd5w\x83s\xc71\x81\xc7\x91\x81\x938\
\xb3\xf8\xa9\x81s\x86\x1b\x1d\xe9+06E\x9b|m\
0\x89\xd5;\x22\x04\x08\x08&\x05\x08\x91;\x85\x10J\
\xfc\xc0\x0f\x82\xc0\xf5]\xd7w\xab\xd5\xda\x5c\xa3>W\
\xaf\x97J\xd54M\x0ev\xb7\xeeno]\xbd|\xfd\
\xf6\xc5\xabW\xae]\xbb\xbd\xb96hud\x92p)\
\x07L:^P-\x07\x9e\xe7\x9e<y\xf2\xd4\x993\
O\x5cx\xec\xfc\xd9s'N\x9cl.6O\x9d=\
Y-W\x08r\x00\xe4\xb0\xd7><jw\xfb\x838\
\x8e\x05g)\x13q\x1c'\x89\xb9M\x09\xce5\x1a\xd4\
\xa9+\xc9\xa5\xd2)\xab\xa2\xd4S\x13q\xaa\xb0\xbf\xc8\
\x08,\x11XW\x94\x1c}\xe93S\xd7\xc9A\x01\xcb\
M\xd2\xd7cc\x82\x000!\x16=\x8e\x80I4R\
J\x87\xf3\xf2=Dt/x\x84t\x9bx\xd0\xbf\x9d\
5\xd9C#}\xdb\xcd{\xba7F)\x08\xae\x5c\xba\
r\xea\xdc\xd9\xc5\xa5\x05%\x14B\x14\x15*fqN\
\x9c\xcf\xe2\x83\x08\x01\x80\x00\xa2\xde\xa0utx\xf2\xcc\
\xe9\x1f\x16\x0b=\x08\xa1\xb2\xec\x99\x92\xe2\xe6\xcd\xeb\xef\
\xbc}\xf9\xe0\xe0\x80\x09n\x88Ai\x1a\x91 \xc8\xb3\
\x18\xd6^X\x9f\x9a\xbaH\xd8\x0f\xfcG\x1e:\xff\xcc\
g?\xeb\xfb\xe1{\x1f\x07\x8b\x06\x0f\x0e\xf6\xfe\x93\xff\
\xf4\x7fs\xe5\xe2\xc53\xa7Oa\x87\xb8\xae\x1f\x86\xa1\
\xe7y\x94\xba\xba\x98\x5c)\xa9\x94PRr.9\x13\
\xa0\x14\x22\xe4\xa8u\xe8\x22\xfcw~\xf3\xef<\xf6\xf8\
\x13;\xbb\xbbKK+\xef\xbds\xec,fq\x9f\x98\
\x01\xc2Y|<\x22S\xc6!\xd0gu\x14\xc5\xdd^\
\xaf\xdb\xeb\x0e\x06\x83D\xeb\xac\xd2$\x8d\xd34NR\
\x96h\x18\xc8\xb3\x99\x16\x17\x823.\x85\x90Br\xc1\
e\xa6\x0eu\x1c\xc7\xea\xadF\xe6\xa9:\xb5\x8d\x10(\
\xc0\x18{\x9e\x17\x04\x81\x1f\xf8~\x10T\xab\xd5\xf9\xf9\
\xf9\x93\xa7N.//k\x81\xe8\x08)\xf7\xa1\x8e\x0f\
\x00\xd2\xcd\xda4`a<\xb9~\xf5\xd2s\xcf>\xf7\
\xfa\xeb\xaf\x1d\xb5za\xa9V\xae\x94\x1dJ\x09B\x84\
b\xe2`\x8a)FD\xb3\x10)\xe3\x1c!\xc7s\xab\
\xb5\xdars~eq\xb1Q\xaf\x05a\xe0\xba\xae\xd6\
\x89IPJW\x13e\x8c\xdb\x08x\x9b\xce\x14Z\x0c\
7\xa2\x0b\xb5\x87S\xa9\xf1\x06\x0f\xc7\xe2\xc6\x91\x02\xc0\
\x22\xe4\x9bN6j\xf2H\xe5\x92K)\x01\xb8\x14J\
\x81\xeb\xb8\x95r\xb9\xd1\x98\x9b\x9f\x9f\xafV\xcb\x9e\xeb\
\x16\x1f\xb6\x8c\xb1\xd6Qk}\xed\xce\xda\xdd;\xdb[\
;\xfb\xed6\xe7\x9cR\x82\x09EX\x13\x13\xba\xc9\xb8\
\x9eJ\xe0\xcc\xe5\x22o\x1f\x9fM+\xcc3\xdcHA\
3H\xa2\x0f\x13d\xff\xb5\xec\x9f\xf9\xae\xe9\xb5\x86\xec\
;\x05tg\x1a\x12\x1a\x01\xd3\x04\xe8\xb3\xafs\x948\
\xfa\xe9\xc8\x84\xc6\x1c\x84\xdc\x9a\x7f\xeaHNE\x89\xf7\
\x81v\xf7\x81\x7fS^d\xbf\x86\x8e9\xee\xe3\xa7\xf8\
1W\xd8$\xdd\x8a\xb2\xc6\xf1\xd8\xf4u\xd4\x98\x84\x18\
\xec\xa2+\xcb(r)\xf1<\xcf\xf7\xbd \x0c\xc2R\
9,W\xab\xf5j\xadV\xa9\xd6*B\xc8\x9d\xad\xad\
\xbbwn\xbf\xf9\xfa\xdb\x97\xde\xbat\xeb\xe6\xf5\xcd\xfd\
\xbdn\xa7#\x13\x91J\x10 \xaa\xe5p~~ai\
i\xf1\xec\xb93O>\xf9\xd4\xa7?\xf9ts~a\
uqi~a\x01!,8\x8f\xe3d\x18\x0d\xbb\xfd\
^\xbf\xdf\xef\x0d\x06BJ\xe0|\x10\xc5\x8c1)\x85\
\x94\x921\xceR\xa6\xaf>\xae\x89A)\x05\x17Jw\
9\x9c\xd8\xa31\xa4\xa7\x03\x10\x02l\xb4\xaf\x04\xe1\xe2\
\x02\x06\xfe\xa1\xcc\xfc\xb2\x90\xbc0\xdf\xcd^\x14\xd7\x0c\
\x19\xdc\x1b\x83\x97`J+\xf5\x9f\xc8j1\xc9H\x9d\
,\xcaLX2\xf0\x89\xf3m\xcdj\xf8L\x1fv\x84\
1%\x98\x10\x82)A\x88tZ\xad\xdb\xb7o}\xee\
\xf3_\x94\x8ac4k\x97\xf5!\x87T\x0a\x03\xba\xf6\
\xce\xa5\xd3\x8f<\x14\x04\x0f\x84\xf8\xe5\xbdD\xf1Y,\
\xa5\xdc\xdd\xddy\xe7\x9d\xb7\xd7\xee\xddK\x12&\xb8d\
\x82\x09\xceM3\x15\x93U):x\x19\xdf\x5cd*\
d\x11&\xd4u\x1d\xcfu\x1ez\xe8\xa1/|\xf1K\
\xa5R\xe9=aB\x05B\x08B\xc9\xce\xee\xe6\x7f\xfc\
\x9b\xbf\xb9\xb9\xb6ure\x19;\xc4\x0f\x83\xc0\x0f]\
\xd7\xa5\x94j\xbf\x22\xa5\x94\x14\x5c)\x05\x0a\x09\xa1\x9b\
\xbe0mt\xd6\x1dt+A\xf07\xfeW\xff\xe1\xea\
\xe9S\x988\xae\xeb~\xd8C;\x8b\x8fC\xcc\x00\xe1\
,>\xf2\x91\xdd\xe5\x01\x00\x18\xe7\xdd\xde\xb0\xdf\xef\x0f\
\x06\xfdh8\x8c\xe28\x89\x13\x96\xc6i\x9a\xc6q\xcc\
\x18K\x92$MS)\x04g\xdc\xaa\xad\xa4\x94\xd6i\
\xdd\x96\x08*\xa5\x5c\xd7\xb5n((g\x1f\x000\xa2\
\x84:\xd4!\x18\xbb\xae\x1b\x86a\x10\x06A)l\xce\
\xcf\x9f>}\xfa\xe4\xea\x89R\xa9\xf4a\x8f\xca\xf8 \
I\xa9t\xb6\x13\x00\xba\xed\xddW^\x7f\xf5\xbb\xdf\xfd\
\xfe\xdd\xdbwRNK\xe50\x08|\xc7q\x08B\xba\
\x04R\xcf\xf4\x94Ri\x9a2\xce\xa5B\x8e\xe7W\xeb\
\xd5\xc5\x85\x85\xe5\x85\xc5f\xbd\xee{\x1e!\x04\xb2\xfa\
\x91q\xf1\xde\x04N\xb0Ta\x11F\x1c\xa7?\x1c\xe3\
\x03\x8b\x22@x\x0f\x80\x04&0\xc9\xe4\xc2\xa0a\x13\
\xc2\xca\x00!\xc0\x84\x94\xaa\xe5\xf9\xf9\x85fc\xae^\
\xad\x8e\xf0\x81\x0a\xa2\xe1\xb0\xdd>\xd8\xdd\xdb\xbdy\xf3\
\xd6\xbd\xb5\x8dn\xaf+\x84\xc4\x98\x12J\x10Fz \
\x0a\x82:\x92sN\xc8\x90\x18\xc8\xf6\xcc\xc6\x86\xba\xc1\
\xb6\xb99\xb6@\x10\xe5\xc5L\xb6T\x0f#\xf5\xae%\
p\xba9\x86\x11\x88\x16\x90\xde\xd4/I3\xd9\xc9A\
8\x18`\x89\xa6\xdao\x8e\xd2\xbc\x93\x07z\xea8O\
\x92\x81\xf0n(ql\xcd\xb9B\xd8\xee\xda1\x0e1\
\xca\xee\xf58\xb7j\xfe\xb4\x5c\x16d-:,b\xc1\
\x98\xe8\xa3O1q\x08\xa1\xd4q<\xc7q\xa9\xef{\
\xe5R),\x07\xf5\xe6\x5cs\xbe\xd9\xa8\xd4\x00\x93\xa3\
V\xf7\xd6\xb5k\x97/\xbd\xf5\xdako\xde\xb8zs\
k{\xe3\xe8\xe8(I8\xc18\xa8\x94\x17\x17\x17V\
O\xac^x\xf4\xd1O~\xfa\xd3\x17\x1e{\xec\xcc\x99\
3\x81\xe7a\x90\x84\x908N\xe2(\x19\x0e\xa3(\x1a\
&i\x1a\xc5\xb1\x94R\x08\x1e\xc7q\x9c\x8a$e\x92\
\xa7\x82\xf1Tp\xc6to\x1b.\xb9\xb95AA\xed\
9\xb6;\x16\x8c\x11B\x8a\xef\xd84\x04&D\xb3\x7f\
\x1a\x1d\xe2\xacA\x82E\x83(3\xde$\xa8\x00\xdd\xb4\
\xea\xb2\xc0\x91\xe6\xc0\x0f#\xe3\xda\x02\xc8\xe2FbY\
>\xe3\xfai\xd6\x860\xa6\xb6#\x1f6\x0d\x17\xb0-\
\xe2#\xc4\xb8|\x1a@\x9e\x19\xc5\x00\x81\x8cm\xd4\xb8\
]HI0~\xe3\xb5WWN\x9c\x5c^^\xfe1\
Xy\xcc\xe2G\x0b}\x5c\xf66\xb79\xa8\xd5\x13\xab\
\x0f\xf8\x011Y\xdcl\x0bY\x9cl\xedl]\xbdv\
ukkk8\x8c8\x97\x9c3\xce\xb9\xcal\xe3\xb8\
\x14E\xe885\xa3\x84\x10\x22\x98\x10\x8c\x1d\xc7\x09\xc2\
\xf0\xd1\x0b\x8f~\xf5k_%\x84\xbe\xeb(\x08\xa90\
F\x9d\xce\xe1\xdf\xf8\x9b\x7fs}mkyi\xd1s\
\x9dr\xb9\x1c\xf8\x01u]/\x0c\xfcR\xe8b\x85\x01\
)\xadrJe4L\x19\xe7R0\x96&\x823\x84\
\x91\x028l\xb5\x96\xe7\x17\xfe\xe3\xdf\xfc\x8fj\xb59\
@\x98R\xac\xd4\x87\x9ew\x9e\xc5G;f\x80p\x16\
\x1f\xe5\xc8\xf8\x10\xa9T\x9a\xb2~\xbf\xd7\xeet\xda\xdd\
^\x12\xc7\x8c\xb14\x1e\xa6\x89.\x12\x8cM\xf5\x0d\xe7\
,M\xa5\x94\x22k\x22a\x01\xa1i\x1d\x91\xcdJ\xb5\
^\xd4q\x1c;+UR\xa1\xccC\x81:\xd4u]\
M\x0c\x06\xbe\x1f\x86\xa5Fs\xee\xe4\xa9\x93\xa7N\x9e\
\xacUkf\xf9\x07\xe6\x19)\x0b\x16dw\xee^\xff\
\xeew\xbe\xfd\xd6\xebo\x1c\xb6\x8e\x10)\x85A\x85R\
\xa9\xa7\xc1\x94RB\x88v\xbf\x94J1\xc6\xd34Q\
\x80\xbc l\xd4\xeb\x0b\x0b\xf3\x0b\xcd\xb9F\xbd\xe6\xbb\
\xbee\xbaTA\x8b8\x15\xddY\x9a'7z9N\
\x11:n$\x93\xb7\x92\x9b\x5c\xe6\xb8o\xd9\xb3Be\
\xa0RM\x80\x100\x1e!\x08$\x08\xa5\x90C\xc3R\
i\xa19\xbf\xbc\xb08W\xaf9#\xbaP\xd5\xebv\
\xf7\xf7v\x0e\x0f\x8e\xee\xdc\xbd\xbb\xbd\xbd\xd9\xe9\x0cb\
\x96\x00F\x0eqlq \x02dd\x9e\x9ax\xcd\x00\
\xa0&\xa2,=h\xbd;Tn\x17\x93\xfb\xc1\x98|\
\x86\x9a&\xfc\xd1\xa5V\xd3\x8el.\x14D\x08\xe9j\
\xcc\x82\x0f$\xc0H\xd3E\xc8\x8eY\xae\xad5\x5c\xe2\
\xb1jL\x18\x05\x84\xc7\xfd;\x15\xe3\xdd\xe7S(2\
\xc0\xc7\xafG#a\xfd\xdb\x08\x8eE\xc5\x12\xa6HC\
\xc7\xa6n\xfa#B\x88\x06\x83\xda]\x04a\x84u\xa7\
8B<\x97\xba\xae\xe3\xb8\xae\xef\xfb\xa50\x9c\x9b\xab\
//\xaf\xce-,R\x97\xb4\xba\x9d\xabWo]y\
\xf3\xcd7^\x7f\xe5\xd2;W\xee\xdc]\xebtZ@\
pm\xae\xb9\xb44\x7f\xee\xdc\xb9\xd5\xc5\x95'\x1f\x7f\
\xe2\xf1'\x9f8{\xfe\xf4\x89\xd5\x15J\xa9\xe02\x8e\
\xe2N\xa7\xd3\xeb\xf5\xfa\x83a\x14Eq\x1c3.@\
\x01c,f,N\x92$I\x85`\x82s)d\x9a\
2\x9e\xc6\x22e\xa9\xe0BJ+ &\xb9\xd9e\x8e\
\xca C\xb6E)2\x1e\xab\x97\x1b\xeb\xa5\xa01\x1e\
`Bs}\xa6N\xe8 \x82t\x9d+.\x00\xc2\xcc\
\xa1%\x97\x86\xe6\x182S\x80f\xfdR\xac\xc8\xd3\xb0\
\x80\xba\x0b\x03\xb6\x0d\xfa,\xfbG0!fE\x18\xd3\
\xac\xf9\xc3{rsQJ\x22\x84\xf7\xf7\xf6\xd6\xd6\xee\
=\xf3\xd9\xcf\xe9\x1a\xb6w\xfd\xd6,~\xa2\xa1\x00\x18\
c[k\xeb'\xce\x9f\xa5\x0f^\x17\xbc\xfc1\x92\xa1\
9)D\xab\xd5\xda\xde\xdaZ\xbf\xb7\xb6{\xb0\xdf\xed\
u\x85\x10Z!d\x8aB\x8c\xf7\x92\x8aY\x22U\xf6\
\xb8\xb7\x17Z\x96N\xb5w\x15\x8a\x8d\x07\xa9\xe7{~\
\x18~\xe9K_\xfa\xc4SO\xdd\xff\xb9\xaf\x94\x12J\
\x09%\xfe\xfe\xdf\xfdO_\x7f\xe5\xe2\xe2\xd2\xbc\x1f\x10\
?(\xb9nP\x0a\xc2\xc6\x5c=J\xd3;k\xf7v\
\xd7\xefu\xbb]\x82q\xad\xdeXY]=y\xf2\x94\
\xe7\xf9\x83A\x9f%,\x89\x13.\x99\x92\x12\x00\x0e\x0f\
[?\xff\xb3_\xfdw\xff\xa7\xff^*\xa4C\xe9\x03\
2\xdf\x98\xc5G7f\xd2\x8bY|$\xc3&\xf0\xa4\
Rq\x14w\xbb\xbdN\xa7;\x1c\x0e\xe3(\xd2\xde\xa1\
Q\x1c\xa5I\xa4+p8\xe7I\x92r\xc6x&\x0a\
\xd5\x06\xa1\xb6\xa3\xa02\x0f\x02U\x9c\xa4b\x82\x85.\
$0\xdaB\xf3lp]\xd7\xf1\xbdr\xc9D\x18\x86\
\xa7N\x9d:{\xfe\x5c\xadZE\x80\xc6\x8c\x1c>\xf8\
a\xc9\xcb\xcd\x94RJ\xe9Y\x9b\x92\xe2\xc6\xcd\xeb\xdf\
\xfd\xdew_z\xe9\x07\xc3a\x1a\x96k\xd5\xda*B\
\x02\x11\xe5\xd1\x80:\x0e!\xba\xec\x0d)%Y\x9a\xc6\
\x8cK\xa9Jainnnaa~\xbe9W.\
\x87\x8e\xebb\x8c%\x08\x10\x19\xb6\xc9\xc0\xc4(\x1e+\
h;\xb3\xd1\xcc\xcc\xdc\x90:\x86\x0e\xca_CF\xc3\
\x16\xdeG\x08\x99\xca@\x84\xe0\x18(8\xb6\xfe\x22\xf2\
\xd0\x14\x92\xd2\xff\x82\x12\x02\x08\xa5^\xe8/\xd6\xe7\x96\
\x97\x96\x9a\x8dF\x18\xf8\xd9\xd3Tq\xce\xfa\xc3A\xfb\
\xa8\xb5\xb9\xb1q\xeb\xd6\xad\xed\xed\x9d(J\x18\xe7\x0a\
)\x8c\xa9\xe3\xb8\x18\x01\x02\x82\x00\xe1\xacU\xb1&\x9d\
\xf4^g\xdcL6@0\xda\x92A\x0b?\xa5\xb2\x8d\
\xf2\x8c~I)\xc8|A\xc7#\x87\x8a\x05/\xd0\xd1\
vp\xba\x0erB&Z\xf0?\xb5\xd0\x11r\x02Q\
\xa1\xb1#7\xbe0d\x80\xf0]\x09@x7@\x08\
\xc7\x01?\x98\x82\x0c\xb3\xe5\xb3\x01(t\x14\xcc\xaaN\
\x0d\xc3\xab\x00\x146\x8b\xeaF\x1dJ)\x9c\xb7\x0a\x84\
\x02,\x22Y\xc7GB\x09\xa6\x94:\x94\xb8\x14\xbb\x9e\
\xe7\xb8N\x10\x86\xf5\xb9\xc6\xfc\xe2\xfc\xc2\xf2j\xadV\
\x97\x9c\xed\xed\xed\xff\xe1\x1f\xfe\xf1s\xdf\xfb\xdeK/\
\xbep\xf3\xeeZ\xbf\xdd\x01\x04\xcd\xf9\x85G\x9e|\xfc\
\xf1\xc7\x1f\xff\xd4SO]\xb8\xf0\xf0\xc3\x0f?4\xbf\
\xb8\xe8\xba\xc1\xb0\xdb\xef\xf6\xba\xfd\xa8\xff\xd6\xdb\x17\x85\
\x10,\xe5I\x92\xa6i\xa2\xcbn9\xe7I\x12\xa7)\
\xe7\x5c0\x96&,\xe1LkA\x99`\x9c3\xa6\xa4\
T\x80(\xc2H70\xc4\x04\xe1\x02\xba\xd3\xa2Vs\
S\xd2~F\xa6\xdd\x9f\xd9;\x82\xad\x11\x8ey=\xca\
\xef\xe9\x8f(&\x08!JiN\xeb\x11\xac\xc9=c\
\xc2\x89P\x8e\xeet\x17\xbe\x8c\xf7#\x19\x89\x87\xec\xe7\
\x08\xe7\xbd\x1a\x0a\x1d\x1b\xb2\xc2?G\x83@\x8b%A\
w\x92\xc9\xb4\xae?\xd4m\x0d!\x10J.,.\xde\
\xbaqc\xff\xa8=7W\xb7\xaa\x81Y|X\xa1\x94\
r\x1d\x07K\xb9\xb7\xb5s\xe2\xc4\xea\x87[\x22o5\
\x0e\x99\xaa3\x97\xe7\x0b\xc1\xdb\xed\xd6\xde\xde\xde\xc6\xc6\
\xe6\xce\xde\xdep0\xd4m\x85\xfb\xfd\x81\xb6\x8f\xd1E\
!RJ%\x8c:HHa\xd7<\x89\x03m~D\
II0\xd1Z\x06E\xf0\xdbo\xbf\xbd\xb2\xb4<\xbf\
0\x7f\x1fL(\x84\xa0\x94\xfe\x93\xff\xf7?z\xe5\x95\
\xb7\x17\x17\x1bA\xe8\x07~\xe0\x05^c~\x99K\xfe\
\xc7\xdf\xfa\xa3\xd7_{}ow\xafxS\xc6\x18\x9d\
=w\xe6\xf3_\xf8\xfc\x93O~\xc2\xaf\x06\x18\x0f\xe2\
t\x98\xc6\x09F\xb8\xdeh>\xff\xdc\x0b\x9f\xfe\xd4\xa7\
>\xf9\xcc\xe7\x84\x10Z&0\x8bY\xbc\xef\x98\x01\xc2\
Y|\xc4\xc2N\x83\xa4\x94\xfdh\xd8\xe9t\x06\xc3A\
\xd4\x1fF\xc3a\x9a\xa6\xc3\xe1P\x9b.\x0c\x87\xc3$\
5\xfd$\x14\x17RH]\x89\xa3\x94\xb2\xcd\xe5M3\
\xae\xc2$\xb6\xe8vH\x10\x00\x12`s\xf0\x08\xb9\xae\
\xeb\xf9~\x18\x06a\xb9T\xadT+\x95\xca\xc2\xc2\xc2\
\xea\xea\xea\xf2\xd22\xa1\x04\xac<\xb2@J\xfc\x98\xf7\
\x1d\x8cXG\xaf\xbd\xe8'\xa1\x00\x94\x90\x08\x80\x10\xac\
)S=\x01fi|\xe9\xd2\x9b\xcf=\xfb\xdd+W\
\xef&\xa9t\x9c\xa0\xd9\xach@\xe39\x81\xe3P\x8c\
)`\x8c\x94D S\xce\xe2$\x15\x12\xdc l\xce\
7W\x97\x16\xe6j\xf5RX\xa2\x94 \x8c\xa5PR\
\x88\xf1\x0d\xb2\xb3\xf9\x1c\x05\xe5| L\xc3~\x93o\
\xe6\xef\xa0\xf17\x8f]\xf2\xbe\xef\xeb\xbf\x05B \xc1\
4\x103\x1e3\xe0z^\xbd\xdeXX\x5cX\x9a\x9f\
\xaf\x97\xca&\xb5\xad \x89\xe3\xc1\xa0s\xd4>Z_\
\xdf\x5c\xbb\xb7\xbe\xbb\xbb\xdb\xe9\xf6X*0A\x84\x9a\
V\xd5\x08e\xd2PU\xe8A\x00 A\xe1B\x8e\x5c\
WQ\x82\x02\x959|X\xac\xa6\xfd\x1d\xf5ki\x10\
\xe8\xa8\xf5\xa5\x1a\xe9\xfd]\x04r\x0aMi\x0f\x08\xc6\
\x1d!\xeb\x12\xae\xb5\x5ch\x02\xe8e\x19\x0d9\x05\x00\
\x16\x16F\xa6\xed\xb2\xde\xd4\xa9Xn*\xfc\x1b\x1b\xff\
I\xd7\xd0\xb1\xa3Y<g\x94R \xcd\x8f\x15wY\
\x8d\xa2\xd9\xe25\xa5\xf2\xa6\x1a\x1aSg\xba\xd9|\xde\
\x06\x96\xeb\xa2\x98\x90\xac\x1f\x0c\xa1\xd4u\x1d\xc7\xa1\x81\
\xe7x\x81\x1f\x94Js\xf5\xc6\xfc\xfc\xfc\xe2\xea\x890\
(\xf5\xbaG\x17/]z\xe1\x85W^~\xf9\xa5\xd7\
\xdfx}cs\x17c\xbc\xbc\xb2\xf2\xe5\xaf|\xe5\xe9\
\xa7\x9f~\xfa\x93\x9f\xfc\xe4\x93\x8f\xaf,/:.U\
B\xf5\xbb\xfdN\xa7s\xe3\xca\xb5\xdep\xc8\x99\xf1\xab\
\xd2\xbat\xad\xf7L\x93\x84\x0b\xa1MA\xb9\xe0\x9c\xe9\
\xaae\xc6S\xadV\xe7J*\x8c\x11\xc1\xc4q]B\
\x09\xa5\x0e!\x98\x9a2\xd4\xacfO)\xc0\xba\x03J\
\xde \x02\xe9SN;\xc1\x18\xe5'\xcej\xfbr\x04\
h\xff*\xc26\xdbj]\xbf\x832\x87\xe4\xb1\xc5r\
r\x0f\xe7\xdc!\xb1\xcd\xda\xb3\x05(\xa5\x84`LQ\
\xd6\xf8\x81\xd8Q\x9f\xc0\x07?Tk\x87\xb1\xdb\x0c\xd6\
\xfd\xc0WW\x967\xef\xdcY\x98\xfb\xb4T\x02\xd0\xbb\
\xcb\xf3f\xf1\x93\x0b}26\xe6\x17v\x0f\xf6\xa1 \
\xec\xff\xc0B\x15S`y[v\x04\xa0$O\xa3d\
\xb8\x7fpx\xb0\xdfj\xb5;\x87\xadV\xb7\xdbK\x92\
X\xa4,MS\xc6\x19g<\x8ec)5\x1a\x94\xf6\
\xd1o\x0d\xc9l\xb5 *\x983\x15\x01!\xc6X\x01\
\x02bnO,I\xdbG\xad\xcb\x97.}\xed\xe7~\
v\xda\xb6\x02\x00p))\xa5\xaf\xbc\xfc\xfco\xff\xf6\
\xbfl4\x1a\xbe\x17x\xbe\xe7\x95\xca\xcbKKw\xef\
\xdc\xfe\xe6\xef\xfc\xce\xbd{\xf7\x10B\x84\xd0\xb1{\xdd\
\xed[wo\xdf\xbe\xf7\xc4\xe3\xef\xfc\xda\xaf\xfe\xb9\xe5\
\xa5\xe5\xbd}!\xa9\xe2\x82;\x14'.\xfd\xd7\xff\xc3\
7\x9fx\xf2)\xe2\xf9\xd6Da\x16\xb3x\x7f1\x03\
\x84\xb3\xf8(\x85\x99n*9\x1cF\xfd^\xaf\xd3\xed\
\x0e\x86\x834I\xa2(\x8e\xa3(\xd1\x0d\xba\xd24I\
\x92$I8\xcf\xbbH\x08\xc6\xb9\xe0Je\x9d\x04\x8b\
\xb5\x82`z\xd3\x8d\xe0+\xa5\x08!v&J(-\
\x07a\xb9T*\x97\xcb\xa5J\xb9\x5c\xa94\xe7\x9a'\
N\x9eX\x5c\x5c\xf4<Oo\x9b^'\x1ea\x88~\
\xa4=\x1d[\x8f4\xcd\xc4u3\x04\xb0\xbb\xa0\xe7\xd0\
Z\xf4\x05Jq\x0e\xd4\xc1\x84@\xbf\xdf{\xe5\xe5\x17\
^|\xe1\xa5\xbb\xf7\xd6\x05\xc2a\x10\xd6J\x94\xa7\x8c\
`L\x1d\xc7\xa1\x94`\x02\xa6\x13\xb4b\x9c'q\xcc\
\x14\xf2\xfc`i~~iia\xae^\x0b\xfd@O\
\x19\xa5R \xc4\xd8V\x99\xe7q6}\xb7\x0d\xdf\xd1\
\xf1h\x10\x8e\xd7y\x9a#\x9b\xc1\x1a(4=\x9f\xba\
\xaa\x89\xf7\xc12_v#\x11 \x89\x90P\x0a\x90r\
\x5c\xaf^\xa9\xcc7\x9b+\x8b\x8b\x8dz\x9dR\x93L\
\xe5\x9cu\xba\x9d\xfd\xdd\xfd\xcd\xad\xed\xb5\xb5;\xfb\xfb\
G\xfd~?I\x12\x85\x14\xc6\x98\xba\x86\xfa0v\xf8\
\xc8v\xd4\x9eR[\x02`MXF\xe0\xdc\xc8\xa0\x01\
`Kf\x8e\xee\xbb\xde\xe01 W\x04HPp\x8a\
)\xd2\x83H\x8d\x03\xc5\x1chY\x07\x1a\x05\xd3\xb0\xa4\
\x1a?\xa0\x19\xcf\x09\x19 \x9c\x04{S\x09\xc01\xa2\
o*\x198v\x02(5\xd2S\x1eeN\x0fv\xa0\
`l/\x0a\xfa\xd8l\x19\x05\x008s\x5c\xd7\xe5k\
Z\x9cH\x09\xd5\xe8\x84\x12\xecR\xeaR\x878\xc4\xf3\
\xdc\xc0\xf5\xfc \xa8\xcf5\x16\x96\x97\x9a\xcb\x8b\xe5z\
\x95%|\xe3\xde\xda\xbf\xfe\xe67\x9f\x7f\xee\xc5W_\
y\xf9\xe6\xed[\x84\xba'O\x9c\xf8\xeaW\xbf\xf6\x95\
\xaf}\xf9\xf1'\x9f|\xe4\xe1\x87\x17\x1a\x0b\x00\x8a\xb1\
\xa4\xd5j\xdd\xbd{\xef\xa8\xd5\xea\xf5z\x80\xb0V\x1f\
\xb0\x94\xd9[\x8dy\x871\xadFg\x8cg\x1c!\x17\
<\xd5\xa9(\x00 \x84h\xa5\x996(\xa6\x84f}\
\xd6\x8d\xf5K.vU\xc6\xb3\x17\xe3\x91&c\x99B\
y\xc4\xe7\xd3\x16\xfe\x15E\x9eEL\x88\x09\xd6\x5c\x9f\
\x06\x81\xda\xda\xde\x14\xf5\x15\xba\xb3\xdbw4\xe4+\xae\
\xc1\xd1\xad\xff2\xd0h\xfa\xd1\x90\xacj\xb1\xe0\x8c\xfb\
~\xeez\xc7\x84\xb6HU\x00+\xa7N\xdd\xbe\xfd\xfd\
A\x92\x84\x9e;\x9b\xf9~\xb8\xa1\xaf\xceJ\xbdv\xd4\
\xe90\xc6\x1c\xc7\xf9\x89\xfdT1\xcb\x07\x08I\xddA\
$K\xf4\x01\x00H)\xe38\x1e\x0c\x86\xadn{\x7f\
o\xbf}t\xd4\xed\xf5{\x83>K\x05\xe7\x823=\
#H\x19Ku.\x18\x00\x92$\xd1\x80\xd0*\x0f\xf2\
;\x8c\xb2~^91\xa8$\xe4\xdc\xa0RRJ\xdd\
\xa9U\x11B\x10\xb04\xe5\x8eso}\xed\xe0\xe0`\
~~\x82$D\xa0\xa4R\x08u\xfb\xbd\xff\xfa\xff\xf1\
\x0f\xb1B\x95\x90z\x81\x1fV\xeaK\x0bs\xdf\xf9\xf6\
\x1f\xfc\xc1\x1f\xfc\xa1`\x99\x89]!\x9b\xa67\xc0q\
\x1cB\xc8\xe5\xcb\x97\xb7\xb7\xb6\x7f\xfd/\xfd\xc5'\x9e\
||o\xff`\x18\x01\xe3i\xb9Z\xb9{\xf7\xee\x8b\
\xcf>\xf7\xb5_\xfcE\xbdI\x1f\xf6y1\x8b\x8fp\
\xcc\x00\xe1,>\x02Q\xa4\x08\xe28\xee\xf6{\x9dN\
g8\x1c&q\x12G&4\x14\xd4h\x90s\x9e\xa6\
\xa9\x12\xd2\xd83Hi\xeb\x04,\xea3\xf4\xa0\x94j\
\xb4V\x0d\xb2Y\xa9Fw\xba\x9fD\xb9\x5c\xaeUk\
\xd5J\xa5Z\xad\xd6\x1b\x8d\x95\xd5\x95\xe5\xe5\xe5 \x08\
\xf4\xf2\xda\x09P/\xfc>\xd0\xe04\xd5\xde\xc8\xfb\x86\
\xbdTySw\xbb\xc1(#\x85\xa4R\x02\x84\xe38\
\x0e&\x87\xad\xfd\x97_z\xfe\xd9\xef\xbf\xb0\xb3\xbbK\
\x1c?(\xd7)\xc1\x98H\x878.qH\xa1\x18\x09\
\x01\xe2\x82\xc7I\xc4\xb8\xf4\x82p\xb19\xbf\xb80\xdf\
l\xd4}\xcf1V\x0fY'w\xbb%9\xce\x01\x05\
2\x9f\xf7\xc9\xec\xb1:YrV\xfc\xfaq\x88nl\
%c\x83p\x1f\x0c9\xf9C\xc8\xb4\xebC\x08\x14&\
$(\x85\x8bK\x8b\xcb\x0b\x8b\xcd\xb99\xdfu\xec!\
\xee\xf5\xba\xfb{;\x9b[\xdb\x9b;\x9b{;{\xad\
V/\x8e#!\x14\xa1\x08S@\xe0`\x840\xd1\xee\
#\x197h\x7f\xa4\xf8\xac/4\x82\x07\x8d\xbd\x94E\
\xb3F\xb5X\x98\xd1\xe4\xdd\x14'\xc9\xba\xa2\x9es\xca\
\xf9P\xf8\xdd\xfc\x8a\x90\x13:Q4Q:\x08yu\
\xe2\xe4\x00\x8e\xfd)mCB\xa9&\x07\x7f\x0c\xec\x1d\
\x07\x14\xef\x7f\xac\x8b\x80\x10\xac@X\xe6\x9bj\xa0\xef\
\xb4+i\xac\x5cP\x8b\x11G \x0a\xa5\x0e\xc5.\xc5\
\x84P\xc7q\x1c\xd7s\x1d'\xf4\x83J\xad\x5c\x9f\x9f\
\x9b_YZXX,yA\xa7\xd7\x7f\xfb\x8d7\xbf\
\xfb\xdd\xef<\xfb\xfc\x8b\xb7\xef\xdc\x13\xc0\xce\x9c<\xf7\
\xc9\xcf<\xf3?\xfbk\x7f\xed\xb1\xc7\x1f9u\xea\xf4\
\xca\xe22V\xa2\xdb\xefu\xba\x9d\xdb7n\xb6;\x9d\
(\x8atC\x1a\xcee\x9ah\xae!\xe5\x9c+\x85\x84\
\x10R\x0a=\xdd\xcc\x90a\xca\x19O\x19c\xdc\xdcg\
\x10R\x84`J\x1d\xd7\xc9\xc3\xc2-\xad\xe7\xcc/\xcc\
b!\xa8R\x18\xa3b%\xb0=\xdf\x8a\xcb\x17\xd3\x13\
\x16(\x8e\xb1\x85E\x1eO\xff\xb4\x1d7=t\xa3\xd4\
_\xfe\xa6]\xc6!\x94d\x85\x97\xc6T\xe6\x03\x99\x83\
\x22\x00)\xa5\xe3\xb8\xf3\xf3\x8d\x9d\xad\xcd\x87\xce\x9d\x07\
%\x00\xcd4r\x1ff\xe8\x93\xd0w\xdd^\xaf77\
7\xf7\xde\xbfe_[ag\xe1S(\xde\x04\x8b,\
]\xbe\xbc\xe2i\x22\xa3(\xea\x0d\xba\x83^\xaf\xd5\xe9\
\x1cu\xba\x9dn\xb7\xd7\xebEq\xcaR&\x18\x93\x9c\
3\x9e&q\x922\xd3Gj,\xb5\x94$\x89\xd2R\
\x0e\x90E7\x0d\x9d\xd3\x1c\xbb\xb2\x90\xa9w5\xb3\x02\
\xfd\xafa\x08\x01\x10B\x82\xf34M;\xbd\xee\xb5k\
\xd7\xe6\xe7\xe7'\xf7\x9a)\xe5\x12\xfc\x8f\xfe\xe9?Z\
\xdb\xd8\x5cYn\xfa\xa1\x1fT\xeb\x0bs\xd5o\xfe\x8b\
\x7f\xfe\xbdg\x7f\xe08\x948T\x0ai1'\x14\xee\
\xa8:\x91\xe48N\xa7\xd3\xf9\xc7\xff\xf8\x1f\xff\xc6_\
\xf9\xb7\x1e\xbd\xf0D\xba\xb3\xaf[\x91:\xe5\xe0[\xdf\
\xfa\xd6\xe7\xbe\xf8\xe5\xa0\x1c\xceH\xc2Y\xfc(13\
\x95\x99\xc5\x83\x1d\xca>\x22T\xca\xd2v\xb7\xdf\xed\xf7\
\x07\x83^\x1a\xc5\xf1p8\x8c\x22\xad\x11M\xd34M\
\xd28\x8997\xed\xba\xb8n\xdb,\x04\xe7\x5c\xf7\x90\
P\xca\xd4\x08@\xf6\xc2\xa6\xe2@\x83@]\x83\x04B\
\xb7\xde\xf3\xfd0\x08J~\x18TJ\xe5Z\xb5R\xad\
T\xe7\xe6\xe6VN\xac.\xaf\xac\x94J%}\xcb\xd6\
\xc8\x13\x00\xb4[\xf4\xfb\xd9\xbfi\xc0\x09\x0a\x0f\x03\x84\
PQ\xe0j\xb2\x95\x86b\xd2\xed\xa7\xb1\x02\x89\xa9\x1b\
\xb8\xce\xee\xc1\xc6\xb7\xbf\xf5\x9dW~\xf0\xea\xc1a\xcb\
\xf3\xc2R\xb9D)\xc6\x04\xb9\xc4\xa5\x94`Lx\xca\
\xb2\xef*!x\x92r.\x04\xa5N\xb3\xd9\x5c\x5c^\
\x98\xab5|\xdf#$\xaf\x99Pj\xb4\xea\x0c2f\
P\x8dl\x7f\xbeH\x81\xb0\x9b\xbawR\x8d\xb5\x11\xc8\
v\x16\xa6C\xc7I\xd0R|Xf\xefj\x03\x15\x93\
9\x16\x0a\x10!~\x18.4\x1a\xabKK\x0b\x8b\xf3\
\xa5R\xc9\xc2\xa18\x8e\xf6\x0f\xf6\xef\xad\xad\xad\xaf\xad\
\xef\xed\xec\xb6;\x9d(\x89\x84\x10\x08\x15Uv\x08+\
\xcd\xd8\x98\xc6\xd9P(I\xcb~\x100\xc6\x06h\x19\
k\x98\x89\xde\xc0\x99-J\x91:Q\xc5\xe6\x10\xd9 \
X\x97\x1e\x85\x0a\xefL\x5c\x0a\xc5w\xf3\x8c\xc0\xf8B\
\xe3m$\xcc\xe8\xda\xdf\xcd\xd4\x95\x96\xdcC\x19-\x98\
\xd3}\xd6\x99\xe7\xbe\xf5\x81z9\x99\x01\xc8\x91\xf2\xd1\
\xb1\x17\xb6(\x14\xf2I_\x9eG\x1f\x9b\x06f1\xa6\
\xbe\xce\xcb\xea2\x13\x94\x8c\x0f$\x0eu(%\xae\xeb\
\xba\x9e\xe7;N\xe0\x10\xea9n\xb9R\xaeU\xaa\xf5\
\xea\xe2\xf2\xe2\xf2\xfc\x22E\xb0\xb1\xb3\xfd\xdd\xef>\xff\
\xec\xf7\x9e\xbd\xf4\xce\xe5\xa3V\xbb\xb18\xff\xd4SO\
|\xfe\xf3\x9f\xfb\xe4\xa7?q\xe6\xf4\xb9\xc0\xf1\xd3$\
\x1e\x0c\xfa\xbdN\xb7\xd5n\x1d\xb5\x0e\x07\x83\x883\xc1\
\x85\xe2\xa6AM\xca9\x97B\x09\x9e\xbb\x13s\xc1\xb5\
K\xa1\xa5\x07\xf5mGe&FZ\x0e\xea\xba\x8e\xe3\
8\xae\xeb\xba\xd4q]\xd7\xd0k\xd6\x81\xd3\x12\x11\x16\
$g\xa5\xcb\xc5\xee)#\x1f\x15\xe6\xacc\xee\xa0\x1a\
\xbf\xe9\x11+r}c\xeaP\x8b\x00-\xc6\xb3\xe1d\
.Sc\xb0\xd0\xa1\x0e\xa1F7\xfa^\xeeo?\xce\
P\x0a\x10j\xb7\x8e.]\xba\xf4\xf9\xaf|\x05\x94\xa2\
\xe8\x03\xdf\x86\xf7\xbe\xb1\x9ac\xffXW:\xea\xfd\x1b\
\x0c\x06\xfb\xfb\x87g\xcf\x9e\xd6\xde?\xef6*\xa6\x12\
:\x7fF\xe4\xded\x93\xe2\x1a\xa9D\xc2\x12\x96$\xe9\
p8\x18\x0c\x86\x83\xc1\xf0\xb0\xddiw;\xc3(\x8e\
\xd3d0\x1c\x1a\x916\xd3W!\xd3\xe6\xe1\x9cq\xc1\
YF\x06\xdacP\xec\x1b\x81\x0b\x80p\xfc\x82\xc2\x90\
_YF\xa8\x8dF\xc2\x5ck\xd8\xfc\x8f:\x94P\xea\
\xfb^X*5\xe7\xe7\xff\xdc\xaf\xfcj\xa5R.\x90\
\x84Rp \x14_\xbc\xf8\xc6\xdf\xff{\xffy\xa5V\
\xa7\x0e\xaa6\x96\xcf\x9c\x5c\xfc\x17\xff\xbf\x7f\xfe\xfdg\
_\xf4<O\x08\xa9L\xfd9\xca\xee\xcd\x0aa\x841\
\x81\xec\xd1\xcf9G\x08\x11\x8cK\xe5\xf2_\xf9+\x7f\
\xe5\xd4\xa9\xd3[\x9b[\x09O<\xd7I\xba\xfd\x7f\xeb\
\xaf\xfc\xc6\x97\xbe\xfa5)\x05\xc6\xb3,\xc9,\xdeg\
\xcc\x18\xc2Y<\xa0\x91\x15\x19!@(M\xd3n\xb7\
{\xd4i\xc5Q\x12%q\x1cGi\x9c\xc4\xc3a\x14\
\xc5q\x12\xdb~\x12\x8c1)$KS\x0d\x04\xa5R\
\xa6\x93\x04(!\xa5\xbe\xb1J%A\x81\xf5\x8f\x19\xb1\
\x80Q\x12cL0%\x04\xf9\xaeW\xad\xd5\xab\x95j\
)\x0c\xab\xb5Z\xb31\xb7\xb8\xb4x\xe2\xd4\xa9Z\xbd\
\xa6\xef\xf2\x8c\xb1(\x8a\x8c\xc7\x8c\xe3\xfcH\xc4\xa0\x05\
E\x85i\xb7U\xb4B&F\xb5_\xcc9\x04\x00\x09\
\xc8u\xa8\xeb\x92\xdd\xed\xadg\xbf\xff\xfd\x17\x9e\x7f\xf6\
\xb0\xd5\x0d\xcb\x95\xfa|\xd3\xa5\xd4\xa1\x94\x10J\x09\xcd\
\xfcQM3\x03\xc1y\xca9\x93\x92\x10:\xdf\x5cX\
^\x5ch4j\xae\xe7PL\x11 \xe3x\x22u\xea\
t\x84\xf1\xd3[{\x9f~\xe5p\x1c\x1e\xc8B\xc2(\
\x9e\xccvx\xea\xc8L]9B\x93\x86\x93H\x01p\
\x85\x09&\xae\xe3\xd6\x1b\x8d\xe5\xe5\xc5\xe5\xa5f\xa3R\
s\xcc\xd3Q%Iztt\xb4\xb5\xb5\xb5\xb1\xb1\xbe\
\xb1\xb9\xb9\x7fp\x10\x0d\x86z\xc6`\x80\x05B\x90\xbb\
3bl\x1a\x95\xa31\xb3\x04;\xcb\x87\xac\xe4Oo\
\x80\x1e\x18\xa4r:\x15!\xa4r\xfa.\xdb\x95\xa2\xa9\
g\xb1>\xd0~\x9a\x8d\xcb\x94\x0e\xf2\xa3eu\xc8\xba\
\xd1L;\x16c\x83\xa6F\xa5\xa1\xe3\x03k\xd3.\xd3\
(\xbew\x81\x85\xc8\xe0y\xa4\x8c\xcd\xe9\x94\xc3\xa7@\
\x22e\x07\xb2x('O\xec\xe2\x9fv\xb3\xb3y\x18\
\xb2v&\x94h\x03\x16\xe2R\xea\xba\xae\xe7\xb8~)\
\x08\xc2\xc0u\x5c\xdfs\x9b\xcdzsi\xa1\xb6\xb8\x14\
\x94\xaa,\x89\xee\xdc\xbc\xf9[\xff\xec\x7f\xf8\xc1\xf3\xcf\
n\xad\xaf\xd30x\xf2\x93\x9f\xfcw\xff\x17\x7f\xf53\
\xcf<s\xfe\xfc\x99r\xe8\xb3$><8\xdaZ[\
?\xeat\x06\xbdA\x1cE\xd1`\xc8\x18\x93R\xa6)\
\x93Re\x8d\x00\x19\xe7)\x00d\xa2\x03\xc1\xb9`<\
\xe5\xa6QDnWh\x09:M\x03\xba\xae\xeb\xf9\x9e\
\xeb\xba\x9e\xeb\x15\x81\x16%\xc46\x00\xb4\xbb\xaf\xcbO\
s\x12\x1e\xf2Q\xcdi\xe1i\x1d\x08Q\xd6\x82\xc2\x8e\
\x1e*\xf8\x8e\x92\x09\x9b\x99\xa2\x9a\xb4\x88\x09i!\xb4\
V\xad\x88\x0c\x7f\x5c\x92\xf8\xf7\x13\x08)\xa5\xea\x8d9\
\x04\xea\xe8\xe8h~\xae\xf9 \xd3!Vqm\xae\xec\
\xd1\xd4\xc6\xc7#4\xd2\x0a\xc3P\xf0=\xce\x05\xbdO\
Q\xa7I\x15\xc9L5_,\x88-\xd4\xcb\xc94\x8e\
\x86\x83\xc1\xb0\xdd\xeet\xdb\x9d^\xaf\xdb\xe9w\x06\xfd\
\xe1p\x18Gq\x12\xa5I\x9c\xb2\x943\xce8AH\
\x0a\xa9\xff\xd2\x8d\x84u\xdf\x08\x9b\x92\x1a\xbb\x95L\x5c\
;X\x1b\x0a\x98\xfc\xde(\xcd\xae\xb2f\xb1\x80\x00\xa9\
\xdc\xcb\xd7^A\xfa\xa9\xa1\x94\xc2\x0a+\xa2\x00#@\
H\x08\xc1R\xd6\xe9t\xd776\x9fx\xfcB\xbeS\
\x80$F \x92\x7f\xf6O\xff{\xe2\x95\x89\x0b\x94\x96\
N\x9dX\xf9\xe6\xef\xfc\xd6\xf7\x9f}1\x08Ji\x1a\
\x03\x80\xb6\xe7MS\xbbU9[\xa3\xef$\xa5RI\
\xa7\x9c\xda\xed\xf6o\xfd\xd6o\xfd\xd5\xbf\xfaW\x17\x97\
\x16\xd76\xd7\x95T\x80\xd1+\xaf\xbd\xfa\xf9/\x7f\x09\
?\xc0)\x92Y<\xf81\x03\x84\xb3x`C!\x00\
.\xe4`0h\xb7\xdb\x9d~?\x8e\xa24\x8d\xa2\xe1\
0\x8e\xe38\x8e\xa3(f,M\x13\xd3`P\xdf+\
\x05\x17b\xb4\xa3\xa0\x94R\x93\x18\xaa(\x13-\xccY\
\xf5\x9c^W\x89S\x82\x1d\xd7\xf3\xbd\xa0T*5\xe7\
\x1a\xb5Z\xb5R\xad..-\xad\x9e<\xb10?\xef\
8\x8e\x02\x88\xd3$\x89b\xcey\x18\x86\xbe\xef\xff\xb0\
\x8f\xf9q\xf9\x1c\x00\x8cn\x98\x1a-p/N\xbe\xcd\
#*{\x5c\xb9\xae\xe7\xba\xde\xc1\xc1\xd6w\xbe\xf3\x9d\
\x17\x9e\x7f\xa1\xd3\xed\x95\xca\xd5\xf9\xc5e\x87R\xd7%\
\x0e\xa5\x08\x08*\xb0VJ\xaa\x94\xa7\x9c\x0b!8\xa1\
ns\xae\xb9\xbc\xb8P\xafW}\xd7\xc7$KK\x82\
\x82\xcc8F'\x80\x91\xcc\xdcD\xd5\xb18\xf0>\x10\
\x0e\xa6\x00\xc2q\x10x\x1f@\x98s\x5cv\x0dRj\
\xac\x80\x8c\xbd\x0bHP\x8a\x90j\xb5\xb6\xb2\xb8\xb0\xb2\
\xb4\xb48\xd7t=#\x0d\xe5<\xedv\xdb\xbb;\xbb\
\xf7\xd66\xd7\xd7\xd7\xf7\xf6\xf6\xfa\xfd!cL\x82B\
\xa0\xf0\xa8\x0d#\x00`\xbd\xd6\xac\xbf\x88\xdd\x9c\xb1\xa3\
l\x8f\x1dV#\x80Q\x8d\x96\x0eZ\xfc\xa6\xd1\x1d\xd2\
\xf0\xa9\xb0\x1e\x94\x15\xf8\x99*@\x94\xcf]\xf0\x98|\
C)\x85,\xbb8\xfd\xbcB\xc7\xb5\xe9;\xa6\x0e0\
\xffT\x8d\xf4\x059n\xf9\xe9\xb0\xb0P\x078\xf9s\
\xf6\xef\xa9\x1d\x11M\x93\xbd\xc2\x9c\xb0\xa8{,\xfe\xab\
3\xf1\x84`\x87\x12\x07\x13\x87R\xea8\x9e\xeb\xb9\x9e\
\xeb\xfb^\xa9\x5c*\x95+n\x18T\xaa\x95\xe5\xa5\xa5\
\x85\xa5E\x9f\x06\xdb{\xdb/}\xef\xb9g\x9f\x7f\xe9\
\xda\xa5K<\x89W/<\xf4K\xbf\xf6kO?~\
\xe1\xf4\xc9\xd5\xa0\x5cQ\x0a:\x9d\xce\xfa\xda\xbdao\
\x10\x0d\x06\xbd~\x7f0\x18Fq\xc2\x98\xbe\x87\xe8\x22\
@\xc99\x13\x82q\xae\xd5\x06\x82\xb14kY*l\
\xc3@\xce\x85M\xdc\xe8\xf9\xa2ie\xe1y\xaeF\x83\
\x1a\x0e\xba\xae\xe3\xba\x94RB\xb3R=\x84q\x81W\
\xd6|\xa0\xce\x98\xd8\x9b\x80\xca\x0e\x8f\xc5\x99\x16\xde\x8f\
\xa5E\xec-bD\xc3<\xd1\x86\x11\x0aR\xd2I\x0b\
\x9914\xa8\x05\xf3\x9a\x1e|\x10 \x8d\xbe\xd6\x96\x97\
\x967\xee\xad-\xce5\xe5\x83\xc4\xc0\x8d$_t\xa7\
K\x8c\x8a\x9b\xc79\x07\x80\xf7'$y`C\x9ff\
A\xe8\x0f\xa3\xa8jh1\xf3\xa0\xb0I.\xablF\
\xb9\xc4W)\x9e\xb0\x84\x0d\xba\xedV\xa7\xd5\xed\x0d\xba\
\xbd~\xa7\xdb\xed\xf5\x87\xfd(\xeaF\xd1p\x18\xf1$\
e\x9cq\xa5\xa4P\x9c\xe9\x12\xdc\x94\xa7)\xe7\x0c\x14\
`\x8c\xed\x032{r\x99\xcc*\xca\xd4\x10v\xf0\xd5\
\xa8tC?=\x18c\xf6Z\x19S\x5ck@\x88\x11\
\xd6\xedn\xc6\xd2.6\x93\xa51!\x00`\x84\xa4\x02\
I\xa8\xa4\x9cs~\xfb\xf6\xed\xc7.<b/7.\
\xa4C\xc8w\xbf\xf3\xed\x1b\xb7\xd6\x1b\x8d\xc6`0|\
\xe4\xa93\xaf\xbd\xf0\xfdo}\xeb\xfb~\x10\xa4i\x82\
\x10P\xea\xa4i\x0aX>\xfc\xe8C\x9f\xfe\xf4\xa7O\
\x9e8Q\x0eKH\xaa\x9d\xbd\x83\xb7\xde\xb9x\xfd\xda\
\xb5\xa3\xd6\x91V\x8d\xba\xae\xcb\x18\xdb\xda\xda\xfa\xdd\xdf\
\xfd\xdd\x7f\xfb\xdf\xfe\x8dj\xb5:\xe8v\xdd\xd0\xbf\xb7\
v\xef\xf6\x8d\x1b\x8f\x5cx|\x22[:\x8bY\xbc\xd7\
\xf8X\xdd\x9bf\xf1\xf1\x88l\x92\x89\x86q\xdcn\xb7\
{\xdd\xae\x86\x7f\xc3\xe10\x89\x87q\x1c\xc7I2\x1c\
\x0e\xe3$\xe1\x8ciOQ\xce\xb8\x94\x22eL\x0a\xad\
\x0f\x95\xda9\xda\x00\xad\x02\xe2\x82\xd1\xd90\xcax!\
J\xa9\xeb\xb9\x9e\xe7\x85aX.\x95K\xa5\xea\x5c\xb3\
\xb1\xb8\xb8x\xf2\xd4\xea\xd2\x92)\x17\x8c\xe2\xb8\xdb\xed\
b\x8c\xcb\xa5R\xb5Z\xfd\xa1n\xbb*\x13\xf8Aa\
R-\xa5\x92\xd2\xc8A\xb5h\xc4\xaa['7\xd5$\
6\x11V\x00\x8e\xeb\x94B\xef\xe8\xe8\xe0\xc5\xe7^|\
\xf6\xf9\x17\x0e\x0f\x0f\xca\x95\xea\xe2\xf2\x0a\xc2\xd8\xa1\xd4\
!4op\x97\xfd\xb0f0\x92\x94\x13J\x9b\x8d\xfa\
|s~\xae\xde\xf0<\x07!\x84@)a\xa4;\x96\
\xc5\x01\xfbD\xbf/\xc6\x9b\x8a\xe5,^*<\xa6\xcd\
\xa7\xe6\xd0\x16\xcd$\xdf\x0d\x19\xaa\x8c\xa5,\xce-\x00\
#\x09H\x00\xf6\x5cw\xa1\xd9<\xb1\xba\xb2\xb2\xb2T\
)\x952/\xcd\xb4\xdb\xedoo\xef\xde\xb9s\xfb\xde\
\xdd\xbbGGG\x83a\x94\xa6\xa9\x94\xca\xf8,fj\
\xa0\xbcDD\xcf\xccU\xd6\x9e\x02A\xb1\x1e\xc3H\x8f\
F2\xcfy\xa1\xdeT\x18f\xc6\xdf\x8c&\x1a\x19\xd2\
c\x16\x1c\x05\x80\x85\xd7\xfa\x1f5\xc5e\xd4n\xa6R\
\xc5Z\xcf\xf1u\x18\x1a\xb0x\xf2Y\xf9o\xc6\x96\x83\
\x85\x1f\xd9\xff\xf5w\xc7,C\xc7qc.\x1d\xcd.\
\xde\xa2\x1b\x10\xb2\x9bw\xfcn\x8f B\xd0\xe6\xad\xd8\
\xc8B\x91\xee\xc3\xe0`\xeaP\x97\xb8\xc4\xa58\xa0\xae\
\xeb\xf94t+\xe5r\xa5R\xf5K~\xa5\xd9XZ\
YmV\xaa\x98\xb8\x9b\xeb\xeb\xff\xe6w~\xf7{/\
\xbcx\xef\xce\xbd\xa5z\xed\x89\xcf|\xe2\xcf\xfe\xf9\xdf\
|\xe2\xb1\x0b\xd5Ru\x98\xa6G\x87G\xbb;\xbb\xed\
\xd6\xf5~o\x18%\xc90\x1a\xc6Q\x92\xc4q\xca\x12\
\xc18\x02\xcc83]\xaa\x95&\x06S\x00\xc5\xb9T\
J1\xc6\xa5\xe4\x9a9\xe4\x9cIa\xef+\xa0mA\
-\xbd\xe6:\x8e\xebz\xbe\xef\xb9\xae\xe7\xbb\xae\xe3\xba\
\x9e\xeb\xd2\xacn\xd0vn@\xba\xe84\xbf\x1c\x94\x94\
\x92\x00\x88,\x1fdn\x02XYF\x22\x87\xe1\xa3W\
\xd0\x18qW\x9c\xdd\x16_\xe3i\xad\x0b\xc7x\xc2\x22\
a\xa8\xe5\x0f\x1f&+8\x1a\x18!\x00\xb5\xbc\xb2\xba\
\xf3\xe6\x1bBJRp\x97\xfd1Dv\x93y\xaf\x8b\
\xeb\xe4\x9diX\x87\xf1\xa8\xd1\x94\x04u\xd4k\xed\xad\
m\x1e\xed\x1f\xee\x1f\x1d6\x97\x96VWW\x97\x97\x96\
>.\x80P\x15\x87,\x08\x83V\xab[\xad\x94\x15\xa8\
LdY$oS\x19GQ\xaf\x17\xf5\x06\x07\xed\xce\
n\xa7\xd5\xee\xf5\xbb\xedn\xbf\xd3\x1d\x0c\x87\x11c)\
\xe7\x12\x10p\xc9\xb8\x90R\x0d\xe3~\x9a\xc4Z\xf6i\
\x08@\xa9\xa4\x02$%R\x120v]\x0ftk@\
\x9b\x8f\xb3\x095s\x0b\xd1mx2h\x84\x8a\x17\x82\
~\xe0\x81\x10\x1c\xcc\xb5\x00P\xb8R\x10B\x12\x10B\
Hjo\x99\x0c\x0f\xdakg$9\xa2\x00!\xc4\x85\
\xc0\x08\xeb\xe4\x90#\xc4\xce\xde\xde\xd6\xce\xee\xc9\xd5\x15\
\x03\x17\x09\x89\x87\xbdo\xfe\xeb?\x08\x822\x97\xe9\xb9\
\xd3\x8f\x1c\xec\xac\xfd\xab\xdf\xf9\x1d\xcf\xf3Y\x9ab\x8c\
\x1c\xd7\x1f\x0e\x07\xe7\xcf\x9f\xff\xc67~\xfe\x91G\x1f\
\xa5\x94\x0e\x87C%\xa5\xef\xb9\x8b\xa7N|\xf6\x0b\x9f\
\xdb\xdd\xde\xfa\xfe\xf7\x9f\xfb\xfe\xb3\xcfEQ\xe4\xb9~\
\x10\x04Q\x14\xbd\xf1\xc6\x1bO>\xf9\xd4g>\xfb\xcc\
\xed\xc1@\x01\x88X\xbc\xf1\xea\x1b\x8f\x5cx\xfc\xc3>\
1f\xf1\x11\x8e\x8f\xc7\xbdi\x16\x1f\x93\xb0S\x9c\x84\
\xf3n\xb7w\xd4\xeaD\xc3^\x12\xc5\x89\x16\x88\xc6\xf1\
0\x8a\xa2(J\xd2DkD\x8d\x94\x8b3\xc9\x84\xd4\
\xc6\x0eYSA!\x84\x84q\xce\xcd&\xf2\xa1\xf0\x00\
\xa0\x94z\xae\x1b\x04A\xe8\x07a\x18\x84\xa5\xa0\x5c.\
5\xe6\xe7\xcf\x9d{\xe8\xd4\xe93\xa5R\x80\x00EQ\
t\xd4n\x03\xa8F\xb5\x16\x96J\xefo\xa7\xb4\x0b\x8b\
\xdd\x1e\xbd\x91B7B\xd2\x94\xa6\x92\xa2\x80\x03\x8b\xe0\
\x0ae%n@\xa0T*\x0d\x06\xbd\xe7\x9f\xfd\xce\xf7\
\xbe\xf7\xdd\xc3\xc3N\x10\xd6\xe6\x97\x96(\xa6\xa6\xb3|\
\xc1\x94\xc2\xe62\x99\xe0B\x08\x84P\xad^\x9fo\xce\
7\x1aU\xdfq1\xc2JjRKf\xcb\xebV\x08\
9\xf08\x8e\xbb\x83\xfb\x82C\xbb\xdd:y[t4\
1\x14YA(\x08c0r\x8c\x154\x8fw\x84\x90\
y4\x03B\x02\x10\x00\x0aK\xc1\xca\xca\xca\xc9\xd5\x13\
\x8b\xcd\xa6\xeb:\x00\xa0\xa4\xea\xf7{;{\xfb\x1b\x9b\
w\xee\xdeY\xdb\xdc\xdc\xeev\xdbi\xca\x10B\x88`\
\x00\xd0]\xda\xcc\x9a\x00\x15\xa7\xb9(\x93\x88N\x1c>\
\xb0\xb3\x1fe\xb3\xce\xf6\xcdi\xcca\xbeZe\xe0\x9a\
\x1e\x82\xe2\xae\xa1\x11\xa89%\xac\x81\x8d\x02\xcb\x83L\
)\xaaD\x19\xdcV9&+4\xee\xcb\x0c\x93\xa6:\
\xfd\x98sL\x99\x22@\xfd\x87\xcc\x16\xca5o\x85\xac\
\xc4\xd4~\x12\x00ET3\xbaS\xc6\x89\xa1\x90\x7f\xb1\
[\x9ey\xf4h\xf2\x00\xeb\x12AB(\xd1\x0e\xa1\x84\
j](!\x0eA.q\xa8\xef\xfb\xbe\x17\xba\xc4\x0b\
\x82R\xa5^\xadW\xc2\xf9Zcyy\xa1V\x97R\
\xdc\xbar\xeb\x8f\x9e\xfb\x17?x\xfb\xedV\x7fx\xee\
\xd4\xc9/~\xe9\x8b\x7f\xeb?\xfa\xdb\xa7\x97W\x85d\
\xfb\xdd\xd6\x9d\xbbkG\x87\x9d\xc1\xa0\x1fGQ\x12\xc7\
I\x92\xa4\xa9`)cL\x17\x1cs}\x01\xea\xaa@\
-?3\xd7\xa6\xce.e5\x81\xb9\xf4@J\x9b?\
\xd1\xd5D\x94R\xc7s\x8d@\xd4\xf5<\xd7\xf5}\xdf\
u]\xcf\xf3\x1c\xc7\xd1\xfffV\x9fd\xccj\xc8\xde\
\x97\xa4\x92J\x1aG_\xed]\xa1&\xf4\x02\x96*\x1c\
9\x0dF\xe9\xbb\x22\xbfj_\xe8c4\x89\x09\x8b\x9d\
\xe5QV\x7f\xa8\xd1\xa0\xaeu\x84\x07(\x94\x142,\
\x97\x03\xdf\xdb\xdd\xdf]^ZA?.>D\x15^\
\x1c\xb3>\x95\xf9y\xa1B9\xab\x95\xe81\x96\x1c\xec\
\xed\xed\xac\xafomn\x5c\xbd~\xf5\xedw\xaen\xed\
l\xb9\xd4y\xe6\xb3\x9f\xfd\xca\xd7\xbe\xf6\xc4\x13\x8f\xd7\
\xeb\x8d\x07\x02U\xffh\xc3$U\x9e\xea\x03\x824&\
\xaf\x94\xcb\xfdn\x1f\x000p\x1e\xa5Q\x14\xf5\xba\xfd\
~\xfb\xb0\xdb9\xdc\xdf?8h\xb7{\xbdh0L\
b\xc1\x98@,\xbb\xca\xa4\x90BI\xc9\xb9\xbe\x0cu\
ON.D4\x1cJ)U\xc6\x99\x17\x9b\xe8(\x00\
\xd7sS\xc1@\xe8\xa7\xcb\xd8\x88\x22\xa3\xffD\x08)\
\x89\x0cW8\xa2\xaf\xd6/\xb4\xbd\x80}sR\x80m\
\x1e:*\x7fS\x8d\x16\xf0\x1b\x02\x10\x03\x92\x08\x01\x12\
H\xe8\xe6\xc6\x92\xa5q\x1c\xdf\xbe}\xe7\xe4\xea\x0a\x00\
H\xa9\x08A\x7f\xf4\xad?\xde\xda\xdcm\xd4\xe7\xc2z\
\xa5\xb9\x10\xfe\x83\xff\xe2_\x0dSA\x09\x10B\x1c\xd7\
I9\xfb\x99/}\xf1\x1b?\xff\x0b\x22eo\xbc\xf5\
N\xb7\xdd\x8eY\xcc\x05\x17\x9cQJ\x17\x9b\x8b\x0f\x9d\
;\xf7'\xbe\xf1\x8d\xe5\x85\xa5\x7f\xf9\xcdo\xf6\xba]\
B\xb1\xe38Q\x14}\xeb[\xdf~\xec\xb1\xc7\xe6\x9a\
s\xbb{{.u/^\xbe\xf2K\xddV\xbd\xda\x98\
\x91\x84\xb3x\x7f1\x03\x84\xb3xP\xc2\xb2f\xfd\xe1\
\xf0\xb0\xdd\xe9v;q4\x8c\xa3(\x8e\xa2h\x101\
\x96\xc6I\xa2\xc5\xa2\x9a\x15L\xd3\xd4Z\xbd+)\xa5\
\xb0\x13\xaal\xe6\x04\xf9\x5c\x0aF\xe7\xb2\xa6\xcb<B\
\x9e\xeb\x85A\x10\x04A\xa5\x5c.\x85\x81\x1f\xf8\xf5\xb9\
\xe6\xc9S'O\x9d9\xd5l.\x10L\xe289:\
:\x12B\xcc\xcd5J\xa5\x12\xbc\xb7\x84\xf4$\x8e2\
\x9b\xa4\x09L\xa5\x8c\x04MOC\xb3^\x180\xd1\xfa\
\xa2\xc8dbL\xc2R\x00 ^}\xe5\xc5\xef~\xef\
\xbb\xf7\xeenyAXi4\x1d\x87\xb8.v\x88W\
4z\xd1\xf3WB\x88\xb6\xb8\xc0\x94\xd4\xaa\xb5Z\xbd\
V.\x97|\xcf\xc7\x08[\xd3\x10\x84\x90R\xd3\xb7\xf9\
\xb87\xf3\x17\x96\x9c:f\x81\xdc!\xa3X4\x88\xa6\
\xac\xbc\xb8\x8eL\x13j\x9aX\xe8\xa6\x0f\x18c\x89)\
\x17\x82\x12\xdal\xcc\xad\xae,\x9fZ]\xa9\xd7\xab\x08\
a\x00\x99&\xc3V\xbb\xb3\xb1\xb9u\xe7\xf6\x9d{\xf7\
\xd6\x0f\x0f\x0f\xe38\xd1\x9d\x08-\xbfa\xb4\xa0\x06\xfb\
a\x18M\x0c\x03\x8c8\xb4\xe4[X|\xb2N`\xb7\
\xa9pn\xfc\xcd\x9c\x1d\x861\xe1\x1f\x14&\xebc+\
\xc9G\x0c\x19\xa87\xb9\x8c>\x93-\xb0\xb0\xeaM\xad\
\xf2-\xbe3U\x14\x9a\x15\xab)\x0bH4-h\xde\
+\x14\x04\x8e\xa5'\xa6\x9e\x1b#\x1bou\xb3\xd9J\
\xf4\xfcI\x8d\xea\x18\x11\x00\xc2\x08#L\xb0Q.\xba\
\x0eu\x1dJ\x10\xa6\x84\x10\x87\xba\x84\xba\xd4q=\xcf\
\x0f|\xa7\x12\x94\xc2R\xa3Z\x9e[\x5cX>y\xa6\
\x14\x84\xfdN\xeb\xca\xf5[\xbf\xf7\xd2+\xb7\xee\xddN\
0y\xf2\x91G\x7f\xe3\xdf\xf9\x8d\xc7\x9fx\xb2Z\xae\
v\x87\xfd\xed\x8d\xcdgo>\xdb\xe9v\xfb\x83A\x12\
EQ\x9c&I\xcaY*\xb9PRI\xa5}A\xb9\
\xfe\x97\x0b\x83\xfa\x84\xe0\xe6V\x92\x199\xc8,\xcdd\
\xe1\x996\x13\xc2\x08\x91\xac\xb6\xce\xb8\xc5\xb8\xae\xe7{\
\x9e\xeb\xf9\xbe\xafA\xa0\x9b\x85\xe38\xba\xdd<!\x04\
p\x9e\x0b@\x99\x85\xbd\xbdE\x08!,\x19\xa8\x7fz\
,\xb9c\x85j\x93\xa3]L\x06\x8d\x89<\xc7\xe0b\
\x91!\x84\xc2T\xd8\xda\xcc\xd8\x02Bx\x90B)\xd0\
f6\xcd\xf9\xe6\xf6\xd6\xf6\xe2\xd2\x0a\x02E~d\x82\
P\xa9\x8cl\x1a\xbb\xc4UVn\x00\x88`\x82\x91\xc1\
?\xfa;\x87\xad\xbd;\xb7\xef\xdc\xb8~k\xf3\xee\x9d\
;wn\xdf\xb8}kg{\xf7\xe0\xe0(\x15b\xae\
\xd9|\xe6\x99\xcf\xfe{\x7f\xed\xaf?\xf3\xf9\xcf=t\
\xe6\x0c\xf9\xc8Vv\x15\xd4\x04\x06!a\x84s\x1f-\
)\xa2~\xfb\xa8\xd3\xda\xd9\xef\xdc\xbd}\xf7\xe2\xdb\xaf\
\xb7:GG\xadN\xa7;\x1c\x0c\x87q\xd2O\x85\x00\
\xe4p\xa5@r)\x98\x92\x08c`i\x22R!R\
\xadY\xe1Y\xef\x07s\x97\xd3\x0f\xf4\x82\xb5V&\xdc\
\x07\x00\x00\xcf\xf3@a)\xf3\x04\x19\x14\xfb\xd0\xa8\xfc\
\xe9\x99\xa5\x9b\x14\x00`\x95_\x05(s\x83\xd3W\xd6\
1hp\xbc:w2\x8a\xa3\x84@#L\xa1Q\x9c\
d\xe9\xc6\xda\xbdv\xeb\x89z\xa3N\x08\xeav\x0e\xbf\
\xf7\xfc\x8b\xd5jEb\xba<\xbf\xf4o~\xf7_\xdc\
Y\xdf\xf0\x5cO\x82\xa0\x9eK]\xf7\x17~\xe9\x97\x1e\
{\xfc\xf1\xbbk\xf7\x0e\x0e\x0e\x22\x9e\xc6\xc3H\xb0\x84\
\x22\x84A%R]\xdd;\xbcv\xf9\xfa\xe9\xd5\x13?\
\xf3\xcc3\xff\xce_\xfe\x9f\xfc\x7f\xfe\xbf\xff\xb4\xd7\x1d\
\xe8[\xcb\xd6\xd6\xc6\x0b/>\xff\xf5\xaf\xff\xfc\xfe\xe1\
!\x13\xfc\xb0ux\xf3\xfa\xf5\xcf~\xf6\xf33@8\
\x8b\xf7\x173@8\x8b\x07\x224K\x912\xd6i\xb7\
[\xed\xf6p\x18G\xd1 \x8d\xe3a\x1cEC\x93\xd4\
\x8f\xd2\x84\xa5i\x92\xa4<MS\xc6t6Qp\xa1\
\xf3\x8cZm\x09\x05\x99\xa8\x82\x91\x99\x96\xfd-\x84\x10\
\xc1\x98`\xe2\xbaN\xa5R\xa9\x94\xcb\x95R9\x08\xc2\
r\xb5\xb4\xbc\xba|\xee\x91\x0bKK\xcb\x0e\xc6\x838\
\xde\xdf\xdfFR\xce\xcd\xd5+\x95\x8a)\xf2~\xb7\xfb\
\xec\x18\xc8)\x92\x81RJ\xc1E\x11\x0aj\xc3\x1b\x05\
J\x08apR\xbe\xa9v\xd2\x0e\x18!\xd7u]\xdf\
\xbd{\xf7\xf6\xf7\xbf\xfd\xad\xcbW\xaf)B\xabs\x0d\
\xc7\xf3<\x878\x84 \x85\xac\xb9\x88\xe1\x1b\x95\x94R\
\xc5q,\x84\xa8\xd6\xaa\x0b\x8b\x8b\xf5Z\x9dP\x82@\
\x22%A\xa1\x1c<\xbc\x9bz\xb3\xa8t\x1cy\x13\xb2\
\xbe\xe09#\x95-\x93a\x18(\x00B\x95\xe9{\xec\
\xee\xa1\xc9\x9a\xb7L\xb5\xa5L\xf31\xdd\x06\x1eK@\
\x02\xc0\xf7\xbc\xd5\xf9\xf93gN\xaf.\xccy\x9e\x0f\
\x808O{\xfd\xee\xe6\xd6\xce\xbd\xbb\xf76\xb76\xf7\
\xf6\xf6:\x9d.OS\xa5P\xd6\x17\x0d\xe7\xa2\xa1\x1c\
\x0d\x22[\xb3W<\x9c\xc6\x03\xc68\x9b\xab\xd1\x97\xda\
\x0ca\x8a\x09\x8a\xdd\x81\xbc\x92\xd0r\x9b\x85\xcf\x8a\xa8\
\x1b\x15\x0a\xc0,_=v8\xec\xaa\x8b\x10z\xea\x85\
c\x0fF>\xb0\xd9h[\x80Wd\x08e&\x07\xcd\
\xce6e\x0c\x1ftV>/[\x1b\xc7\x81p\x1f(\
8\xca\xae\xcal\x17\xd4hb\x1e\x0a\x9a+=\xb3\xc4\
\x18SB\xa9\xe6\x03)5\x80\x10\x13\xc7q\xbc\xc0/\
\x97\xcbA)\xf4k\xe5\x85f\xb31\xdfh,,\x84\
\xd4m\xb7\x8e\xdex\xfd\xf5\xcbo^<\xdc\xdb\x05\xcf\
}\xf2\xf1'~\xe9O\xff\xf2\xea\x99\xb3J\x88\xed\xad\
\xb5\xb7\xdf~\xf3\xe8\xa8\x13\x0d\x86Q\x1c\xc7i\xc2b\
&L#@&\x85&\x01\x95\x90B\x08\xa6+\x04\xf5\
\xd4\x90K%\xa5\x90R\x09\xc1\x95\xc9-)!4t\
\xcc-\x9dL\xe1\x9fnsOL\xa1\x9d\xc6{\x9e\xe7\
i\x04\xe8\xfb\xbe~m\x1bK\xe8\xc5\xf2N}\x05z\
p\xacx\xd8\xa2>\x0dA\xf5\xd0\xd9\xcei\xf6S\xc8\
2\x0bc\xb7\xb5\xe3\xb2\x0c\x93\xb0\xf08\xd5\xa8%\x0c\
52\x84\x070\x10(\x80\xa5\xe5\x95\xcd\xb5\xad$M\
<\xd7\xfdQV\xa6\xc65\xed \x959\xd8X;\xf1\
h\x0b\x14\x00\x00\xd5n\x1d\xdd\xb8q\xfd\xf2\xa5wn\
\x5c\xbd\xbe\xb1v\xef\xee\xfa\x9d\xfd\x83V\xc2\x85L\x05\
\xe3,Qbiq\xe9O\xfe\xea\xaf|\xe9g\xbf\xf6\
\xe5/}\xe5\x91sg)\xe8$\x88\x94R L\x1e\
\xc8\x19\xbaRJ\x02\xc2\x85\x0e\xa8J\x99\xbe9FQ\
\x0f9&\x132\x8e\x8f\xda\xad\x83\xc3\xc3\xa3\xc3\xce\xc1\
a\xeb\xb0ux\xd0nw\x07\xfd8N\xa5\xe2\x8c\xf3\
T'4\x85TB%\xc3\x88\xa5\x91\xe0Rwh\x91\
B*)<\x8f*\xa5\xbdt\x0b\xc2\x99\xc2\xcd\x93s\
!\x15\xe4g&2\xfd9\x11B\xfa\x9aB(+\xce\
D#%\x0e\xfa\x91\x97\xa5[u\xbby!\x95\xd1\xe5\
\x8c\x01${\xc5\x8d\x01<\xfb\xce\xd8\x9f\xc5\xd0\xd7E\
\xd1\x89@\x00G\x00\xda\xd7\x9c\xb3\x94\xb1\xa4\xd5:\xbc\
w\xf7n\xbd\xf1)\x00x\xe9\x85\xe7\xd6w\xf6*\xd5\
\xca\xfc\xd2\xc2\x9d\x9b\xd7\x9f\xfb\xde+\x8eO\x05c\xd8\
u*\xf5\xfa\x17?\xff\xf9\xd5\xd5\x95+\xd7\xae\xb6\xbb\
\x9d\xc1p\x10%\x91\xe4\x82\x0d\x93A\xb7\x1b\x0f\x87\x08\
D\xa5R\xaeV\xea\x97\xae]\xbey\xf7\xd6\xcf}\xe5\
+\xbf\xf2g\xfe\xd4?\xf9'\xff\x0c\x148\x94*%\
\x7f\xf0\xd2K\x9f\xfd\xdc\xe7\x97\x17\x16\xb7\xb771\x82\
\x8bo\xbe\xf9\xd9\xcf~\xfe\x81\xa9\xab\x9d\xc5G,f\
\x80p\x16\x1fr(\xd3\x14^\xf4\xfa\xc3V\xab\xdb\x1f\
t\xa3h\x18\x0f\xa3\xc1`\x10\xc7\xb1\xee5\xaf\xf9@\
\xdbiP0\xe3\xf0\x9e'\xef\x95\x94\xb6nMC,\
\x99\xcf\xa2\x0a\xb7~ \x08Q\x9d\xce\xf7\xbc0\x08\x1a\
\xb5Z\xadR\xf6\xc3pii\xe5\xec\xf9s'N\x9e\
t]/fl}k#\x1dFK\x0b\x8b\x8dF\xc3\
n\xea\xbbd\xdd\xb29\xb8.\xdc\xd3\xd4\x9fm\x84h\
\x85g\xf65\x14\xa8\xcb\x09\xcd\xa4^\x1dV\x08cB\
<\xdf\x8b\x87\xfd?\xfa\xfd\xdf}\xe1\xc5\x97\xb8B\xd5\
z\xdd\xf7=\xc7u\x1dJ\x09 %UV\xf2\xa6\x84\
\x9e\xc3\x82\xc1\x9fA9\x9ck\xcc5\x1a\x8d\xd0\x0f0\
\xc6\x8c1\x00\xac@c\xdbq\xec\x87\x0an(\xf9\xfb\
E\xfc\x96\xb3|\x93\x14X>aU\xaa\x00\x0e\xe58\
\xea+\x18o\xe6\x90\xd7\x0e+2\x9b\x87\x10\x02\x821\
\xc2D E\xa8W\xad\xd5\x97W\x16\xce\xae\xae\xce7\
\x1a\x18\x13\x00\xd1\x1ft\xb6\xf7\x0e6\xb7\xb66\xd67\
7\xb7v\x0e\x0f\x0f\xe3a_\x1b\xb7X\x07\x01\x842\
H\x02H'\x89Gr\xc0\x90KA\x01\xb2\x94\xb76\
\x96\x03i\xe5\x8czxu\xc8\x09\x10\x9b\x0b53N\
\x0fi\x17\x1e(\xa0A\xb0\xd3\xcd\xe9\xb0JM(H\
\xa7\xe3\xe4\xfb\xcat\xa7\xae6\x7f\xc7\x02<P\x19}\
h\x01!\x80T`\xd0\xa0i;\xa9\x94\x9aj\x12S\
\xc4\x1b\xe6\xd3\x0co[\xc29\xdf\xec\xecu\xb1\xfc&\
\xb3\xaa\xc4\x94X]\xa8~A]\xd7\x0d<\xcf\xf5\x9c\
\xa0\x5c\xaaV+a\xa3R[Xl\xac,,W\x1b\
\x8e\xa2k\xebw\x9e\xff\xee\x0b\xb7\xaf\xde\xec\xb5[\x95\
\xc5\xe63_\xfc\xc2\xa3\xe7\xcf\x05\xe5`\xd8\x1bno\
m=\xf7\xbd\xef\xb6\x8e\x0e\x87\xc3!\xe3\x9c\xa5<I\
\x18\xe3\x9c\xa5\xa9\xe4Z\x0b\xaa\xe5\x5c\xb9\x17\xa8.\x05\
\xd4\x1fI\x0b\xfb\xf4\x8c\xd2\xe0\xc1\x02?_0b\xb1\
\x18\xcf\xe2@\x8b\x06-&\xb4JQ\xbddQ&:\
vh\xac4@_\xb0vx1\xc6\xfa\x9d\xe2\x19b\
\x1b\xcfX\x9ep\x12\x13\x16\xefx#\x97d\xb6\x9e\xb1\
\x82\xc014\xa8\xc3\x1a\x8a\xc2\x03\x166\x87\xe2\xf9!\
\xc2\xf8\xe0\xf0\xe8\xf4\xcaJ\xb1\xd6\xf7\x87\x0a\xa5\x9b\x82\
J\xa5\x94P\x0a!J\x09F\x04r\xdb\xfex\xd8\xdd\
\xdcX\xbfx\xed\xd2K?x\xed\xfa[\x97\xb6\xd6\xd7\
\xb6\x0e\xf7\xb9P\xae\xe3\xb8\x9e\xe7k\xbb\x1d\xd7k\x9e\
Y|\xfc\xc2#\x9f|\xe6\x99/\x7f\xf9+O>r\
\x01\x13\x0aF_\xaa[G>\x88\xdd\xc2\xad\x12^J\
\x93\x17\xc38/\xb1\xd3!y\x12\x0dz\x9d\xa3\x83\xdd\
\x83\xc3\xfd\xc3\xee\xe1\xde\xc1\xa0\xdd=\x1a\xf4\xbb\xd10\
e,\xe1,\xcdR\x9a\x92s\xc6\x19O\x18\x92B\x08\
\x9e$\x89\xe0\x02$$i*\x04\xd7\xc0L\xdb-I\
n\xaa\x08L>\x0e\x01F\xb4\xa0Y\xc6\x9e/\xb1\xb9\
)P\x8a1%D\xdf2\x5c\x97RB\x11F\x18\xb0\
\xad\x12\xb4a\x1c\xc5\x85\xcc\x9bM\x09!\xb9i\x0a\xca\
\x0b\x93\x01\xbdk6\xe1\x92\x8dFA\x05\xfana;\
\x82\x16\x89B\xa4\xbb\x11\x0b\xc2\x04\xc1i\x02\x18n\xdc\
\xb8~\xe1\xd1\x0b\xe0\xb2\xe7_x\x15\xb0[k,\x04\
.\xfd\xeew\xfeh\xc8\x18\xa5\x08\x10\x9c=w\xee\xc9\
O|ja\xae\xba\xbb\xbd\xb1\xb7\xb7\xdf\xed\xf7\x94H\
\x07\xbd\xde\xd6\xfaN\xa3\xd1\xfc\xe4\xd3O\xcf7\xe7\x06\
\x83h\xfd\xde\xbd\xf5\xb5\xbb\x02\x81\xef\x87\xbf\xf3\xbb\xff\
\xe6W~\xe5\xcf|\xfeK\x9f\x7f\xf1\xb9\x97|\xdf\xf7\
\x5c\xef\xe8\xf0\xe8\xd2\xa5w\xbe\xfa\x95/\xef\xeel\x22\
\x8co\x5c\xbf\xd1n\x1d\xd6\x1b\xcd\x19I8\x8b\xf7\x11\
3@8\x8b\x0f-\xb2\xd9\x0fDq\xdcj\xf5:\x9d\
Nb\xbcc\x06\xd1\xd0HC5 L\x92D\x03B\
\xc6\x18K\x19gLe\xaaH;\xf7\x91y\xf5\x93\x1a\
S`BVUN0q\x1d\xc7\xf3\xfcr\xb9T\xaf\
\xd7Ka),\x85\x0b\xcd\xda\xc93gN\x9f;_\
)U\x12.\xee\xaco\xc6q4\xd7\xa8\x9c=q\x12\
#\xfc\xae\x12\xd1\xb1\xb9\xbb\xd4\xf5\x11\x823- )\
JC\xb3\x17\xc5\xb9\xa6*\xb4C\xcc\xa7qZ\xe8\x82\
I\x108\x9e\xeb^\xbfz\xf5\x0f~\xf7\xf7\xeenn\
\xd6\x9a\xcd\xb9\xc6\x9c\xef:\x14\xe7ODM\x1f\xe9\x96\
h\x9a\xe4\x11R\xb8\xae\xdbl6\x9bsM\xcf\xf3\xf4\
s\xcb\xa0\xe2b=\xdc\xb4\xbd\x18g8!\x17\x85Z\
\x0d\x8eBS4\xa2v\xf7a\x94\xac\x80cT\x91z\
^k>\x92\x19\xcc@\x00\x18!\x8c\x01)\x8e\xb1\x1b\
\x84\xcb\xcd\xe6\xe9\x93+'W\x97K~\x09\x00\x14O\
[\xad\xc3\xcd\xed\x9d;w\xd7no\xac\x1f\xec\x1f\x0c\
:\x9d4M\x85\x94\x99\x85?\x9er\xb4F\xdf\x9ad\
N,\xa7g \xaaTZ\x17\xa5L\x05\xa0\xf9\x03F\
\x9d?\x8b\x80\xb9\x88\xd9\xd4\xf1\x84\xde\xe4\xafOE\x80\
\x93\xe4-\xbc\x1b\xf6\x83c\xa0`\xc6\x02\x1a\x1a\xd7l\
^\xdew%\x13vf\xcbI\xb3\xa7\x06\xe1\xdd\xe7T\
\xb7\xfb=\x069&\x95WD[\xaa#mbiJ\
\x04\x09\xc2\xae\x05W\x9e\xe3\xf9~\x10\x86a\xa5Tn\
\xd4V\x96WN\x9fX\xadT\xaaC!\xee\xdc\xbe\xf5\
{\xdfy\xf1\xee\xbdM\x07\xa9\x93\xe7\xce\xfd\xd2\x9f\xfa\
S'VW\x1c\xd7\xd9\xdb\xd9\xbe~\xfd\xfaQ\xab5\
\xe8v\x938\x89\x938ML\xed\x1fg\xda\x18F\x08\
\x91\x13\xf2\x5c\xf0\xb1\xeb\xd1\xb2s\xc5\xc8\x9c\xeb\xcd\x01\
\xb2UvVEiC\x03?](8\xf6\xa2\xc8\x0d\
j\x1d&B9'\xaf\xb2:\xc0\xa2v\xc02\x81\x08\
!}g\xd3\xef\xe8\x01<\xee\xc8\xc2\xa8\xc8|\xea\x14\
P\x8d\xcat'\x0f\xa2=Xc\x063\xf0`F\xb6\
\xfd\xf3\x0b\xf3\xbdV\x1b\xad\xac\xbc\xf7n\x7fE\xa8\xac\
\x89&\x02\x18\x08\x00\x98\x9d=l\x1f\xae\xdd\xba}\xed\
\xca\xe5\xcb\xd7\xae\xde\xbau\xfb\xde\x9d{G\x87\xfb\xdd\
a\x8fI\x5c+\xd5\x1a\xb5\xca\xf9s\x0fK\x05\xc34\
\x16\x5c\x94\xeb\x8dG\x1f>\xf7\xf9/|\xe5\x8b_\xf9\
\xe2\x85sg\x1d\xea\x01\x80RR\x08\x8e\xb1\xf1E\xfa\
\xb0\x07kd\xdf\x01\xf2&\xa4\xd8\x08& ;\xd0\x5c\
1>\xe8\x0f\x06\x83\xc1\xd1\xd1\xd1\xce\xee\xee\xc1\xd1\xe1\
\xc1Q\xab\xddjw\xa3a\xc2\xa4\x83\xb1\xce\xa7\xa4R\
p\xc6y\x9c\xf0\x94i\xa3]\xa9\xa4\x92 \x84PB\
`\x8c\x14(K\x9e\x11B\x84\x10J\x0ac\xb7\xaa$\
B\xe0y>\xa5\x8e\xe3:\x94P\xc7u\x5c\x97:T\
w7!RH@@\xb0i\xfb\x832\xe5\x81\xe38\
\xf9x\x16\x1f?\x85c\xaa\xa4\x122\x7f\xce\x0a!l\
_P&L\xdb\x98|\xd9\x82\xd0CM\x885\x8aL\
\xe0T\x92\xb0\xc8\x13\x02\xc6H*\x09R\xdfm\x18\xe7\
\x84qJ\xe9\xde\xc1\xee\xa5+\x17\x85\x88\xd6\x0fvK\
\xb5\xcaJs\xee\x95\x17\x9f\xbb}g\xcduh\xca\xc5\
\x93O>\xf1\xf8\xd3O\x95Ja\xb7\xdb\xbd{\xe7^\
?\x8e@\xc9\xf5\xdbwN\x9f9\xff\xdf\xfd\xb7\xff\xf0\
\xcf\xfc\x99_q(\xeetZQ4\x8c\xe2\xf8\xb57\
\xdf\xf8\xad\xdf\xfe\xed+\x17\xaf\x1e\x1c\x1c|\xf3\xf7~\
\xf7\x97\xff\xcc\x9f^\xbb\xbb\xbe\xb9\xb1\x19\x84\x01\xa1\xf4\
\xc5\xe7_\xf8\xecg>[\xae\xce\x0d\xfa\xfd\xc10\xbd\
{\xf7\xee\xa7f\x80p\x16\xef+f\x80p\x16\x1fN\
\xd8\xde\xd9\xdd\xde\xf0\xe0\xe0`\x18\x0d\x928N\xe2x\
0\xe8\x0d\x87\xc38Nu_\xc1\x11\x920IS\x96\
j\xd5\xe58\x8e\x82<\xf3ggZ\xc5\x89\x9d\x9e\xe2\
\xb8\x8e[\x0aJ\x95j\xb5V\xab\x96C?\xac\x94\xcf\
\x9e=\xfb\xd0#\x8f\xcc5\xe6\xa4Tk\x1b[G\xad\
\xc3\xf9\xb9\xb93\x0f\x9d\xd3\xdd]\xef3\xd5\x98\x9c+\
\x9b\xbc$\xe7,e\xfa\xb1\xc4\x04\xcfq\x9aR\x96\x15\
\x1cSv\xe9\x86\xb3\xaa\x18\x80\xa8\xe3T+\xa5v\xbb\
\xf5\xaf\xfe\xe0\xf7_{\xfd\x8d (\x9f{\xe8!\xd7\
uu\x13k%\x84\x95\x11j\xba\xc3N+]\xcf\x9b\
\xab\xcd5\x1a\x8d0\x0c\x09\xc2\x90if\xcc\xf4WO\
\xf4\xd1(\xea\xbb?\xcbd+\xec2@(\xd1\xb18\
\xe1=\x22\x99\x5c\xf9\xa69\xbd\x8c[S\x08\xf4\x84\xd4\
+\x95\x96N,\x9d>\xb1\xb2:\xbf\xe0:\x1e\x00\x8f\
\xa2\xfe\xce\xfe\xc1\xc6\xfa\xd6\xda\xe6\xe6\xe6\xd6\xe6\xc1\xfe\
\xc1\xa0?T\x5c\x00H\x8c\x81\xe0\x5c\x0bj\xcdC\xed\
\x8f\xe6\xfe\xe3\x93\x04\x97\xcax-5\x82\xe5,.\x02\
\x9c{\xd9M\xee]\xb1\x9bB\xb1\xea\xcf>\x8f\xef\x83\
\x0c\x8b\xaa\xbf\xe2\x9a\xdf\xcb\xe8\xd9\xcd\x1e\xa1\x01\x0b{\
4\x0e\x08m/\xbbLD:\x82+\x94\xb1\x98\x95\xc6\
Lfdw`\x94\xc3\x84\xe3\xe1\xc7\xb8(\xb4hR\
B(\xc5\xd8\xb8p\x12\xe2\x10\xe2P\xc7\xf5\x5c?\x0c\
\x830,W\x82r\xbdZ_h\x9e8qr\xa9\xbe\
(\xa4X\xbb{\xe7\x8f\xff\xf0;k[\xbb\xcdr\xf9\
\xecCg?\xfb\xc5/\xcdU\xabq\x14\xed\x1f\x1e\xbe\
\xf1\xc6k\x9dv\xab\xdb\xeb\xa5\x09\x131Kx\x9a\xa4\
\x09KS\xc6\x0d7 \x85\x90\x19\x1b\x9f\xc1?\xc15\
\x7f0Q\x10\x98CA\xa5\x94R\x18r\xf04\xd6\x94\
O\xf7`\xb0\xc4\xe0\x98Rt\xec#\xcb\x0d\x12BL\
\xad'\xc6E\xeb`\xcbO\xea\x83ho\x5cV&\xaa\
\x17\xc6\x18\xdb\x1e\xf7\xf6\xceV<\xb2\xf7\x99\xf6\xa9c\
\xc2\x1e\xac1\xdc\x9eS\xb8\x0f0 T\xd9iv\xe2\
\xe4\xc9\xb7\xdf\xb9\x98M\xe2\xef3\x02FM?\xd99\
\x83\xb3\xa8\xd3j]\xbfv\xed\xea\xe5K\xd7n^\xbb\
y\xf7\xde\x8d\x9b\xb7[{Gi\x9c`\xd7\x09+\xe5\
R\xa9V\x9b[Z\x5c=\x85\x10f\x9c\x89$bI\
Z[Z\xfa\xd4\x13\x17\xbe\xf8\xf9/<\xf3\x99\xcf\x9c\
;y\x92\x12G\xff\x92\x14\x02\xcc\x00~\xb8\xcc\xaa\xd1\
\xf8\x17._d\x9b\x0fe\xff\x97\x22\x1d\x0ez\xfd^\
\xa7\xd3m\x1d\xb5\x0f\x8f6\xf6w\xf7;\x9dn\xa77\
\x1cD\x83\x94%\x5cH\xceAA\xc2x*S\x99\x0a\
\x02\x82q\xc6\x19\x13\x02\xa4\x040w\xca\xecl\x04\xe0\
R)&0\xce\xd2r\x18\x10&\x0e\xa5\xe5rYa\
\xa4\xd3\x22\xbe\xe3\x06A\x10\x86%\xc7\xc1\x84\xe8\xfb\x03\
\xb6\x8d\xd4\x95\x14\x8c\xb1|\x9b\x01\x00\x81\xee6\x03V\
<b|\x9c\x8a\xfb\x06\x08\xb0\xbeYcE\x94R\xd2\
0\x85\xd2q\x1c!D\xcaX\xca\x19MS[Q\x9f\
\xa6i\xf1\x0c)\x8e]\xf1\xdek/\xc6\xa9\xf7p\xcd\
\xd2K\x00$\xa5\xc2\xc8\x5c\xceRb)\x18g\x0e'\
I\xc2n\xdf\xdb\xd8\xdf\xb8\xc7\x15>w\xead\xbf\xd7\
y\xf6\xfb\xdf\x05L$g\xa7\xcf\x9e\xbf\xf0\xe4\x13\x98\
\xe2(\x1e\xdc\xbey\xb3\xdd\xe9\xb2$^\xdb\xdc\xfa\x1b\
\x7f\xfb\xef\xfc\xef\xfe\xee\xdf[_\xbb\xf5\x0f\xfe\xc1\xff\
q}m\xd3\xc1N\xccc\x87\xd2rX\xfe\xfc3\x9f\
{\xf2\xb1'_y\xed\xb5W^}\xed\xc5\xe7^\xfc\
\xdaW\xbe\xf4\xcf\xfe\xf9o\xa5\x8cy\x8e\xbb\xbd\xb9u\
\xf5\xea\x95'\x9e~\xaa?\xe8\xa5<\xbdx\xf1\xe2\xa7\
>\xfd\xcc\x8f\xcbyw\x16?U1\x03\x84\xb3\xf8@\
C?\xact\xa3\x1f.x\xbb\xd7m\xb5\xda\xd1p\x98\
$q4\x8c\x86\xc3a\xbf\xdf\xd7\x9e1q\x1cGQ\
\x94$\x89\xa6\x07\xb5\x85\x8c\x9e\xde\xd9\xf9\xac\xed\xd5\xa6\
\x14\x08%\xb3Z\x9c<\xc7\xaf'\xa4\x0e\xa1\x8e\xe3\xf8\
\xbe_.\x97\xaa\x95J\xb5Z\xaf\xd7\xeb\x8b+\xf3\xe7\
\xce?\xbc\xb4\xbc\x841\xdd\xd8\xdb\xdf\xd9\xd8\xacU\xca\
O>v\xc1q\x5c;\xd3\x9aD\x83\x938P\xcf\xed\
x\xcaLY#\xe7\x5cp\x9d\xad\x14\x05\x7fB\x98\x98\
\xa9C\xc6\x15\x14\xdeAzn\xe6\xb8\x8e\xeb\xd0\xd7_\
}\xf9\x0f\x7f\xff\xf7\xdb\xdd\xc1\xea\xea\xc9j\xb5\x8a0\
B`\x12\x93\x22\x9bD\x1aO\x1d\xa5\x14\x02\xc7\xf3\xca\
ai~n\xae\x14\x96\x08\xc6J*\x89\xb2\xda'@\
\x92\x8b\xacLf\x8an\xf38\x04\x02\x00Vah\xab\
\x09\xb3\xb5\x8eT\x09\x8e|\xe5\x98\xba8\xc8]1\x95\
\x02\xdb\xe8\xcf\xf4\x19\x00\x8c\xb1\x1b\x94k\x95\x13KK\
\xe7N\xac\xce\xcf71A,\x19n\xef\xecmlm\
\xdf]\xdf\xdcX\xdf\xde\xdf\xdf\xef\xf5z,\x8d\x95\x90\
\xba\xc2\x04\x81B\xa0uD\x08\x14 \x9c\xe1V=\x09\
G\xf9\xf6M\x22\xb4\x91\xcdF\xb9q\x0bBH\xcb\xbd\
\x00\x00\xa4qu\xb13\x91\x22H.N\xbb\xd4\xe8\xab\
1\xa4\x0d\xd3\xc0\xe1T4nF/\x1b\xa8\x9c{,\
(u\xc7\xce\xa2\xe2\xbf\x93\x7f\xaa\xcc$f|\x19\xc8\
\xa4c\x16\xe0\x15\x94\xa2P\x18\xae\x9cJ\x1dq\xd8\xc9\
\xd1\xc8X\xee\x1ccL0\xc9E\xa1\x94\x12\x8c)!\
\x0eu<\xcf\xf5|\xcf\xf7\xfd \xf0\x83j\xb54\xd7\
h\xcc\xd7\x97W\x96\x96k\x0bR\xf0\xb5\xb5\x8do~\
\xfb\xc5[\xeb\xeb\x95f\xfdS\x8f?\xfe\xb5\xaf\x7f\xbd\
T\x0a{\xdd\xce\xf6\xf6\xce\xd5\xb7\xdf\xeat:)c\
<M\xa3(\x8e\x93\x98\xa5L7\x86\xd7\x17B&\xcf\
\xd6\xa5\x80\x06\xfbMB>#\x0aU\xc6\x83\xca\x8e\x08\
\xc6X\x83\x06\xdb\x9aO\xbb\xaaX>\xd0\x82=+\x13\
\xb5\x9e1\xd6E\xc6V\x15b\x8c\x1dJ\x01#\xac\x91\
\x95\x02!\xf3\x5cU\xd1\xd3\xc2\xa2A\xfb\xda\xf2\x87z\
\x17\x08!z\xf3\xec\x1eY\xf2\xd0\xe2\xc9I\xb8>\xf5\
\xd2\x86cp\xa0a<t\xdd\x18\xc1\x88\xe0\xf7N\xbb\
}\xc0\x81\x8c\xaeY\x05\xa5R\xdc\xed\xb7\x0e;\xcd\x85\
:\xa8\xcc\xcb\xd7P\xdd\xd2\xd4{\x22\x94\xf7\xbeS\xa2\
{\xb8\xbb\xb9\xb3}\xe7\xe6\xed\xb5{\xeb\xb7o^}\
\xf3\xd2\xa5\xcb\xd7n\x1d\x1ctO\x9c93\xd7\xac\x97\
\xc2p\x18\xb1\xb9\x85\xa5Z\xa5\x1a\x86\x81\x02\xa9\xd9%\
!\x14q\xf1\xd2\xea\xeaSO=\xf5\xb9g\x9e\xf9\xe4\
\xd3O\xaf\xae\xae\x92\x8c>\xd2\x87\x00#\x8c?\x04\x08\
-\x01\xb4=\x18HsiJd\x1c\xa9G\x0f\x1e\x1f\
&\xc3~\xa7\xdb\xd9\xdf?8\xda?\xdc\xddo\xed\xb6\
;\xed^\xa7\xdf\x1f\x0c\xe3\x98q.\x01\x94\x10 \xa4\
`\x22e\x09\xe3\xa9`\x8c\xa7<\xcdJ3\x1c\xd7\xa3\
\x84\xea\x1b\x80\x92Jf\xaa\x0e\x00\x9d\x01R\x8e\xe3\x10\
/p\x1c\xea\xb8\x8e\x96\xd4z\xbe\xe7\x12\xeaP\xc7\xa1\
\x04!\xac\x94B\x8a#@\x8e\xe3\x00\xc6\x05\xb7\x1a\xd0\
#\xc98\xb7\xda}\x84\x90\xf6\x99\xca\xef<\xf6\xf8O\
\xa4\xa1\xf4\xbfV\xf0\xaa\xfd\xc7$\x91\x84\x10.8&\
\x84\x0a\x9afi\x0e=\xbb\xb0?:5\xcfu\x1f\x94\
82\xfa\x1a\x13\xea\xc44!BI.\x04\xe6D`\
\xc1\x19w\x5c\xd9\xeb\xb7\x0f\xf7\x0e\xc3Fc\xae\x5c\xfa\
\xa3o\xff\xc1\xdea\x1b\x10xa\xe5\xfc#\x0f\x13\xe2\
9 \xd6\xd6\xd6wv\xf7y\x9a\x1c\x1d\xb5\xfe_\xff\
\xe4\x9f\xfd\xb9_\xf9\xe5\xff\xec\xef\xfe'W\xae\x5cz\
\xf8\xa1G/<\xf6\x18\x00\x92J\xd5k\xf5h0L\
\x92\xc4\xf7\xdc/\x7f\xe1\xf3\xa7VW\xfe\xf0\x8f\xbfu\
\xd0Z\xf9\xc4S\x9fx\xeb\xed\xb7\xb1\xe3!\x84^\xfe\
\xc1\x0f>\xf1\xa9\xa7\x03?\xe8\x0c\xe3\xdb\xb7\xee\xa6I\
\xecznapf1\x8b\xf7\x143@8\x8b\x0f4\
\xb4dQ!\x88\xe3\xf8\xe8\xe8\xa8?\x18D\xd10\x8e\
\xe24\x8a\x87Q\xd4\x1f\x0e\xa2(\x8e\xe3\x881\x16E\
\xd1p8\xd4\xaa\x0f}\x13\xb7Ys\x949\x88\x09)\
\xb4\x8a/\xab\x00\x92zR\xab\xef\x82\x04\x13\x84\xb1\xe3\
\xd0\xc0\xf5\xc2 \xa8V\xab\xa5J\xcd/\x85\x8b\x0b\xcd\
\x0b\x8f?z\xf6\xdcy\x8a\xe9^\xab{\xfb\xe6u\xdf\
u\x1f\x7f\xf4\x91R\xb9t\x9f\xa4\xfb$\xe6\xd1\xd3P\
\x83TY\x86\x03\xad@T\xfbW\x14X\x88\xb1Nb\
\x90U\x10\xd9\xc9\x19\x00\xa6\x14\xfb\x9e{\xb0\xbb\xfb\xdc\
\xb3\xdf\xbfv\xf3f\xb5\xde\xb8\xf0\xd8iSA\xaf\xc0\
\xda\xe4hV0MS= \x8e\xe3\x94*\xe5z\xbd\
\x1e\x96J.\xa6\x08@I\xa9\x90i\xb8\x0b\x00\x22\xab\
Z<n\x8f\x8e}]\xa8\x91\xcbA\x1dd\x98\x07\xa6\
\x03B\xbb\xfc\x94\xf7\xb3z\x1f\x84\x09d\xcfo \xd4\
\xf5\x9cj\xad\xb6\xb2\xbaz\xf6\xd4\xea\x5c\xbd\x82\x10\x8e\
\x06\x83\x8d\xad\xed\x1bw\xee\xde[\xdf\xd8\xdd\xde\xedu\
:q\x14\x09\xceu\x8f\x02L0B\x08k\xefP\x94\
w\x91\x87|\x82\x90\xfb\xcci\xe82\xf5yoQ\xa2\
\x99=\xa3\xf1\x8d/\xb2\x8b\x16\x02\xe5\x98\xf3\xddh@\
\xa5\x8e\xe9\xc7p\xccy5\x8e\x9c\xed\xa7\xba\xd6\x16M\
\x99\xee\x17\xc7y\x92\x1bT\xd6\xcdF\x8e\xa3\xc7\x91\x9f\
C#~9\xd37\xb5 \xa0\x82Q\xb7\x18T\xf0&\
\xa1\x84RJ\x1c\xea8\x84`B\x5cJ=\xe2\x10\x87\
R\xd7\x09\xc30,\x87\xae\xe7\x95\xeb\xd5\xc5\x95\xa5\xa5\
\x95\xc5z}\x01I\xb1\xb1\xb6\xf1\x07\xcf\xbf\xb6\xb1\xbe\
\xee\x95\xca\x17\x1e\xbd\xf0\xc5\x9f\xfd\xb2\x13\xf8\xad\x83\xc3\
k\xd7.\x1f\x1d\x1c\x0d\x87\xc3$M\xd2$\x8d\xe28\
M\x12\xc1\x05g,5\x1d\xca\xb8\xc8*\x85\x8ec\xff\
\x8a\x8c\x9c.y\xb2C\xa1w\x00e\xdc\x11%\x14\x13\
\x9c\xb1\x98\xa4\xa8\x0e-\x16\x07\x16\xa1`\x11\x1c\xea%\
\xad\x8b\x8c\xe1e\xb09C,\x9c\xd3>\xa2\xfa\xb5\xce\
\x16i\x1a\x102RB\xbf\x1eS\x14\x17\x8fN\xb1\x86\
\x10\x8d\xca\xb3\xc7\x8e\x9dT\x92 R\xa4\x8b&\x0fk\
\xdeA\x01\xe7\x8d9\xdfgY\xdeO FS\x12\x86\
\xde\xd6\x1f\xcd\xcf7\x0e\xf6\xf7\x9b\x0b\x0d.R\x84(\
\xc18+\xd44\x1c\xdd\xa0\xdd\xbat\xf5\xd2\xcd[\xb7\
v7\xb7o\xdf\xb8z\xf5\xc6\xd5\x9d\xfd\xfdA\xb7?\
\xe8\xc7\x09c\xa5F\xf3\xd1\xcf|\xf1\x7f\xff\x1b\xbf\xb1\
u\xf7\xe6\x0b\xcf?\xa7\xa4:\xb1\xbc\x8c\x10!\x18'\
i\xa2\x94\x08K\xa5s\x8f\x9ez\xe2\x13\x9f\xf8\xcc'\
?\xf9\x89'\x9e\x98\x9b\x9b\xcf/\xc6\x8c>\xfaP\xa8\
\xd4,\xa1\xa3\xbb,\x00\x02\x94Y\xad\x12\x00\xa5X\x12\
\x0f\xfa\xad\xce\xd1\xe1a\xeb\xe0\xe8\xb0}\xb0\xdbn\x1d\
\xb6\xba\x83\xf60\x1e\xc6\x09cJH\xc5\x05\x93R\xca\
\x94\xa5,a\xfaY\xc28gLp\xad\x99\x96\xbaC\
R>\xfe\xc0\x90\x9by5c\x8c)\xf5<\xd7s]\
\xcfq\x1d\xd7\x09=\x07\x00\xfb^\xe0\xb9:\x9b\x82\xed\
-YIe\xef\xaaR\x82\x14\x22e\xa9\xe3z\xdaA\
\xd4X\xd8\x98\x1aZ](\x81(\xa5\x93\x90\xf6\xbd\x87\
\xbe\xa2\xc1<\x5c\x10\xc6\x18\xf1\xfc\xf4\x06\x00\xfd\xdc,\
\xfa\xca\x14o\x83S\xef\xeaE)G1\x8dR\xfc4\
W\xabr\xcc\x08'i:\xe8\xf7\x12\xa5\x96\x17\x16\xf7\
\xb6\xb6^}\xedU\xea\xba\x8c\xb3\xc7\x9ex\xbcQo\
8\x04\xb7\x0ev7\xd6\xd6\x85\xe0\xdda\xf2\xdb\xbf\xfb\
{\x8f\x9e=\xf9\xcb\xbf\xf2'\xce\x9f<\xf3\xc5/\xfd\
|\xcc\xd2^\x94\x1e\xec\x1f\x84\xe5\xd0\x09|\x85!(\
\x95\xbc \xe8t:\xe7\xcf\x9d\xfb\xf9\xaf\x7f\xfd\xb57\
\xde:s\xf2D\xe8\xfbI\x92\xb8\x9e\xbbvomc\
m\xa3Z\xafE\x83a\xa7\xd3\xd9\xdd\xdd;u\xfa\xb4\
2f\x04\xb3\x98\xc5{\x8d\x19 \x9c\xc5\x07\x18zN\
\x0dj\x18\x0d\xf7\x8f\x0e\x87\xfdA\x12'Q4\x8c\xa2\
h\xd8\x1bDq\x1c\xc5Q\x9a\xa6\xbalPw\x98H\
\x92D\x17\x03\x145T\xf9t\xc7\x00$\xa9\xb2N\x12\
J\x9a&Q\x00\xe0\x10\xe2\xb8\xae\xef\xf9a)l\xd4\
\xeb\xe5J\xa5\xd1l\x9e>w\xf6\xfc\xf9s\x8dZ\xbd\
\xd5\x1b\xdc\xbay%M\x06\x0f\x9f?\xb7\xb8\xb8\x04\x13\
\xf9\xc2\xb1\x0d\xb7\xffZ:\xc2\xb6\xbe\xd0u\x83\xe3|\
\x84\x99{\x9a\x83 \xf1\xae\x00\x00\x80\x00IDAT\
\xb0x\xcc\xbec\x0b\x1d\x11B\x04c\x05\xe0\xfb!(\
\xf9\xfa+?x\xe1\xf9\xe7\x13.WO\x9d\xf6\xc3\x12\
(a\x9ed\xd2\xac\x873\x9e\xa4\x89\xceL\x13B\xc2\
0\xac\xd5j\x95j\xc5u\x5c@\x99\xd1\x7f\xf6[\xe6\
\xd9&r\xa7\xc4\xe2#\xf0\xfe\x14\xd6$F\xd2/\x8a\
\xde\x9a\xea~\x06\x98\x90U`\xe6\xaf\x00!\x8d\x09u\
\xdf9J\xa9\xe3\xba\x8df\xe3\xd4\x89\x95\xd5\xd5\xa5z\
\xb5\x8a\x11\xeav\xda\xf7\xb6v\xee\xdc]\xbb}\xeb\xee\
\xee\xee^\xbf\xd7\xe3,\x05%\x94\xe9R\xa0\xcdCG\
\xec\xf2\x01\xc0X\xe3\x81\xed \x95o\xc4qh\xd0,\
\x802W\xd3\xc2\xb8\x15\xa6\xa1#\xdf8nL\x8a\x0b\
\x8c\xcd'\xeeO\x15\x16\xe7\x19\xc5?\xf3\x22F0\xae\
0jt\xb4\xefC\x09N\xf9S*=\xd3Q\xb6n\
3\x1b\x9c\xe2F\x16\xa78\xf9\xfb(\x07\xa2c]\x0a\
\x8a@\xc2\x18o:\x0e%\xc45M\xf7\x88\xebj\xae\
 \xa8TK\xa5j\xa5T\xadT\xe6\xea\x8bKKK\
\xf3\x0b\x8a\xf3\xad\xb5\xb57_\xbe\xb8\xb3\xb1\xa5\x1c|\
\xf6\x91\x87\xfe\xf43\x9f%\x14\xb7\xda\xad+W\xaf\xb4\
\x8e\x8e\xfa\x83a\x1cG,I\x93(I\x93D;I\
\x09\xce\x95\x10\x5cJK\x0c\x8e1\x81\xf6\xe2\xca\xff\xcd\
.6\xbb\xab\xa6\xeb\xcc\xa8\xc7\xa6e\x05\xad@t\x8c\
\x15\xb4}\x055\x13X$\x06s|\xe8\xba\xfa\x94\xd6\
8A7-\x00\x00\xdb\xc6p,4\x14\xb4\xb8Z\xef\
\x88\x9d\xb9\xda\x93\xd0jM-\x08A\x05\xbbQ\x98\xc0\
\xf3z\x8f\xcd6 \xc3 \x8d\x91\xbd\xf6G\x0bs\xdc\
\xc2\x91\x85\x07+l^\xc3\xa01%\xb1\xe2g\x1f=\
\x7f\xef\xde.\x00\x10\xe2 \x84\x94\x12\xbdvgww\
\xfb\xfa\xb5+\x17\xaf\x5c\xdaX\xdb\xde\xbc\xb7\xf6\xd6\xe5\
\x8b\xfd^\xdf\xa3N\x1c\xc7\x92\x90J\xad~\xe6\xe1\xa7\
\x9e\xfc\xe4'\x9f\xfa\xe4\xa7\x1f}\xe8\xfc\x89\x95\xe5\xef\
~\xfb\x8f\xfe\xc9\xff\xf3\x1f\x9e<u\xda\x0d\xbcR\xa9\
\xcc9\x0f\xc2\xd2\xf9\xf3g\x9f~\xfa\x13O|\xf2\x93\
\x8f\x9c?\xdb\xa86\x8c`\x5c2\x05\x08!\x82>X\
\xa3\x98\xfc\x92\xb7\x1a\x12\xab\xff\x04P*eQ4\xec\
\xf7\x0f\x8f\x0e\xf7\xf6\x0f\xf7v\xf7\xf6\x0f\xf7\x0f\xdb\xdd\
\xce \xe9GQ\x9c0\xc1\x19\x06\xc5%\xe2\x9cK6\
\x04\x16\xb1\x94E\xa9\x14\x8c\x83\x10\xcc(\x072\x19\x01\
R\x08\xb0\xbe\xd1 \x04\x18\x01u\x1cJ\xa9\xe3x\xe5\
rE_\xce\xae\xef9\x9e\xeb8\xd4!\xc4\xd1D\x1e\
\x86N\xbb\x13\xfa\x9e\xeb\x10s\x1e*\x90\x86\xb5\xb4\x8e\
\xcd\x08a\x8a\x11\x11B0!\x0c\x90\xce\x9a\xf1\xe8$\
\x88\x16i\xeb\xaf\x1b\xf7\xd1\x1ff\x9c\x8bw\xadb\xc6\
\xa4\x98\xec\x90R\xba\xae\x0b\x00\x86\xfc\xd5i\xbeB\xd6\
\xef8>\xd0\xfe\x84\x9a\xb8m\xaa,A`\xafj\xc6\
\x808\xe9\xb0\xdb\x97\xd4-\xb9\xde\xf3\xaf\xbe\xdc\xe9\xf7\
\xb9\x22'N\x9d=uj\xd5w\x9d4\xea\xdd\xbc~\
\x9d1\xb6\xb7w\xf8O\xff\xe5\xef<\xf9\xf0\xf9\xbf\xf8\
?\xfeK\x7f\xf2\x17\xff\xc4\xea\xca\xca\xe5\x1b\xb7k\x8d\
\xea\xb0\xdfo\xb7\xdb~\x10\x0c\x06\xb1\x83\x89\x22*\xf0\
\xbdz\xbd\x1eE\xc3'\x1f\x7f\xe2\xb0\xd5i\x1d\xee?\
\xfc\xc8#o\xbf\xf3\x8e\x0bn4\x1c^\xbex\xf1\xe7\
~\xe9\x17]\xdf\x8f\xba\xbd\xeb\xd7\xafg\x80\xf0A\xbb\
\x8eg\xf1@\xc7\x0c\x10\xce\xe2\x03\x8a\xec\x89.\xbb\x83\
\xc1\xfe\xd1Q\xd4\xef'q4\x18\x0c\x22\xcd\x09\x0e\xa3\
\xdc?&1\x91&\xa9f\x08\xad\xf1\xba\xad\xf3\x06[\
\x8c\x97e\x8c\xf5\x9d\x1dc\xac\x85\x82\x84\x10\xd7uJ\
\xe5r\xbdZ\xab7\x1a\x95z\xed\xc4\x89\xd5\xc7\x1e\xbb\
\xb0\xb0\xb0\x940\xfe\xd6\xa5\xab\x87{\xbb\xe7\xcf\x9d=\
}\xfaI\x8c\xb1TR\xa3\x8c\xc2\xe6BF-\x99\x8d\
\xd7\xd3M\xc6\x98\x96\xb0Z\xfdj\xeeQ!\xa4i\x81\
(\xa5RYW\xb7Q\xecW\xc0\x06\x8as\x01\xba\xbc\
\x1f#\x0e2\xf0\xdc\xdd\x9d\x8d\xe7\x9e{n{{\xbb\
^\x9f[\xac\xd7\x09!\x80\x10\xc2\x14\xb4JGJ\xce\
X\x92$\x5c\x08!\x05%$\x08\xc2Z\xb5Z\xadV\
\xb5\xa9\xbd}\x12\x83}\x12 \xa4\x8d\xf4\x0a\xb5\x19\x13\
Gd\xda\x9f9-\xa5\x87a\xd2\x88\xa20H\x93_\
\xcf\x9e\x9aV\x83\x09\x995\x5cfgN)!N\xe8\
\x87ss\xb5\xd5\x95\x95\x93\xab\xab\xd5j\xa8\x9488\
<\xda\xd8\xd8\xbc~\xe3\xe6\xdd\xf5\x8d\xc3\x83\xc3\xe1\xa0\
\xcfS\xa6M]\x90>\xae(k,\x9f\x99\x0eXt\
\x9a?\xfc\x94\xf1z\xb5\xff/\x82\xa8\x91g$\xb2\xbb\
\xa0L\xbf?\x18\x11\xe0\xe9\xc3U\xd0\x87\x16a\xe6\xb1\
-\x04\xa7R\xa3S9\xd8\xc9\xb9E~zge@\
\xaa\xb8\xf8\xb4%'\xff-x)\x81\xc5\x92\xfa\x9f\xb1\
%\xed.\x8c\xa1\x80b\xca\xbc\xd8\xb01\x9b^\xe9\xcc\
;&\x98`\x82\xb5(\x94bJ\x09!\x14;\x94\xba\
\xd4#\xd4\x09\x02\xa7R\x9b\xab4\x9b\x95\xb9js\xa1\
\xb9\xbc8_-\x97\xb8\x14{\x1b\xbb\x7f\xf4o\xfex\
\xe7\xf0\xa0V*\x9f<q\xea\xc9O|\xa2\xecy\xbb\
\xfb\xfb\x17\xdf~\xa7\xdd:\x14\x82\xc7q\x1a\xc7q\x94\
Di\x9c0\xc68\xe3<\xd7\x85\x9a\xcc\x8b\xb6\x8b\x19\
c\xff\xd4h\x0b\x87,'\x03\xca(\x94\x11\x00X#\
\xfb\xa2\x81\x8a\xceMX\x1c\xa8)>\xdf\xf7u\xdd`\
\x10\x04\x1a\xf8Y\x04\x98\xe1@\xd3]\xc2\xf3<\xc7u\
\x82 \xd4X\x91\x10\x8a1V\xa0\xeb\xd7ri\xb7\xc8\
\x1d\x10\x85\xc6\x81:\x8c\xec\x10cB\x88~\xdf\x8aH\
\xed\x5cY)\xa5q\xe0\xd8\xf9\xa3\xc9F\xb3\xb0>\x89\
\x11\x00 \xa5\x90T\x80\xb3{\x90\xbeX\xa4v\x17*\
\xe4;\xb4\x8bSV\x99e\xf2,\x0fH\xe8\xab\x11\xb2\
\xcbA)\x09\xa0\x08\xc6\x98z\x18@)Y*\x07\x83\
\xfe\xe5\xd7^zisw\xef\x8f\xbf\xfdG\xebkw\
]L\xae\xdf\xb8\xb1\xb5\xb73\xec\xa5\x1e\xf5\xbc\xd0A\
\x1eZ>w\xfe\xfc\xe9\x87\x1ez\xf4\xcc\xca\xea\xd2\xd9\
s\x8f?\xfd\xd8\x93\xd5\xc0\xdd\xd8Z\xfb\xc1s\xcf\xfe\
w/\xbe\xf8\xda\x9bozn%\xa8T\xbc\xc0=w\
\xee\xdc\xd3\x9f\xf8\xc4g>\xf5\xa9\xb3g\xcfz\x9e\xaf\
\xb7BJ\xae\x94\xce\xda9?\xc9\xf9u\xf1V\x90\x1f\
\xe3\x11&Jo\x0f\x8b\x86\xbd~\xaf\xd3\xd9=\xd8\xdb\
\xd9?\xd8\xd9;88\xd8\xefu:q\x92F,M\
9\x97\x12\xa4\x90\x92K\xc6\xd34MY\x92\xb2$\xe1\
\x9c\x0b\xc9\x84\x14B!\x0c\x08k3d\xa9\xc0\xf4\xc6\
\x00\x00\x00\x8c\x09\xc1\x94\xba\x0e\xd5\xc48u]\xeak\
\x89\xb7\xeb\x05A\xe0z.\xc6\x9a?\xc6\xe6\x0cR\x80\
\x11H\xc9\xb9\xd0\xe9\x09\xa5\xed\xa8\x95\xdd\x11\xbb\xdd\xe6\
6\x0d\x98\xe4\x0fq\x94U\xd1C\x96\x1f,\x0c\xc2H\
\x8e\xac\x98\xd4\x9b\x5cfj\xa0\xcc*\xa9\xf8\xa6\xbe\xa2\
\xf5\xa8\xa6,\x95B\x82\xcd5\x8c\xe6\x0d\x8f\xbb\xbd\xa3\
\xd1:C(\xe4V\x84\x94\x9cs\x82u#\x0f\xc29\
\x10\xdf\xed\x1f\xed\xbf\xfd\xf6\x9b\x5c\xd1\xb0T~\xe8\xa1\
s\x8e\xeb*\x95\xde\xba{g\x98\xf0\xed\xcd\xed\xbf\xfe\
\x9b\x7f\xefg\x9e\xba\xf0\x17~\xfd/\xfe\xd2/\xfe\xc9\
\xd3+'\xae\xde\xbbw\xf2\xd4\x89\x83\xfd\xdd\x8b\xef\xbc\
}z\xe5\x84K)\x08\x05HI\xa1\x92\x849\x8e\xe3\
:^\xcc\xa2\xc7\x1e}\xf8\xe5\xd7Z\x8d`\xaeR*\
',\xa5.\xbd~\xfd\xfa\xd7\xbe\xfes\x84\xa0$\xe5\
\xd7o\x5c\xff\x85o|\xe3'x\xaa\xce\xe2c\x1a3\
@8\x8b\x0f\x22\x0c\xb7&E\xab\xddn\x1d\xb5\xa38\
\x89\x87\x83\xe1p8\x1c\x0e5 \xd4\x08\xd0\x1a\x8a\xa6\
\xb1\xd6\x88%)g\x96\x18,\xaeJ\x8e\xa4\xfcA?\
z0\xd2U\xea\xc4s\xddrX\x0a\xca\x95F\xad\xdc\
lTO\x9c<y\xfe\xb1'\x96\x96\x97)&w6\
vo\x5c\xbd\xb8\xbc8\xff\xb5\xaf~\x99R\xaa\xe7F\
\xc5i\x90y$\x14p\x8e\xa6(u\x1d\xa3\x9e\xd5Y\
\x98jUjJ)]\x97\xa4FCN4\x96(<\
K\xb8\x9e\x8c9\x8e\xe3P|\xe9\xf5\xb7~\xf0\xcaK\
\x80\xf1\x89\x93\xa7\x1d\xd7\xcdZ\xf0\x81\x02$\x84d\x8c\
1\x96\xb04\x15B`\x82\xc30\xacT+\xd5J\xd5\
s\x5c\x9d\x0a\xcd9\x04c\x1bSh\x0a'G\xe8\xc1\
\xfb\x1c\xa0\xfc\x0f\x04\x0ae\x9e\x9b\xc7\x88g\xees\xac\
\x0b\x8f\xd2\xc2k\xdd\xfe\x91R\xe2:~\x18\xcc5\x1a\
\xa7\x96WN\xae,WJ\xe5\x84\xa7[\xdb{w\xd7\
\xd6n\xdd\xba\xbb\xbe\xbe~p\xb0\x1fE\x03#\xca\x82\
\x22\x0fh\x10 \x06\x83\x09-\xfb82]\xb0\xb5\x8e\
\x80F\xbc\x15\xc6\xb6\xd3\xb6\xb1\xcap\x16\xe4I\xf7\x02\
]V\x90n*4\xbe\xa7c{=\x15\xf5M]\xf8\
\xb8\x17\xf9\xaf[\xa5ga\x17\xc6\x8ec\x11\x19\xa2\x22\
\xfe.\x9e\xc6\xf7Mw\x1f\xf3\xb6i%\xa1IW\x94\
\xb5\xce\x83Q#JJ\xa8C\x88S\xf0\x5c!\x98\x12\
\xea\xb8\xae\x13\x94\xc3\xe6\xfc\xc2\xf2\xea|}q\xbe>\
\xbfX/W\x19\x1bl\xad\xad\xbf\xfc\xbd\xab{\xadN\
\xb5\xd2<}\xea\xe4\x93\xcf|\xa6\xec\x06\xed\x83\xfd\x9b\
7\xae\xb5\x0e\x0e\x86\xfd\x01\x17\xc2\xde\x01\x92$I\x8d\
A\xa01\x0c\xe5B\xab\xb03\xec\xa7\xffW\xb8\xd0,\
&\x0406\xaaz\x044\xef\x058\xd3\xb5\x22L0\
\xb6\x85\x82Z\x1dju\x9e\xc5f\x12Ez\xb0\xd8f\
\xb0\xc8\x1c\xba\x9e\x1b\x86\x9e\xe7\xf9\xae\xeb:\xaeWL\
*\x19\xb7\x0b\x00B\x88\xeb\xbaZV\x90\xa6i\x11\xc2\
\x15\xf9I\x0d\x17\x8bB\x5c\x986\xfb\x04\x00M-\xea\
\xd7\x9cs\x9d\x0c\xca\xb1=\xd8#\x8f\xa4R\x99\xbe\x14\
\x84\xd4\xf8pT\x96\xac2j]\x19|\x98]h\x1f\
Zd\xf9\x0b)% \x09\x98bd\x8cG\x08\x00\x0c\
\x86G\xeb[[7\xaf\xdf\xbc\xf8\xca+Wn\xdex\
\xe7\xca\xf5\x8d\xf5-\xc7\xf3z\xdd>K\x920\x0c\x08\
u\x1bK\xa7\x9fx\xe6\xe4\xd3\x17\x9e\xf8\xcc\xa7\x9f:\
\xb9\xdcp\xfd\xa0Q\x9b\x8f1s\xfcP&p\xfb\xc6\
\xd5\x17\x9e\xfd\xf6\xdb\x97.\xdd\xb9uwo{\xcb/\
W\xbf\xfa\xf3_\xfd\x93\x7f\xf2\x17?\xfb\x99\xa7O\x9e\
8I\xb0\x9e\x14))\xb5pW\xbb\x9e\xa0\x9f\x5c9\
\x96\xb2\x05\xbdY\xc6\xcc\xa6\xbb\xf4\xc7q4\xecv[\
\xad\xc3\x83\xce\xd1\xd1\xc1\xfe\xc1\xf6\xee\xfe^\xeb\xb0\xd3\
\xeb\x0d\xa3(N\x19\xe3B\xa6\xc6.)ai\x9a&\
\x821\xa9\xad\x95t6K\x22\xa5\x00a\xe3\x02\x83\x95\
\x94\x80\xa4\xce?PL\x08\xd5g6u\x1d\xcdt;\
\x0e\xd5\xf6\xbf\x84\x10\x82\x09\xce\xe8P\x8c1\xd1\xb6\xdb\
\x0a@I\x04\xa0\x0c\x98\xd4\x86:\x18a$\xa5T\xfa\
\xb4\xba\xdf\xadwd\xdfm\xdd\x84\xae\x95E\xd3<u\
\xc7\xc6j\xf2\x9d\xfb\xc3BK\xaa\x0b!\x1c\xc7)&\
g\xb9b\xf9]\xa4\xf0\xb4\x9a\x14\x95\x8c\xa9F\xed\xca\
\xed^d\xa9\x1d\xe0L)@\x04\x13\x044\xf4\x9d\xb7\
\x7f\xf0\xea\xfeQ\x9b8\xc1\xf9\xf3\x0fU*%\x05\xd0\
\xee\xb4\x0e\xf7\xf7[\x87\xfb_\xfa\x85_\xfe\xdf\xfe\xad\
\xbf\xfe\xe7\xff\xe2\xaf~\xe2\xa9g\xaaax}c\xad\
\xb9\xbat\xeb\xca\xe5K\x97\xae\xec\xee\xec.5\x17\x85\
\x94\x8c3J\xb0\x02\xc5\xb9p]\x9fR'e\xed\xe6\
\x5c\xe3\xcc\xe9\xd3\x9b\x9b[K\xcbK\xb7o\xdf)U\
\xc2\x8d\x8d\xcd\xf5{\xf7VV\x97\x93!\xdb\xdf?\xec\
\xf5{\x95r\xe5't\xc6\xce\xe2\xe3\x1a3@8\x8b\
\x9fx\xa8L4u\xd8j\x1d\xb6\xdai\x14%\xb1\xf1\
\x8f\xb18\xd0Z\xc8\x98\xb9\xa0f\x06\xb4\xa5\xf54[\
H\xfd\xb4C\x99[\xb4\xeerM\x10\xa6\x84\x06\x81_\
\xaeTj\xf5Z\xa9\x5c[^\x9e\x7f\xe8\xfc\x99\xf3\x0f\
=\x1c\x86\x95\xbdv\xf7\xca\xe5\xab\xbe\xeb~\xe9\x0b\x9f\
/\x97\xcbc\x1a\xb9\xc9mVJq\xce\xe3\xd4l\x92\
\xce\xf1\xcbB;\xc1\xa2y\xbd\x9d\x95\xaac\x02\x0a\x93\
x@Hp.\xa5\x00B\xc2\xb2\x1f\x0d{/>\xfb\
\xfc\xda\xbd\x8d\xe6B\xb3\xda\xa8c\x8c3\xeaJJ\xa9\
\x18Wi\x9a\xa6I\x22\x04\x07P\xae\xebV\xab\xd5j\
\xb5\xea\xfb~\x91/U\x19i\x05\x05R\xcb\x8e\xfc\xc8\
2\x13\x87f\xca\x9b\x85\xf6\x83p<\x156\x19\xa3K\
\xeaJ$\xfd@\x06\xddh\xce\x0b\x83F\xbd\xb6\xba\xb2\
\xb4\xbc\xd0\xacUk\x9c\xc3\xdd\x8d\xcd\xdbkwo\xdd\
\xba\xbd\xb1\xb9\xdd:<\x8c\xa3XJ\x89\x90\xa9\xef\x1a\
\xd1(\xc2\xe8d\xa90c>.\x9d<\xb9y\xf9l\
c\xe4?S\xc6\xc4\xac\xaa\xa0\xac\x9c\xba\xffE\xbee\
r\x94\xac2\xf38\xecW|1r\x982\x86\xd0\x8a\
\xfd\xa6\xc2\xc8\x1c-L\xfb\xd4\x96V\x8eA\xfa\xe2\xcf\
\xa3\xd1\xebK\x0f{V\x80\x0a\xaa0\x1d\xd4\x00\xc6`\
'\xea8\x848\x948\x98R\xd7!\x8eC=\xd7\x0f\
\xc2j}nay\xe9\xe4\xa9\xe5\xa5\xa5\xf9FX\x17\
\x22\xd9\xd8\xda~\xee\x85W\xb6vw\xfcJ\xe5\xe1s\
\x8f~\xee\x8b'\xa8\x8b{\xed\xce\xe6\xdd;{{\xfb\
\x83N\x97\x894\x8d\x92\xe102\xa5L\x99Y|*\
\x98\xd4V\xf7\xd3\xbca\xc6\xe4\xa0\xc5\x0b\xad\xb8/\xb8\
 \x18#Y\xbf3\xdbF\xc2\xf6\x15\xb4PP\xff\xab\
\xe9A[%X\xfc\xd76\x9d\xf7}\xdf\xf7|?\xf0\
\xbd\xc0'\x04\xdf\x070\xe8\xe1\xb5bT\x9dZ*\x8a\
\xd9`\xf4\x10\x18o\xd2,\xec\xeb\x22qm\x11\xa0F\
\x83\x9a\x90\xc4F\x9ag\x93\x1b\xe6\xb4\x11R\x10E\x14\
\xb2\x03dj\xb7\xac*/\xe7\xc0\xb5\x9e\xf6\x83\xc5\x83\
\x86\x02\xd4`\x1e!BhfU\x0b\x00\xc0\xd2xc\
g\xed\xd6\xad\x1b\xd7.]\xbfq\xed\xc6\xab\xaf\xbev\
\xf3\xee\xbd4a\x14!\xd7\xc1\xadvG\x22\xe7\xe4\x89\
\xb9\xf3\x9fy\xf8\xe1\x87\x1ey\xfa\xa1\x0b\x8f<~v\
\xe1\xe4\xbcC<\x97\x04(\xe5\xfda\xdf+W<L\
\x94L\xef\x5c\xb9\xf2\xd2\x0b?\xb8\xf8\xe6\xab\xd7o\xdd\
Y\xdb<\xf4<\xefs?\xf3\xc5\xbf\xf57\xff\xd7\xbf\
\xf8\x8d\xaf\x13\xa2M8\xa4\x94\x22+m\xfe\xc9\xcc\x8e\
\xb2st\xaa\xfe\x13\x14\xa84\xea\xf5;\xadN\xf7\xe0\
\xa8upp\xb4\xb7\xbb\xbb\xb3\xbb{\xd8iw\xfb\x83\
$J\x84\x12BJ`\x5cr\xc9\x05\x17\x82\xf34M\
S\xc1\x85\xd0)\x12#\x89VZ\x92\xa1\x1dx\x14\xe8\
$\x1au\x1c\xea{\xae\xe7{\x9e\xe7j\x09\xb4C0\
q]\x97\x10J\x89nE\x880d\xdf5\xddj@\
\xe8^\xc1B!\xed<\x94kg\x04(\xa0\x08\xa5i\
b\x1c\xa9\xa4\x04\xdbv^\xbd\xa7\x07\x87\xce\xa8\x1ay\
\xf3\xc4%\x0c\x13\xf7\xd5<\x9d1M\xd109\xd2j\
\xb4\xecYg\x81\xf3\xdfR\x8a3\xd3\xe5\xc5\xd6\xc3\xa3\
Q\xb7\xe7\xb1\x0d(\xfeiS\xb1\x05\xb6\x1f1\x90\x80\
\x09\xc6\x18\x13\x1a\x0f\xfb\x97/^d\x02\x96V\xe6\x97\
W\x96\x95Di:\xbc{w\xad{\xd4\xaa\xcf-\xfc\
7\xff\xcd\xff\xfd\xff\xf0\x9f\xff\xddJi\xf9\xfcCg\
\xf6[\xed\x85\xd5\x95w\xde~\xb3\xb3\x7fX.\x95\xd7\
\xd3u\xae$ \xc49CA\xa0\xfd\xe4\x84\xe0\x8c\xa5\
\x88\x10\xa5\xd4\xd9\xd3\xa7ww\xf7\x1b\x8d9\x97\xae\x83\
T)K\xaf_\xbf~\xfe\xe1\xb3\xd4\xa1I\xccw\xb6\
\xb7*\x8f\x5cP3\xd5\xe8,~\x98\x98\x01\xc2Y\xfc\
dC\xcf9\xd34=<<\xe8t\xbai\x9c\x0c\xa3\
\xc1`\xd8\x8f\x87\xf1d\xa46\x92\xc4\xce\xfe\xb4\xb8\xcb\
\xae-g\x01t\x83f-\x00\x03\xc0\x04\xfb\x9e_)\
\x95\xaa\xd5Z\xa5V\xab\xd5\xebg\xce\x9ez\xe4\xc2\xa3\
\xf3\xf3\x8bL\xc2\xab\x17/\x1f\xeen\x7f\xea\xa9'\x96\
\x96V\x94\x02\xa9\xd4X\x11H\x01\xc3\x80\xe0\x22\x8d\xe3\
X\x8bWYZ\xd4z\xa9\x829D^*Xh&\
Q\x84\x7f\x93\xefdS-\xc59\x07\x8c\xaa\xa5\xd2\xda\
\xda\xbd\x17\x9f\xfd>\x08u\xe6\xa1\xf3\xd4\xa1\x00\x00\x08\
\xa4T\xa0@\x0a\x9e\xa4I\x92p\xc6\x18 \xe4RR\
.\x97k\xb5Z\x18\x04\xda\xd1n\xcc\x05D?\xf12\
\x95\xa7\x81/Vr6\x96\xe0\x9c\xfa\xdc\xcd\x9f\xc7\x08\
M\xfa\x97\xd8\xefN\xbe\x9e8\xea\xfa\x01\x09\x18\x11L\
0!\xd8u]\xcfw+\xd5\xea\xfc\xc2\xfc\xea\xf2b\
\xa3V\x15B\xdcY\xdf\xb8r\xe3\xd6\x8d[wv\xb7\
\xb7\xbb\xed\x96dL)\xcdA\x81\xe1\xa4\x90\x85\x7fY\
\xdb,\xc3\xfc\x8dl\xd5\xd8F\xda\x90F\xb6j\xfa\xd3\
\x83V\xa0Y\xf9Uf6S\xdc\x9d\x22\x9e\xd4\xc0X\
S\x91z\xaa:Yw\x87\xa6\x19\xc6\xa8Q\x04\xa9F\
E\xb7\xf7Y^f\x8d(\x94*Z\xf9\xe4JQ\xbb\
Z\xdb\xb5%\xd7\xbc\xaa\xdc\xe0''\x98\x0a\xbf\x9b\x9f\
\x00\xb6\x9cS\xaf\x0c!\xcb\x95\x82\x99\xc8eT,2\
\xf5\x9a$kF\xa0[\xf1QJ\x5c\xeax\x8e\xebP\
J]'(\x95*\xf5Z\xa39\xbf|re\xf9\xd4\
b#\xac\xb9@v\xf7\xb7\xbe\xfb\xca\xeb\xdb\xdb\xbb\x8e\
\x1b>t\xee\xdc\xa7\x9f\xf9,q\xe8\xde\xde\xde\xd5K\
o\xb7:G\xfdA2\x1cFI4L\xa3\x88\x09\xce\
R\xae]zM\xe7xC\x07rQ \x03\xa50\x1a\
l\xcb\x10\xaa\xccM\xca\xeehF\xb0X$\x88\x082\
\x16\x17\x96\x12,\xb2\x82\x16\x0d\x16\xcdcl3\x09\x0b\
\x0b\x8b\x9e1A\x10\xf8\xbe\x1f\x04A\x10\x04\xd4q\xf4\
\xc9\xfa\x1eC\xcfG\x8b]\xe0m\x0d\xa1U\x90\x16\x17\
\xb6bQ{z\x8c^d\x80\xb3\x99\xa8\xb9)\x22M\
\xab\x81-}\xd5\x1c RHI\xa5'\xea \x85\x02\
\xac4\x89ZlF\x89\xccQ\x7fO\xcc\xce\xbbGq\
%h\xf2C\xcb\xee\x22\x8c\x09\xc6\x00\x18e\xdd\x1a8\
Kww\xb7\xdey\xe7\xed\xd7/\xbeu\xfb\xfa\xcd\xf5\
\xdb\xf7n\xdc\xbe\xb5wx\x08\x8a\x10\x840H\xeay\
\xbe\xe7!\x04\x8dz\xe3s_\xfa\xea\xe7\xbf\xfc\xe5\x0b\
\x0f\x9d\xfb\xd4\x13\x8f\xd4\xaa\x15\xc1%K\x99\x00\x9e\x12\
B\x1d\xdf\x03\x82\xf7\xe9\xc5\x8b\x17\x7f\xf0\xbd\xef\xbd\xfc\
\xfa\xcbo_\xbb\xde\xe9G\x18\xe3\x87\x1f~\xf4\x7f\xf9\
\x1f\xfc\xf5_\xff\xf5\xbf\xf0\xd9O}\x8a\x10G\xdf\xd4\
\xb5\xd9\xf1{kN\xfe\xc3\x0cD\x91\x00,\x1cc\xfd\
\xaf\x10<\x8e\xe3v\xbb}p\xb0\xd7>::\xdc\xdd\
?j\x1d\xedw\x8e\x8e\xda\x9da\x94\xb0\x84q\xce\xf4\
=<e\x8cs!\x18\x13,M\x05\x97R\x22\xa9\x95\
 :\xa1\x00\x08#\xa2\x90\xd2\xbe\xd0\x00\x80\x08\xa5\xc4\
q]\xady\x0eKa\xe8\x05\xba\xdf\x1f\x80\x96X\x18\
\x7f\xae\xec>\xa0\xc5\x93Jji\xb1\xb9#(\xabI\
\x00\x00\x10\x05\x13\x1d\x93Z\x00\x05\xc0\xb9\xd0$nq\
\xe1\xf7x&\xe9\x9b^1\xb9\x89\xa6?\x9a\xb3\x93i\
\xacyl\xf6\xe6qT\xe1\x18\x89\xa7SZ6\xa9d\
&\x19\x00J\xe5e\xbav\xfdh\xc2\x81\xec8X\x08\
\xe6\xf2\xd4h\x19y>E\xc4q=z\xe7\xf6\xda\xfe\
\xde\x01v\xbd\xf9\x85\x850\xf0\x934\xde\xda\xden\xed\
\xed\xb6\xbb\xfd\xbf\xfb\x7f\xfa\x07W_\xfb\xfe\xef\x7f\xfb\
\xa5\xbf\xf4\x17\xfer\xca\x86+\xa7Nn\xdc\xbe\x03L\
\xb0T\xbd\xfe\xca\xabq\x12ku\xbcC\x89\xbeL\x00\
@k\xe6]\xd7\x8d\xa2\xd8w\xbd\xf9\xf9&\x08Uo\
4:\xdd\x0eu\xdc\x1b7o\xfe<\xfb\xba\x04\xd9:\
:\xdaX\xdfxd\x06\x08g\xf1C\xc6\x0c\x10\xce\xe2\
'\x18\xfaF\x99\xa6\xe9\xde\xfeA\xb7\xd3M\x92(\x8e\
\x87\xc3\xc1\xd0V\x0cZbP\xbf\xd0\x92\xaa4Me\
\xb1h0\xeb\xea\x96q\x02\xba\xa9\xb6\x04\x840 \x0c\
\x800\xa6\x94\x06\x81_\xad\xd6\xe6\xe7\x9b\x8dzua\
y\xf5\xd1\x0b\x17\x96V\x97]\xea\xee\x1e\x1c^z\xe7\
b\xb5Z\xfe\x85\x9f\xfd\x1a\xa5\x8ey*LK.J\
\xa98\xe7Q\x92D\xc3a\x1c\x0dl\xd9\x8f\xc5\x81J\
\xe5&\xa2cZ\xd0\xa9\xdc \x8c\xd2G\xca\xd8s \
\x09\x0a\x08\xf1\x1c\xf7\xe5\x97\x9e\xbf\xfc\xce\xe5\xf9\x85\xa5\
z\xbdn\x1e0\x08l\xb1\xa2F\xc8RJ\xc7qJ\
\xa5R\xadR\x0d\xc3PWY\x8cM\x0d\xc1\x12Y\xc5\
\x9e\xbd\x0a\x00\xf2\xea\xc11\xcf\x09\x80c\xb3\xaa\xe6\xb1\
W\xe8\xa3=\xf6\x0c\x1e\x7fd\x82\xca\x85yR\x012\
l\x12\xc1\x98RJ\x1c\xc7\x0bh)\xa8\xcc/4\x97\
\x96\x17\x1b\xd5*\x17\xf2\xc6\xcd;\x97\xaf\xdf\xbc}\xfb\
\xf6\xc1\xfe\xee\xa0\xdb\x15\x5cZ\xa7\xc7\xec\xe7\x10R\xc5\
\x89\xe4\xb18\xf0\xb8\x13\x0fi\xfcf\x9c\x86\xb2C\x90\
\x0d\x0bBS\x9e\xf7S\xa0\x9a,h.\x95\x920\x05\
\x01N'\x06GY>\xbd%\xc5\xfc\xf7T\xd2o\x92\
\xfaS\xa0t\x93\x8f\x0c\x91f\xbfbL\xdf\x0b\xef\xd8\
tC\xb6\xb5\xa8\xb0|\xae?\x04P&\x83\x9f\xc1B\
\x04\xc5\x93\xc9\xda\xb7\xeb\x86b\x84\x10G\xf3\x81\xae\xe3\
\x10\x87\x12\x0d\x9c\x1c\xd7w}\xd7\x0b\xaa\x95\xb9\xf9f\
syi\xf1\xd4\x89f\xa3\x1ab\xd2?\xdc}\xeb\xad\
\xcb\xb7\xd6w%\xe7\xcbgO\x7f\xf5\xe7\x7f>p\xdd\
\xd6\xc1\xe1\xa5\xb7\xdf:88\x18FQ\x9c\xc4I\x9a\
Z}\xb8&\x00\xb3\x94\x8bV\x86r\xa9\xd5\xd72g\
\x02\xb3L\x90\x94\xb62P\x188\x03\xd8\x9c38\x9b\
o\x9b~$x\xdc0f\xac\xaf\xe0X\x8by\xab\x14\
-\xf2\x81\x16\x1c\xea\xd7a\x18\x96J%\xdf\xf7\xa9C\
\xdf\x9f\x0d\xa7U\xafa\x8c\xe38\xd6/\x18c\xf6\x00\
\xe9?\x01@\xdbPq\xce)\xa5\x1a\x19\xea\xd3\xc0@\
\x16\x04J\x00\xc2HI\x04\xdc\x5c\xe0\x96\xecU\xa0\x9d\
iLf\x07@\xb3\x83B)\xac\x14\x02)\xb5a1\
\xa8\xe2\x08\x83\x94\x0a\xde?\x1a\xd4\xdf\xc5\x99\xf4Qw\
\x96\xc9\xb1O~[\xcc\x0e\x90\xfd\xe6p\xd8\xdf\xdc\xde\
\xbcw\xf7\xd6\x95+W\xdex\xe7\xe2\xf5KWw6\
7v\xf7\x0e\x06q\x5c\x0aC\xdf/a@\xa1_\xe1\
JP\xec4\x16\x16\x1e{\xf8\xdc\xa7\x9e\xfe\xd4SO\
=u\xf6\xcc\xa9S'\x9a\xc4u\x04!\x01\xa1\x1e\xa2\
\x1c\x114Hv\xd6\xef^\xbfq\xf9\x07\xaf\xbd\xf6\xc6\
ko]\xbety\xeb\xb0\xad\x00<\xbf\xfe\x99g\xbe\
\xf8s_\xff\xc2W\xbf\xfe\xf5\xaf~\xe1\xcb\xe50\x80\
\xac\x22\x80\x10\xf2c\x9c6\x17\xb3.\x13\x04\xa0L\x86\
\xc3h8\xe8t\x0e\x0f\x0e\x0f\xf7\x0f\x0fw\xf6\x0e\x0f\
\x0f\x8f:\x9dN\x7f\x18\xa5\x8c\xa5I\x92h\xbfO\xce\
9cJ;\xe9f\x0f\x1d\x95\x19h\x9b\xfb\x89\xb1\x9f\
\x96\xd8\xe0\x1c\xc7q\x5c\xdd\xde\xd3\xf3\xfc \xf0\x0d)\
mO9\xbdq\xda\x123\xdb\x22\x09\xc2\xae\xb1\x98\xc7\
2\xe9\xb2Q\xcd\x85>Q\xed\x1e!\x85\x14\x92\x0a#\
\xc6\x05q=\x95\x15|\x9a5+\x95\xb1\x95\xef\xa2\xc4\
\xb1\xb7\xd0\xfb\xdc\xdb\x8f\xc3\x81\x93o\x1e\xf7u\xfd\x04\
$Y.U\xdf\x01toR\x05J\x08\x8542\xcc\
4\x15S\x19\xc8\xfb\x80\xd5\xecbB\x08\xb0\xe3\x06\x88\
:\x00\xfc\xf6\xad\x9b\x91\x82\xb9\xe6\xfcB\xb3\x89At\
\xbaG\x1bk\xdb\x83^\xf4\xb3\x7f\xe2\x97\x7f\xedO}\
\xfd7~\xfd/\xfd\xc2\xd7\xbfA}\xa9\x9cRk\x7f\
o\xc8X\xa56\xf7\xda\x0f^\x1f\x0e\x06\x08\xe34a\
\x08cP@pn\x22\x85\x09\x01 \x08%\x9c\xf3\xe5\
\xc5\xc5\xfe0\xae/4\x8f:m\xd7u\xb7\xb6\xb6\xf6\
v\x0f\x1c\xd7\x1b\xca\xde\xce\xde\xfe\x8f\xed\x84\x9e\xc5O\
M\xcc\x00\xe1,~R\xa1\xef\x95\x8c\xa5{\xfb\x07\x9d\
N7\x89\xe3(\x1a\x0e\x87\xc6E\xc6B\xc1\xe2\xbf\xb6\
\x99\x98\xf6\x100n{\xc8$\x11\xed\xd4\xd0\x10P\x0a\
\x08!\x08a\xcfu\xc2R\xb9\xdeh\xd4\xeb\x8d\xa5\xc5\
\xe6\xc9\x93\xcb\xe7\x1e~d\xbe\xb98\xe0\xe2\xe5\x8b\xef\
\xc4\x87\xed\xcf>\xfdD\xbd9/\x15\x08\xa5\x08\x1e/\
\x17\xd4Ezi\x9a\xc4Q<\x18\x0e\x938a,\xe5\
<\x1d1\x8c\xc9\xe0\xdf\x18\x14\xbc\x8fFt\xf2\x11\x95\
\xf1>\x88zn4\x8c\xbe\xfb\xad?>8\xd8;}\
\xfa\xbc\xe7{\x0a@\xdb\xd3k\xfc\xa9\xa5\xb3\x8c1\x04\
P.\x95\xaa\xd5Z\xb9Tr\x5c\x07\xd4\x08\xae\x1b-\
x\xc8\x92\xb8\x99\xda\x13\x01h\x8a\xa5\xb8\xb3S\x8f\xd1\
\xd8k\x04H\xa1\x91\xa5\xa7\xa2\x9d\xfc)\x0e\x0a\x14\x90\
\xcc\xf6\xd3\xf4\x1e\xd0\x9d\x07\x5c\xaf\x14\x96\xeas\xe5\x85\
\x85\x85f\xa3I\x10\xde\xdc\xda\xbdv\xfd\xc6\xe5\xcbW\
\xb7vw\xe2x\x00R\x82R\x18\x93\x91\xd2)\xa4\xc5\
\xa6\xe3\x8f\xde\xe2\xd4\xe1\xfeD\xa5y|fU\x90\x93\
\x98m*$V\x13\xbaS\x00c\xf0\xa0\xc1\x95:\xa6\
\xace\x0a7h\xfe\x06%\xa5Q`\x16v\xa1\xf8\xeb\
\xc7\x11\x86c4\xa3\xf9!\xa4\xa002\xa3\xfc\xe0\xfd\
J='gQE] *|\x94\x1fAB\x1dJ\
\x1d\xd7\xf1\xa8\xe3P\xc7\x14\x17\xb9\x9e\xebyA)\xac\
\xd4\xaa\xb5zy\xf9\xd4\x89S\xa7NV}\xaf\xdd\xef\
m\x5c\xber\xfd\xe6\xadA*\x97\x96V\x9f\xf9\xc2\x17\
\x1a\xe5\xa0\xdf\xed\xde\xbczukss8\x18\xb24\
M\xe2\x84\xa5,ei\x92\xa6R\x08.\x04\xcb\xadb\
l\xae^JiZG@\x01\x10\x9at\x8cm1\x9a\
\x1d\x14Cabl\xdd\xa4,\x02\xb4\xd0\xcb\x92rc\
8\xb0\x08\x05\xf5\xbf\xda3fL\x1a\xaa\xeb\x06=\xcf\
+\x95Ja\x18\x12J\x7ftE\xa5\x96\xaa\xea\x01O\
\xd3\xd4\x9eoEdh\xf3#J)\x8b\x09s.Q\
\x22\x84\x90\x14R(PXe@q<U\xa1\x00\x84\
RH)\xa1$F\x86\x18QB\x02\x91J \x83\xb1\
\xa5\x94B(I\x94\x94JHS\xa3\xfb\xdev\xa4x\
\xd2\xdaK\xc4\x9a\x19\x81\x02!%\x80F\x5cyO\xb9\
V:X\xbfs\xf7\xc6\xc5\xcb\xd7\xaf^y\xe7\x9dw\
n\xdd\xba\xb5\xbf\xb7wt\xd8b\x9c{\xbeG\x5c\x8a\
\x95r\xbc D\x84\x12\x1a\xf8\xee\xd2\xfc\xe2\xea\xea\x89\
\x87\x1e=\xff3\x9f\xff\xfcC\x8f\x9c_l\xd6*\xa5\
2w\x5c@\xa4B1\xc2b\xc0\xd2\x9d\xcd\xedK\xaf\
\xbd\xf9\x83W_~\xe5\x957\xae\x5c\xba\xbe\xd3i\xeb\
\xa6\x0c\xcb'\xce\xfe\x8f\xfe\xf2\xaf\xfc\xd2\x9f\xf8\xc6\x97\
\xbe\xfc\xc5G\xcf\x9d\xa3\xda\xa3K\x09.R\x0ctL\
\x9d\xfb\xfe\xa2P\x0a\xa02s2\xab\x05\x91\x83(j\
\xb7\xdaG\x07\x87\x07\xad\xfd\xfd\xc3\xfd\xfd\x9d\xdd\xa3V\
\xab?\x88\xa28fi\xca\x92$SJ\xeb\xce\xef\x16\
\xff\x09\xa5LSP\xad\xc6\xcc\xd8z\xa4[\x5cbB\
\xa89W\x0b\xadP\xa8C)\xd5\xad\x16\x00\x84\xce\x84\
)i\xce\x22\xa9O\x09\xa9\xab0\x8aJxew\xc3\
\xbc\xc8\x94\xe6\x93Bt\x9d\xa1\xd0w\x0b\xa5\xa4R\x12\
\x01\x92B\xb8\x04\xdb\xf4\xe8\xc8\xe0dZ\x86\xa97j\
\x95\xd9\xe1\x1ew\xb3*\xbe\xf9C\x91]c\x0b[\xdf\
\x1a\xad\xaf\xd6\xbf(\x84p\x84#E\xd6\xbd\x18I\x9c\
%\xd1\xd0\xb4\x1a\xc2\xc9\xcdCY\xc3\x09\x9d\xa6\xd1\xcd\
\x9e\x00c7\xf0]\xcf\xed\xec\xed\xdd\xb8y\x8b\xfa\xee\
\xd2B\xb3^\xad0\x1e\xed\xef\xec\x0d{\x1d\x86\xdd\xbf\
\xf7\xf7\xfe\xfe\x7f\xfd\x7f\xf9/\x88?w\xe6\xe4r$\
\x85L\xd8Q\xfbh\x98\xa4\xaf>\xff\xd2\xf6\xd6V\xca\
\x98\x1f\x04I\x1c\x13\x8c\x11\x1e\xb9\xdfK)\x01#\xcf\
\xf38G\xf5F\xa3tx\xd4\x5cX\xb8w\xfb\x0e\x05\
4d\xfc\xde\x9d;?\xf3\xa5/wZ\xed~\xa7\xab\
\xb7\xefG<\xb7g\xf1S\x153@8\x8b\x1f\x7f\xd8\
;f\x92\xa4\xfb\xfb{\x9dN7N\xd28\x8a\x06\x83\
a\x14\x0d\xe38\xd6m\x06m\xdfyM\x851\xc6\xac\
\x13\xb4\xc5\x03\xc6\xa9\xaf\x88\xb2\x94\xc2\x99$L;\x86\
\xd5j\xb5Fs\xae^\xaf\xaf\xae\xae\x9c\x7f\xe4\xe1\xd5\
\x93'\x03\xea\xae\xef\xec^\xbdz\xf5\xd4\xc2\xc2\x85\xaf\
~\x19a\xac\xb4\x8f?\x1a\xdfH\xcey\x14'\x03\xdd\
\xf3\x22IX\x9ar\xc6\x04\xe7\xa6MS!\xec\xad\xdf\
nI\x91\xbb\x80\x22\xab\x93\xa9SF\x9e\x1c\xda(\x0f\
\x81\x17\x04{[[\xaf\xbd\xfc\x0a \xf5\xc8\xa3\x8f\x02\
r\x8cq\xa6Ri\x9a\xc6\x89\xd1\xcd*\xa5|\xcf\xaf\
\xd7\xeb\x95r\xd9u]\x84\x90m,nw\xa0x\xbb\
\x1f\xc9\xeef\xe4\x1egl:su\xfcQC\x08I\
%a\xd4T\xa6\x18S\xeb+\x8a\x88\xc26p\xf3K\
A\xb5\xdeXh\xce7\x9bU\x87\x92\xbd\xfd\xdd+W\
\xae\xdd\xbcqc{g\xa7?\x88\xa4\x04\x82\x01#\xd3\
\xa8mtS\xa6\x94\x02NV\x92\x8cm\xc9\xe4Ff\
\xc2G8v\x81\xfb\x9e\xbd*\x13>A\x86{\xd5\xe8\
OO\x1d\xd5\x91\xd5\xdaCV\xe8z?\x09\xd1'\xd1\
\xe9q\xb3\x1f\x9dn\xd7\xdb\x92/\xf0\x1e\xa0\xfeqs\
)\x94\x07\x80\x06T\x84PJ]\xc7XKx\xae\xe7\
z\x8e\xe7z\xa5 \xf0\x83\xc0/\x05\x8d\x85fsy\
qiiq\xb1V\x13,\xbd{w\xfd\xd5\xbbw[\
\xfd\xb4\x5co<\xfc\xd8'\x9as\x8d\xde\xd1\xd1\xd6\xad\
\xeb\xaf\xec\xedwz]\x99\xa4&\xbb\x91\xa6i\x92r\
\xce\xb9\x14\x5cp)\xa4\x90R\xe4\xcd\x03\xa1p1\x89\
\x22CX\xbc\xd0\x8a\xc9\x0ed\x1b\x8ben1\xda\x00\
\x03M\xd4\x0a\x16\xb9AMo:\x8e\xeb8\x8e\xe3:\
\xae\xe3\x16\xa3H\x09Z\x1c\x18\x04A\x18\x86\xbe\xef\x13\
k\x81h7\xe2G\x08\x8bT\xad!\xbe\xa6\x04\x19c\
E\x88\xa2\x8f\x1dc\x8cR\xaa?\xca\xe7\xd6\x02$H\
bJ\x10\xb1\x02\x10J\x00\xe7R)b\xa8\x1d\xa5\xa4\
\xe4)cJ!\x00\x02\x88P\xaa{ch\xe8+\x84\
\x90\xc2W\x9e\xb9\xd6\x08\xc2\x92H\x90?\x94\xd7\x7f\x96\
\xa50$\xa3v\xd8\x02\xec \xc0\x08\x01\xa1ZI\xa8\
\xf8\xfa\xce\xc6\xe5\xcbWo\x5c\xba|\xfb\xfa\x8d7.\
\xbd}\xeb\xd6\xad\xdeQ\x9bK\x850!\x94\xf8\x8e\xeb\
\x87e\xac\x14K\xa3\xa4;\x08<\xff\xcc\xd9\x87\x1f}\
\xfc\xd1g>\xfd\xc9g\x9e~\xfa\xd4\xd93\xf5\xc5\xf9\
\xd0sB\x8f0\xc2\x09v\x09xQ\xdc\xbb\xb3\xb6\xf1\
\xfd\xd7\xdez\xf9\xf9\xe7_y\xfb\xcd\xbb\xb7\xee\xee\xed\
\x1e\x0e\x85\x00\x80r\xb5\xf9\xb5\x9f\xff\xe5_\xf8\xc6\xd7\
\xbe\xfc\xc5\xcf}\xe6S\x9fl\xd4\xe7\xb3mM9\x8f\
\x11r0F\x94\xb8\xef\x9b\x0e\x1d\xbbu\xe4\xc2v@\
J\x8a\xe1\xb0\xdbn\xb7\x0f\xf7\xf7\x0e\x0e\x0e\xf6\x0f\x0e\
\xf6\x0e[\x07GG\xadn'I\x13\x96\xa6,MY\
\xcaX\xca\x04\xe3\x821\xc6\xd3\x8c\xfd\x03mql\xcf\
1\x84\x00\x13\xa2\xcfgm~[,gu\x1c\xc7\xa5\
\x0e\xa1D\xd3G\x19s\xa8is!\x04H\x95i\xe5\
\xed}\xa6P\x0f-e\xa1\xa5\xaa\xfe\xb2\x1c}\xb8\x1c\
\xb3\xb3:\x1fa\xb2\x0f\x0a\x00\x15\xb0\x96Rc\xdf\xbd\
\xff\xb8\xc1\xe8Cs\xf2\x02\xb9\xcf\xd7\xa7\xd6\xf5\x1d\xb7\
\xb0\x1e\x11\xfbLAY\xf7\xc8\x11wb!e\x86]\
\xd1\xe8z\xee\xcfC\x8e\x94Z\x80T\x0a\x1c\xcfs\x03\
\x1fa\xb8~\xf5j\xb7\xd3+\xcf/T\xabU\x0c\xea\
\xa8\xdd\xde\xdf\xdd\xef\xb6\xbb\xbf\xf1W\xff}O\xc5\xbf\
\xf5{\xdf\xfe\xf5\xbf\xf0\x17\x18\x8f\x11\xf1$OY\xca\
\xee^\xbd\xb1\xb3\xbeI\x08\xd1\xae\xc4q\x1c#\x84\x03\
?\x80L\x8f\x8a0\x92\x9c\xb3$\x0d}\x1f@\x12@\
\xa1\xeb--.V\xab\xb5^\xaf\x87\x00\xde\xb9x\xf1\
g\xbe\xfce\xc0\xa8\xdbn\xc7q\xec\xfb\xfe\xfb;\xc3\
g\xf1\xd3\x193@8\x8b\x1fwd\xf7\xccA\x9c\x1c\
\xec\xed\xf7{\xbd8\x8et\x97y-\x12+2\x84\xb6\
fP\x9b\xcb+!M\x96\x19g\xad\xe4\x8aiK\xa9\
\xb0\x99\xff)\x87`\xdf\xf5\x1d\xdf\xaf\xd7\xeb\xcdfs\
ai\xe9\xec\xb9\xb3\xe7\xce\x9d\xa9\xd7\x1a\x834}\xf9\
\xcd\xb7\x92\xde\xe0g>\xfd\xa9Z\xad6\x9a\x9bT\xa0\
\xa4\x02$\x15\x08.\xa38\xee\x0e\xfa\xc9p\x90\xc4q\
\xdeb^\x08\xa9\xffW0\xb2\xb7\x85\xe3\x93h\xb0\x08\
\x08\x8b\xc3 \xa5*pL\xc0A\x10B]\xea_\xbb\
x\xe5\xe6\xf5\xcb\xd5ry\xae\xb9\x08\x18K\x00\x00\xc4\
\xb9\x8c\xe38\x8e\x87)K\x84\x90\xd4q*\x95J\xbd\
Z\xf5=\xdf 4U\x80IY\xfe9\xeb\xae\x90\x8d\
\x0f\xca%\x95J)\xc1\xb9\x92\xc7C\x05\x94\xcf\x86F\
\xc0\xa4\xcd\x17g\xae\x15P\xc0\x8av1\xd3\xb0\x0a\xe9\
B&\xa4\x9d\xe80!\xd4\xa1\x9e\xe7\x05aX\xaa\x94\
\x1b\x8dF\xb3Qw\x1c\xb7u\xd4\xbe~\xf3\xe6\x95+\
W766\xa2\xc1\x10t\xbf)\x84\x91\xca,\xef3\
U\x99-g\x1b%?G@\xe0\xe4\xeeL\xbe\x9fO\
\x14l?\xab|\xc4\xc6adA\xa7:\x85\x00\xcc&\
M\xf9w\x01\xf2\xc9S\xce\x89\xe8.\xd1E\xea/[\
\x1d\x020\xec\xc9}\xaa\x0d'\xff\xd4\x13:\xa5d~\
\x88!\x97\xd1\x8e\x16\x9b\x8d\xad\xa1\xd8\xae\x10\x01\x18Q\
%d\xde\xa1\x05\x05)\xca\xea\xed\x08F\x98\x10\xdd1\
\xc2\xf5\x1c\xd7\xf1\x1c\xd7\xf7|7\x08|?,\x85a\
\xb9\xda\xa8\xcd-\xce-\xad..\xce\xcf\xb9R\xedl\
\x1f>w\xf1\xf5\xed\xad\xcd\xeaB\xf3\xdc\xf9\x0b\x17\xaa\
\x95x0\xd8\xde\xd8\xbc\xfc\xc6\xeb\xedN'M\x99\xe0\
\x22\x8e\xe38\x8d\xad\xee\xdaX1\xf1\x82Y(d\xd7\
\x91\xc8\xae5\x95W\xf6\xd8\xc3\xa12\xe1\xa19a\x00\
P\xd6\xfcZ\x93!:\x8b>\x06\x02\x0dM\x9dAA\
Bq\x06\x05\xa9\xebz\xaeF\x83\x8e\xef\xb8#\xfe1\
\x9a'\xf4\x5c\xcf\xf3\xbd\xa0\x14\xeaZ\xc1\x1f\x7fa\x19\
\x00d>=A\x10\xe8\xa3PlHX<\xf95C\
(\x84(\xfe\x0bJ\x02\x06D\xb1T\x0a$ .%\
\x00R\x84`5\xe4I\x9c&\x18#\x9f:\xf5J\xa5\
R\xad\x06a\xa8-p<\xd7\xa3\x94\xe2\xecTT\x0a\
\xb8\x94BH\x8c\x81 \x84\x15%\x08;\x04\xbfGW\
\x19\xa5\xcc\xa5*\x01\x10\x02\x820\x10\xfbEy\xd0>\
\xb8r\xe7\xe6[\xaf\xbdq\xf9\xf5\xb7\xae_\xb9z\xf5\
\xe6\xf5\x9d\xdd}\xc1\xa4\xe78\xf5Z\x85\xba\xb4\x5c\x9b\
\x13\x9c\x0b\xc1\xdb\xddn\x04I9,\xad\xae,=\xf6\
\xd8\xa3_\xfb\xea\xd7\xce\x9d>\xfd\xb9\xcf>\x1d\xccU\
\x09\x0d}\xea\x02HA=\x82\x10\x8b\x0e\xd6\xef\xdd}\
\xe3\xe2\x8d\xb7_\x7f\xfb\xe2\xab\xaf\xbds\xfd\xc6\xd1\xee\
\xd1\xa0?HA!\x84O\x9d9\xfb\xb3\xbf\xf0\x8d_\
\xfb\xb3\x7f\xf6s\x9fz|\xe9\xc4\x92CJ\x00\x0a\x80\
\x09\x11\x83\xc2\x08S\x8c\x5c:2\xe5y\xd7\xdd\x94\xa6\
\xc7\xbdRJ\x0b\xab\x15B\x18\x8f\xddm\xa2A\xef\xa8\
u\xb8wx\xb0\xbb\xbd\xbb\xb5\xb5\xbd\xb3\xbf\xd7\xe9\xf5\
z\xdd~\x9a&:\xcf\xc9\x19c\x8c\xc9L\xff\xc99\
\xd7\x97\xb5\x1e\xbfl0\x01c\xa4O[B\x1d\x87R\
\xcf\xf7\xf3ZV\xc7\xc8?\xf5In\xc7_\xe7\x86\xb4\
8\x132\x8a6\xdf\xfa\xb1\xfb\xff\xd8_9\xb3\x09\x00\
\xe88 W`\x9b\x8d\xfe\x93s\xee8\x0e\xd2\x1dz\
@q!\x00\x11l\x1a\xe5\x16n;\xf6\xb1r\xfc0\
O\xdaA\xbd\x17\xf4u\x5c\xa2p\xb2\xe4O\x7f\xa45\
\xd8\xf6\xbb\xb6^Q\xdf\x1c\xa4\xe1\xc8\x85\xe2JIy\
\x9f\x93\x7f\xeaS&\xbfZM\x12\x95\x04A\x99:$\
\x8dz\x97\xaf\x5cQ\x88\x94\x83\xb2\x17\x06\xbdt\xb8\xb6\
\xb9\xd1\x1f\xf4\xab\xb5\xc6\x7f\xf0\xef\xff\xcf\xff\xdb\xff\xdb\
?\xf8\x85\x9f\xfd\x85\xf9\xf9J\xbf\x97\xb8\x04\x05\x95\xd2\
;\xef\xec]|\xeb\x0d\x05X\x19\x0b\x1f\x9e\xc4\x89G\
\x1d\x97:F\x18\x81\x09\x10,S\x1e\x0f\x87\x9e\xe7\x10\
B\x91\x82j\xb5\x9c\xb0dii\xb1\xd3j\x05~\xb0\
\xb9\xb6\xd1?:\xa8\xd7\xaaG\xddn\xbb\xd3^\xf6\x97\
\x95TSR\xae\xb3\x98\xc5\xb4\x98\x01\xc2Y\xfc\x98C\
)\x05\x18\x0d\xa3\xe1\xce\xee^\xd4\x1f$I\x92\x01\xc0\
X7\x99\xb0\xd5\x83\xa6\xc3D\x9af\xed\xdd\x8d\xbe\xd1\
\xfa\x22Z\xbf\x04)\xa5\xc5>\x08\xc0q\x9c\xc0\x0f+\
\xe5Z\xbd>\xd7\x98\xab.-\xcf?\xf1\xc4\x13'O\
\x9d\xc1\x98\xaco\xef\xdd\xbb{oue\xfe\xec\xd3O\
bL'\xcdc\xa4RI\xca\x06\xc3h8\x1c\xc6Q\
\x14'\x09Kb\xdbF\xa2\xa8\x11\xb5H\xafH\x12\x16\
1\xa1}\xa0\x8e\xe58\xb3\x17\x08\x10\xd6\x80\x87+N\
\x1d,\xa4|\xeb\xd5\x97;GG\xa7\xce\x9cVR\x09\
\x00\x0cH\x81J\x136\x1c\x0c\xe3$\x91\x8a#\xa4J\
\xa5R\xbd^\x0f\xfd@\xb3\x01E,\x0a\xd9zm\xff\
\xbcb\xf7^UP\x93\xea\xc97R\xc7\x1c \x18q\
\x8f@\xc5'\xb7a\xc1\x8a;2\xf2E\x04Ha\x00\
\x05\x18\x14\x06\x8c\x10`\x8d\x05\x09q=\xd7\x0fC\xed\
|\xd3h4\x02\xdf\xefv{w\xef^\xbaz\xf5\xea\
\xda\xfa\xfa`0\x00P\x04\x93L\xe0g\x7fw\xf49\
;\x92\x06\x18\xff\xf51\x14W\xfctRMj\xcdW\
\x00@\xaa\xcc\x97\x1fM\xa1\xe3\xf2w\x14\xd8\x9a\xd5\xff\
?{\xef\x1dpIv\xd5\x07\x9esC\xa5\x17\xbf\xd0\
\xfdu\x9e\xee\x9e\xd0\x93\x93rNH\x08!\xb4&\xd8\
 \x0c\x88h\xef\xae\x97`l\xbc\x0ek\xbc\xd8,\xb6\
\xccb\x0c,\x98h\x102`\x0c\x88$\x01\x96\x00\x85\
\x99\xd1H3\xa3\xc93=\x9ds\xf8rx\xa9\xc2\xbd\
\xf7\xec\x1f\xb7\xaa^\xbd\xaa\xf7\xbe\xfez4\x02\x85\xef\
\x8c\xf4u\xbdz\xf5n\xdd\xaa\xbau\xef\xf9\x9d\xf0;\
\xd9\xb7E\x13{\xe1\x11\x9b\xcc\xefW(N8\x16\xf2\
Y\xfcL\x95\xfd\xe5\x1b[\xd0u\xf2tI\xc8\xc9\x22\
\xd3t\xb018\xb9|\xc6\x0a\x80O\x7f<L0\x1b\
\xba\xd7l\x96\x93\xcc\xbcg\xae\xebz\xae\x9bR\xa6x\
\x81W\xf7\xbd\x9a\xb7{\xd7\xae=\xbb\xe7fv\xef\x12\
\x8c\xaf\xaf,?\xf2\xf0#KK+^\xd0\x9a\xdb\xbd\
\xfb\x8dGn1Ir\xf1\xfc\xf9\xe7\x9e~jc}\
=\xea\x0f\x12\xa5\xe28\xb6>\x7f\xa5\x94-\x1f\x9f\xf3\
0i\xad\xc9d^\xc0,\x89\xcd\x18\x93\x03\xc2\xd2\xcb\
\x95\x0dx\xc8\x88\x1f\x0bY\x82\xdcF\xcfe\x15\x11+\
\x0c\xa2v\xc3:\xab\x85\x10B\xb2\x22\x95\xa8\x05\x80R\
d\xe1v\xae\xebeh\xd0\xba\x04\x83Z\xe0\xb8\xeeu\
E\xa9\xbd8AD\xd7u\x8b\x830't\xb5\x8e\xc1\
\xfc\xc1\xd9\x0bL\x1d2\x08\xc6\x80\xd6\x88\xc6\x00\x02\x03\
\xad\xa2p\x10\x85\x81_?\xb8c\xef\xf4\x9e\xb9\x99\x1d\
;(Tq\x14u\xfb\x9d\xee\xfa\xc6\xd5K\x97\xbb\x83\
\xaeJ\x946\x1a\x01|\xdfo\xb5[;v\xeel\xb7\
\xdb\xbb\xda3\xb5z\x0b\x18\x07\x0dF\x1b\x83F\x1b\xcd\
*\xb0g\x92\xd8\xd1\xd8\xef\xf6\xfb\xbd\xeeF\xa7\xf3\xdc\
s\xcf~\xfa\xd3\x0f>\xfb\xe4S\x17\xcf\x9f\xbfz\xf5\
\xea\xf2\xfa\x06\x016\xeau\xe9:\xadz\x8b\x0cjC\
\xbdA\x1c\xado\x18\x03\xcdFc\xf7\xee]\xefy\xcf\
{\xee\xb8\xe7\xae[n\xbd\xf5\xe6}\x07\xe6ff\x83\
\xa9:p\xe4LiD\x00gce\xed\xea\xf9\xb3\xcf\
\xbcp\xec\xd3\x0f?r\xf4\xc9\xc7\x8f\x1d{a~e\
C\x994\xc7R:\xb5;\xef{\xf9k\xdf\xf4\xfa\xb7\
\xbc\xed\xcd\xb7\xdep\xd0\xe3|}u\xf1\xf8\x13\x9f\xb9\
tn\xe7\xc1\x837\xb4fw\xba~\x9d1\x9e\x86q\
^\x8fdc\xd0d\x1e\xf4a!\xf5p0X\xef\xac\
/.-_\xbet\xe9\xca\xa5\xcbW\xaf^Y^^\
\xeat\xbb\xa15,&\xb1\xd2Z\xc5:\x8e\xe3$\xe5\
\xc8\xd596\xb3&/Dd\x9c3\x86\xb6|\x8b\xe3\
\xa6\xee\xe8\xcc\xfb\xe7H)yZ\xf1\xc1z\x1e\x87k\
\x8d\xd6\x9a\x86N\xea\xc2{?)\xe6!\xfbz2K\
2\x5c\xd3Y\x9a\x1dD\x04\xa0\xc9`\x92H!\x89\x08\
\x19&\x89\x82\x9c\x12\x86rj\xab\xf1\xb7{\x9cs\xf5\
:\x0e\xc8_\x93\xb1\xc6J\x1a\x97\xf8gg\x1e\x1c\xb5\
\xa0\xe5~B\x0b\x08\xf3\x14\xcd\xfc\xec\xa5\x9f\xc0\xe8\xd2\
\x03\xa3+\x8e\xddm\x13\x11\x1d\xc7u}\xdf\xf7\xdc\x85\
\xf3g\xae^]\xd2\x9c\xbb\x81\xc7\x19\xae\xad\xad\xaf.\
,\xf6\xbb\x83\xef\xf8\x9e\xf7\xd1`\xe3\xcc\xa9\xcb\xef\xf9\
\x86wmlt\xb8\xf4\x95\x89]G\xce\xb6\xa7\xa2(\
\xcc\x93Z\x0c\x19\xad\xb5\xe0\x22\xeb\x0cC\x86\x80\x98$\
I\xaf\xd7w}\xbf\x16\x04F\xa9v\xb3\xb9\xb6\xb1\xb1\
k\xef\x9e\x93'Np!\xc2nx\xf1\xd2\x95\x03\x07\
\x0fm\xacnl\xac\xaf\xef\x9a\xdbu]c~[\xbe\
\xc2e\x1b\x10n\xcbK-\x16\x0d.,\xf4\xfb\xbd8\
\xb6y\x83}\x1b jA`\x95S4I\x12m\xd3\
\x0fl&{A\x17\xc9\xb1\x19\x02X\xd8\xe1\xba\x8e\xef\
\x07\xcdV{zfvjf\xea\x86\x83\x07n\xba\xe9\
\xc6\x1d\xd3\xb3\x03\xa5\x9e|\xe2q\x07\xd8}\xf7\xddU\
\xf3<\xebl`\x85e\x83\x88\xa2(\xea\x0d\xfa\xdd\xee\
`\x10\x85a\xd8\xd7I\x16\xbd\x93i\xabC\xfa\xd0\x94\
\xd9p\x84\xe3\x9eF\xd9\xb17\x09w\x01\x00\x00d\x80\
\x1a\x8d6\xc6\xf3d\xaf\xb7\xfe\xe4\xe3Or\x10\xfb\xf6\
\xee\xd1\x00q\x12\x03\x90J\xe2A\x7f\x10\x86\xb15a\
\xba\x9e\xd3h\xd4k\xf5\xba+$#\xb0\xb4\x8ai[\
\x19'\x0d!\x22\x19k\x9d\xb5\xa0n\xe8B\xcc\xc4^\
H1X\x08\xca\x902\xcdjK?\x0e\xb7R\xb40\
\x16w\xe5A\xbc@\x98\xc7\xeaq\xb4\xac#\xd2w\xbd\
\xa0^k4\x1b\xadv\xbb\x16\x04\xd1 <~\xec\xd8\
\xd1\xa3\xcf_\xb8p\xa1\xdf\xef#2\xc19K\xab\x1a\
\x97n\x17Uu\xb5|\xb95\x85\xca\xbf\xd5\x03\xc6\xc6\
\xf3d.%\xcc}\x83CNNH\xdde\xa3\x0fj\
\xd4:^\x02\xc3\x05\xcd&\xcf\xa8\x01\x1bpE\xb9\xe3\
v$\xb8\xb4\xd4\x1f\xfb\xc3\xd2UW\xf5\xb3Q\xefb\
NH[\xb9Y\xa3\xf9\x87\xd5Z\x8b\xb9\x8f\xb5\xf8\xe8\
!\xcd?BD\x04\x22K\x1c\xca\x00m2\x9b\xe7\xfa\
\xd2q<\xcf\xab\x05~\xbd\x16x\xf5\x9aW\xafM\xcd\
\xcc\xec\xdf\xbb{\xcf\xae]AP\xeb\xad/\x9dy\xee\
\xf9\x8bWV\x18\x13Ss\xd3\xaf\xb8\xe9V\xa9\xe9\xca\
\xd2\x95\xc7\x1e{dui1\xeaGq\xa2\x93$\x0a\
\x07\xfd(J\x0b\xc6\xa4\xce\x10\x93\xbfPd\x1d\x83T\
 \x08\xd5y\xc5\x08\x93\xf3]\x96\xd5\xc1\x14\x0b\xa5^\
\xc0\x11\x9e\x98b\xae\xe0X\xaf`1cPH6\x82\
\x06]\xc7\x91\xae\xebx\xc5\x8cA\x9b(X\xab\xd5\x1c\
\xd7\xfd\x9b1\xab\xe7.A\xd7u\xed\xb5\xe4~B\xa8\
X\x0d\xf2\x8fZk\x03\x04\xc0\x8d!$\xd2*\xd6\x08\
{\xf6\x1f<x\xe8\xa0\x1f\xf8\x9d\xb5\xf5\xa3\xcf=\xfb\
\xd1\x0f\x7f\xf8\xe2\x85+\x9d\xf5\x8d(\x09I\x1bM\xc6\
d\xfa:\x02\x911Q\x14\x03\x82\x90\x22\xa8\xd5\xe6v\
\xee\xbc\xe7\xae\xbb^\xfe\xf2\x97\x1d>|\xc4\xab\xd5\xf2\
\xb3l\x02\x0bmo\x90\xc8\x00pD2\xd1\xd7\x7f\xc3\
\xff\xf2\xc8g\x1e\xe5\x82\xc7I\x22\xa4\x08\xfc\xc0\x91r\
\xc7\xec\x0e`\x18k\xd5\xebt\xc38\x02\x80 h\xdc\
y\xfb\xad7\xdf|\xe8\x8d\xaf{\xc3\xad\xf7\xdf\xeb\xd6\
\xbc;n\xbb\x05\x19\x97\xdc# 0\x94(\xb3\xba\xb6\
v\xe1\xd4\xb1\xc7\x9fx\xe4\xd3\x9fy\xec\x89G\x9fX\
\xba|u\xbd\xd3K\xb4\x09\xfc@i\x13'\x1a\xb8w\
\xdb\xddw\xbf\xfd\xab\xde\xfa\xea\xd7\xbej\xb6^\x7f\xfa\
\xe9'?\xf4\xdb\x1f8\xf3\xfc\xd1A\x18y\xcd\xa9#\
G\xeex\xf3\x1b\xdf\xb0\xb1\x11\xee\xdc\xdd\xbb\xfb\xbe\xbb\
G\xa3\xda'J\x15\x93\xe7\xd7\xaeU\xbc\xbe\xba\xb2\xb4\
\xbc|\xf6\xdc\xd93\xe7\xce--.\xad\xadw\xd7;\
\x1b\xddN'\x0cC\xa3\x0d\x19CJ+\xad\x94N2\
\x06\x98\xec\xf1j\xa24\x1a;E RHGJ\xc7\
u|\xcf\xb78P:\x8e\xc8\x88g\x11\x11\xc9d\xc1\
\x08il\x88\x19\xceF\xc5\x89\xa30\xad\xe1\xd0\x844\
\xf6\xbapt&\x19\xc13\x05KS\xf5\xb7e\xfc\x83\
\x80\x04\xda\x18\x9e\x92j\x82\xd2JH\xd7\x90A\x93V\
'\xcc\xbaV\xe8e\xb1'\x955%\xcf\xc1+\xbe\x17\
c\xcd^c\xf7W\xf3\xfd\xf2\x96\xad?\x16\xc6\xe1L\
[\xbf\xd7>\x91\xa2\xd1\xaa\x98\x09\xb9\xb97\x12F\x96\
!k\x0f$\xc7\xf5<\xd7c@g\xcf\x9eQ\xc0\x1a\
\xcdf\xa3\xe6\xeb8^ZXL\xc2D:\xde?\xf8\
\xeeo\xff\x8d\xdf\xfc\xe0mw\xdcat,]\x9f\x0b\
\x16\xf6)\x0cC/\x08\x1a\x8d\xe6\xdaZ\xa7\x88E\xa5\
\x94\xa9&\xc3\x90!3D\x83\xc1`c\xa3\xeb\xfaA\
-hp\x01\xbe\xeb\x05~\xd0j\xb7\x1b\xadf\xb7\xdb\
\x05\xc6\xce\x9c\xbdp\xf8\xa6#Q\x18\xad\xaf\xad\xc1\xe8\
R\xb2-\xdb\xb2\xb9l\x03\xc2my\xc9\xc4N\x8eQ\
\x14.-.\x86\xbd~\x12E\xe1`0H\xc1`\x8a\
\x06\xe3\xd02\x8a\x86Q\x1c\xc5ql\x8b9\x90!\xd0\
\xc6\xea}\x98\x13\xe2SZ\x9a\xca6\xce\x19\xe7B\xba\
\x9e\xdb\xac\xd5\xa7\xa7\xa7w\xec\xda\xb5k\xd7\xee\x1bn\
:\xb0w\xef\xde@z\x17\x97\x96O\xbdp|\xff\xdc\
\xec\xe1\x9bo\xb2\x99\x18hK\xe8\x02\x01\x906\x18\xc7\
q\xa7\xdb\xedv;a8\x88\xe2$\x8e\xa3$\x8e\xb5\
\xe5\xb7O\x94\xd6\xdaX}\x9520h\x0c\xe5zk\
Z\xe0\x89l\xf0I1b\x07\xaa\x8b\xa8\xd5\xbd\x01\x91\
\x8cF\xad\x01\x02/X\x5c^|\xe23\x9f\x99\x9b\x9d\
m\xcd\xceFJ!2C\xd4\xefu,\x7f\x8c1\xe4\
HY\xab\xd7\x9b\xf5\xba\xe3\xba\x00`\xb46\xf9\xc2:\
1\x9d\x0c\xc8\xa4X&\xcf\x03\xb1\xd8U+\x9d\x96\x89\
\x1a\xeb!\xcc}\xb08\x5c\xdbR\x14\x91.\xf1h\xa0\
\xb2\xbefA\xa96\x96\x97!2d\x5c\xa0\x94\xdcq\
]\xdf\x0f\x1a\x8dF\xbdY\xf3k\x0d\xa3\xf4\xd1\xe7\x9e\
\x7f\xfe\xf9\xe7\xcf\x9e=\xdb\xef\xf7\xac\x024L\x8d'\
\x1bz\x09\x00`\xa8\x1cL4\xd6\xc4;i\xa4U}\
\x86\x90G@!B\xe6\x124\xa5\xd0Z3\xbc\xa2\x14\
\xfbaYy\xc1b\x98\x13\xd1\x90&\xb1\xb0\xb3j\x99\
/Z\xaf\xcbc\xa3\x18\xc39d\x1e\x1d\xae\xd4\x05L\
^~\xd8\x98\xc5\x95\x8d\xb7\xb8cF\x99\x0ai\xdeQ\
f\xc9',J\xee\x5c\x03@\x02\x0b\x9c\x1c\xe18\x9e\
\xeb\xf9nP\xab\xb5\xea\x8dZ\xbd\xee\xd5\x83F\xbb1\
55\xb3o\xff\xde\xd9\x99\xa9h\x10.^\xbc|\xf6\
\xe2|\x0c\xba95u\xd3mw\x04\xae\xb3\xb6\xbc\xf4\
\xc2\x93\xcf^]\x9c\x8f\xc2\xbe\x8a\xd4 \xeaGa\x14\
\xc7I\x12\xc7I\x12'\xf6\x9d\xb2\xac\x18\xa6P#\xc2\
\x10\x01\xd9Pl\xbbA@\xa4\x87V\xf9\xb1P0\xd7\
\xcbs(\x88\x85\x02\x12\xc5\xbf9 \x94Rr\xc1\xa5\
\xe4B\xc84\x192M\xb8\x12\xae\xeb\xdaM\xd7F\x87\
:\x8et<\xd7u]\xcfs=\xd7\xf7\xbc \x08|\
\xdf\xc7/L\x80\xe8&R\x84\x1f\xf96\x19J#\xdc\
E\xfa2f<Id\xb4\xb6Yk\xc8y\xbb\xdd\xde\
\xbf\xff\x80p\x9d\xa5\xabW?\xfa\xe1?{\xea\xb9g\
\x96\x17\x17U\x92\x10\xe3A\xbd\x1e4k-\xde\xb4\x0e\
\x9c\x8c_7\xcdxC\x00\xa3T\xa2\xe2(\x8e\xcf\x9d\
=\xf7\xc4\xe3O\xfc\xfa\x07>\xd0jM\xdd\xff\x8aW\
\xbc\xedmo\xbb\xef\xde\xfb\x02? \xb0\xac0\xc0\x18\
+\xe4of\xe34\xa5:\x81\xc4\xe8fk\xfa\x17\x7f\
\xfe\xbf\xbc\xfdk\xde\xa9\x94\xe6\x8c\xe2(\x09\xfb\xc9\x86\
\xea\x02\x18\x04\x0c\xea\xb5{^~\xdf\xcb\xef\xbf\xff\x8e\
\xdbo\xbb\xe7\x9e{n\xbe\xf1\xb0\x1f\xf8\xf5 \x18\x80\
\x96<@\xea\xf7\x93\xdes\xa7\xcf\x9c\x7f\xe1\xd4\xa9\x17\
^\xf8\x8b\xff\xf9\xb1\xe7_8\xba4\xbf\x10)\x0d\x00\
\x81\xef5\x1b\xcdZS\xac\xad\xafw\xfb\xfd\x1ds\xfb\
\xbe\xf5\xeb\xbe\xfa5\xaf\x7fm\xab\x19<\xff\xc4S\xbf\
\xfc\x9f\xff\xd3\x85\xd3g\xbb\x83\x90\x07\xb5\x9bo\xba\xf9\
\xb6C7\xec9p\xe05\xaf}\xfd\xed\xb7\x1fi5\
\x9b\xbe_\x87\xc95\xe5\x8b\x03/\xbf\xff\xe9\xa4Af\
\xbd\xdbY\x9c\xbf\xbax\xe9\xf2\xb9K\x17\xce\x9e=\xb7\
8\xbf\xd8\xeb\xf7z\xfd~\x18\x86J\x19\xad\x95\xd2*\
\xe3\xe3\x01\xa0\xd4vE\xb6\x9c\x032\xce\x84u\x00J\
)\xa4\x14\xae\xe7\xf9\xae\xe7e\x0e@\xeb\xbfF\x86\x99\
\xcb0\x8d\xf3\xcf^\x87,\xf6s\x18\xc4?4ZU\
A[:\x03LH\xa8\x86\xdc\x0bX\xb9v\xc8\x8cJ\
\x86\x0cL\x901\x91/Y\x1c\xa6\x94\xd2\x180\xca\x08\
_d\xa1\x10%\xb3\xd7\x98\x1eW#;,\xd1+\x14\
&\xbfIsBu\xff$4h\xefd\x1e,Z\xbd\
.;\xa5p\xce-\xe3h\xc9OX\x1c\x0c\xa5\x9e\x97\
a!\x11!3\x04\x12\xc8\x18r<W\xd6\xfd\xb0\xdf\
;q\xe2$\xe3lvz\xda\x93N\xa7\xdb][]\
\xebt\xba\xdf\xf8\xcd\xefk\xd7\xfds\xe7\xaf\xbc\xfd\x9d\
o\xe9\xf6\xd7#M\x81\xe3H\xe4\xca(\xc7\xf7\x1a\x8d\
\xfa\xeaj']|\xd0F:0\xa5\x94}\xcf\x18\x03\
c\xa8\xdb\xd9\xe8t\xd6\x9b\xedf\x9c\xc4\x81\xefI\x22\
WJ.\xf8\x8e\xb9\xb9n\xaf\xc7\x19\xbbx\xf1\xbc1\
\x09 \xdbX\xdb\xb8\x9eIh[\xb6e\x1b\x10n\xcb\
K'\x88\x18\xc7\xf1\xe2\xc2b\xb7\xd3\x8d\xa2(\x1c\x0c\
\xfa\xbd\xb4\xda`d\xff\x1bDa\xc6%\x13\xab\xc4\xd6\
y\xb7N\x03(Eb\xa4\x15\xc7\xc8\x22D.\x84\xeb\
x\xae\xe7\xd7\x1a\xf5\x9d3\xd3s\xbbw\x1c8p\xf0\
\xe6[\x8e\xb4[\xad8Q\xcf\xbfp\x22N\xfa\xf7\xdf\
s[\xa3\xd16dX\xb6\xb4\xdb\xf5)\x0a\xc3^?\
\xecv\xfb\xfd~/\x0c\x07q\x1c\xa6L\xa6\x89\xadx\
\xa6)\xf3a\xe8\xac\xba\x99e8\xb4\xec\xf6y\x1c\x9b\
\xcdw\x82\x8c7\xa5\x1a\xf2\x97\xdf\x04\x1b\x89Gd\x14\
\x1a\xcf\xaf]\x99\xbf\xf2\xdc3O\xec\xdf\xb7\xcf\xaf\xb7\
C\x15\x03@\x14\x85\xddnwcc\xc3\xea\xaf\xf5Z\
\xd0j5=\xcf\xb3tmi\x9b\x05-fb(P\
\x11\xe7dU\x0d\xf2:\x13\x93\x00\xe1\xf0\xf8L\xc9\xa0\
a\xf5\x08L\x09\x22\x86\xd9\x88\xf9\xa2\x88\x0c\x01!\xcb\
\xd7B&\x04\x97\xaet=\xc7\xf7\x82z\xa3Uo4\
9\xd7\x97\xcf\x9fy\xee\xd9\x17N\x9d>\xdd\xef\xf7\x19\
c\xae\xebs\x9e*\xa3E'Y\x06\xb2\xc6\x98`\xaf\
\x19T9\xa2\xfd\x14\xee\x13\x8e(LTt\x90\x0e\x93\
\xe7,\x0a\xcdG\x1a\xa56oK\xb7\x80\x88\x98\xa9a\
E\xc0\x97\x07\xe8\x0e{B\xf9@M\x89\xf8\xc6\x8e\x87\
\xa2\x9b1\x8dD-\x1a\xf11\xed(\x16q1\x8dp\
\x05\x15\x0e\x1cip\xa89a\xd6\xe1\xc2\xf7Et\x91\
;y\x18\x22 r\xc6$\xe3\xae\xebz\x9e\xef\x05A\
\xbd\x16L\xb5[\xf5V\xbdV\xaf7\xa6\xdb3\xbbw\
\xef\x98\x9ds\x99YY\x5cx\xe4\xe1\x13+\x9d\xce\xf4\
\xd4\xcc\x0d\x87o\x10\x8e\xb3\xb2\xb4|\xea\xe8s\xcbK\
K\xdd^/I\x92$\x0e\xa3(\xb6f\x9d\x11\x97`\
\xe6\x14L_\x1b=\x92j\x9b\x99\xdfS#\x0b\x98\xec\
\x01f\x8f\x11G%\x0f\x9e\xc4B\x8a`\x8e\x00\x8bP\
\xb0\xe0\x18\x94Rr\xe9p!Fj\xcd;B\xba\x8e\
c\xf3#\xa5\xe3X\xd6\x18\xd7K\x8b\x0az\x81\xefz\
\x1e\xff\x1b\x87\x82E\xc9\xa9G\xed\x83\x94R\x921(\
eLD\x02\x00\x91\x92\x84\x0114\x0c\x8d\x1b\x04\xb3\
ss{\xf6\xee\xedv:O=\xfe\xb9\x8f\xff\xd5_\
\x9e<yBHQk6\x9b\xd33\x92K\x80tb\
K\xb4\x06\xad\x11Y\x0a\xdf\xb2dj\x04@ d<\
\x08j\xf5F\xf3\xe0\xa1\xc3\xda\x98\xb5\xb5\xb5\x87\x1fz\
\xe8\xa3\xff\xf3/\xf6\xec\xd9\xf3\xf6w|\xf5;\xde\xf1\
\xd57\xec?@i\xd0Z\x9a\xc0Y\x1e\xea\x04\xc8x\
\x9c\xe8\xbb\xef\xbb\xef\xd7\x7f\xedW\xff\xde\xb7~\x9b\xeb\
\xb9\x9d\xce\xea\xeb_\xfb\xba\x99\xb9\x99C{v\xdfs\
\xd7=\xf7\xbe\xe2\xbe\x1b\x8f\xdc\xec\xfb\x81&Ch\x14\
\x0a\x07\xdc^\xd8\xb9t\xe5\xe2\x93O>\xfb\x99\x07\x1e\
x\xe6\xa9\xc7\x8f\x9f<\xbb\xbc\xb0\x92$Q\xac\xc9\x93\
n\xad\xd1j\x08F\xa4\xbb\x1b\xdd\xab\x0b\x0b\x8df\xeb\
\x1d\xef|\xf7;\xde\xfeU\xfb\xf7\xed<}\xe2\xc4o\
\xfc\xc2\xcf?\xff\xc2\xd1p\x90L\xef\xdcy\xc3\x81C\
\x87<ozv\xf6\xbe\x97\xdd\x7f\xdf=\xf7\xdey\xf7\
\x9ds\xbbwr\xc6\x81\x10\x91\x8d\xb8\x9dS\xd3\x09a\
\x05\x01\x12\xd1\xc6\xc6\xfa\xd2\xd2\xd2\xe5\x8b\x17\xe6/\x9d\
?{\xe1\xc2\xd5\xc5\x85\xe5\x95\xb5A\xa7\x17\xab$\x8c\
\xb5J\x94\x85.\xb68\x8a}\x97\xadq\xd0R\x7f\x02\
\x17\x92sKW\xe4:\xae\xebx\xa9\x01\xc2\x91BX\
\xee\x17f#\xb4\x87\x93\x9e\xa1\x9cnj4\xf8|L\
\xc8\xfc\xe4\xaf\x86\xc9\x02U\xac\xb5\xd9\xaf\x88\xb6\xf2\xed\
\x18\xfc\x03\x00\x00\x06(I\x12)\xa4\xb56\xd1\x98 \
\x88rkc\xf1\x15\xe7\xdc\xde\xd3\xd2\xaaZ<{\xb5\
\x9f\xd5\x90\xd1*Z\xcb\x97\xc2\x89F\xd5B\xe0h\x9e\
\x9d\x9b{\x08'.\xbb\xa3\x8eS\xb2V\x00 2\x86\
1\xe1\xfanP\x0b\xae\x9c\xber\xf5\xca\xbc\xe3\xf8\xcd\
F\xcd\x18\xbd\xb6\xba\x14\xf66\x00\xf0\xfb\xbe\xfb\xdb\xff\
\xfc#\x1fq]a0\x0a\x93D)C\xd2c\x9cQ\
\x02\x8e\xe36\x1aM\xc4+\xc6\x10C\xe4B8\xae\x93\
*2\x88B\x08dHJw\xba\x1b\x83~Wi\x15\
\x85a\xe0\xba\xc8\x98\xe7y\x9e\xeb\xce\xee\xd8q\xe1\xdc\
\xf9\x04\xe2\x95\x95\xa5^\xaf+\xa4\xd8X_\xcfn\x08\
\xc1\xb6\x93p[\xb6 \xdb\x80p[^\x02\xa1\x8c\x0a\
oii\xa9\xd7\xeb\xd9$\xa2\xa1W0\x8eS<\x18\
\x0e\xc2\x8cH&\xd1*\xb3\xc9\x0d]\x04\xa9i<[\
\xc2\x11\x913\xe6H\xe9z\x9e\x1f\x04\x8d\xf6\xd4\xcc\xcc\
\xec\xbe\xbd\xbb\x0f\x1e\xda\xbfo\xdf\xfeZP_\x5cY\
;w\xe6\xec\xce\xd9\x99\x03\xb7\xdel\xddc\x98\x95\xb7\
2\xc6\x84q2\xe8\xf7\xbb\xbd^\xbf?\x88\xc20\x0e\
\xa3$\x8e\x12\x15\xdb\xaa\xd7Yv\x871J\xe7\x15\x0e\
\xadK\xa3\xc8ph\x979C\x86\x80r\x9a\x0b\xa5T\
\x1e;ZZil\xf1/\x03d\x00\xdcZ\xed\xc2\x85\
\xf3'\x8f\x1e\xbda\xff\x01!\x9d~\x14i\xa3\xc2\xb0\
7\x18\x84\x96G\x94s\xden\xb7\x1bAMpA\x9a\
L\x81\xe8-e\x22\x19\x97,1\xb2.\xe61\x8c\x99\
\x03\xb3\xf0T\xc6/\x02hkT \x18(\xd3\xc6\xe4\
\xae4\x1cu\xdd\xa5\xd0+U\xd2\x91qf\x19\xcf=\
\xdf\xf3|\xbf\x16\xd4]\xd7_YZ>q\xe2\xb9\x13\
\xc7\x8f\xafo\xf4\x18\xe7\x8e\xeb\xd8J\x00Y\xc0\xd2(\
\xea\xcb\x94\x9f<\x146\x0d\x91\xca\x8b\xc5\x8fV\x8d\xcf\
\xaf\xd1B\xb3\x02\xf3g\xfa\xa1\x90\x91\x08\x94\xb1\xb6\x0e\
\xaf\x0e\x80e\xce\xc3\x5c\xf1B\xc2\xf4\x91\xa6\xae5(\
\xf2\xb8\x0e[\xa6\xe1\xc2\x9f;\xfa\x90\xc6\xe8^\xc5q\
\x0b\xa3\x1a\x95=<\xf7\x91\xe6\xc1W\xf6\xce`\x16g\
\x95w\xd8\xde\x90\xf2;6\xba?S\xc0\xc8\xc0\x88&\
6\xe2[\x03[\x9d\x8fa\x867\x5c\xd7\xf1=\xbf\x16\
\x04\xadV\xab9\xd5n\xb6\x1a\x8dvcvzff\
\xe7\xce\xd6T;\xea\xf7/\x9e>uuq\x15\x98\xd8\
\xb9{\xd7\xee\x1b\x0eE\x1b\x1b\xa7O\x9fY\xbc:\xdf\
\xdb\xe8\xf6\xa3\x81\xa5\xc8\x8f\xa3H%\xb1e\x8bI\xf4\
H\xa9\xb4R\x945\x18*\xee$C\x06L\x0e\xa1s\
2a\x1b\x9f9\x09\x07\xe6\xf9\x81\xc3\x8a&\xe3\xaa\xcc\
[q\xa4#$\x97\x0ew\x1cW\xe6pPJWH\
\x9b\xa1\xc5\x1dW:\xae\xeb:\x9e\xeb\xd9\xba\x82\xae\xe7\
1\xfe\xb7\x09\x05\xf3\x17\xa1\x18\x91n\xb4N\x89@\xc9\
hE\xa4\x15!0.]\xe9\xec\xbda\xe7\x81\xbd\xfb\
VV\x97\x7f\xf7\xb7~\xeb\xaf\xff\xea/\x07\xfd\xde\xd4\
\xf4\xcc\xae}\xfb\x81\x01j2\x84\xb1R@`\x1f}\
\xaa\xbe\x1b`\x8cS\x16vnc\xcfmn\x922\x00\
F\xd9=\xadVkvvV+\xb5\xb0\xb0\xf0;\xbf\
\xf3\xdb\xbf\xf7{\xff\xe3\xd5\xaf~\xf57}\xe37\xdd\
}\xd7=D\xa44Y\x22W*\x08C\x86\x86\x90\xf3\
$N\xde\xf5\xb5_\xf7\xd3?\xfd\x93\xdf\xff\xfd?\xd4\
h\xb7\xfe\xf5\x8f\xfd\xdf_\xf5\xb6\xb7\xa9\xf5y\xe1\xba\
 \x1dm\x92\x88b\xce\xdc\xc5\xe5\xe5\xc7\x9f|\xe6\xc9\
\xc7\x9f\xfa\xc4G?\xf6\xf4SO\xaa(VJ\x13\x19\
\xd7u\xb9+\x9d\xc0\xdf\xe5\xd7\xb41k\xab\xab\xbdp\
\xc0\x84s\xeb]\xb7\x7f\xf5\xdb\xdf~\xf7]w\xae\xaf\
\xcc?\xf2\xe0G\x7f\xf2\x93\x0f..\xae5\x9b\xedZ\
kn\xe7.o\xef\xde]w\xdcq\xe7\xad\xb7\xdev\
\xd7\xddw\xddx\xe3\x8dsss\x9c32\xda\xced\
d\x8a(%u\xc8\xe5\x988\x1c\xf4\xe6\x97\xe6/^\
\xbct\xee\xdc\xa5\xcb\x97.\x5c\xbaxaiy\xb9\xdf\
\xeb\xc5q\x1a\xf2IZ\x93\xad=\x9b\x06\x8c\x0c\xe3\xb1\
m\x82*\x17\x5c\x08!\x1da\xc3\x90=\xcf\xcb-\x10\
\xdcV[,\xa4,\xe46\x9b\x22F\xcd\xbf(\xfb\xd6\
\x8a\xc6\xacb\x89\x88M\xc1\xdb\xa4\xfd%<\xb6\x09\xd4\
\xd9\xbc\xf1\xd1m\x004\xfdA\x1f*\xab\xd25\xfbS\
\x12\x9b\x19\x9b\xbf\xfe\xe3\xef\xc3dg\x1d\x8c.\x8ev\
`\xdb\xea\xc1P\x99\x8d\xf3=\xb9\xc9\x8c\x0a\xec2v\
\x1e\xa3\x09DqT\xc9S\x00;\x1e\x88\x10H\x1b\xe3\
z\xae\x17\x04\x82\xf0\xe4\xf1\x13\x83~\xb8cj\x87\xeb\
:Q4X]_[_\xdfx\xf9\xcb\xdfx\xd3\x81\
\x99\x7f\xfa\x03\x1f\xd8{\xd3\x91\x8dN\x8f\x0c\xa6\x09\xaa\
\x9c\x99\x04\xb8\x14\xbe\xefes<3\xc6x\xae\x0b\x88\
\x9a\x0cc\x82\x0b\xa1\x8d\x8a\xa2heeE)\xa5\x95\
J\x92$Q\x8aq\x0c\x82\xc0\xe9v\xdb\xed\xb6\xeb\xba\
\x83^\xbf\xdf\x0b\x97W\x96k^cum-\x1b@\
\xdb\xb2-[\x92m@\xb8-\x9f\xaf\xa4hP\xa9\xa5\
\xa5\xa5N\xa7\x13gU\xa7\xf3HQ\x0b\x0b\xa30J\
\xe2X\xd90Mc\xec\x94\xad3\xe2\x93T\xfbGK\
;\x96\x9a\xa2\xa5\x10\xae\xe3\xf8\xbe_\xab\xd5Z\xd33\
S\xb3\xb3\x07\x0e\xec;r\xcb-;v\xcc\x1a\xc2\x93\
\xe7.\xf4;k\xb7\xddvs-\xa8\x91\xc9\xac\xdfD\
\x86(N\x92n\xaf\xdf\xeb\xf6\xc2p0\x08\xc3(\x0c\
\x938\xd6\xb1R*Q\xc6\xea\xafF\x9b,\xd7c\x98\
08TfiD \xff\x93c\xd7\x92E3_c\
Rh\xc1\xd0\xf5\xbc\xf3\xe7\xce\x9d:v\xec\xf0\x81\x1b\
\x88\xcb\xee \xd2I\xd2\xeb\xf7\xa28\x22\x22\xc7qZ\
\xcd\xa6\xa5\x10g\x8c\xa5\x0a\x07\x0cS=\x10\x87\xee\xbb\
\xfc>\xe7\xe7\xaa\xae\xac\xf9JV\xdc9\xb2je?\
\xb6\xe4'\x80H8\xe4*HW\xb8\xf4\xec\x05\x00h\
\xc3\x1a\x09l-i\xab\x85KGJ\xd7\xf5\x1c\xc7\xf5\
\xfcZ\xad\x96\xc4\xc9\xf1c\xc7O\xbcpteu\x99\
\x909\x8e\x93\xe7\xc5\xe7\x1e<M\xe5\x1c\xfd\xe1Ee\
+6`\x1aDj\xfffN\xb5!2\xa2,;\xa5\
\x98\x1e\x97^A\x81\xa2\x06\x0a\x09N\xd9M\xc0\xb4\x03\
\xc3\xa4L\x0b\xa8r\xffd:\x0cS\xea\xbc\x0c\xc2\xe5\
\x0c7)\x98\xccT\xba*/\xeb&\xe6v\x9a@\xb0\
0B\xf9\xc2\x8af\xdc\x22\xa7\xcc\xf0\x99\x14\x1ec\xfa\
\xaf\xc9\xb2\x18\xd3\xe3\xec\x03C\xe46\xb4\x921\x86\x8c\
3\x8b\x9a\xa4t\x9dZ\x104\xeb\xf5F\xab\xdd\x9aj\
\xb7\xda\xed\xc6Tcv\xb6=\xbbs\x87+\x82\xf9\xab\
\x0b/\x1c\x7f,\x09U\xbd\xd5>t\xe0 js\xf9\
\xca\xc5\xe7._\xec\xf5:\x830\x8e\x07q\x12\xc7a\
\x18\xda\xa0P\xa5\x94\xce\xd8bT6\xf0r\x1f`\x15\
\x10RF\x1f\x0a)\xfc&\xcc\xfb\x9b\xbd8\xd5\xe8\xd0\
bM\xf9\x22,\xb4\xc0\xaf\x94.h\x99c\xf2\xbf\x8e\
+\xa5\x109w\xa8\x10\xc2\xb5nA\xd7\x11\x8e\xeb8\
\x8e\xef\xfb\xf5Z\xcd\xf7\x03.>\xdf2t/\x95\xd8\
[\xc19w\x1c\x87\x88\x8ct\x08bM&\xf7\x8d:\
\x8c7\xdbS;v\xcf\xf5\xba\x9d_\xfa\xa5_x\xe0\
\xe3\x1f\x8f\xe2xv\xe7\x8e\xe9\xd9\x19\xadAi e\
8\xe5\xb9\xa2\xc8\x00)+\x22aG\xb3\xad\x16`\xb3\
\xc6,<\xb7s\x80\x1dw\x9a\x0c\xda\xe2\xe3\x8033\
\xb3;v\xceu\xba\xdd\xc7\x1e\xfb\xdc\x03\x0f<\xf8\xfa\
\xd7\xbe\xf6\xbb\xbe\xfb{\x0e\x1f:\xac\x8dFB\x86H\
\xe9\xbc\x91\x0dH\x22.D\x9c$\xdf\xf7\xdd\xff\xa0\xb7\
\xbe\xf1\xc3\xff\xec\xff\xfc\x9e\xff\xed\x7f\xfd\x93?\xfc\x83\
{\xee\xb8\x9b\x88\x0c\xea\xcbW\xe7?\xfb\xd9\x87?\xfe\
\xc9\x07\x9e|\xf4\xf1\x17^xa\xbd\xd3\xb1C\x91\x5c\
\xd3\xedv-w\xb4\xcb\x9dp\x10]\x5c\xbdl\xc8\x1c\
\xbe\xe9\xc6\xb7\xbc\xfdm/\xbb\xe7>\x15\x0d\x1e\x7f\xf4\
\xb3\xff\xf6\xb7>x\xe6\xd2<2\xden\xb5\x0e\xdet\
\xa4\xdd\x9e\xda\xbfw\xf7\xfd\xf7\xde{\xff\xfd/\xbb\xf5\
\xf6#\xbb\xf7\xecv\x1d\x0f\x11\x89l\xc6\x1e\xb7\xd6\x1d\
\xeb\x13\xcf\xefp\x18\xc7\xddngqa\xe1\xe2\x85\xf3\
\xe7/\x9c\xbfx\xe1\xe2\xd5\xf9+k\xeb\xebQ\x98h\
\xad\xb4J\x8c1F\x93\xd6Y\xca@\xd1u\xcd\x84\xe0\
\xdc\xc9\xcaWz\x9eg\xc9i\x85\x90\x22\xe3\xc9\xb2\xaf\
_a\x82\xc9\x0a1d\xb3Dev\x18~\x1ck\xef\
\xcb\xd6\x9b\xd1\xc9\xa4:\xbdLX\x14\xc6\x1e9v\x7f\
ur\xde\xa4\xb5,\x00\x87\x101\x8e#D\x04\x93\xc5\
c\x8c\x9b\xe5\xaf\xd91[\x1e\xd0\x92\x97\x8e\x09\x82\x18\
\xf7\xf3\xaa\xd1-\xff\x98/\x85#1G\x93\xfbc'\
\x9c\x12 \xdc\xcc}:\x5c\x8f\xf2\xd2\x1dV=\x00\xd7\
\xf5\x03?\x88{\xdd\x93\xc7\x8f\x13`\xa3\xd1d\x0cV\
W\xd7\xfa\xbd\x904|\xc7\xb7\xff\xbd\x87?\xf5\xd7\x17\
.]f\xb5\xe6\xc6F\xd8n\xd6\xc9$\x88\xdc\xbe\xa0\
\x9cs!%\x80\x9d$I%\x89\xef{\x80d\x08\x1c\
\xce\x19\x82\x22Z][[\x98_h6\x9aJi\xa5\
\x94\xd1\xda\xf3\x02)c.\x84\xe7{\xcdf\xa3\xd7\xe9\
\x0e\xc2pc\xa3S\xf3j++\xcbq\x14:\xae\xb7\
Y\xa4\xd0\xb6lKA\xb6\x01\xe1\xb6\xbc\x04\xa2\x8dY\
^Y\xeev\xbbJ\xa9\x9c3&\xca$\x8e\xa2$\x8a\
c\xbb\x9d\xd88\x894^?\xf5{\xb0TSOc\
29\x222O:\xbe\xef{\xbe_o4\xa6\xda\xed\
\xdd{\xf7\x1e<|\xe8\xd0\xa1\x1b\x02/\xd8\xe8\xf6\xcf\
\x9d;?=\xdd\xba\xe9\xce;a4~#I\xe2\xde\
\xa0\xdf\xed\xf6\xbb\x83A4\xe8EQ\x14'\xb1\x0a\x13\
eyD\x8dQFY,X\xac1X\xd2eK\x02\
\xa3f]\xfb\xd7Z4\x85\x10C\xafN\xc1\xba\xe9:\
\xde\xa5\x8b\x17N\x1e;~h\xdf\x01m\xa8\xd3[W\
J\xf5\xfb\x03\xad\xb5\x94\xc2\xf3\xbdz\xad\xee{.\x19\
\x93(\x15\x19\xb2\x5c\x82D\xc3\xb2\xe3\x9bX\x82\xab_\
\xd9\x80\xbd\xf1\xcff\x1cc\x0a\xa4\xd4\x12\x95t\x7fH\
\x91\xa8\xb1\xba\xa9\xbd(\xcb\x87\x9e\xa9\xe6V!r=\
\xb7V\xab#\xc3\xf3g\xcf\xbdp\xf4\xe8\xfc\x95\xab\x00\
 ]\x0f9\x82!2E\xb2\x93\xf1U\xfb\x86\xa6\xd6\
\xbc\xb2\xc2\xc48\xa9L/+\x1e0z]8tj\
\x8e\xba\xcbR\xb6\xf8\xf4\x01M\xba\xa5y'KQ[\
D#\x1a\x1b\xe5\xe7*&\x10\x16\xce5\xdaf~\xa3\
1\x0f\x91\x05\x18\xb1O\x17]\x85#E2a\xb8'\
\x0fU-zVSd\x9aq\xa6\xa6\xa41\x9ce^\
5\xe4\xc88\xe3\x92\x0b\xe98\x81\xef\x07A\xad\xd6j\
\xb4\xdb\x8dV\xb3\xe5O\xb5\x9b\xb3\xd3\xbbv\xeej\xd6\
\x1b\xa8\x06\xe7\xce\x9c\xbfru\xc5\x93Ncf\xbaY\
\xab\xad,-?\xf7\xcc\xd3\xcbKKa4PI\x12\
\xc5\xb1%\xe3\x8d\xe38\xab\x1d\xa1ufP)b\xbf\
\xea_\xa2B\xc8(d\x94E\x04,M\xb4-K\xae\
V\x97XC\xed_\xfb\xba\xe5\xdc\xa1\xf9\xdf\x22\x0e\xcc\
\xcb\xcd\xdb\x7f]G\xba\x8e\xe38\xaep\x1c\xe9\xca\x9c\
9\xc6\xf2\x88\xe6\xf1\x99_l\xc28w\x1c\xc7\x10Y\
l\x22\x11\xb8\x94^\x8b\xcf\xce\xcc\x1a\xa5?\xfc\xa1\xdf\
\xff\xfd\xdf\xfb\xefQ7\xdc\xb3g\xdfl\xcdOT\x92\
$\x0a\x00\x19\xe3\x06\xb8A@@n\x03%\x10\x81l\
\x05\x1f\xcc\xcc\x1b\x04\x00\x82\xe5SVZ\x8d\x8dl\xfc\
\x03g\x968\xdf\x18C`@\x19\xcf\xf5n:|S\
o\xd0{\xf8\x91\xcf>\xfc\xf0\xc3\xef\xfd\x96o\xf9\xd6\
o\xfd6?\x08\x8c\xd6\xf6i\xd9W\xc66g\x88\xb8\
`\x89\x8a~\xe8\x1f\xff\xd3z\xbd\xf1}\xff\xe0\x7f\xfd\
\xde\xef\xfa\x9ew\xbe\xed\xadA\xbb\xf1\xb9\xcf=\xfe\xec\
\xe3\xcf\xce/\xcc\x0f\xe2pz\xc7Lkj\xca\xf5=\
\xadu\xbf\xdf5\x04\x8e\x1f\x84\xfd\xdezg\xc3\x18\xb6\
g\xcf\xde\xb7}\xd5[_\xf5\x9aWN\xb7[\x0f=\
\xf8\xd0O\xfd\x87\x7fw\xf6\xdceB6\xd3j\xed\xdb\
\xbd7h6o<|\xe8\xc8\x91#/{\xd9\xcb^\
q\xdf=7\x1c:\xe8\x05uk\xa0#\x22[\x01'\
}\xad0\xf5\xb5v66\x96\x97\x97\xe6\xe7/\x9f\xbb\
p\xe1\xc2\x85\xcb\x8bK\x8b\xab++\x9d\x8d\x8d^\xaf\
\x1b\xc7\x89\xd1Y\x8e\xb8\xce\xde~\xcc\x83\xab9\x93\x96\
z\xd7\x91\xd2\xf5\x5c\xcf\xc9\x92P\xd30\xe5Q\x0a\x97\
|}\xc8_\xe1\xcc\x9a4\xf2Zo\x8e\xca\x8aP\x04\
6]\x05J{\xae\xcb\xe9\xb7\x956a\x1cp*v\
\x15\x80\x08\x8c\xd2\x89\xef\xb8*\x8e\x91sd8\x9c$\
'\xafbc\x06<c\xb6\xccf\xa1\xea\xfdD\x97)\
l\x8a~-\xb0,\x1e\x83\x13\x02m\xf2\xa6p\xb4b\
\x8dE\x86C\x93V\xe5r\xf2\x15\xa2\xd0\x1f\x06\x04\x82\
\xb3\xa0V\xab\xd7\xeb\x8b\xe7\xcf\xce/,\xb8\xf5\xa0\xd9\
n\xa1\xa6\xf5\xa5e\x15\xa9\xe9\x1d{\xde\xfe\xd6\xd7\xfc\
\xc8?\xfe~\xc5\xd8\xc9\x93\xa7\xee\xb9\xff\xfe\x9d\xd3m\
\xa3mq!d`\x90\x09)x\xca^\x8d\x04\x80\xf5\
Z\x9d\x80\x00\x18\xe7\x1c\x90\x94R\xcbKK\xabK\xcb\
\xbe_\x0b\x07\x11\xb4Q)e\xc80\xc6|?\xe8t\
6fw\xcc\x5c\xb9|\xd5\x18\xbd0\xbfp`\xef\xfe\
0\x0e\xa3\xb8\xe7\xb8\xde\xb8,\x84m\xd9\x961\xb2\x0d\
\x08\xb7\xe5\xf3\x15D\xecllt:\x9d8\x89\xadK\
\xb0\x18,j\xcbN\xc4a\x14EQ\x12'\x89N\xec\
\x94]D_\xc3\xb4\x0a\x00\xce\x99\xe0\xc2s\xdd\xc0\x86\
s\xd5jS\xd3S\x07o8x\xe4\xd6#\xbb\xe6\xe6\
\x88\xe0\xfc\xc5\x8b\xbd~x\xe3\xa1\x83A\xe0\x11)\xb0\
\xb6e\x22\x8bE;\xddn\xb7\xd7\x8f\xc2A\x18\x86\xb1\
\xad\x88\xad\x94N\x12\x95\xa4Qm6\xc3\x89\x86\xd5\xce\
F\xf5\xd7\xad\x01\xc2|\x9d\xb0~\xc2\x9cf\x06\x11\x09\
AJq\xf1\xe2\xc5\xd3'O\xceM\xcf\xf6\xfb\xfd^\
<0\x94\x86\xc4\xd4j~\xe0\xfb\x9e\xefI!\x01\x00\
3\x1ey\x9b\xd7\x0e\x95\xbc\xf9MV\xbe\xfc0\x1b\xb0\
\x87\x93\xa6\xfcq\xcb\xea\xd8f\xed\xfdO\x1dt)\x1d\
(\x00@Q)\xb7j\xb7\xe7y\x9e\xef\xaf\xac\xac\x9c\
<q\xe2\xf2\x85\x8bQ\x1cs\xc1m@\x1a\xa8!R\
\xca\x9b5\xc6\x8c\xeb\xd7\xf02i\x0b\xcbU\x89N\x13\
3N\x8b\xe1\xe9F\xc3&-X*\x11\xac\x15m\x07\
09A\xa58,\xed\xb9S\x1f\xa0\xd5x\xc8\x0cq\
\xfb0\xbd\xaf\x9c\xa9\x818$rE\x1c\x86zbi\
#G\x99\x93\x0d\xb94\x8e\xa8&{y \xf5\xdc2\
K\xe2\x0a\x8cq\xc1\xb9-\xc1\xee{n\xb3Yo5\
[\xadv\xbb\xd6j\xd4\xdb\xf5\xd9\xa9\x99\x1d;\xe6\xa4\
\xe7v7:'\x9e9\xba\xd6\xddp\x83\xda\x9e\xfd\xfb\
\xb8\xa6\xcb\xf3W\x8e=\xf9\xf4F\xa7\xa3\x12\x15Ea\
\x14\x0dr\x12`\xab\xab\x192*Q\x16\x02\xeaq \
0/\xd3\x92\xf6\xcd\xd0\xd0\xcb\x9d\x93-\x15\xa0`\xee\
\x15,B\xc1\xaaW\xb0\x14 Z\xc5\x81Y\xc5y\x87\
s\xee\xban^q^J\xe9:\x8et\x1d\xc7u\xa5\
\xebx\xaeW\xf7\x03\xdf\xf7\x85\xeb|\xf1*H\x08\x00\
\xc0\x04\x97\xe00D\xc9El\x94\xeb\xb9\xcd\xa0\xf1\xc0\
g?\xfd\x0b?\xfb\xb3\xfd\xe5\xd5\xb9\xbd\xbb\xbc\xb9\xbd\
I\xac\xa2(I\x0b3\x22'*\xdc\xcf\xa1\xb9\x01\xad\
c\xb0\x14_\x90\xfd\x1d\xce\x06\x9a\x99b\xda-\x111\
@$0\xda\xf8\xaew\xeb-\xb7t:\x9d\xdf\xf8\xcd\
\x0f<\xfa\xe8c?\xf2#?r\xe3M7k\xa3\xed\
\xa9(\x0b\xae\xb3q\xbf\x8c\xcb(\x89\xbf\xf7\xfb\xfe\xe1\
\xde\xbd{\xbf\xf5[\xbf\xed\xc7\x1f}l\xe7\xdcn\xdf\
\xf7\x1d\xc1[S\xd3u\x93\xac\xac./\xc5Jp\x1e\
'\xca\x96\x8e@\x86\xfb\x0f\xec\x7f\xdb\xdb\xbe\xea\xc8m\
\xb7\xed\xda\xb5\xeb\xcc\xa9c\xff\xed\x03\x1f8q\xecD\
\xacL\x10\xf83;wz\x8e?5\xd5\xbe\xf5\xc8\x91\
\xd7\xbd\xf65/{\xc5\xcb\x8f\x1c92=3c-\
W\xda(\x00\xe4Ld!\x0e\x5c\x9bxyue~\
~qa~\xfe\xec\xb9s\x17\xce\x9e\xbez\xe5\xea\xc6\
F'\x8a\xc2$\x8e\xad\x17\xc8Z5L\xca\x05j\xc3\
\x1f\x903f\xdd\xb3\xae\xebZ\x07\xa0\xeb\xb9\xae\xeb\x0a\
!mt\x04\x22\x0eK\xed\x91V\xc3\xe4d\x82!\x95\
qy\xca\x9d\xf4F\x8f\xfd\xb8\x09\x0a\xda\xbc\x85\x17!\
\xd7\xdbBq\xce\xb4\x86\x5c{3\x19\xe7\x96\xc5VH\
\x99s\xf3^W\xe3v@r\xcem\x9cg\x8e\x09'\
-jc\xbd\x886i%\xa7\xe8,M\xf5c\x8f\x87\
\xcc=\x08\x00Ev\x99j\xfc*\x15\x98\xc92\xc7x\
\xa1)CD\x86{n\xad^\xf3]y\xfe\xfc\xf90\
\x8eg\xa6g\x5c\xd7]_^\xe8\xf5\xfb\xbdn\xe7\x1b\
\xbe\xf1\xefu\xbak\x0f?\xf6\x8c'\xdd\xb5\x8d\x8d+\
\x97.\xdfy\xe4&\xc192F\x0c\x11\xb8\xc3\xa5d\
<M\xaf'b\xc0\x9a\x8d\x06\x12qD.Db\xcc\
 \x0a\x97\xae\xcew\xba\xbdD%\x838\x8a\x92X\x19\
\x1dE\x91\xe7\xb8\x0d\xdf[\x15\xb295\xedH\xd1\x03\
X[]\xf5]\x97\x88\xc20j4>\xcfa\xb2-\
_A\xb2\x0d\x08\xb7\xe5\xc5\x8b\x9dU\xfb\xfd\xfe\xea\xea\
j\x12\xc7Q\x18\xe5\xc5\x06\x8b~\xc28\x8e\xa28\xb2\
\x05z\xc7Fe\x00\xa5FY\xc1\xb9\x942\xf0\x83Z\
\x10\xf8\xf5 \xa8\xd5\xa6\xa6\xa6n\xbe\xf9\xe6;n\xbf\
\xa3\x16\x04\x00\xb4\xba\xba\xe6\x0a\xb9\xff\xe6=\x96-\x00\
\x80\x03\x90RI\x14'\xbd~\xbf\xd7\xeb\xf5\xfb\x83A\
\x18\xc7a?\x8eB\x95\xa88I\xb4\xd2:\xaf1\x98\
\x95\xc4&[\xcd\xa9 #\x85\xb0+\x1f\xa1\x80\x03K\
\xae\xc2$I\xac\xaaJ\x00\x08(\x5cy\xf1\xd2\xe5\xb3\
'N\xb5\xdb\xed\xbe\x8aU\x14\x1b\x04\x02\x94\xd2F\x19\
IG\x0aD4F\xe7U$\x182\xab\x9d\x08.\x86\
\x19.\x00\x90\xb9L\xed-*\x85\x1d\xdaN\xe6\x99\x12\
\xc5\x85\xd0\x1ePE;8\x9ay_\x92|\x81\xb4\x1e\
\xb0\x5c\xb5,j\xea\x8e\xe3\xf8\x81\xaf\xe2\xe4\xf9\x93\xa7\
\xce\x9c>\xdd\xeb\xf5\x98\x10Lp\x83@\xa4\xad\xf3\x87\
F\x1b,\x01\x18\xc8\xd1ZV9#W\xa0\xaa\xab5\
M \x03\x18\xb6?\x1a\xf2\x9a\xa7\xcfS\x16\x85\x9ar\
\x8d\x0e\xa3\xe6\xaaj\x0d\x94\x12\x1a\xf3\x9b=\xfc6\x7f\
\x08&;]\x85\xf4\xaf\xc8[S\xe8\xe2\x98\xada\xe7\
\xb3\xee\xe6\x0f\x1d\xcb\x01b#\x8f\xbb8\xf0,<f\
\xc8\x98H\x01\x13O\x1d\x84\x5cJ\xc7s\xfd\xa0\x1e\xd4\
\x9b\x8dV\xb3\xd6j\xb7\x9a\xcdfsj\xba>\xd5\x9e\
\x99\x9aBM\xcbK\xab\x0b\x8b\x0b:N\xa6\xa6\xa7\xe6\
v\xefY_[?\xfe\xdc\xd1\xce\xda\xdaF\xbf\xa7\xad\
'?\x8e\xa3(\x8c\xe3\xc8f\x09\xa6/\xac1\x9aH\
\x1b\x0d\x9a\x80H\xd3\x88%\xa5\xea`/^v\xca\xbd\
Q\x11\xeb\xf7\x9b\x84\x06\x8b\x9c1\xc5,\xc1R\x8ch\
\x11\x10\x0e\xff\xe6\xe4\xa2\x8ec\x99D\x03?\xa8\xd5j\
\xd2u\xd8\x17\xb1\xb5\x9c\x88\x0c\xa6\x11\xc2\x8cs\xee \
\x224\x83\xf6\xe5\x85\xcb\xff\xe9\xa7~\xeaS\x7f\xf1\xb1\
\xbd\xbb\xf7\xdep\xcb-\x89\xd6q\xac0\xcfQKI\
R\x182V\x08\xc4%\xc6m\xe8E\x9a\xfd\x9b\x8f|\
\x0b\x18)\x8b\x8a\xe6\x8c\x1b \xb4e\x03\xb4\x06\x86d\
\x01\xa4N\xf9E\x01Q\x1bU\xaf7n\xbf\xeb\xae\x0b\
\x17/~\xff\x0f|\xff\xf7~\xe7w}\xfd7\xfd]\
@\xd4\xb6`\x00\x11\x02j\xad\x95Q\x06\x18p\x1eG\
\xd1\xd7\xbc\xeb\xdd\x7f\xfa\x91?y\xef\xb7\x7f\xc7\xca\xd2\
\xfa\xfa\xfaz\x1c\xf7\x1b\xf5\x9a\x8d\x17\x01\x80$QA\
\x10\xdcs\xef\xbdox\xc3\xeb\xf7\xee\xd9\xa5\x92\xe4\xc4\
\xf1\xe3\xbf\xfb;\x1f<w\xee\x82\xd6\xe4\x05\xfe\xdc\xee\
}5\xcf\x1d\xa8hnn\xef\x9b_\xff\xa67\xbd\xe5\
\x8d\xf7\xdd{\xf7\xce\x99i\xee\xba\x00d\xb4\x22d\x8c\
\x09\x8e\x00\x00J\x9b\x95\x95\xa5\x8b\xe7\xcf_\xbex\xe1\
\xec\xc5s\x17/_]YZ\xe9v{Q\x14*\x15\
i\xa5\xb5\x06\xa5\x94\x9d\xff\xc1\x90%\xda\xe5\x5c8\x5c\
H)=\xdf\xf7\xdd\xbc\x0e\xbc[\xac\xff\x9e\x8dd2\
fH\xf7\x95\xcd\x10h \x9da\x08\xa84\x17]\x13\
\x11]\x97\xa3o\xf3\xd6\xb6\x82\xbe\xb6\x12S\xba\xc5!\
\x9a5\x08\x89R\x96R\xc7\xfa\x98\xa38\xb2\xef\xe6\x8b\
;Q\xce\xf9i\xf9K']\xd7X+\x9e5\x8cN\
:o\xd1\x9a6\xfc\xf9\xa8\x01\xd1\xc6\xd8\x0b!\x8c6\
\xb9\x93\xd0\xbeH\x86\x08\x09\x87\xec\xd8\x99\xab\xb7\xe0{\
$\x00r\x5c7\xa8\xd7\xc2A\xff\xc4\x89\xe3\x04\xac\x1e\
\xd4\x80\xcc\xca\xfaz\x1cG\x00\xf0\xd5o{\xd3\xff\xfc\
\xb3?\xed+\x0c8\x04\xae{\xfa\xe4\xc9\x8d\x97\xdd[\
\xaf7\x0c\x11\x11r&\x182\x87K\xbb4\x02\x81#\
e\xbd\x16\x00\x01\xe7\x1c\x08b\xa36:\xdd+\x17/\
i\xa3\xc3(&\xa00\x0c\x0d4\x95\xd6\x9ciOJ\
D\xe6\xd5\x1a\xf5z\xb0\xb6\xb6\xd6\xebt9c\x83\xfe\
 \x8e\xa2\xcf\xff\x89o\xcbW\x8el\x03\xc2my\x91\
b\xb5\xf9A\x18/,.\xf7{\xfd(\x0a\xfb\xfdA\
\xbf\xdf\xb7a\xa2#u\xe7\x93$\xd1*\xd1J\x17\xd0\
 d\x89X\xd6a\x90\xf2\xe0;\x8e\xf5\x0b\x06\xf5z\
\xad\xe6\xcf\xceN\x1f\xb9\xed\xf6\x9bo\xbaE\x0aa\xd3\
]\xa6\xa6\xdaY~WJ\x96\x9d$I\xaf\xd7\xebt\
,\x16\x1cDa\x98$Q\xea\xd3H\x12\x9d2\x89f\
e\x06\x0b<\xa2[\xf7\x0an\xf2\xd1\xde\x0a\xa5\x14\x00\
\x93RJ\xd7\x9d\xbf2\x7f\xf6\xd4\xa9z\xad\xc6\x10\xa3\
(\xb1\xee\x1a\xd7u<\xcf\xb5\x86\xcf\xacBq1\xdc\
\x1182\xa5T\xac4\xe7\x9c3\x9e\xf3^\xc2(W\
Jq\xfdK\x8b\x0dV\x5c[\xb8\xa9\xbe;\xe9\x80!\
\x1aL\xcd\xfe\x19;\x1f\x02\x81\xb6A=\x8e\xe3\x10\x99\
3gN\x9e?\x7fqm}\x03\x88\x98\x10\x08@:\
\xc3\xa2\x96\xdbf\x5c\xcbC(\x88\xe9\xbd\xcb\xfcc\xe3\
\xe3\xa3\xaa\xf8v\x92\xa4\x87\x19\x1az\xd82\x92\x964\
\x0a\xd6\xa6\x12\xd1\x98\xfe\xe4\x0f\xa0\x18\x05T:\xa3\xa5\
\xa6\xc0a\xd2\xd4\x90\x80\xd5\xfa\x001ov4(4\
\xed\x09\x8e\xee\x81a6 CV\xact\x9f& \x19\
J)\xfbp\x0c\x96\xce\xbc\x13\x80\x08\x82\x8b\x12d\x92\
\x8e\xf4\x5c\xbf^o\xd4[\xb5v\xbb1\xd5\x9e\xf6\x1b\
\xf5\xa0\xd9\xd813\xd3\xa8\xd7\x94R\x97/\x5cZ_\
\xeb\x08)Z\xcdV\x9c$\x0bK\xab\x0bW\x8f\xf6\xba\
\x9d$\x8e\xa2(\x0e\xc30\x0c\x07I\x1c\xc5I\xa2\x94\
\xcaI\x80s\xbf_\xe9\x95\x19\x1bk\x9d^\x22\x8d\xdc\
\x13\xab[\x17\xb3\x04yVu\xadXI\xa2\xca#j\
q`ZL\x82\xf3\x92K\xd0:\x0b\x85\xe4\x8etm\
\xda\xa0u\x0b\x0a\xc7\x11R\x0aGJG:\xae[\xf3\
\x83ZP\xf3\xbe\x08\x98c\xae)\x94\x0d(k\xcb\x00\
\x06AP\xfb\xd4C\x9f\xfa\xc9\xf7\xbf?\x19Dw\xde\
u\x171L\xe2\x08\xb2*j\x04\xc0\x18g\x8c\xa7\xf9\
\x816v\x8d\x13K\xab\xf7\x18\x86\x0c\x81\x13@\x06\x15\
\x05\x80&\xa3\xb5\xd2\x0c\x11\x18jC\xc8\x18\x07\xe4\x08\
d\xb4F\x02`Y\xb0\x5c\xa6\xfe\x1aBb\x08(\x0c\
\xec\xdf\xb3oc\xa3\xf3\x9f\x7f\xfe\xe7\x9f{\xee\xe8\x0f\
\xfd\xf0\x0f5Zm[\xc5\x9e\x0c1\xc68\x082\xda\
h\xc5\x18\xdb\xe8l\xbc\xfeuo\xf8\xc3\x0f\xfd\xde\xff\
\xf1\x83?|\xe5\xe2\xe5\xf3\xa7O\xf7\xfb\xd1\xf4\xd4\xd4\
\xcd\xb7\xdcx\xe0\xe6\x1b\xef\xbc\xe7\xde\xb9\x99\xe9\xe5\x85\
\x85g\x9f|\xfa\x8f>\xf4\xfb\xa7N\x9f\xd5\xda\xb8\x8e\
\x13\xd4\x1b\xf5z\xbd\xee\x05\xae\xef\xdd~\xdb\x1do~\
\xd3\x1b_\xfb\xba\xd7\xdez\xeb-\xae\xe7\x11\x11iC\
&\x0d)\x06\x80n\xbf{\xe6\xc2\xd9\x93\xc7O]8\
w\xfe\xd2\x85\x8b\x0b\xf3\x0b\x9dn\xc7\x02\x03c\x94\xd6\
)k\x99V&\xbd\xa3\x08\x82s\xe1J)]\xcb.\
[\xf3\xd2Z\xf0v\x98\x0d\x91\x83\x1d\xd1\x85\xb0\xfa,\
\x1c!{:\x00\x85\xe0\xc1r\x9c\xf9\xc83\xddr\x8c\
\xc6&\xbf\xba\xaeo\xb7\xf8\x13\xba\xce\xd4\xc1\x5cr \
\xa4\x94\x12\x5c\x10\xb0\xdc}\x96G\xbb\xe0\x8b2\xbb\xd8\
w?I\x92(\x8a\xa4\x94E\x1f\xdd\xa4\x1e\xdan\xa4\
\xae\xe6M\xabD\x8c|K\x000\x9ci\xadI\x9a\x90\
qd\x82s)d\x96\xd2\x02D\x86Y\xb3`\x1e\xd9\
\x91\xa7\x84\x0f[4\xc4\xc0\x0d\xea\xb5zp\xe9\xe2\x85\
Sg\xcex^\xe0\xd7j\x83\xa8\xdb\xedv\x06a\xbc\
k\xdf\xa1;\xee\xb8\xf5g\x7f\xe1\xffE\xc1:\xbd.\
#\x5c\xb8z\xf9\xdc\xb9\x0b\xf7\xdds\x7f\x0c\x86\x888\
\x13\x8c1`H\x08\xc8P)\x9aj4\x9au_\x11\
\x222\xad\xb42feq\xf9\xea\xfcU\x10\x18\xab\x04\
5\x911h\x80#\xeb\xf7\x07\x9c\x03\xe3\xe8:N\xb3\
\xd9\xe6\xe2jg\xa3\xd3\xe9n\xf8\xb5\x9a\xb2$s\xdb\
1\xa3\xdb\xb25\xd9\x06\x84\xdb\xf2b\xc4N\xb5Q\x94\
,..v\xbb\xdd8\x8e\xc3AZs\xb0X}~\
\xa4\xf4|&\xa9\xd7+\x8b\xd5\xc9S\x83\x5c\xd7\xf5\x83\
\xa0^\xaf\xd7\x1a\xb5z\xb31\xddj\xdfq\xeb\xad\x87\
n\xbc\x09\x19#\x22\x86\xc3\xea\x7f\x16\x13*\xad\x06\x83\
\xc1F\xa7\xd3\xedt\xfa\x830\x8a\xe2(\x0c\xe38\xb2\
\xfc[\xb9c\xb0Xp\xd6\xd6\xc2\xa6q1\xa2E\xb2\
\xe9\xad`\xc2\x925\x17\x01\x01\xcc\xf2\xf2\xd2\xe5\x0b\x17\
\x1a\xb5\x1as\x9dP)\xc9\xb9\xe3\xba\x9e\xe7Z\xf5\xb7\
\x149\x89\x85\x05\x062\xf6\xed8\x8e\x19c\x5cp\x18\
\xc6\x13fic\x19\x12):\x06\xab\x0f\x05\xae\xd3\x18\
\x5cJi\xcb\xd7`J\x13\xf4\x11\x88\x0b\x8e\xc8`u\
m\xf9\xe2\x85\x8b\x0b\x0b\xf3\xda\x10\xe3\x1c\xd0V\xa5\xc6\
\xe2\xe9\xae\x19\xf4\x98\xeb\x99E\x93\xedX\x97`\xd5\xa6\
\xbb\x19\xdc\xa5q\xa7\xcb/\x90\x86!\xa5\xa53\x02\x0c\
\xbf\x1c\x0bA-\xe5F\xba3\x07\x148\x0cF-\x85\
\x80\x8eb?\xa8\xae\xc4\xc50$*D.\x15;\x9f\
\x8f-\xaa\xf0\xdd\xd9\xf0P\xc9EN\xb0\xc99\x97B\
\xb8\x9e_o4Z\xad\xda\xd4t\xab\xd9j\xf8\xb5Z\
\xbd9;==\xed\xd6\x83h\x10\x9e9}\xa1\xd3\xe9\
\x0a\x01\xae\xe7F\xbd\xe8\xf8\x85\x8bkkk\xfd\xc1 \
\x89\xc2$\x19\xa6\xf7&\xc9\xf0U-\xbe\x11\xc5\xf7e\
l\x94u\xe9\xbe!\x00\x16j\xeb\x95\xa2C\x8b\xce\xc0\
\x22\x1a\xac\x06\x88\x16\xa3C\xab\x80\xd0n8\xae\xb0\xa9\
^\xb9\x7fP\xb8\x8e\xc8\xd8\xffk\xb5\xa0\x16\xd4\xbeh\
\xd3\x05\xcbc#\xb3\x16(\xa5\x5c)\xa3(\xfc\xc9\xf7\
\xff\x87\x8f\x7f\xf4/\x0f\xed\xbf\xc1\xdf_\x8f\xb5B`\
\xc8\xb8\xf5F!\x22\xb7\xa4\x9fH\x00\xc0\x18 3\xcc\
\xb2\x8br\xe1H\xc7\x11\x92sf\x88\x903\xc6\x193\
h\x0c\x223\x1c\xd1\xbaq\xb46a\x94\xd8\xb0z\xeb\
\x01\xe3\x5c\x22\xa2R\x1a\x00\x80\xa5<@\xd6:\x83\x00\
\xc8\xb9Q\xa6\xd5h\x047\xdf\xf2\xe0g\x1e>\xfd\x83\
\xa7\x7f\xe8\xfb\x7f\xf0\x9e\x97\xbdL\x1bm3\xa1$c\
\x0eJc\x8c\x02#\xa4\xd3\xe9t^~\xef+\xfe\xdb\
\xaf\x7f\xe0\xeb\xff\xce7\xbc\xef}\xdf\xf6#\xff\xf4\x87\
\x96\x96V\x9e\x7f\xfe\xf9K\x0b\x8b\x0f\xfe\xf5'?\xf3\
\xd0\xa7WWV\x90a\xa3V\x9f\x99\x9e\xb5\xae9d\
\xb8o\xff\xdeW\xbd\xec\xe5oy\xdb[_\xf5\xaaW\
L\xcf\xec\x00 [\xae\x96q\xc1\x844d\x96WW\
O\x9d<y\xf2\xe8\xb1\xb3\xe7\xce^\xb9zuum\
-\x8c\x22c\xb4e\x06\xb3\xb6\x0c\xa5lVaV2\
\x95q\xcfq\x02\xcf\x0fj\xb5ZP\xf3|O\x08)\
\x04\xc7\x8c\xc1\x89\xac\x912c%Mst\xcb\xb3\x0a\
TA\xe0\xe8\x01\xd7\xb1s\x8bS\xf4K\x8e\x0cK?\
\x9f\x146\xbf\xf9\xef u\xca%\x8e\xf4\xcc(\xf7\x8d\
\x9d:\xac\x85\xf7E\xc0BDt\x1cG)\x15\xc7\xb1\
\x9d\x04p\xf2\x14Z\xe5\x8f\x19{X\xe9b\x892\x82\
gH\xa3J\x10\x91,\x7fv\x1a8\xca\x85\x91Zk\
0D\x8c\xa53p!\x09\x02\xf2E\x0cR\xfb4\x13\
\xc2\xab\xf9\xbe'\xcf\x9f=\xb3\xde\xed\xef=0'\x84\
\xe8w{\xe1`\xa0\xe3\xf8Mox\xd3\xd5K\xe7O\
\x1c?\x03\x06T\x920`Z\xabK\x17/\xddw\xdf\
\xcbH\x1b D\xc6\x00A\x93QJ;\x0e\x07C\xf5\
z=\x08\x82~\xa2\xc1\x18\x22JT|\xf9\xd2\x85\xf5\
N\xa75=-8\x8f\xe3\xd8N\xae\x88\xb8\xb6\xb6V\
\xaby\x82q\xc9x\xbd\xddb\x5c\x84q\x1c\xc6\xb1\x94\
N8\x08?\x9f\xe1\xb1-_i\xb2\x0d\x08\xb7\xe5E\
J\x1c\xc7+\xcb\xab\xfd~?I\xd4`0\xb0\xac\xa2\
C\x22\x998\xb6v\xbe8\x8e\xf3\x1aeE\x15\x133\
s\xa0\x10\x5cJ\xc7u\xdd\xa0\x16\xf8\xf5Z\xab\xd9j\
\xb5[\xb33S\x87\x0f\xdd\xb8\x7f\xff\x0d\xc8X\x9e\xaf\
e\x05\x01\x8d\xd2Q\x12w\xfb\xbd\xeeF\xa7\xdb\xed\x0e\
\x06\x830\x8c\x92D\xc5q\xacT\xa2T\xa6\xd1Z&\
\xaeb\xae`\x06\x08\xabh\x10&\xe0\xbdk\xee\xb4\xbd\
\xe2\x9cm\xac\xac]8\x7f\xde\x91\x8e\x06\x22\xad|\xdf\
s\xa5\x10BBJ779\xf4\xb1\xe0\xbcb\x8ci\
\xad\xe3$a\x821d,\xcf\xc9\x000@Z\xeb\x22\
y\xcc\x88\x0a>6*f\xf4\xc8I\xa9\x83EH\x93\
\x07J\xd9\x83\x8d!\xe6\x8a0\x8e._\xbdt\xf5\xca\
\xe5\xc1 b(\x18\xcbN]b\xac)<\xa3\x22\xea\
+\xf6\xa1zt\x09Nlb\xc9.\xf6\xbf\x98\x0a\x05\
\x19\xd1\xcb\x084\xb5\x8buvR6Z$\xab\x8c\xfa\
*|\x0fcT\x07\x18\x06\xee\x22\x0c\xf1s\xe9'#\
\xdb\x99G\x14\x0b1{\xc5\x8b*\xa1\xdf\x8c\xe9\x87\xa8\
P\xde0\xbf?)L\x12\x5c\x0a\xe9\x08i?\xda \
\xb7z\xbd\xdel5ZS\xcdV\xb3]o4\xea\xad\
f\xbb\xdd\xf4\x5c?\xec'\x17N\x9d\xebv:\x00\x88\
\x8c\xadol,\xce\x9f\xeemtmN`\x18\x0e\xa2\
(T*\xce\x92\x04\x93\x8cv\xd7T\x87z5\xf36\
\xfd\x16\x8a\xa95\xc8\xd2\x17\xb6L\x1cZt\x06\xe2(\
\x8f\xe8X\xda\x98\x12yL\x8e\x03\xf3\xe8\xd0\x0c\x13\x0a\
\xe1pG\xba\x8et\x85\x94\x8e\xeb\xb8\x8e#\x1dG:\
\xd2w\xbd\xc0\x0f\x5c\xcfC\x86\x95\x80\xeb/FI\xed\
\x17DZ\x1bO\x8a\xe7^8\xfa\x13\xff\xf6\xc7\x96\xae\
\xce\xdfr\xdb\xad@\x90h\xc5\x18#b6\x81\xd5\x06\
\x09#\xb3\xb1\xf6\x80\xb6>\xa8\x945\xdfc\x82u\xfb\
\xbd\xe5\x95\xa5\xee\xfa\xc6\xca\xf2\xca\xf2\xcaJ\xa7\xdb\x1d\
\x84\xa1Q\xc6\x18\xe4\x1c\x82\xc0o5\x9b\xd3\xd3\xd3\xd3\
3\xd3\xcdf\xb3\xd1h\xd5j\x01\xe7<\x8aT\x1c'\
Zkn\x031\x8d&D\xeb\xf0\xa1,\xc04M~\
\x06<p\xc3\x81\xe5\x95\xa5\x1f\xfb\x89\x1f\xff\xde\xf7}\
\xcf\xbb\xbe\xee\xdd\x06\x8c!\xa3\x19C\x1b\x86\x8a\x00\x82\
;\xb2\x11\x85\x83\x9b\x0e\x1f\xfe\xfao\xfa\xc6\xe3/<\
\xfb\xa9\x07\x1e\xfa\xd5_\xf9\xc0\xe3O<\xee\xfa>2\
\x1e\xf6\xba\x00\xd0h6\x9b\xf5\x9a\xef\xf9A\xbdq\xe3\
\xc1Co\x7f\xfbW\xbd\xe6u\xaf\xba\xf5\xa6[\xdcZ\
\x9dHi\x95\xd8\xd8Y\x00\xe8\xf5:\xc7O\x9cx\xea\
\x99gO\x1c;v\xe5\xd2\xe5^\xaf\xa75\x19\x03J\
\xc5\xda$\xca\x18\xad\xb5%1\x02\x00\xc6\xb8\x1dl\xae\
+-\x87\x90\xef\xf9\xbe\xe79\x8e\xc3\xb2\xb2y\xb6\xb4\
MJ\x1f]H\xe1\xad\x98\x84F\xdc\xf8\x93f\xaaI\
h\xea\x9a(\xf1\xf3\xf4\x16n\xe5\xe0I\xc0l,.\
\x1d\xebR+Y\xd0\x00\x91\x8c6\xda0\x8f\x15\xa8\xc2\
\x87\xbf\xcda\xe1\xe6\x88n\x92\xd8y`\x12,\xcc\xdb\
\xaf>\x8b\xfcf\xe6\x89\xfd\xf6\x1a+\x88\xb1\x90\x1d\x90\
\xdb\x07\x192`\x9csNB\x18\xad\x85H\x8cIi\
z\xb1\x5cj\xc8\xae\xdbi+\x06\x84p\xfcZ\xa0\x93\
\xf8\xdc\xd93(]\xaf\x1ep\x06\xeb\x9d^<\x08\x01\
\xe0-o|\xd3#\x9f\xfe\xd4\xa0\x13i \xd2\x06\x04\
\xe3\x9c_\xbcx1J\x12\x022Fs\xce5\xc2\xf2\
\xca\x0a\x00\x08\xc6c\x80\x9d;v\xba\x8e\xb3\xd1\xdf\x10\
\xdc1@\xeb\xebk\xe7\xcf\x9d\x05\xce\xa5t\x00 \x0c\
S\x02u)\xa5\xd6\xcaq\x9c\xba\x1f\xacot\xfdF\
M:^\xbf\xd7_^^\x0d\x1c/\x0cC\x18\x93n\
\xb2-\xdb2^\xb6\x01\xe1\xb6\x5c\xb7\x10\x91Rjm\
m\xad\xdf\xefj\x15'q\x98\xc4Q!m0\xaf3\
\x11&q\xa2\x13e2\xa6A[\x15\xcd\x00\x08\xc6\xf3\
0Q\xd7q\x5c\xcf\x0bjA\xbd\xd1l4\x9b\xedv\
sn\xe7\x8e\x1bo\xbci\xe7\xce\x9d#\x99Y\x04\x00\
\xa0\x8d\x8e\x93\xb8\xdf\xefw{\xbdn\xb7\x9bN\x8bQ\
\x94D\xb1JTJ%js\x05\xb5\xa1\xcc7\x98F\
\x8afzn\x0e\xff\xaa^\xc1\xad\x00\xc2\x91\xaf\xd2:\
\xdb\xd0\x8d\xc2\xf9\xabW\x19\xe7\xc2s\x81\xa1\xeb\xb8\x92\
\x0bDn\x8f\xb5\xf1\x86\xa5\xdb\x98j\xa9\x04&\xc3N\
\x16d0\xc1\xc1\xa0R*\xd61\x22\x0a\xce\x01\xb1\x18\
\x98W}\x1c\x9f\xe7\x03\xcd\x09M\x10\x19\xa1\x01\x00\xc3\
\x10\xd2\xc8,\x13\x86\x83\xa5\xa5\xa5\xf5\xf55\x00`\x8c\
gd-\x19\x0bMux\x14\xe9KG\xa8L\x87\xa7\
\xcb\x01*\x8c\x03\xab\xa5m\xa8\x00K\x1cK\xbd3\xaa\
\xb7\xe5<\x00\xd9\x92]\xbc\xf1\xa9\xd7\x0f\xf2\x91\x85\xe5\
\xc6\xb3x\xe6\x11\x17\x1fK\xab\x82\xe1X(8\x06\x10\
f\xe4\x1e\xc5\xeb\x1d\xfb\xec2\xed\xc4*\xa9e4\xc8\
l\xf5d\x9e&\xc7q\xc1\xa5\xe0NZ\x91\xc5o\xb6\
ZS\xad\xe9f\xbb\xd1h7\x9a\xcdV\xb3\xd9\x06.\
\xfb\xbd\xee\xc5\x0bg\xfa\xdd. \x18m:\x9d\x8d\xd5\
\x95\xd5N\xb7\xab\x12e\xd3\x04mA\xc1$I\xb4R\
J\xab\xac\xfa\xd6\xf8\x91_\x8d\x0e-\xde\xcd\xac\x94`\
j8/\xc2\xbf\xb1)\x82X\xa9.X\xca\x15,e\
\x0c\x96`aQ\x1c)]\xd7\x11\xd2\x91\x8e\x146[\
P:\xae\xe7y\xbe\xe7\xb9\xc3\x18\xd1/\x09}\xc8f\
+\x19c\xa4\xe0\x7f\xfc\x87\x7f\xf4\xf3\xff\xdf\xff7\xdd\
n\x1f\xb9\xed\x8eX%6\xc7\xda\x18@\x81h\x88!\
\x13\x5cd7\x1d\xa5\x14\xdcqP\xf2\xf5\xce\xfa\x993\
\xa7/\x9e;\x7f\xee\xec\xb9\x95\x95U\x95$\x00\xd7\x00\
\x1b\x88\x18\x04\xc1\x9e={\x8e\x1c9r\xf8\xf0\xe1\xd9\
\xd9Y\x22\x18\x0cB\xad\x0cpfHs\xc6\x09\xc8V\
\xbb4F#gd\x88q\xc6\x80MM\xcd\x0c\xc2\xc1\
/\xfc\xf2\x7f\x99\xbf|\xe9\xdb\xdf\xf7>\xe6\xbb\x89\xd1\
\x0c\x18\x12\xe3\x08(\x90\x88\x1c\xc7\x0d\xe3\xe4}\xdf\xf9\
mo|\xddkO\x9f<\xf3\x91?\xfb\xd3O?\xfc\
\x99\x0f\xfe\xceoot;q\xa4vNM\x1f\xd8\xbf\
[\x08\xde\xac\xb7o\xbd\xed\xb6{\xee\xbe\xf3\xe0\xa1\x1b\
\xa4\x90D`]\x82\x5c\xa0!\xbap\xf9\xc2\xb3\xcf<\
\xfd\xd4\x93O\x9e>u\xa6\xd3\x1d$\x89\xd2J%*\
1\xda\xa4\xbeMJ#B\x01\x19\x13\x9c1\xe6H\x11\
\xf8~=\xa8\xd5\x82\xc0\xf3<\x1b\x7f\x98\xbfkf\xc8\
\x00\x9a\xbe\xe7\x9b\xa0\xbb\xe2\x84S\x8c\xf2(\xe1\xc3\xb1\
\xbf}q\xfb?\x7f\x04\xf8\x924X\xbd'\x85\x04<\
\xa3\xb5b\xb6\xb4\x89!bX=r\x13X\xb8\xc5\xfe\
XK\x845(\xe7\xb6$\x1a\xe5\xff\x84JxEu\
\xc9(&\xd0R\x16a\x94\xe6/\x14\x1b\xc9\xe6+\xc1\
\xb8a\xc2\x08m\xb4NH!C2\xd6\xf89bT\
\x84\xacH$\x02y\xbe\xd7h4\xd6\xd6\xd7\xce\x9d\xbb\
\xe0y\xbe\xeb\xbaZS\xb7\xb3\x1e\x85\xfd\x1ds\x07\x0e\
\x1e\xda\xf5\xdb\xbf\xf9)\x8d\xa0\x95\xb6\xab9\x0ay\xf1\
\xe2\x85\xa5\xc5\xcb{\xf6\xec\x8d\xa2\x048\x82R\x1d[\
9\x90!\x22\xbb\xeb\xae;\x0d\xb2$I\x80s\x1d\xc7\
\xe7N\x9d\x9a\x9f_r\x1dW%\x9a\x0cmll\xec\
\xdb\xb7OJi\xbd\xf7FC\xbdQ\x83yS\x0b\x9a\
\xf5F\xb3\xd7\xd90\x06\xc1\xb0\xa5\xe5%{q[\x7f\
\xfa\xdb\xf2\x95,\xdb\x80p[^\x8ct\xbb\xdd~\xbf\
o\x89=\xe3x$c0\x8f\x14\xb5\x08\xcd&q\x0c\
\x15bD\x96\xa5\x8f[J7\xcf\xf3j\xb5Z\xa3\xdd\
l\xb5\xdaS\xd3\xd3s;w\x1c>t\xb8\xddn\xd3\
\xb0\xc8\x15\x00\x801&\x8a\xa3~\xbf\xdf\x1b\xf4\xfb\xfd\
\xbee2\x8d\xc20\xb6\xa1nq\xa2\x93D\xe5\xb9\x82\
\xa3U%\x0c\xa5e\x06s\xed\x16&#\xbd-\x02\xc2\
\xf4[\x9d\x16T\x8c\xc2\xa8\xd1h2!\xb8`\x9cs\
\x04\xd4I\xba\x8c\x0dkT\x8d\xf89\x87\xae\xb5\xbc\x90\
:\x01P\xa6p\xd8\x12\xd5J\xab8\x19c\x07\x85-\
\xeb\x01\x13\xc2 \x8b\xbe\xb5B\xf4#\x18\x9d\xa7\xc41\
4\xc6\xf4z\xbdn\xb7\x9b$I\x9e\xb3\x94\xf5\xfe\xc5\
/2\xd7u9%\xe88\xd6\xb4l\xb1t\xc9gh\
\xafbx\xb1\xd9\x02N\x94\xdea\xcc\xc6\xd7\xe6\xf7\x11\
K\x1c\xe50\x84\x888y\x032\xee\xf0\xe2\xfe\xcd\xd5\
\xc7\xd1\xb1\x95:\x0a1-\x81\xcd\x1da\xe1\x90-\xad\
\xe7\xf8\x81W\x0bj\x8dF\xa3=\xddlO\xb5\xa7\xda\
3\x8dV;h4\x80h}}}aaq}m\
Mi\x8dZ\xf5z\xbd\xb5\xb5\xb5~\xbfo\x03\x92\x93\
$\xe5\x0d\xcd\xb3\x04\xed\xeb\x92\x87\x81\x95@`\x11\x07\
B\x16=\x98\x8d\x1c\xb4\x1c\xfd8\xae\x8cD\x09\xfe\x95\
\xbc\x82c\xd3\x05\xab8\xd0\x82\xc3j\xa4h^^b\
H\x1e\xe3:\x8e\xebz\xae\x1b\xf8\x81\xeb\xb9\x5c|\xe9\
-m\xf6\xde2\xc4\xff\xf4S\xff\xe9\x8f>\xf4\xa1#\
7\xdf\x22\x1d9\x88\xa2\xd4A\x87\xc89\x03@\xe4\x82\
!\x22\x00cL\xfa\x9e\x90R%\xc9\xf9\xb3g\x8f\x1e\
}\xe1\xe4\x89c\x9dN\xcf\x0eZ\xce\x85\xe7\xf9\x8c1\
mt\xa9$:\x15\x5c\xd6\xc6\x98~\xbf\x7f\xe2\xc4\x89\
\x13'N\xb8\xae{\xf0\xe0\xc1;\xee\xb8\xe3\xa6\x9bn\
\xaa\xd5kq\x9c(\xcd\x8c1\xd6\xb8b\x0cqk\xe1\
B\x02\x04i#1=\x14;\xc4\x1f\xff\xf9\x87W7\
\xd6\xbe\xe3\xbb\xbf\xab5=\x93(%\xb8\xe0\xc0\xecY\
\x8e\x9d<\xf1W\x9f\xf8\xe4+^v\xff\x03\x0f~\xf2\
\xdd\xef\xfe;\xef~\xf7\xdf\xf9\x85_\xfd\xd9\xdf\xf9\x9d\
\xdf|\xea\xa9\xa7?\xf2g\x7f9\xb3s\xc7\xc1\xfd{\
^\xfb\xb2\x97\x91\x81f\xab\xed8\x92\xc0\x10\x02\xe3\x12\
\x00\xa3$9y\xea\xd4#\x8f=z\xec\xb9\xe7\xaf^\
\xb9\xda\x0fC\xa5\x95\x8a\x86\xf6\x8b|\xb6\xb4~\x1e!\
\x84t\xa4\xef\xf9\xb5ZP\xab\x05\x9e\xebJ!Y\x8a\
UF<{Y<v\x16\x98\xbfix\x02\x14L3\
\xd5\xfd\xd5\x17y\x93=\xd7\xfcvsoa\xc9Lv\
\xcdS\xbc\xe4\x92\x9f\x8e1H\x94b\x9ca%\xf0\xa1\
t<e9\x0e\xc5\x19\xa0t\xc9\x9b\x9c\x11\x11\xa5\x94\
)Cx\xa5\xb4\x12^\xcb\xd6\xb6I\xe3\x96\xd8\xac\xd4\
Z>wq\xce\x05\x17Z\xa4\x9a\x84\xad\x13;\xba\x98\
bnL`\x0c}\xdfo5\x1a/<szii\
ef\xf7^\xcfq\xa28\x1e\x84a\x9c\x98\xfb\xef\xb8\
+^[=\xfa\xc2I.x\x12\xc79TV*Y\
\x98_\xd8\xbbg\x1f\x02q\xce\xb4\xa2p0\xb0\x15i\
\xa5\xe3\xcc\xcc\xce\x0c\xc2\xd0\x10DI\xd2\xefm\x9c<\
q2\x8e\x13.\x04\xe7L%\x89\xdbl\xee\xdf\xbf\xbf\
Q\x0f\xe28\x96Rj\xa3\x03\xd7\xf3=7\x8aU\xab\
\xd5\x9c\xbf\xccz\xbd\x9e\x94b\xa3\xdb\xfd\x9b\x1c\x1e\xdb\
\xf2\xa5._z\xab\xe6\xb6\xfc\xad\xcb`0H\xf3\x06\
\xc3\xd0\xd2\x8a\x96\xd2\x05s\xaaz\x9d\x95\xf8\xb5?4\
dX>\xdb\x0aa\x0b\x82\xd5j\xb5Z\xa3\xde\x9e\x9e\
\x9a\x9e\x9e\xda\xbbw\xef\x0d\x07\x0e\xd6\x82`\x88d\x00\
\x0c\x99(\x8a\xba\xbd\x9e\xe5\x8c\x89\x06i\x8eb\x1c\xc7\
q\x14\xd9B\xd9v\xb5P\x19\x8dh\x0a\x08u\xea\x9a\
\xac\xa6\x0e\xc2hv\xd6$(xm\xe8\x98Uc\x93\
\x8e\x94\xe8\x182\xb62A\x9a\x92\x82\x80\x086\xdf\x1d\
\x0a\x01\x99h\x03\xbc\x00 \x0dV\xb4\xa4\x95T\xeaa\
)\xe7\xf0\x9a\x0a\x07U\x12\xf0\xc6JI\xfb\xc1\xd4W\
9\x82\x1b\x0dP\xa2\x92~\xaf\x1fE\x11f\x0c\x16\xe9\
\xef\x11 \xadL=\xf9\x14\x13l\x9249\x09p\xf3\
\xce\x8f\xbd\x9c\x91\x9f@\x1a\x99\x09Y\xe0% \x90\xa1\
R\xe4j5\xd31}\xd66E*W/2\xe2\xc4\
j~\xe0\x088\xc4\x8c*\xb4@C\x9e\xd9\x8d\xc7g\
\x06\xc2\x04\xed3w\xc1\x15/\xb0Xh\xc1\x95\x96\x0d\
\xdf\xf5<\xcf\x0f\xfcf\xb3\xdej\xb5g\xa6\xa7\xa7f\
f\xea\xcd\x96\xf4\x02\xad\xf5\xf2\xc2\xd2\xd2\xf2\xf2\xfa\xfa\
\xba\x8a\xe38\x8e\x07\x83A\xaf\xb3\xd1\xef\xf7m(\xb5\
-(o\xdfJ\x95\xf3\xeef\x198\xa5,\xc1r}\
\xf9\xa2q\xa1\x94q\x0a)8)\x85\x86\x8eu\x09\x96\
|\x83%\xaf\xa0\x94\xd2\xf2\xc7\x940\xe1X4(\xa5\
t]WH)\x5c\xe9:\x8e+\x1d\xdf\xf3\x83 \x10\
\x8e\xdc\x5c\xc5\xfc\xe2\x14\xebH\xe9v\xbb\xff\xee\xc7\xfe\
\xed#\x9f\xfd\xec\x9d\xb7\xdf\xae\x89\x94\xd1\x5c\x08\xeb\xcd\
\xc85i.82\xe6x\x9e\x10\x22\xec\xf7?\xf7\xd8\
cG\x9f\x7f~\xfe\xea\xbc\xd6\x9ac\x9a\xb8e\xf3\xa5\
\xa3(\xca\x1f\x5cI?.\x8e=kt\x00\x808\x8e\
\x8f\x1d;v\xec\xd8\xb1\x9d;w\xdcs\xef\xddw\xdd\
yo\xa3\xd9V*QIB\x04\x80\x04\x86\x0c\x99\xf4\
'\x8c\x0b\xc69\xe3\x9c3g\xe7\x8eO?\xfa\xd9\xb5\
\xce\xc6?\xfc\xbe\xef\xdb\xb3\x7f\x7f\x94(B\xc1\x18[\
__?\x7f\xf6\x5c\xb7\xdb{\xe2\xd9\xe7^\xfb\xeaW\
|\xf4\xa3\x7f\xf1\xcd\xdf\xf4\xcd\xaf\xba\xff5\xef\xfb\x9e\
\xef\xbc\xe7\x9e\xbb\xe6\xe7\xaf\xec\xdc;\xf7\x89O>\xb0\
6\xbf\xf8\xbe\xef\xfcn\xa5BD\xc6\x98\x04\x80\x8d\xde\
\xc6c\x8f?\xfe\xd8c\x9f\xbbp\xee\xfc\xda\xeaj\x12\
'*\xd1q\x12+\xa52\xbe[\xca\xaf\xc8\x8e\x1f\xcf\
\xf3\x82\xc0\xaf\xd5\x82\xc0\xf7]\xd7\xe5\xc8\x88,+L\
\x96\x07<\x1a\xac\x90\x8dj\xa8\xde\x90\xcd\x11\xce\xa4\xaf\
\xaew\xe7X\xd9\x04\x9a\xbe\x88\xc3\xb6./\xe2\x95Q\
J9Rn\x924^\xdd\x93\x13\xa1\x15\x97\xc2\x92\xa9\
4\xffmi\xb1\x9eh\x0a\xcc\x8a7\x16\x8dnc\xff\
\x16{e?\xe6\xd4e\xf9\xce|\xb1\xb3\x83J\x1b\xa3\
\x8d)\x92\xd6\x8c\xac\x83\x08\x00H\x06\xb8\xe4\x9e\xe7\x01\
\xd1\xd9\x93\xa7\x13\xad\x83ZMp\xectz\x89\xd6\x00\
\xf0\xc6\xd7\xbd\xe6\xd8\x0b\xcfm\xf4c\xc4tb4\xc6\
\x18\xa3\x0d\xd1\xe5K\x0b\xf7\xde\x03\x82s\x8e,J\xe2\
\xfe\xa0\xcf\x18\x0b\xc3\xf0\xe0\xa1\xc3s\xbbw\xaf\xad,\
'*\xe1\x1c/]\xb8t\xf9\xd2E{\x15\x9e\xe7v\
{\x1b/\x7f\xe5\xfd\xed\xe9\xa6\x8e\x15\x008\x8eCD\
\x1c\xb1\xe1\x05\xbdAR\xab\xd5\x00\xcc\xa0?\xf0<\x87\
\xa3\xd5\xf0\xb7\x83F\xb7eK\xb2\x0d\x08\xb7\xe5\xfa$\
\x8e\xe3\xf5\xf5\xf5\x9cJ\xb4Xo\xb0X\xb5\xcc\x12\xd5\
kc\xecTd\x0c\x01\x11g\xcc\xe6mK)=\xd7\
\xf1\x82\xa0^k\x04\xcdz\xab\xdd\xda13\xbbo\xdf\
\xde}\xfb\xf6y\xae\x97\x9b\xe2\x8c1q\x12\xf7\xfa\xfd\
~\xbf\x9f\xfb\x03\xe3\x9c\xbc4\x8e\x938Q\x05\xba\x9a\
b\xc6\xa0\x19&C\x8d\xe4\x0d\xe6\x94\x89PI\x05\xdc\
\xe4\xdb\xd21\xc3=\xa6\xb00[\x0e\x03S,I\x8c\
DP\x5c\x93F\x0a\x06\xe6?-\xdc\xde\xcd\xf5\x8f\xaa\
\xfd\x98&\xa7\xb5Lj\x8a\xb1\x9cE0\xefy\xb6\x99\
]Y\xa2T\x14E\xc6\x18\xce\x18\x15H\xd5\x86\x8de\
U\x00s#k\xd6J^\xbbo|\xbeb\xa9?%\
\xc4um\xb3nA?(\xab\x11\xe9\x9f\x94$\xa2\x00\
\x0c7m\x0b\xa0X9\x9e\x0d+\x06bQYIo\
r\x0a\x7f`X\xe7\x0d\xa1\xd8\x97\xec\x90\x22\x15\xe1\x18\
g\x82\x95\xb1\xc3,\xbf\x1b\x82s!\x84\xe3\xb8\x8e\xe3\
\xb8\x9e\xe7{n\x10xA\xe0\xd5j\x8dV\xab5=\
=\xdb\x9e\x9aj\xb5ZB:Q\xa2\xae^\x9d_Y\
Z\xecm\xacGq\x14\x85Q\x18\xc5\xb6\xfaK\x1c\x86\
\x16\x05*\xad\xacfc\xdf\x91\xfcM\x01\x00C\x04\xc6\
\xfe1\xd6\x8eQb\x0d\xa5\xc2\x95d\xb5\x04\x87\x90\x90\
\x8d\xc6\x85N\x0a\x13-E\x87\xe6V\xa1\x92o\xb0\x9a\
18Ri0\xaf'\x91\x96\x9e\x97\x8e\xebJGz\
\xae\xeb{\xbe\xe7y\xf8E\xcf#:Vl9\xd3\xe5\
\xa5\xa5\x1f\xfd\xd1\x1f=\x7f\xf6\xec\xed\xb7\xdd\xa6\xb4\x86\
\x94\xf4\x12\x90!/T\x99\xf4\x02\xdfu\xdd\xa5\x95\x95\
'\x1e\x7f\xe2\xe8\xb3\xcf\xad\xae\xaeZ\xe7\x18\x22jc\
 \xd3\x5c\x8b/T\xfeZ\x15\x07a\xea\xf3'\x22\x22\
\xeb\xc0\x81,Hoaa\xe9c\x1f\xfd\xab'\x9fx\
\xfa\xd5\xafz\xf5\x9dw\xdc\xe9\xb9N\x92\xc4\xc6\x18\xc3\
\x00\x0d3\xc6p\xce\x8c\xd6\xb6\xfc\x9f\x9d\x04f\xa6g\
O\x9c8\xf9\x9f\xff\xf3\xcf|\xcfw\x7f\xef\xcdGn\
\x89\x93\x18\x91\x9d;w\x8e!\xb6\x1b\x0d\xcfu\x8e\x1f\
;y\xc3\xee\xb9O~\xf2/\xff\xc3\xbf\xff\xe9\x9f\xf8\
\x8f\xff\xe9\x03\xbf\xfa\x1bo~\xdb[\x1e\x7f\xf4\x91\xfb\
\xef\xbd\xffk\xbf\xf6k\x01\x0c\xe7\x1e ]\xbaz\xf1\
s\x8f?\xf9\xe8c\x8f\x9d;w!\xec\xf5Ik\xad\
t\xa2\x13\xa54iMD\x9a\xc8\xber\x5cp!\x84\
\x14\xc2\xba\x04\x83 \xf0\x5c7\x0fM\xcc\x87o>\xb7\
\x8dM\x12\x1c;\xc1n2\x09or\x18l\x19\xc5]\
\xaf\xd0\x84@\x8f\x97\x5c6o\xbf8\xdf\xda\xd9\x83s\
\x91Ns4\xc2c\xb9\xc94\x9e\x9f\x22\xb7\x93~>\
}+\xad}c\xed\x1d%\xdbG\xf1`\xbb\x14\x16\xac\
\x8a\x04h\xcbh\xa0\xad\xec*\x84\xc8c\x8b\x8a\xd6\xba\
tAO\xeb\xcb2\xe98~\xcd\x0f\xfb\xd1\xf1\x13\xc7\
\x85\xe3L\xb7\xa7t\xa2\x06\xfdA\x92$ \xfd\xbb\xee\
\xbd\xed\xd7\xfe\xeb\x7fQ\xc8P\xa9\xb4\x9a\xa5IM\x95\
\x97\xaf^\x05@W\xba\x06hqiy\xa3\xd3\xe3\x9c\
\xc7\xb1z\xe5\xeb^/$v\xba\x1b\xe0z*\x1a\xbc\
p\xf4h\xaf\x1f1\xc6]\xc7\xedt:{\xf7\xee\xbe\
\xe3\xb6\xdbI\x931\xc6r1X^\xa8z\xbd&{\
=7\xf0\x01\xd8\xea\xda\xaa2:\xd6\xc5|\x88m\xd9\
\x96k\xc86 \xdc\x96\xad\x8a\x9dX-\x89\x8bE\x83\
\xc5\x02\xf4E\xdf\xe0\x90\xa5\x10H\x93!C\x0c\x10\x90\
3\x9e\xd6\x96p]\xb7V\xf3\xeb\x8df\xad\xd1l\xb4\
\x9a3\xd3S\xfb\xf7\xec\xdd\xbd{\x8f\xe38\x00\xd6\x0c\
MI\x92\x84a\xd8\x1f\x0c\xfa\xe1 \x8e\xa2(\x0c\xe3\
0\x8e\xe2\x94\xa5f\xa4\xb0\x84VFg\xe9\x82i*\
\x941\xc6\xe8\xc2T>\xd6\xbd\x07\x99R\x9e\xcf\xf5[\
\xc9*\x1c\xfe$\xd58F\xac\x984\xba\x16\xe5M\xe5\
\x07\x8c\xad\xd2\x0e\xa3P\x07&\xc0\xb9\xb1\xd0\xa2\x94\xd6\
\x02\x15\x82\x99\x92R\x98\xaf\xc4T\xe9\x1ed4}\x96\
`-\x05V`\x03D\xb1\xb8\xae\xdau&\x0b\xc2\xa4\
BY\x871\x99\x1b\xa5\x0b)et\xe4\x07CE\x87\
(\xfd\x1c7\xd79\x10L\xb1\xc4=\xa6\xd5\x02is\
\xfbw\x86i3L\x97e\x09\xb2\xf2O\xd2\x9c\x93\x0c\
\xef\x15\xaaLd\xd1C%\xaf)\x0e\x81k\xf1zK\
\x03\xa9\x8a\xbb,\x0ar\x84\xb4\x05\xb2}\xdf\xf3k~\
\xad\x1e\xd4\x83\xa0\xd5nOM\xcd4\x1a-7\xa8#\
\xc3\xee \xdcXX\x5c[[\xdb\xe8l\xc4\xfdA\x14\
\x0e\x86\x19\xbcQ\x94\xb9\xcdU^|\xc5\xe2\xc0\x9c\xe9\
7\xd7rl\x05y\xb2\x06\x81\xd4\xbb\x9d\xe61\x16\xa3\
d\x110\xb7\xeaW]\x82\xd5\xe8\xd0|\xa3\xe4\x12\xb4\
\xc9\xc3E\x10X\xca\x1b\xcc\x19D\x8b\x1fG\x00a\x1a\
0\xea\xb8\xae\xeb\xb9\x9e\xe7{\x5c\x88/Q\xc5\xc7\xa2\
\xc1\xcb\x97/\xff\xe8\xbf\xf8W\xcb\xcbK{\xf7\xec\x8d\
\x13\x85<w\xa10!8c\xc4\x19s\x1d\xc7o\xd4\
\xfb\xfd\xfe\x03\x0f|\xea\xf1\xc7\x1e_[[O\x1d\x1a\
i\xe5\x9b\xc2@\xcd\x06U\xc9\xa8Q\x1a\x84\xc5c\x8a\
\xc8\xd0\x92\x97./-\xff\xd9G>\xf2\xc2\xd1\xa3\xaf\
\x7f\xfd\xebo8p\xc0\x10%F\x13Cf\x83\xe8\xd0\
:X\x88\x83\x00\x02\xadu\xbb5u\xf1\xea\xfc/\xfc\
\xf2/}\xd7w\xbc\xef\xc8\xcd\xb7,\xad\xaf\x9e9s\
fye9\x0c\xfbQ4PA\xef\xd9\xc7\x1f\xf9\xf0\
G>\xfc\xeaW\xbd\xfa7\x7f\xe3\xd7>\xf0\xc1\x0f\xfe\
\xd5_\xfd\xe5{\xde\xf9\xce\x9f\xff\xb9\x9f\x13\xd2\x89\xe2\
\xf0\xc4\xa9\x13\x8f<\xfa\xe8\xb3\xcf<\xbf\xb4\xb8b\xe7\
\xf68ItV\xfb\x84LZ\x04\x94!\xd8\x81\xe2\xb8\
\x8e\xe7z\xae\xe3LOM\xdbA5\x82XR\xa0\x02\
\x88@\xf9\x1c59\xac\xa14\x19\xc28\x04R\xfcj\
\x8b\xd8\x8c6umM:`\x8bP\x93&\x07\x5c\x5c\
\xef\xc1\xc5\xc1\xb0y\x0b\xd9\x8d2\x82\x0b\xce\xd2\x92\x83\
\xc5\x00\x8d\xe2\x18\xdb|>\xdf\xca5Be\xda\x9f\xf4\
\xb1jR,m\x97\x96\x1b\xdb\xc3\x11L\x98\x16\xfe1\
Y \x03\xe3\xc0\x05\x89b\xc9\xe2\x91\x96SB8\xc6\
\xa5Sk\xd47\xd6\xd7/\xcf\xcf\xd7\xeb\xb5\xba\xef\xaf\
o\xac\xa98\x89\xfa\xe1\xc1}\x87\xeb\xbe|\xfe\x85\xe3\
\x9cq\xa5#\xca\xd8n\xb8\xe0@zcc}0\x18\
\x04\xed\x96\x22\xf3\xfcsG\x07q\xc2\x90\xcf\xec\x98\xbb\
\xff\x15\xf7/.\xcc+\x05A\xd3;\xfe\xecS\x17\xce\
\x9d\x07\xce\xb9\xe0\x80\x10\xc7\xf1\x1b\xdf\xf0\xfaF\xbd\xd1\
\xeb\xf6\x19c\xe9kO\xa0\x8c\x91\x9e+\x04w\x03\x9f\
I1\xe8\xf5\xa2$!\xc6\xb78<\xb6e[`\x1b\
\x10n\xcbu\x08Q\xaf\xdf\xeft:Q\x14\x0d\x06C\
NQ\xeb\x1e\xb4\x9c\xa2\x16\xa7\x15\xa9\x08S\xa2\x14\x96\
\xa6By\x9e\xe7\xba\xae\xef\x07\xcdV\xb3\xd1j6[\
\x8d\xe9v{\xd7\xae];fg\xb9`y\xec\xa7m\
-\xaf`\x11\xc5Q\x12'I\x94&?\xd9\xd8!\xa5\
\x94NF\xdc\x1d\xe5\xd4A\xa0\xa2m\xaf\x8a\xee\xf2\x84\
\xa8\x12\xc3>\x14\x16\xc8I\xbeD\xab>CE\x8d\xb0\
*\xf5\xd80\x95\xcd\x0d\xbd\xa5\xc3J\xaaI\xb5\xa9\xb1\
\xbf\xcd\x0f\xceQb\xd5\x98]\x5c\x08K*\x8eQz\
\x980\x86\x85\xe8\xc0\x09k\xf5\x10\x14Q9\xa7p\x93\
k\x1c{\x15\x93\xb0_\xc9\xd1Q\xd50Fb~\x8a\
\x9d\x18u\x0eV\xd5\x9d\x12\x04-\x85\x83B\x06\x15G\
\x0e\xcb>\x16\x1b/\xb8|\x09G\xf5\x8f\xa2\xb3b\xec\
\x08\x1c1\x160\xb46i\xc7q]\xd7\xf1m9\xf5\
 \xa8\xd5\xfcF\xab1\xd5\x9e\x9ajM\xd5\xea\x0d\xc7\
\xf3\x0c\xb0^\xbf\xd7\xe9t:\x9dN\xaf\xd3\x09\xc3h\
0\x18\x84\xfd^\x14\x0d\xa2(N\x94\xd2YD\xa8\xc5\
\x81y\xae`1\x15p\xf8\x16\x90A\x03\x96p\x9f`\
\xc8g3\xbc.\xeb\x03B\xc6\x00\x18\x8eT\x8f\x18\xeb\
\x0f\xc4\x0a\x89h\xb5\x9eD\x11\x07\x16\xb1_\x1e\x22\x9b\
\xd7\x9b/|\x94\xd2Is(-\x1e\xf4}\xdf\xf2\x85\
|\xe9V\xd9\xb2h\xf0\xf4\xe9\xd3\xff\xfa_\xfc\xcb\xb0\
\xdb\xdf\xb1sg\xa2\x15\x17\xd2*\x7f\x82s\x0b\x089\
G?\xa8\x09!\x9ey\xfa\xd9\x07\x1fx\xf0\xea\xd5\xab\
\xf6N\x16\xdd,C'uA&\x99\x9f\x8a\xb1\xbb\xb6\
\x86M\x11\x16\xda_qd\x88x\xea\xf4\xe9\xcbW.\
\xbf\xea\x95/\x7f\xcd+_\x15\xd4ja\xac5\x11g\
L\x1bb\x0c\x18\x80I\xfd$h\x8c\x99\x9e\x9a\xeat\
;\xbf\xfe\xc1\xdf\xfc_\xde\xf9\xae]\xfb\xf7\x0e\x06\x83\
\x95\xe5\x15\xc6\x991\x94\xc4Q\xd0\xa8\xad,\xaf\xfd\xc5\
\xff\xfc\xe8\xcc\xf4\xd4\xbb\xde\xfe\xb6\xbb\xee\xbc\xf3\xdd\xef\
x\xc7\xe5s\xe7\x9ex\xe6\xe9O?\xf2\xd9\xf9\xab\xf3\
Z\x93\xd1`k\x9f$j$Q\x90\x802K\x02\x93\
R\x06A\xe0\x07\x81\xeb8@\xe0\xfb\xfe\xd0\xc85\xb4\
\xd2d\xaf^v\xc9\x9b\xcf\x99#_Un\xe3\x8b@\
2\xd7\x04\x96\x9b\x1c\xb0\xf5s}>\xbf-\x0e\x86\xb1\
\x07OB\xaa\x88\xa8\x94.\x96m\xdc\xfcJ\xb7\xde\x93\
\xad_r\xc9\xd7W\xc5\x9f\xa5\x03&-\x1cv)\x1c\
Y_l\xd8\x03!2\xc6\x89\x19\xce\xf3:\xf5P\x8a\
2E\x04\x22\xc6Q:\xae\x1f\x04\x17O\x9d\xeev\x07\
\xfb\x0e\xec\xe4\x12{\xfd\x9e6&I\xd4\xfdw\xdd~\
\xf9\xd2\xa5+W\x17m\xf5\x08\xcc\xcee\xb4\x01\xc4n\
\xb7;\x08C\xc2\xd6\xc6\xda\xc6\xb1c/\x00\x80!\xfd\
\xcaW\xbd\x0a\x8cZ^Z\xf5\x82f\xdc\xef>\xf5\xc4\
\xd3a\x14sGr)\x07\x83\xc1\xfd\xf7\xde{\xe8\xd0\
\xa10\x0c\xb9\xe0\xf9\x15#C \x90\x8et\xa4\xe3J\
\xc7\xf1\xbd~\xb7g\x94\xc6/\xd9\x89q[\xfeVd\
\x1b\x10n\xcbV%N\x92\x8d\x8d\x8d\x11\x1e\xd1\x0c\x0d\
ZQ\xa3u\xff\xd2Y\x18\x813f\x8bh{\x9e\xe7\
y^\x10\x04\xcdf\xb3\xd1j\xb7\xda\xcdV\xbb\xb9k\
\xe7\xce\xa9V\x1b\x11\xe3(R\xda\xc4%\x89\xa2(\x8e\
\x938\xcej\xa4%Z\xebX\xa5\x15\xe7\xcd\xb8HQ\
\xca\xc9\xf1s\xe06\xceC\x08\xa3Y\x0a%\xe0\x07\xa3\
\x99\x0c\xd5\xaf(\x0f\x95)/\xedc\x0e.\x01\x83\xa2\
\x94\xc0\xde\xe6ZK\xf5\xdb\x92\x03\x10&+:\xc5\xc3\
r\x9d\xaf\x88\x87\xb5\xd6\xd99F\x1b,\xfc\xadHf\
)\xfd\x02\xcb\x8b\x8b\x98*\x1e_\xb2+\xa7\xc4\x06\x94\
b\xdea\x0a\xe0\x08\x16\x04\x96\xb9\xc42x\x0cEm\
\xc0\x1eZ\xacaX~\x10\xc3\xd1\x92\xfek*\xe0\x10\
R\x0a\x10n\x93\xe2\x1c\xd7\xf5\x5c\xc7\xf7}\xcfu|\
\xdfk\xb6ZSS\xd3\xedv\xbbVoJ.\x88h\
m\xbd\xd3\xe9\xf5\xfa\xddn\xaf\xdb\x1b\xa4\xc5?\xc3(\
\x0a\xe38\xd6*VJ\xe7>\xde\x1c\x10V\xfd\xe4\xc5\
\x0e\x90%\x17\xb5\xc6\x91\x8c~\x04\x87\x97h\xff\xcf\xd2\
\x02\x07\x15\x97 2\xc6\x18\xb2\xf4\x9f\xec\x0f\xe3,+\
0X\x04\x84\xc5 \xd1*\x7fL5FT\xe6\xdeB\
[j\xc2\x02B\xe9\xb8\xae\xe3{\xbe-)\x01\xd77\
(\xbe\x88Di-8?q\xfc\xc4\xff\xf5\xaf\xfeU\
\x1cE3\xb33\x9a\x0c\x97RH\xc18\xb75g\x18\
g\xae\xe3\xd4j\xb5K\x97/\x7f\xfcS\x9f<\xfe\xfc\
1D\xb4\xd5\xd2\xec0\xae\xce\x00\x0c1w\xa0z\x9e\
\xe78\xd2u]\x9b%h\x8cI\x92\xb8\xdb\xed\xd9\x9a\
\xb1I\x92BA\xc69\xcb\xa6\x82\xbcAm\x0cC\xe4\
\x9cEQ\xf4\x89O|j\xfe\xf2\xd57\xbc\xe9M\xbb\
\xf6\xed\xc7\x04\xb46\x0c\x8cEavH\x08!\xb4\xd1\
\x86\xa8V\xafGq\xf4G\x7f\xf6\xe1\x9bo\xb9Ep\
\x8e\x80*QD\x04\x9c'\xcax\xbe\xe7\xb8\xb2\xd3\xeb\
_\xb9\xf8, }\xe0\x83\x1f\xe0@\x83\xc1`\x90h\
.\xa4Rq\x1c\xc7i\x96\xa0\xf5Z\x1b\x03@\x98%\
\x1aHGz\xae\x13\xf8A\x10\xf8\xd2q\x00 \x89\xe2\
\xe1k^\xb1I\xd1\x849\xa3\x8a\x1fF\xf6\x8fNw\
\xd7\x84v[\xd9y\xcd\xaf\xc6\x1e9vV\xf9\x1b\xd0\
\xf2'\x19\xe0\xac \x82R\x8a\xff\xadz\x9f\x8a\xf7g\
\x93E\xb3t\x03K\xdeB\x1c\xcd\xad\xc5,\x95\x1a\xb3\
LBF\xccV\xc6\x22#Jc\x86\x08\x18\x00 H\
!<\xd7\xf5\x1d\xf7\xd4\xa9\x93\x00\xd8l4\x95J\xc2\
0\xd2Z\x01\xc0=\xf7\xdf\xf3\xd8SOFQ\x82,\
\xe5c.\xa2\xd3p0\x88U\x0c@'\x8e\x1f\x9f\xbf\
:\x0f\x08\xbbv\xedy\xc5\xab^\xb1\xb2\xb8\x8a(j\
u\xe7s\x8f>}\xf1\xc2%!\x1d\x86Hd\xe6\xe6\
v\xbe\xf9\xcdo\xd2\xda\x14.\x0a\x11\xd1\x901F#\
H\xd7q\x1c\xc7i\xb5\xdb\xfd\xd5\xf5A\x18\x8a/A\
n\xadm\xf9[\x94\xed\xe1\xb2-\xd7\x16\x22RZm\
t;\x83\xc1\xc0r\xc9D\x85D\xbe\xdc1\xa8r\x9b\
n6\xc9\xa6u\xe7\xb9\xb0\x8a\x9d\xe7y\xf5F=\xa8\
\xd7\x1a\xcdf\xab\xd5\x9cj\xb7g\xa7f\xea~])\
\x13Y\xca\x0b\xa5l\xdci\x1e\x80\xaa\xe24\x0c5N\
\xcb\xcd[\x86\xb9!\x0e\xccU\xde\x5c4\x8d\xb0\x89n\
\x12/\xba\x95\x8f\xf6\x0e\x94`!\xe4KfV9\xbe\
\x84\xfa\xaaA\x9b\xa5Eh\x12J\x1c\x8b\xf1\xec\xb6\xa5\
J\x1f\x86f\x16\xda\xa4\xcc+\xb8\x89#\xb1\x14YZ\
\xfc\xed\x10\x18\xd8\xce\x18BLm\xedi\x0b\x134\x90\
\x92\xda\xf4\x12j*\x9b(a\x93\x0e.ze'\x1d\
V\x8c\xa0\xcb\x1c_\x05\xa2\x94B\xf2 de5\x10\
\xd1\x10Y\xf27\xdb\x8e\x05N\x04\x848jZ\x1eU\
\xa4R@HY\x96&Z\xab\xf0H|2\x000\xce\
\x5cauw\xd7\xf3=7\xf0}\xd7\xa9\xf9n\xbdQ\
o\xb6\xda\xcdV\xbb\x164\x98\xe0\xb1\x8a7z\xbd~\
\xb7\xdf\xebu\xfb\xfd~\x18\xa6\x89\xb5\xf1 \xcc_\xbd\
\x22\x08\xcc\xf9\x1b6\xb7\x86\x0cG \x82\x01\x83d]\
+\x88\xb6*\x17\x22\x03\x963\x88V\x8b\xcb#\x22\xf2\
r\x19\x09\x0b\x0f\xec\xb6\x18\xe1\x10\xe5Lp\xce\xb8\xe4\
B\xc8\x11\x7f\xe0\x98\xbfRp.\x5c)]\xe9\x08)\
\xb9#\xa5\x9bF\x8b\xfa\xae\xe7\xfb>\x97\xd9\xe2\xf5\xa5\
i\x04WF\x0b\xce/\x5c\xb8\xf0c\xff\xe6\xdf\xc4\xfd\
A{f\xda HG\x0a\xe92\x86\x8c\x01G\xce\x18\
\xf3\x03\x17\x19>\xfc\xf0g\x1f|\xf0\xc1n\xa7+\x84\
\xb0O6\xd7Y\xd3Q\xc4\x98\xe7y\xae\x17\xd4\xeb\xf5\
z\xbd^\x0b\x02\xdf\x0f\xa4\xe7J!8\x22\xe7B\x08\
ft\x1c\x04>c\x8c\x00\x19b\x1cF\x1b\x1b\x9d\xa5\
\xe5\xe5\xcbW\xaf\xac\xac\xaeFaLdrf\x7f\x8b\
\xa6\x0c\x10\xa5e\x03\xc4\xb1S\xa7\xe7\x97\x96\xde\xf2\xd6\
7\xdfy\xe7=F\xc5\xd6\x81b\xb4! `\xd6\x8a\
\xc2\xd0\x18 r\x84$\xa2\xd3\xa7NMMMYf\
|\x02\x82\x18l\x89\x08\xad5\x02\xfa\x8dZ\x1c\xc7\x94\
$*Q\xc0%*\x1d\x86\xfdl\xf90\x00D`\x00\
\x88\xb1\x94>\xd4q<\xc7\xf3j\x81_\xf3<\xd7u\
\xed0\xb3\xf7\xc1\x00\x99Q\xbeH;\xc4s\xc3V\x15\
V\xe5\xd3E\xf1'\xc3\xd1\x94\x85;\x98M\x8d\x0d\xd7\
\x8b\x06\xab'}\x11\xad}!\xd0\xe0\xd8\xfb\x90\x7f,\
\xa1&\x02 2F\x1bWz\xc35%\x83&\x7f3\
x\xb5\xd4\xbdI\x1fa\x14\xfbU\xefaq\xde\x1e\x89\
\x04!\x00\x04\xc6\x18'\x06\x02\x81\x98\x11\x8c\x1b\x04\xe0\
J\xe5\xcb\x0d \x100\x10\x8e\x08\x02_\x85\xf1\x0b\xc7\
\x8fKG\xfa\xbe\xdf\xefEI\x9c\xe8$\x96\xc2=|\
\xc3\x81\x0f>\xf0\x09)\x9cH\xc5\xc0\x8a\xcb=\x11\x01\
i%\x98\xe9w:O?\xf9dl\x12\x04\xf6\xd6\xb7\
\xbe-\xf0\xc4\xea\xc2RP\x0fV\x96\x16?\xf7\xe8\xe3\
\x88L\xdaxx\xa3\xdf\xf1\xf6\xaf\x9a\x9d\x99\x89\x12K\
Uj\x80\x08\x19\x1a @H\x94\x12\x89v\xa5p\xa5\
\xe3Ig-\x0a\xc3h\x1b\x10n\xcb\xf5\xc9\xf6p\xd9\
\x96k\x8b\xa5&\xef\xf5{\xb9W\xb0(C\x16\x99\x8c\
\xb4\x10\xb2\x895e\xcc\x97R\x8a\xac:\xb0u\x0f6\
\x1bS\xad\xf6T{\xca\xf1\xdcH\xd9\xd2\x14&/a\
?\xd2\xacR*Q6\x9bDim\xff\x14\x01a\xb9\
\xc8\x04\x91\xa1\x11\x82\xc4\xa2\x06\x0c\xe3\x12\xb7\xb6\x02\x08\
\xa9\x10J\x9a\xef)\x81\x96|u,\xfe\xbc\x88\xeeJ\
0\xaf\x0a\x05\xc7\xeeO\xbf\x22\xb0\xd5\x7f\x8b\x80\xb0\xf8\
7\xbf\xba\xb1\xfe\xc6jo\x8b\xb7\xa2p\xed\x06\xe8E\
\xc6\xdf\xbd\x08= -\xfa~=\x1e\x9e\xb1K\xfe\xa4\
>\x94\xd4\xafb\x8cPqO1\xc9\xaa\x145\x9a\x9f\
\x91\x8a\xdc\x03\xa31\xbd\xd5x\xa4\xe1\x0d'\xca\x8b.\
\xdaj\x9c\xa6\xc8\xd3\x98q\xedz\xae\xeb{\x9e\xe7{\
\x8e\xe3\x04\xbeW\xaf\xd7\xa7\xa7\xa6\xeb\xad\x86\xe3\xfa\x8c\
\x8b(\x8e\xc3\x8dA\xb7\xdf\xeb\xf5\xc3(\x8c\x07\xe1 \
\x1c\x0c\xa2A/\xb4\x841*M\xa0\xcd\x09c\xecK\
\x01\x05\xc8W\x1c\x99d]\xc1\x95\xf13t\x06B\x96\
\xbd\xc6\x19\x02X\x87\x1fd\xa9/\xd5\xd0P\x0b\x089\
\xb3\xb4'\xe5b\x12b\xd4/\xc8\x04\xb7|\xee\xa9'\
p4K0\xf5\x02\xe5\x09\x84\xc3\xf2\x12\xd2q\x5c)\
\x85\xeb\xba\x9e\xe7;\x8eS\xcd\xf0\xfcR\x12\x02CF\
0\xbe\xba\xbc\xf2\xef\xfe\xf5\xbfY[]\xdd\xb1c\x07\
2\xe6\xb8\x8e\x90\x92s\xce\x18 \x02\x17\xd8h4\xd6\
76\xfe\xfc\xcf\xfe\xfc\x85\xa3\xc7\xecU'I\x82\x19\
C\xa3\x1d\xc9\x8e\xe3\xd4j\xb5f\xb3\xd9h4\xfc\xa0\
\xee\xba\x9e\x94\x22\x7f\xb2*I\x14\x801!\x91A0\
\xbd\xfe\xc0\x91\x8et\x84\xe78\x81\xefOMM\x1d\xbe\
\xf1\x90J\x92\xe5\x95\xd5\xf9\x85\xa5\x0b\x17.\x5c\xb9r\
%Nb\xcb[X\x08\xbd'\xce8\x02\xac\xae\xae\xfd\
\xe9\x9f|xcu\xfd\xf5\xaf}]\xa2!RfH\
\x92Qx\xadl\x0c\xaa-Z\xe3\xfb~q\x1c\xda\x05\
bh\xb6PZe\xcbG\xc9n\x91\x0f6kI\x0c\
\x82 \x08j\xbe\xe7I1\xbc\xbat\xe8\xa6\x84\xc20\
v\xea+\xe1\x01\xa2\x89\x91\xfc\xd9\xc3\x99\xf0\xd0&;\
\xcd\xaam\x16\x7fR\xcda+\x1dv]3g\xf1\xba\
J{^\x9cT\xefL\xf5\x5c#\x1f\x11\x0c\x91!\xe2\
\x9c\xdbU\x16\xb2\x82~\xc5\xab\x1b\x0f}7\xbf\xd0\xdc\
\xd1;n\xde.\xdeC\xacd\xa1\x97\xeeF\xe9\xce\x17\
\xdb\x19{\x03\xcbp17\x0c2d\xc09#\xce\x8d\
\x10\x82H!\xd2\xb0\xa8-\x02cL\x0aQ\xaf\xd5\xd6\
\xd6\xd7\xba\xdd\x9e\xe7\xbaB\x88\x8d\x8d\x0d\xa5T8\x18\
\xec\xda\xb5\x83\x10\x8f\x9d8\xc9$7\x91\xb6\xf9\xf6\xd6\
\xbdo\xdfbm\xb4\xefx'O\x9c:q\xea4i\
z\xc5+_q\xe7\x9d\xb7]\xbd\xbc`\xc00\x80\x87\
\x1fzxqq\xc9\xf7\x03\x00\x88\xa2\xf0-oy\xcb\
\x1dw\xdc\x11\x0dB[\x11\x8a\x0a\x9a\x80\xcd\xf9\x17I\
\x82\xc8<\xdf\x93\x8eTZ\xf7{}c\xd2\x0c\xcf/\
\xe5\xe9r[\xfe\xe6d\x1b\x10n\xcbfb\xd7\xe6(\
\x8az\xdd\x9e\xc5\x82QA,r\x1bR\xc8\x14\xa6\xda\
!\x91\xa05Y\xb9\x9e\xad0\xd1h6\xeb\x8dz\xa3\
\xd5l\xd4\xeb\x82\xf3(\x89\xd3\x18\xd3$u\x0fZ@\
\x98\x83L\x95W\x95\xd0)9\x86\xf5\x10\x96\xc2SG\
\xe2Ea\x88\x06a\x08u\xca\xc0\x09F\xb1P\xf5\xc8\
\xe2\xd2R:>\xbf90\xbaj\x8eE\x924\xce+\
X<\xbe\xb8\xfe\xd1\x04_\xdfp;\xdb\x91\x07\xb7\x94\
\x1a\x1c\x8b3\xc7\xf6\x07*P\xa1\x98<\xb3\x89b\xb4\
\x89Jt\x1dC\x0b\x87\x1b/\x02\x13\x96\xd6\xf5I)\
\x22P\xd0\x08K\xab~\x15\xfb\xe1h\xe6g\x11%V\
\x0d\xcccU\x90b\x07\xac&\x0d4b\x890\xc6\x90\
U#\xa4t]\xd7\xe6\xd3\x06\x81\xeb\xa6LKA\xab\
\xd5\xac\xd5\x9b\xae\x1f `\x7f\x10\xf5\xc3\x8dh\xd0\x8f\
\xa3\xc1 \x0c\x07\x830\x1e\xc4a\x14FQ\x94$Q\
\xee!/\xbe\x0bcG2d\x9c~c\x99\xdc\xf3\x9b\
\xc3\x18\x03\x02\x06)s(p\xc6\x10y\xe6!L\x83\
A\xb3#\x8b\x80\x90s\xce\x90Y@X*-\x98{\
\x08-\xf0K\x01\xa1\x10B\x0a\xc9\xa5\xa8\xd4\x18,R\
\xc8\x08)\x85#\x85\x14\x8e\xe3x\xd2\xf5\xadk\x88\xf3\
/u\xedF\x81a\x8cu;\x9d\x7f\xf3\xa3?z\xee\
\xc2\xf9\x9d;w\x22\xa2\x0d\xa2\xe0\xd2:\xf4\x98\x94\xdc\
\xaf\x07\xa7\xce\x9c\xfd\xf3\x0f\xff\xf9\xe2\xfcb\x10\x04\x96\
\xf57\xcfw\xe2\x9c\xd7j\xb5V\xab\xd5n\xb7k\xb5\
\x9a\xe38\x5c\x08DF\x04q\x1c\x1b\x04\xd2\xc6\xbe$\
\x06R\xa8\xc6\xc0\x18\x00Cq\x98D\xbdA\x9f\x01r\
!\x1d\xc7\x09<\x7fjjzjj\xe6\xa6\x1bo\x5c\
ZZ:q\xea\xe4\xe9\xd3\xa7\x93$\xb10\xde\x8ed\
\x9b\xeb\xc88Sd\xfe\xfa\x93\x1f\x8f\xe3\xc1k_\xf3\
z\xc9xB\x06\x10\x90F\xf4r\xeb\xc64\xc6\x0c\x06\
\x03\xa5\x94\x94\xd2^x\xce\xf8\x95\xdb/rwv\x9e\
\x83\x9c\xbfGv I)}\xdf\xb7.OGH\x86\
\x8c,w\xf3\xb8p\xc1\xb1ob\xf5\xab-\x1a\xe6\xaa\
\xdb\x9b\xc4_L\xda\x86\xca\xa20v\xf2\xbc\xe6\x1e+\
%o\xd8K>2'M\xe3\xc3\xfdD\xc8X\x1cE\
Z\xab\xd4\x10\x00\xc3J\xad\x9b\xdc\x84t\xe7\xa6g\xc7\
\x09\xbf\xad>\x85\xaaI\x0e\x0a\x8bi\xf5W\xb9\x01\x85\
J\x9e\xc0B\xb3T\x0c\xc0\xce\xea\xaa2\xc6\x88\x0c\xe3\
\x8c\x1bf8\xb7:\x85RY\xcb\x0c9g\x8e\x90\x8d\
z\xe3\xf4\xb9\xb3\x9dNgvv'\x22\xf6z=D\
\x0c\xc3\xf0\xe6\x9b\x0e\xcf/,,\xaf\xac\x09\xe9\x10\x91\
\xcdL\x84\xcc\x94\xa3\x94r\x1c\xc7$\xfa\xd1G\x1f\xeb\
\xf6{\xfb\x0e\x1c\xf8\xc6o\xfa\x86~\xb7\x1b\x0eb\x19\
\xc8\xe7\x9ey\xe6\xd8\xd1\xe3\x8e\xe32\xc6z\xbd\xde\x9d\
w\xde\xf15_\xf3N\xad5\xe3\x5cC\x0a\x07\x8d\xd1\
I\x9c\x14CN8\xe7\xae\xeb\xfa\x9eO\x86\xa28\xca\
3#\xb6e[\xb6\x22\xdb\x80p[\xae!J\xa9^\
\xaf\x17EQ\x12\xc6\xc9\x04\xc7`\xb1p\xd90R\xd4\
2\xc5;N\xe0\xf9\xd6\xc4[\xab\xd5j\xf5Z\xbd^\
\xaf\x075D\x16F\x91!\xa3\xb56\xda\xd8\xa6\x12\xeb\
\x0e\x8cc\xa5\xb4R\x89N\x945!\xdbS$J\x99\
\x5c\x93\xc8\xbc\x91E\xc7\xe0X\x97\xe0\xa8\xddy\xb3H\
Q\x98\x00\x11a\x14G\x8d\xd5$6W\x08\xc6*\x22\
c\xbf\x85\x8a\x0f\xb3t\xb0\x19=Q1\xe7\xa7\xd4\xc3\
R\x97\x8a\xc7\x94N1\x5cP\xb3\xa0\xa0M\x043{\
pio\xf5W\xc5]\xb4\xa9\x12?\xa4\x82\xd8\xda\xd2\
UD\x83%\xfc\x06\xe3T\xb7\x5c\x8d\xb6\x1bc}z\
\xa5F\xc6\xea\x0d\xa5=f\xd4mX\xdc\x9f?\x9dt\
l\x19b\x00\x86\xc8\xd2b8\x8e\xe3y\x9e\x17\xf8A\
\x10x\x9e\xe79\x8e\xe3\xcaZ\xbd^\xab\xd5\x1c\xcf\x03\
&z\xdd0\x8c\xc3\xc1 \x1c\x84\x03\x95\xc4\xb1\xad\xf0\
2\x08\x93(\xf5\xa2\xab\xb4\xee\xa6\xce\xbd1\xc5\x07\x9d\
\x8f\x7fLk^\x99\xbcK\xf6\xda\x8b7\x01S\x00\xc8\
l=\x8d\x1c\xf2\xd9\x12\x0eh\x81_\x86\x02\xb1H\x18\
cs\xcfF\xbd\x82\xa9\x19\xa8\x80\x03\xed%Wic\
\xaa\x19\x83#\x98\xd0\x91\xc2\x91\x8ep\x5c)\x1d\xdf\xf3\
}\xff\xcb#\xfc\xc9\x92N\xa98\xfe\x89\xff\xe7\xdf?\
\xfb\xdc\xf3\xbbv\xcd1\xce\x1d\xcfs]7\xbbW\x5c\
\xf8\x8e\xeb\x8a\xc7\x1ey\xfc/\xff\xf2\xe3Z)\xdf\xaf\
\x0d\x06}\x00\xb0,2B\x88F\xa31==\xd3h\
\xb6\xfc\xc0\x17R\xda\x9a{I\xa2R\xaeX2\x09\x11\
\x01\x92\xd2\x8c3\xa5\x13$`\x8c\x01)\x86\x08\x86\x0c\
\x00\x011\xc6\x04\x0a\xc7\x11\x1b\x00\xae[\xab\xd7\x9b\x8d\
F}\xff\x81\x1b\x0e\x1f>|\xe9\xca\xc5G\x1fy\xec\
\xc2\x85\x0bh\xc3~\x19\x12\x19\xa5\xb5t$\x03\x83\x9c\
\x7f\xe2\x81Oot\xfa_\xf3\xce\xaf\x11\x88\x86\x00\x19\
\xc7B)K;N\xec\xc8L\x92\x84ro\x12Q1\
\x9e\xd9:\x08\x95\xd1&g\xb9\xcd\x86nn1\xf1}\
\xbfV\xaf\xfb\xb6\x9e\xc4hQQB\xb0\xc1r\xc3\xd0\
P[#\xb5\x18C1.\xc3t\xec\x5c]23m\
\x02\xea\xaa\xbe\xafM\xb0Y\xf5\xabb\xf2\xf6\xf5\x0e\x9e\
/\x10\x08\xdc\xfc\x14#\xf6#D\x9b@(\xb9\x93N\
|\x0c\x8bf\xc4\xcd\xe5\x9a\xd3;\x8d\x8b\xf0\x1c\xdb\xbd\
I\x0f.\xffj\x93\xa79\xf6\xe6\x17gE\x22\x22\x04\
\xc8\xeaO\x80un\x1b\x10\x02-Z\xd4F\xdb\x11\xcb\
Qp\x87;\x81\xff\xc2\xd1\xe7\x952\x8dFC\xeb\xa4\
\x1f\xf69\xa2R\xfa\xe0\x8d7_<s&\x1aD,\
\xcd\xb7D\x84lm2Zk}\xe8\xd0\x8d\xe7\xcf\x9e\
;u\xeaT\xa3=\xfdM\x7f\xef\xef9\x5c^XZ\
A\x97\xcf/,|\xees\x8f\xc7I\x22\x1d'I\xa2\
\x1d;f\xbe\xee\xeb\xde\xcd\x11\x14\x19!\x98\x8a\x89\x0c\
\x02\x80\xd6F\x9b\xac\xd43\x19CF\x19\x1dx\xae\xe4\
\x08H\x83X\xa5\x0f\xe9\xba\x0c\xae\xdb\xf2\x15,_\x0e\
K\xec\xb6|\xe1\xc4Zys\x0a\x19\xbb\x91dR\xa4\
\xac\x80B0\x9e\xd5\x11s\x1fH\xe0\xf9A\x10\xf8\xbe\
\x1f\xd4\x82Z\xad\xe6y\x1e\x11Eq\x94\x86\xb7)\xa5\
\x8d\xc9[\xb3\x1b\x16\xf9\x19\xa5U2\x84\x7fEe\x22\
'\x17\xb5\x8bt\x9e78Vr\xcd\xb8\x0a\x8a\x8a\x8e\
M\x18M\xac\x82q \x0d*\xc9x8\x9a\x22X\xc4\
*%PW\xd4x\x8aR=\xac\xb4\x01\x9b*1U\
\xb2\xd0I\x98s\xb8\xdaU\xaeq\x88\xac*c\xa0x\
Ec\xf7\x17\xbf\x1d\x01f\xd7\xe9\xfa\xfb<\x85\xc6y\
\x0e\xf3\xedR\xf7\xa8b*\x1e\xeb3,\xb6\x5c\xbd\xea\
j0\x18\x8cF&\xa7\xcc\x9d\x00\x04d\x00-3\x8a\
\xe7\xba~\xe0\x07\xbe\xef\xfa\xbe\xa5Yr\x1d\xc7\xf7}\
!%!\xeb\xf7\x06\xd6\xd8\x12FQ\xe6\x8e\x0f\xe3(\
\x8c\xe3$Q\x89JT\xee]1\x94\xa9\x01\xa3\xa7\xce\
\x9fx\xd1LS\xbaWX\x10\x80\xb4\xf8\x16dy\xbf\
\xc5\xe4@\xcc\xbc\x87\x989m\xac\xff\xbf\x18\x05P\xae\
2\xcf\xb9\xe0\xa2\xc4&:D\x83\x5c\x089\x02\xffJ\
\xa9\x83R\xa4\xeeA\xe9H\xcfq}\xdf\x97\xae\xf3\x22\
\x02\x92\xbf\xd8$}(@\x92\xf1\x1f\x7f\xffO<\xfc\
\xf0\xa7\xf7\xec\xd9+\x04\xf7\x03\xdfs=)%r\xc6\
\x18\x93\xbe\xcb9\xfb\xeb\x8f\xfd\xf5C\x0f~\x86qA\
\x04\x83\xc1\x001\xfdy\xbb\xdd\x9e\x9e\x9en\xb5\xda\xbe\
\x1fp!\x8c-\xf6m\x14\x22j\xad\x95\x8e\x8d1\x9c\
\xb1\xd8$\x89R&I\xb4&\xad\x0d\x10i\xa3\x0d\x00\
\x03[\xd20E\xf8\x1c\x98\xe0\x8c\x0b\xee:I\x14\xf5\
\xbb]\xb7Qo4\x1a\xad\x1b\x0e\x1c\xd8\xbfw\xffs\
\xcf=\xfb\xd9G\x1e\xd9\xe8t9\x17\x0c\xd1pL\x92\
\x843\xe4\xc4\x1cG>\xf3\xec\xb3\xae\xe7\xbf\xf1\xf5\xaf\
G\xc6\xc8\x18\xc6S\xbd9e\xe3`,\xe7f\xcc)\
@\x87i\xde\x05\xb1\xa3\xb3\x08\x05\x19\xa2\x90\xd2F\x94\
\x04A \x85d\x8c\xa1\x05\x1d\xe3LQ\xc5\xb7\xb2T\
Y\x82LZ,\x15&C\x9d\xb1O\xaa\xfa\xe0\xaa3\
\xc0\xe6\x0dn\x02H\xe0\x0b\x03\xed\xbe\xa0\x92\xcfu\xb6\
\xfa\x87\xeby:\xb3E\x12\x5c\xcb\xaf\xf8b\xcf\x05P\
\x0e\xec\xac\xc6\x88n\x12>Zl*\x8fg\xce[\x83\
\x09+Z\x9eYN\x85Z\x85\x9csn\x10\xd2rS\
6n\xd6XK\x87p\x1d\x02v\xfa\xf4i\x00\xf0}\
?\x89\x22\xad\x12.%\x00\xcc\xce\xee8\xf6\xec\x93\xc8\
X\x14E\x00\xb6F\x13\xd8\xc4W\xd7\xf5\xe2\xa4\xdbn\
\xb7\x9ey\xfe\xb9~\x1c\x7f\xe37|\xc3\x8d\x87\x0f\x9d\
9u\x9a8\x8b\xa2\xe8\xb9\xa7\x9fYXXd\x82\x11\
\x80\xeb\xba\x7f\xf7\xef\xfe\xdd\xb9\x9dsq\x9c8\x8e\xcc\
\xd9w\xb5\xd6\xda\xe8\xfc28cB\x88\xceFOJ\
\xe9:\x0e0\x8c\xe28[}\xb6e[\xb6$\xdb\x80\
p[&\x0a\x11\xc5q\xdc\xef\xf7\xf3\x18\xd10\x0cs\
\xf7`1V\xcd\x22.k\x06\xceKN\xa7n\x10\xcf\
\x0b<\xdf\x12\xc4\xfb\xbeo9\x06\xe28\xb63\x9a\xd2\
\xda\x14\xe9a\x12\x95(\xa5\xb5J\xb46J\xeb\xcc\x07\
\x92\xf3\xe6\x17\x0b\xa9\xd9\x16R\xc5\x97(\xb71\x8f\xcd\
\x12,\xa1\xa6R\xec\x1c\x8c\x0b\x0a-a\xc2\xea\xc7\xd2\
aE\xb4Y\x84\xa3\xa5\xcc\x96\x92\xa2P<\x80*y\
&4!\xdct\x93\xb3T\x0f\xb0\xe7*:\x06\xc7\x06\
\x9a\xc2(b,\xad\xaf#\x1a\xccdufd1\x1e\
7\xa2J\xe9:\x9f\xbf\x9a?\x16\x97\x16\xef\xc0\x16#\
EK-\x94\xbe\xa5\x09\x81\xb29&\x1fo2\xc8\x9e\
\x05\xe7\x5c:\xd2\xf3|\xcfu\xeb5\xcf\xf7}\xc7q\
]\xd7w=\xcfu\x1d\xce$\x00\x8fb\x15\xc5q\x1c\
\xc5J\xc7q\x1cF\x83\xc8\x1a_\xe2(N\xe28}\
\x11l\xbe\xa0\xd6\x94!\x04\x06e\x84_\xc4\x81cU\
%\xcc9\xf4X\xea\x03d4\xa4\x80\xca7\x80\x8d\xec\
\x19[b~H\x22\xca\xd3:\xce\xf6\x83\x18\xad5_\
\xf2\x10\x16\xcb\x0c\x96\xb2\x07\x85\x93r\x8b\xba\x8e\xe3\xbb\
\xae\xeb{\x8c\x7f\xf9\x94\xd22D\x82\xf3_\xfc\xc5_\
\xfe\xd8_|l\xef\xbe\xddL\xa0\xe3\xb9\x8e\xeb2\xc1\
\x11\x91\x0b\xee\xf8~\x1c\x0d>\xfag\x7f\xfd\xc4\x93O\
K\xd7\x8b\xc2\xd0\x16\x06$2AP\x9b\x9d\x9dm\xb7\
\xa7\xeb\xf5\xba\x9di\x95R\x80\xa8\x8d\xb6\x863m\x94\
6\xb1\xb5\xa9Y!\xadI\x1b\x02\xd0d\x93\xfd\x180\
\xd4\xc60\x02\xb0~<`B \xb3\xc9\x9d\x08R\xc8\
 \x08\xbcZ}ffjvv\xe7\xfd\xf7\xdd{\xe8\
\xd0\x0d\x9fz\xe0\xa1\xe3'NJ\xc7\xb1\xe8\xcd\xbaF\
\x80\x08%\xff\xec\xa3\x8f \xc1[\xde\xfa\x16\x93\xbd\x08\
\xb9\x07\x1e\x00\xac\xd5 G\x80)d\xcd\xd2\x5c\x8b\xf9\
\xae\xe9\xdb\x97\x19\x1al\x98h\x10\x045?\xc8\xc3M\
!%\xf9/\xf8\xf0a\xa4bP\xfa\xc2\xa54\xb9)\
\xd1W\xb69|a\xa127V\xa7\xdc\xea\xd4\xb1\xc5\
\x90\xc8\x91g=.\xec\xffKW\x86Wa\x08\x01,\
\x97\x09\x12\x10\x19\xa88\xdcJ\xb7t\xeb\xb0p\xac\xdd\
\xadd\x00-\xee\x1co\xdd+\xac+\xa5G\x9c^A\
\xb1tD\xe1,E|\x9bBAm\x00\x80sF\x00\
\x9c\x03\x007\xc6 \x816\x80\xc04(.\x99\xe7\x05\
\xdd^?\x1c\x0c\x82 \x90R\xf6\xba\x1bH\x86T\xe2\
{~\xa3\xd9\xb8x\xe5\x12\x13\x22\xc9\xa37\x01\x00@\
\x08\x91$\x1a\x11]G\x1c;s\xfa5\xaf\x7f\xc3k\
^\xf3\xea\x95\xc5\xf9(\x8e\x941gO\x9c:}\xf2\
$C\xb4\x91\x15\xef~\xf7\xbbo\xbd\xf5\xd60\x8c\x18\
\x17\xb12\xd66\x98u\x1a\xac\x0e\xc6\x10Ik$\xe0\
\xc8\x5c!\xfd `B\xf4z\xbd\xc4\x96'\xfd\xb2\x18\
\x81\xdb\xf27 \xdb\x80p[&J\x92$U4h\
\x95\xd4\x9cP4G\x83V\xbfd\x88V\xe7s\x1c\xc7\
um\xd1A\xcf\xf5<\xc7u\x1d\xd7\xb56\xe3\x5ca\
-2\x85\xa6\x800E\x80\xdan\x1b\x9b:\x98\xc1\xc2\
<Q\xaa\x88\x03\x8d1`\xdd$\x90j\xc3\xc5u}\
,l\x9b\x84\xe5`\x1c1L\xf5#\x8d\x8b\x1d\xcd7\
\xaa\xae\xc8\xea\x91\xa5\xb3T\xdb/v\xa6\xda[(,\
\x81\x93:\x0c\x15O\xe6\xa4\xc3`t\xd5\x9c\xb4$W\
\xc3lRrv\x84\xea\xf1U!\x1as\x18f+w\
Q\xa1\xdb\xa2\xf6\xb0\x89\xa3\xaftXU\xab+FK\
\x96\x0e\xab\xe2I\x98\xe0\x09,>\xd6\x9c\xa6\xa58\xa2\
\x18cV\xb7\x90\x8e\xe3:\x8e\xef\xf9\xae\xeb\xd6\x82\xc0\
\xf5\x5c\xd7qmUu!%\x11DI\x14[\xe0\xa7\
\x12\x9d\xa8(\x8e\xa2(T\x89*R+Y\xd6\x8dt\
h!\xda\xd1\x8f\x00\x1a\x08\xb3g\x9d'\x0a\x16/\x7f\
\xd8\x99\x02\xc9*b^\xf7\x1c\x19c\x08h3\x04m\
\xfe`\xbaQ\xa0\x12\xcd]\x82U\xc7`\x8a\xfdx\x9a\
\x1fh=\x84\xd65(\xb2?c\xe3E\x0b\xb5\x06\x0b\
\xa9\x83\x8e\x10R\xb8\xae\xe7{\xbe(\x80\x81/\x03Q\
\xdaH\xc1\xff\xf8\x8f\xfe\xe8w\x7f\xe7w\xe6v\xcdq\
\xce]\xc7\xf3\x5c_p\xc1\x19\x13\xae\xf0\xea\xb5^\xb7\
\xff\x91?\xfe\xd3\xe3\xc7\x8eI\xd7\xeb\x0fzd\x8cu\
WLM\xcd\xee\xda\xb5\xab^\xafs.\xf4\x10_\x19\
C&N\x92<\x90^%\xa1%g&0\xc6\x10g\
\x02\x01]Wp\xe1\x08!\xb4\x89\x8d\xd6\x08\x8e\x1d:\
\x04 \x05w\x04g$\x900\xd1I\xbf\xdf\x8b\x93\x88\
u\xd6\x97\x17\xe7\x17\xda\xf33\xb3;\xf6\xec\xde\xfdu\
\xef\xfe\xda'\x9ex\xf2\x93\x0f<\xa8\xb5\xe6\xc84\x1a\
m4\x22\x03\xa3\x05\xe7\x8f>\xfeX\xbd\xd9x\xcdk\
^3\x08C\xa2a\xf8: \x10\x012\x04\x039,\
\xccg?=\xcew\xcd\x91!G)\x1d\xdf\xf5j\xb5\
\xc0\xf3|)\x04f9]P\x88i\xcf\xc4\x18\xad\xb3\
:))\xf6K\x13\x11aD\x09\xae\xa2\x8bIx\xc3\
n\xe4SA\xf5\xab\xb1\x1f\xc7\xee\xdcJPh\xd56\
W\x95\x11\x0b\xda\x965\xfb\xd2<v]\x03\xb5\x8a\xe2\
\x0a\x08\x19\x94\xd6@\x88\x00d\xc8\x8e\x22\x9c\xd0\xc2\x8b\
\xe8\xf65\xefj\xf1\x19\x15!=\xe40\xcf\x86\x10\xdb\
\x8b\xc6\xb4\x7f\x04\xc4\xd2\xc4@\xd8\xa45\x18E\xfe\xd6\
\x89\xae\x0d\x00 g\x0cX:\xbb\x22\x00\x18dDH\
 \xa4S\xab\xd57\xd6W:\xdd\x8e\xeb:\x88,\x0c\
c\x00\x1c\x84\xd1\xcc\xcc\xac\xe7\x88\xe5\xa5\x15\x04 2\
\x96\x92:\xd7\x94\xc2h\xd0j\xb7._\xbd\xb2g\xff\
\xfe\xaf\xff\xfa\xf7\xc4\xbd\xce\xea\xca:\x10-/.>\
\xf3\xcc3Zi!%\x22{\xc7;\xde\xfe\xba\xd7\xbd\
.Q\x0a\x10\xe2(4D\xdah\x0dd\x94F\x80X\
%Q\x9c\xd8\x09\x1c\x00\xec\x8b\x82\x88\xae\xe3q\xc1\xfa\
qd&\x94!\xdd\x96m\x19+\xdb\x80p[\xc6\x88\
Ek\xc5\xea\xf36ptX\x0d\xa2\x90\xc5\x07\x19\x8b\
\x8c\xfd+y\x9a:hc\xe1<\xcfs\x5cG\xba\x0e\
\xe3LgZ\xc00\xe6\xa1\x80\xf4r\x9aDe\x83E\
+\x91\xa2\xb9\x930\x07\xa2\xb9\x9fd,\xd23\xe3J\
\x0bN\xda\x18\xbb=\x16\xf2\x15\xffn\x02\x12\xaa'\xb2\
\xfb\xabl\xa5\xd7\xdc(>\x97\xa2\xa3\xaf\xb8\x1f\x8aQ\
=\xe3\xf4\x8c\x12\x92,~,\x81@\x9b\xaa\xb4\xf9\xa2\
\x8e\xd9\xdfM\x96\xfa\xcd\xb5\x804\x9a\x94\x0a\xcd\x15\xae\
q\xec\x85\x0f\x7f;9\xcf\x84\xc6\xb9\x04'\x85\x92\x96\
\x00p5\xd6\xe8\x9aO\x1f*6\x88b\x8e\x90\xe0\xc2\
u]\xd7s}\xd7\xf3\x1c\xcf\xf3=\xc7umL$\
2n\x8c\xb1.\xa0(\x8e\xa38\xd2Z\xa9D%Q\
\x1cg\x95W\x8a\x1e\xf8\x91S\xdbe\x9e\xd2X;3\
j\x97)\x8d\x87\xfcB\x8a\xa5\xe4!\x8b\xeb\x1e\xee\x19\
\xba\x02\xd1\x12\x8d\x16R\x05q$.t\x94PTf\
\xd1\xa1\x5c\x0ek\xcd\xe7\x1b\x8e\x90E\x0fa5u\xd0\
V\x99\xcf1\xa1\xeb9\x9e\xe7J)\x01GB\xbc\xbe\
\xd4Ek-\x05\x7f\xe4\x91\xcf\xfe\xca/\xfe\xf2\xec\xcc\
\x8c\xeb\xbb\xbe\xe7{\x9e/\xa5d\x1c\xb9`N\xcd\xed\
\xf5\xba\x7f\xf2\x07\x7ft\xea\xd4i\xe9\xba\x83~\x0f\x00\
\x10\x81s>\xb7sn\xc7\x8e9\xcf\xf3\x00@[\xe4\
o\x8c\xd1\x8a\x88\xa28\xb6Sg\x14\xc7\xe1`@F\
'J!\x022 \xa3{a\xa4T\xa2\x92\x04\x08\x91\
1$\xe2\x82\x11g\xaet\x81h\xd0\xebi\x93\x86a\
2\x80f\xa3\xdeh\xd6\xb5R\x09\x19\x00\x8c\xc2h\xa3\
\xdb[_\xdf\xd8\xbf\x7f\xcf\xeb^\xfd\x9a\xb9\x1ds\x7f\
\xf2g\x1f\xe9\xf5z\x5cpm\xd0h\xcd\x0c3`\x18\
c\x9fz\xe0S\xedv\xfb\xe6\x9bo\xb6$\x16v\xf6\
\xb0\xe9|\x04`#\xeeJ\xaf\x12\x91\x01\x1b\xcf\x99\x09\
Cd\x9cI\xc7\xf1|\xaf\xe6\x05\x9e\xe7\xd9\x05\x05\x86\
U^ \xcd\x11\xcc~e\xf5l6\xaa\xe3\xd30\xf0\
\xef\x0b([\x01{c\x0f\x9bdq\xdbD^\x1c\x9a\
\x1ak\xc2{\xd1\xa7\x1bN\x86HJi\xce\xc5\xd0\x11\
\xfb\x85\x97j\x04\xc7\xd85.\xb3\x1dd\xcbY\xfaw\
\xa2\xdb\xb0|i\xa3\xe7\xa2a\xce$# \x00\xc3\x18\
cd\xb8\x10\x88\xc8\x88\xb4\xd6\x02\x05g\x22p\xfd3\
'Ou\xbb\xfd\xb9\xb9\xa6\x9d\xcc\x010\x8c\xe2[\xe6\
v\x85\x83\xfe\xca\xca\xaa-\xe4\x93\xcf\xc9\x88\x98$\x89\
\xe7y\x8e\xe3\xb6[S_\xff\x8d\xdf\xe8\x08~\xf5\xe2\
b\xacT?\x0eO\x9d<\xb9\xbe\xba\x16'\xb1\xeb\xba\
\xef~\xe7\xbb\xde\xf4\xa67\x03\x02\x911Z\xa7\x7f\x8d\
!\xa5\x09(V*\x89c D`@\x1a\x00,\xa5\
\xa8\xd6\xc6q\x5c\xc60I\x22\x9e\xce\xa2_\xf2\xf1\xf6\
\xdb\xf27#\xdb\x80p[\xc6\x08\x11\xc5q\x5cD\x83\
\xb6\xee|)o0\xc7\x0f6u\x841&\x85\x94B\
8\xb6(\xb2\xeb\xba\xaek\xb5=\xeb\xa0\xb0\x1e\x8c\x5c\
\xc7-\xc6\x7f\xe6\xb1\xa3ifI\xa2\x8aP\xb0\xc4\xa3\
8\x0c\x8a\xb3\xd9Y\x95\xfa\xf20\x01\x07\x16\xf7\x8fU\
\xeeK\xe0\xad\xf4\xab\xaa\xcdx\xec\xaf\x8a\x0dbF\x19\
Z<E\x09\x92Ae\x19\xde\xc4\x8c]\xd4\xfb\xc7v\
\xb2\xd4a(\xc0\x83M\xceU\xfc\xa8\xb5.\x968\x1b\
\xab[lE\xdb\x18\x9f\x92\x88\x08\xa5%\xbc\x92\xf4^\
\x05o\xd5d\x8f\xb1\x98p\x12\xa2\x83\x0a:\x1a{L\
\xf5^\x95\xeed\xf5&\x97FT\xfe\x95\xcd\xa1\xf5\x5c\
\xcf\xe6\x09J!]\xc7\x91\x8e#8g\x8c\xd9\xc1\x1c\
\x86\x96r?\x89\xe3\xd8\x0ew\xbb]}\xcb\xc6\x0eK\
\xca\x1c\x86\xc5\x01V\x8d\x0e\x85\xd1\x8c\xc1\x1c\x04B\x06\
\x11!\x8b\xeeCD\xce\x18\x16\x5c\x82\xc5\xd0\xd0b\xa2\
\xa0\xdd\xc5\x05\xe7\x8c\x8b<RTpVH\x1aL\x9d\
\x81\xa3\x1e\xc2Q\xdf\xa0t\x1c[r>E\x86\xbe\xe7\
KW\x22\xfb\xb2\x82\x82\x94\xb1\xff\xcd_\xbd\xf4\xd3\xff\
\xefOs\x14^\xe0\xbb\x9e\xe3x\xae\x90\x82q\x14\x8e\
p|\xa7\xd7\xe9\xfe\xe9\x87\xfe\xf8\xf8\xf1\x93\x8e\xeb\x0e\
\xfa}\x0b\xab\x5c\xe9\x1c<x\xa8\xd5j\x09\xe9\xa4\xc1\
\x11y\xd6\xb4\x8a\x95Q\x89RQ\x14\xc7\x83A\x14E\
I\xa2\x0c\x90\xd6:\x89\x13\xa3\xb5\xeb8{\xf7\xef\xbd\
\xb8\x18W\xde\x00\x00\x80\x00IDAT\xf9\xf0\xc1W\
\xdc{\xdf\x9dw\xdds\xc3\xc1C\xad\xe9\xe6\xf4\xcc\x94\
\xe2B\x0a\xdf\xc4Q2\xe8\xaf\xae\xac\xad\xado\x5c\xbe\
x\xf1sO<\xfe\xd7\x9f\xf8\xf8\x89\xe3'\xba\xbd\x9e\
\x1f\x043\xd3S\xc0\xd9\xda\xfaj\xa7\xb3\xb1\xbe\xb6\xb6\
\xb1\xb2q\xeb\x91#\xef\xfb\xfb\xdf\xf6\xbb\x7f\xf0\xfb\x8b\
\x8b\x8b\x8e\xe3\xe8\xcc\x0e\xa2\xb5\x06\x82\x8f}\xecc\x8d\
Fcnn.VI:\xba(S\xdc\xd9\xd0hR\
\x09f\xa6\x94\xa5\x04\x80q.\xa4\xf4=\xaf\xe6\x0f\xd1\
`\xc5\x08\x85@d\x07\xf4\xf0\x8d\xc0\xd1\x09\xaa\x12\xd8\
N\x05,0i^\xdddF-m\x8cy\xbe[\xce\
\x0f\xdc\xca\xf4\xfbR\x0e\xbc-t~+?/L\xc2\
`S\xe0\xa4+\xd3\xe9\x170\xaf\xc1[\xbc\x93c\xa7\
\xeb\xcf\xffB&]Wq\xc6\x03C\x96\x1e\xcb\x16\x0a\
\xc2l\xb9\xc9\x9d\x99\x993m$\x99|l\x9bv\xf9\
\xe3\x9c\xa31\x9a\x08\x0c0\xc6\x05\xa2\xc9\xd6tD\x94\
\x9c;B\x9e?\x7f\x81\x08\xa4\xe4Q\xd4\x8f\xa2\x08\x00\
\x13\x95\xec\xde\xbdkue\xb5\xd7\xeb;n@@\x1c\
\xb9!c\x03\xa7\xed\x09\x5c!\xdf\xf8\x8676\x1b\xb5\
\xb5\xf5\x0d\x0d\x8c8\x9c>}\xe6\xb9g\x9eM\x92\xe4\
\xd6#G^\xf3\xda\xd7\xbe\xe2\x15\xafp|7\x0a\x07\
d4\x19\x0d\x86H\x9b$\x8e\x81q X\xdf\xd8\xa0\
D5\x1b\x0dd\xccZX\xec\x82\xcb2*/\x1d\x85\
\xb8\x1d,\xba-\xd7#\xdb\x80p[\xcaBD\xc5`\
\xd10\x0c\xa38\x8a\xe38\xc9T\xd5\xa2\xcb\xc2\xce\xaa\
\xc2\xea\x86\x5c\x08!\x1c)- \xcc\x0d\xff\x88\x8c\xb4\
1\x08D`iE)#\x1f\xd7\xda\xe6D\xa5`P\
i\x95o\x0d\x03Js\xfa\x01cR}\xc8\xaa\x174\
T.\xa0\x80\x946\xc1{0\xaa\xbe\xc3d4\x05\xe3\
\x16\x9e\xb1\xce\xbd\xea\x0f\xab\xdf\x96\x96\xb4\x9ce\xa1t\
\xdb\xc7nT\x97\xc3\xb1\x90\xb2*\x9b\xfb\xbb\xc6\x22\xba\
b\x83\x8c1dh\x93(\xf2o\xf3vR\xe0m\x03\
\xc3\x86\x18\x0f\x87\xda\x17B\x16\xea\x05y\x10\x0f\x11\xe1\
\xe8b\x5c\xba\xe4\xaa&Q\xbd\x84\xfc\xb7\xc5\xac\x8c\xb1\
\xd0q\xec\xf6$\xd5dl\x88\x14\x15\xb9\xc8G\xc7I\
q\xa3\xe8\x03\xb1Q\x94R:~\xe0\xbb\xd2q]\xd7\
q\x1c!\x04\x97\x12\x11\xb5\xd1*\xd6\xc6\x98aa\x95\
\xcc\xce\x92\xcbX(X\xbaW%\xb7a\xb1\xc3U\x10\
\x08\x05\xec\x97;\xfd\xa0\xe03,:\x03\xabY\x82\xd5\
\x8cAK`\x90m\xda\xd0Pn\xbd\x87\xb6\x92\x9e\xc8\
\xfe\x1b\xad4\x98\xfe+\xd2T\xc1ay\x09\x9b]i\
yM\xbf\xcc\xc4\x82\x96D%\xef\xff\xf7\xef_ZX\
\xda\xbdg\x8ft\xa5\xef\x07RH)\x18\x17\xdc\xady\
a4\xf8\xf0\x1f\xfd\xe9\xa9\x93\xa7\xfc \x08\xc3\xd0\xa6\
\x069\xd2\xd9\xbbg\xdfT{\x8aqn\xcb\x0f\xda\xa9\
O\xa5,\x5cQ\x9cD\x83A\xbf\xdf\xeb\xc5\xb1b\x9c\
\xeb8\x8e\x13%\x5c\xe7\xae{\xee|\xdbW\xbd\xe3=\
_\xf7\xee\xbb\xef\xbe\xbd\xd9\xa8\xa1\xd1kk\xab\xe7\xce\
\x9d;w\xf6\x85\x87?\xbd0\xbf\xb4\xd1\x8f\x14\x90v\
=\xa7^\x13\xadv}z\xc7\xceo\xff\x9eo\xfd\xa7\
?\xf2O\xae\x5c\x9d\x7f\xfc\xc9\xa7\xfe\xc7\x7f\xff\xbd\x87\
\x1ez \x8c\x06s;g8\x17\xabkkQ\x9c,\
,-\xddu\xfb\x1d\xdf\xfe\xdeo\xfd\xdd?\xf8\xbdK\
\x97.\xe7\x85\x0a\xed\x98\xd9\xd8\xd8\xf8\xab\xbf\xfa\xabo\
\xfa\xa6o\xc2\xbcX%\x0dmsvPY&QH\
go{k\x86S\x8dt\x1c\xcfs\x03?p\x1dw\
\x88\x063e\xbe\xf8V\x1a\x22L_\x07K\x1d<\x12\
9?\xe6\xe6\xa7\xa7\x1a~\xacN\x80\xa5\x9f\x8f\x05\x87\
\x93\x0e\xd8\xd2\x00\xd8\xda\xb7\x93\xc2GKp\xeb\x0b8\
XGO\x9a\xf7\x101\x8d\x05\xb1!:\xccgd\x1f\
\xe5\xa6\xde\xce\xb1\xc8\xf0\xa5\xea[u\xc9\xc8g\xbfr\
\xf6&\xd9\xd0Q\xcb\x9e\x05y\x8a U\x0c\xa6P\x98\
\xf9\x8b\xcd\xda\x85F\x13q\x22\xa4a\x1a6\x028\x8e\
\xa3T\xb2\xb2\xb4l\xedaVG\xf2\x5c\x17\x01o8\
pp}c]S\x0a\xa4\x91#\xe8\xbc.\x8b\x0c\xa3\
\xe8\xce;\xef\xd8\xb3k.\x89b\xa35\x00,-.\
\x1c\x7f\xee\xf9z\xa3q\xdf\xfd\xf7\x1d>x\x88s~\
\xec\xd8\xb1\x99\x9d3\xcdf\x83\xb4\x02c\xb4\xd2\xda\x18\
\xc3\xb03\xe8\x1d\x7f\xfe\x85\xab\x97/\xbf\xec\xe5/'\
\x22\x06\xc083\xda\x06\x8c\x02\x11Y\xc3\x9bJ\x12\x1a\
\xa7il\xcb\xb6L\x92m@\xb8-e!\xa20\x0c\
s\xf7`\x1c\xc7I\x9c\xa8$Q\x892J\x93\x1e\xa1\
\xb0\xe7\x9c\x03\x00C&9\x17\xa31`\x8e\xe3\xd8o\
\xedTm+C\xe4E\x03\x87U\x04\xb3\xb2\x13i\x1a\
\xa1N\xd5\xe5\x8c\x97\x5ck3\xc6786\x1ctl\
\xd2\x9d\x19W/~\x93\x8f\xa5\x83\xc7~\x84q`\xa6\
z\xf0XGS\xde\xe7\xd22?VM\x99\x04\xdbh\
\x9c\xd7n,\xd0\xba&t,\xd9J\xf3\xf6MV<\
\xb7\xa8\xd8Ai\x99\xa7\xd4\xdcjM\xc5\x98\xe2\xc3\xf4\
\xab\xa1 \xe4\xf5\xd9\x8b'-\xad\xbe\xd5n\x0f\x1b\xd8\
\x82\xe1\x99\xb6\xe06,\xfe\xaa\x9a7R<\xb2\xa4U\
\x14\xb5\x8d\xd2\xe8*BM\xce\xb9#m\x82\xa0c\x0b\
\x09Xc-2f\xe9\xf5S\xffw\xe6\x03\xcc\x11`\
>\xe0\x8b\x06\x8e\xea\xc8\xa4Q>$\x18\xd5f\xaa\x89\
\x82X\xc8\x15,z\x08K\x7f\x8bh\xb0\x08\x02\xed\x15\
\xf1\xd1\xda\x12\x92\x0f\xb3\x01\x87I\x84\x96>\xb4B+\
Z),!\xa5\xe4\xd2\xe1R\xa6\xceA\xc7q|\xdf\
\xe7B~\xb9\xc65i\xa3%\x17\xbf\xf2+\xbf\xf8\xb9\
'\x9e\xb9a\xdf>\xd7\x97n\x10\xb8\xae+\x99p\x5c\
\xe1\xd6\xdd$Q\x7f\xfa\x87\x7fr\xe2\xc4)\xcf\x0f\x94\
R\xb6\xd0C\x10\xf8\xbbw\xefm6[\x06@+E\
\x00Y\xd8\xbc\xd6\xc6\x84q4\x08\xfb\xfd^/\x1a\xf4\
A\x13pJ\x92\x81\x1f\xd4\xdf\xfd\xd5\xef\xfa\xe6o\xff\
\x96\xaf}\xeb[jA\xeb\x85\x93/\xfc\xf7\xdf\xfe\xad\
\xe7\x9e}\xfe\xca\x85\xabF+\xe0\x5cH\x19\x04\xf5Z\
\xad\xee\x08)\xa5X_Z;\xdd\xed\xf4\xfa\xfd\x85\xd5\
e\xad\xb4\xef\xb8\xf5v\xeb\xae\xfb\xef\xf9\x91\x7f\xf6O\
\xfeq\xf2\x03\xff\xf3c\x1f\xfd\xc8\x1f\xff\xf1\xd2\xf2R\
\xad\xd9\x08\xa3\xbe1\xfa\x91\xc7\x1f\xbb\xfb\xce;\xbf\xfd\
[\xbf\xe5\x83\xbf\xf3\xdf/]\xbc,\xa5\xb4\x86\xad$\
I\x5c\xc79s\xee\xec'?\xf5\xc9\xb7\xbf\xed\xed6\
\xbfq\x18\xaa\x07\x88`\xd2b\xdc\x80H\x80\x04\x8c\xc0\
\x96\xcc\x06\x04D&\x85\xf0\x5c7\xc8}\x83\x90\xbd\x9e\
Yb\x14ZC\x92M\x0f\xcb-M\x84\xc6\x00\xb24\
T\x0e`\x84\xd6x\xf8\xc2By~.~\xa4M\x9d\
W\x93&\xd8\xad\x1c<\xf6\xdb\xb1\x81\xe8\xd7la\xac\
\xc1\xf1oR\x88\x08!]\x8cr\xae\xa0,(\x18`\
\x14\x95Ae\xa1\x9c\x04t\xb7(\xd5 \xdb\xb1\xb7\xae\
zo\x87\x14G\x888:\xbfl\xb2\xd6\x94\xf6\xe73\
<Kc\xa1\xd3f\x0d\x10C\x90\xae\xd3\x1f\x0cV\x96\
\x16])9\x13q\x9c\x18\xa5\xc1%\xc1\xc4\xae]\xbb\
>\xf7\xc4\xd94\x951[nl=Oc\xf4\x9e=\
\xfbo\xbb\xfd\x16c\x14#\x91\xa8hc}\xed\xc4\xf3\
\xc7\xea~\xf0\x9aW\xbd\xba\xd7\xeb=\xf0\xc0\x83B\x0a\
\xcf\x91{\xf6\xee~\xd5+_\xe99\xaeV\x89\xd2Z\
1v\xee\xd2\xa5\xcf=\xf6\xb9cG\x8f\xdet\xf8F\
)\xa5!\xe2\x00\xd9B\x9d\x16\xcb`\xc2\xe1\x5c(M\
\xec\xcb+\xf0~[\xbe\xd0\xb2\x0d\x08\xb7eDr4\
\x98G\xaf%\x99\xff\xa2T}\xde2O\xd8$fK\
4\x9f\x16\x1e\x94R:N\xaa\x07#\x22bF\x94G\
\xa9\x9b\xcf\x18\x22\xca3\x06mth)KpX\xa8\
\xca\x0c\xeb\x1c\x16\xa1`\x95&t\x92G\xa5\x14DZ\
:\xbex\xe1\xd5c\xaa\x1b\xa5\x85d\xd2\xceI s\
\xac\x8a_\xecF\xb1\xb7\x93\xd0\xa0\xddoF\x8b\xe0\xe5\
\xbe\xa0\x92\x15\xbcx@\xb5\xa9\xd2\xb7i;\x80\x86\xc8\
\xae\xa0\x8c!\x07V,~8\xc4?\xd6\x1b\x98\xb3>\
\xd0H\x9f\xab\xa7\x1b\xeb\x15\x1c\xbb0o\xd2U\x18\xa7\
Z\x15\x7f\x95c\xc2\xb1\x8d\xe4\xb6a\x18\xf51N\x02\
\xd8P\xa8\xe6W\x1cc\xd5\xe7\x983\xeb\xba\x8e\xe3H\
\xc7\xe2\x22\xc690\xd4dL\x92\xd8:\x99\xb9?0\
\xf7\x90\x17\xd3qKC\xa5t\xba*\x11n\xf5v\x95\
\x99Bscv\x85D\xb4\x08\xf96q\x0c\x8eT\x17\
\xb4`\x8f\xd9h\x80\xac\xca\x84\xcc\x92\x06S\xc7\xe0\xd0\
+\x98\xd6\x9f\x17\x5c\x08\x8b\xff\xb2]\x92gi\xc6\x81\
\xe3:\xf8\xe5\xab\xb5$ZK.\x1e\xf8\xd4'~\xff\
\xf7\xfe`\xcf\x9e\xdd\x9e\xe7HWJ\xce\xd0f\x151\
H\x94\xfa\xd3?\xfa\x93\xe3/\x9c\xf4</\x8ec;\
[\xce\xcc\xcc\x1c:t\xd0u\x03\x9d\xcd\x87\x80\x08\xc6\
(\xa5b\x9d(\x95t:\x9dA\xbf\x1f\x87!\x17L\
\x04\xbe\xef\x8b\xbf\xf3\xeew~\xdb\xf7\xfc\xefox\xe5\
kV\xfb\xbd\x9f\xfb\xa5\x9f{\xfc\xb3\x8f\xd4\x84\xc7\xb9\
\xdc\xb5kn\xef\xfd{\xc2HE\xa9\x99'\x01\x9dp\
\x86B\xb0V\xb3up\xcf\xce\x9a\x17p\xe1J\xd7Y\
\x1fl\x5cY\x5c8\xf6\xc4\x13\x9f\xfe\xd8G\x1b\xcd\xa9\
\xfb_\xfe\xf2\x1f\xf9\x17\xff\xfa\x81\x87\x1e\xfc\xd4'\xff\
\xb2\xdf\xed\x09\xe1(\xad?\xf3\xc8#\x83^\xf7\xdb\xdf\
\xfb\xad\xbf\xf9\xdb\xbfu\xf9\xd2\x15K\x01J`\xe28\
\xf6\x1c\xf7\xe9\xa7\x9e>\xb0\xff\xc0\x91#G\x92$\xc9\
3\x00!\x0b\xd2\xe3\x8c\x137J+0\xc3\xd7\x9c\x01\
0[J\xdb\xf7-\x1ad\x8c1\x18\x99W\x8b\xf6%\
\xca\xf9e\xd2\x8f\x06\x91['\x22e\x09\xcd\x94\xc2F\
\x80<\xa6t\xd3d\xb7\xeb\x02*[Gq\xa5o\x8b\
\xeb\xc2\x97\x84T\xadu6\xdc\xd1\x96\x03\xb5`0/\
8\xb1\xc5\x9b\xf0\xa2{\xb2\x95\x03\xaa\x96\xbe\xa2E\xb5\
\x1a\xd4Z\xba4\x9a\xe00,\xeeI\xf3c\x19\x03 \
2\x06\x11\x1c\xe9\x84\x83pemU8\xd2\x00Dq\
\x04\x00Z\xa9\xa0\x16LO7WWW\xa4\x94\x8c\x0d\
\x9d\xd8\x88X\xab\xd5\xd6\xd7\xd7o;r\xe3\x8e\x1d;\
\x080V\xf1\xfa\xda\xfas\xcf=\xbb\xb8\xb44\x18\x0c\
>\xf1\xa9O6\x1a\xcdZ\xad\xee{\x9e\xe3HG\xba\
Z\x13\x0a\x11\xc5\xc9\xc2\xea\xea\xd1\xa3G\x9f~\xea\xa9\
\xa5\xf9E!\xe4\xec\xdc\x5c^\x813+\xbeb\x8b\xbe\
\x80\xe5\xa9\x222\xd2q\xfe\xb6\xc7\xd1\xb6|)\xc96\
 \xdc\x96\xa1P\x16,\x9a\xd7\x96H\xc9-\x92D\x8f\
\xd6\xfd\x03;?f\xfa\xa5\x14Bp[FL\xe6P\
\x10\xb2\xc06\xbb\x90\x10\x916F\x19e\xbd\x84V\x17\
\xb6\xe9\x83\xa5\xaa\x12\xc5\x8cAeF\x1c\x83E:\xc7\
\xa2\xcf\x04&\x07\x7f^\x13%\x8e\xfdUu\xfd\xae*\
\xe2\xd5\xc8O\x1a\xad\x14\x0f\x95\xc5l\xec\xfe\xb1\xc7l\
\xa5\x91Mvn\xe2a+\xa2\x8b\x12\xa6-\x9c\x94\xc8\
\xde\x13\x8d\x82s\xcc\xca*\x8c\x9c\x11\x86l~\x9b\xdf\
\xba\xad\x0c<\xa8\x80\x9c\xcd\xed\xf1\xd5\x08\xd2Ix\xb2\
\xa8(\xc0\xb8\xf5\x1e&\xab\x0b\x93\x10`Q\x05I\x1d\
\x83\x8e#\x84p]\x97s.\xa4\xb4\xd8K\x93\xd6*\
\xb5_h5\x92\x16[d\xde\x1f[(\xa5x\xba\xfc\
\xbd+\xc6\x85\x96\xb0w\xd51xM\xaf \x16\xd8b\
J\x1eB\x8b\xf1r\x0fa\xee\x0f\xcc\xabJ\x0cs\x05\
\x05\xe7\xb6\xa2:\x172\xab*1\x82\x08E\xa9\xe4\xa0\
\x10\x92{\x9e\xe7z\x1e\xe7_V<\xa2%1\xc6H\
\xce/]\xba\xf0S?\xf5SN\x108\x8e\xe4\x82I\
)8C\x86 \x5cA@\x1f\xfd\xb3\xbfx\xe6\x99\xe7\
\xddZ=\x1e\xf4m\xaa\xe1\xec\xec\xec\xc1C\x87<\xd7\
\x1d\x9a\xc1l|\x04\x80\xd6*\x89\xc3\xd5\xe5\xe5A\xbf\
\x8f\xc0\x18\xe7\x83\xde\xe0\xd5w\xdf\xfdo\xff\xfdO\xbc\
\xeeu\xaf\xef\xae\xad\xfd\xd2\xaf\xfe\x97'\x1e{\xb2\xd3\
\xdd\xd89\xb3k\xd7\xf4\x8eXE\x1b\xfd\xde\xf2\xea\x0a\
GH\x0b\x040$\x00\x06055\x05\x00\x1b\x83\xfe\
F\xbf\x0bD\x88\xc4\x1c\xd1j\x06o~\xdd\xab\x19\xb2\
\x95\xb5\xf5\xa3\xcf=\xff\xf8\xa3\x9f\xdbw\xe3\xe1\xbf\xfb\
\xde\xf7=\xf6\xc8g\x8f>\xfb4\x22\x08)>\xf7\xdc\
\xb3\x09\xd07~\xe3\xdf\xf9\xef\xbf\xf3{\x8b\x8bK\x8e\
\xe3Xk\x901\x86\x00\x1e|\xf0\xc1={\xf6\xd4j\
\xb5\xf4\xa5#\xa2\xa1\xfb\x1a\x19c\x9cq\x83\x06\x00\xd2\
\xea\x85\x8c\xa56\x14\xc7\x11BXk\xd4\xf0\x0e\x0eI\
\xab\xac\xc1)\x7f\xa3!\x0d\x9f\xd5\x86\x89\xa2\x0e3n\
\xd6\xa1\x89__/\xba\xab\xca\xa4\xe37\x9f\xbb\xfe\xb6\
\xa4j%\xb4\x1b\x93\xba:ru\x88V=\xf0\x5c?\
C d9=7q\xedWW\xa5\x97\x1c\x12\x97\xae\
\xa2zQ\xd5i\x1f\xf2\xf0ccl\x05\x97\xe2\xce\x12\
>,F\xcd \x22\x17\x02\xb4\xd2\x04\x8c1 #\xa4\
\xb8t\xf1b\xaf?\x98\xd9Y7d\xc28b\x8c)\
\xa5\x1a\x8d\xb6\xeb\x89\xd5\x95U!\xa4R\xb1\x9d`\xad\
\xff?I\xd4\xd4T\xfb\xfe\xfb\xee\x22c\x80\xb1~\xbf\
\xf7\xd4\x93O\x1d;v\x9c\x88\xa28\x0a\x82\x1a0\xd0\
F3\xc6<\xdf\x0f\x82Z\x14'K\xe7\xce\x1f=v\
\xfc\xe8\xf3G\xe7\xaf\x5cVJ!2\xcey#\x08l\
\xc27c,'\xf8%\x00\xc6PJa{\xee|y\
\x115o\xcb\x17Z\xb6\x01\xe1\xb6\x0c\xc5\x18\x93S\x89\
\xe6h0Op2@\xf6\x7f\xcc\x92\x1bg\xe9\x22C\
\x02\x09!9\xe7\xc8\x19r\x06\x0cMF\xb5l\xf4\x90\
Q\xa0\xa4\x0d\xebBU\x09\xa3\x8dQJ\x17\xa2Is\
\x8fb\xee\x1b,)\xcd\x93\x14\xe8\xb1\xc0o\xaco\xaa\
\xea\xa7\xaa68\xf6\xe7\xc5\x83\xab\xe0m,\xca\xda\x04\
\x04VwN\xc2T%;\xe8\xe6K\xec\xf5*@#\
h6m\xdch\x00\x1b\xfak\xa0\xd0%\xab\xea\xc1\x18\
\x7f\xe0K\xb5\xe4o\xe2c\xac\xfa!\x8b\x8bw\xe9\x9e\
l\xa2\x10T\xb17l\x0a\xcc\xf2\xbbTl|X2\
AJ\xbb\xf0\x13\x19\x03h\xb41\x8a\x08\xc8\xd6\x0e,\
\x91\xe5\x1ac\x08hX\xb9\xde\x8c\x19\xd5\x90\x99TJ\
\xf76\xbf\x0a\x96\xbd\x83\x90\x01B\xdb\x01\xc8\x5c\x85\xc5\
\xda\x12\xd5\x14\xc1\xaa\x14KJ\xe4P\x90ca{4\
(\xd4\xbe\xfeB\x08\xeb2\x1c\xc3#*\xf9(<\x14\
\x8e\xeb\xb9\x9eo\xb5\xff\x97d\x9c|>\x92?\xf5/\
DW\x88\x0c\x00\xfe\xdc\xcf\xfc\xcc\xfa\xf2\xfa\x81\xc3\x07\
\xa4/]\xdf\xf7\xa4\x14\x8c3O0\xc9?\xfe\xb1O\
<\xf1\xf8\xb3\xae\x17$I\x92\xc4\x090h\xb5\xda\x07\
\x0f\xde\xe88\x8e!\xb0\xe3$\xb1\x94\xcb:IH\x85\
\xbd\xde\xea\xd2J\xa2\x94#e\x18\x86s\xbb\xf6\xbc\xf7\
\xef\x7f\xf3?\xf9\x81\x7f\xbc{n\xef\x1f\xfc\xe1\x1f\xfc\
\xc1\xef\xfd\xee\xbe]{v\xee\xd8Qo\xb7u4\xb8\
4\x7f\x11\x10\x00\x190n2d\x06d\x00H%\x89\
\x83\x8e\xe3\x06\x1a\x06)+\x08\x99DS\xd2\x8bz\xdd\
\x01\x91q\xa4\xb8\xeb\xae[\xb5\xd2\xa7/]^ZX\
\xbc\xf7\xee{v\xed\x9a\xfb\xcc\x83\x0fq0\xbe\xeb=\
\xf9\xec\xb3q\xa2\xbe\xfa\x1do\xff\x1f\xbf\xf7\xfbJi\
!\xb8\x06J\xb4\x92R.--=\xf4\xd0C\xef|\
\xe7;\xad\xb1\x8cqNF\xdb\xf7\x06\xb3Q\xa4\x94B\
\xc6\xc8h\xe4Lr\xe1J\xc7q\x5cGH\x06\x88\x13\
\x9fC6\xec\x89\x88(\xa5}$M`8d$\x92\
\x94\xd1\x9edoJ\xfa\x1e\xe5%+F\x1e\xcd\xc4\x8f\
49X\xa0\xf2|7\x8b\xf0\x9cd\xce\xfb\xdb\x12\xba\
V,\xfd&?\xb4Gkm\x88\x90\xb1\xac.\xe8\x88\
\x1b\x16\xc7\x9eb\x8bw\xec\xa5\xba\xc0\xeaG,\x10\xc0\
\x8c\xbd\x0f\xf9\x92W\x0c-\xa1B\x9d\x9eR\x9b\x8c1\
\xe2\x1c\x8cA2d\x10\x84\x7f\xf9\xcaU\x02\xe0\x8c\x1b\
\xa5U\xa29g*N\xa6\xda-\xdf\x11a?\x96\xd2\
\xed\x871d\xf5*|\xcf\xdb\xe8t^\xf7\xea75\
\x1bM\x03\x84dN\x1c;q\xfc\xd8\x09m\x0c\x00\xb5\
\x9a\x0d\xdf\xaf\x0b\xe9p)\x12MQ\x94\x9c9w\xee\
\xe9g\x9e\xb9|\xf9\xf2\xd2\xf22\x15\x938\x184\x9b\
M\xd7q\xb8\x10\x84\x06\xd3G\x04d\x80\x88\xa45\xd5\
\x1br\x5c\x17\xe0\xcb5\x18\x7f[^z\xd9\x06\x84\xdb\
\x92\x0a\x11\xe5d\xf7\x16\x04\x96\xaa\xcf\xe73,\x16\x94\
\xce\x5cq\x14B0\xce\x18\xe7\xf6+\xbbH\x18\x9b\xf8\
GF\xab\xd4\xd1W,<\x98\xa7\x0b\xa6\xa7\xd0\x86\xb4\
ITR\xb4\x8b\xdb\xb4\xc3\x1c\x0d\xe2h\x12WUw\
/m\x972\xc1J\x84\x9f0Y\xe9/\xfa\xd3\xc6\x82\
\xc3\x22\xcc\xdb\x04=\xe2h\x95\x88\xa2\x87'?\xb8\xf8\
\x08`\x14@\x16\x17\xa4\xcd#H\xc7>\xd3\xe2YJ\
\x10h\xec\xaf\xc6\xdaD)c\x8f\x80\x8c\xd0\xd5\xc6\x0b\
\xb1k9\xf1\xc6\xf6\xe7\x9a\x1d\xbe\xe6\xb5le$\x97\
\x9e\xe0X\xbc:\xd6\xcf6\x897\xa8\xd4lN\xabk\
\xd9Dmi\xf5\x5c\xf9\xd0\xc6`\xe6\xd9\xd3*M\x1d\
,\xb21m2f\xa8\x22\x93\x9eQ\xc91Xb\x88\
\x81\x02wh\xc97h\xf1^\xee\x1e\xc4\xd1\xd2\x82y\
\xd2`\xbea\x83_K\xf5$J\x7f'\xa5\x0eJ\x87\
\xe7\xdb\x8e\xe3z\x9e'\xa5\x03_\x04P\xb0<f\x8a\
w\xf8\xa5hO\x1b\xc5\xb9\xfc\x93?\xfa\xd0\xc3\x0f?\
\xba\xff\xc0\x0d\xc2\xf3\xbcZ\xc0\xa4$\xc65c\x8e\x94\
\x0f}\xea\x81O?\xf40\x13\xb2\xe68a8 \xa0\
]s\xbb\xf6\x1f8\xc0\x99\x80,cP)\x95Fg\
\x18\xddY__YZr=\xbf]\xaf\xf7\xfa\xfdW\
\xbc\xf2\xbe\xf7\xff\xd4O\xbe\xf1\xb5oy\xe8\xb3\x0f\xff\
\xc4O\xfc\xb8V\xea\xc0\x0d\x07\x18\x8a\xe5\x95\x15\xa3\x89\
\xd0\x10\xe7\x00@\x86\x90\x8c!\xc3\xd0\xd2}\x12CJ\
\xb4\xd2\xcc\x06\xad\xdaHo\xcb\xbb\x81\xf65 bq\
\x0cI<\xe0h\xf6\xee\xda\xa95^\xbe2?\xd3\x98\
\xfa\xda\xaf}\xcf\xa7?\xf3\xe0\xea\xcar\xbd\xd18~\
\xec8\x07\xf8\xda\xaf~\xe7\x1f\x7f\xe4#\x06\x883N\
DJ)\xcfq\x9f\x7f\xfe\xf9\x1bo\xbc\xf1\xf0\xe1\xc3\
\x86\x88#\x16l6\xa9\xf5P)\x95h\x95\xbe;\x8e\
\xb4Y\x06vh\x95^\x8a\xe1D\x94\xbf$\xe9~ \
KH3\x9cL\xd0\xd6\xa2\x1f\xb2X\x8d\xf3M}\x91\
`\xb3\xbfy\x19\xbb\xa0\x5c\xaf\x182E\xf6\xd7\xe1R\
\x92en\xbe\x84&\x9e\xcf\xb3\xabc\xcd\x7fPYm\
\xab!\xa3\xa5\x1fV\xf32\x00\x803\x8e\x80h\x00\x05\
\xe7\x5c\xac\xac,\xdb\xafU\x92\x10\x11C\x04\x80f\xa3\
155s\xe0\xc0\xbeSg\xcez\x81\x1b\xe9H)\
%8\x8f\xe3hjj\xea\xee\xbb\xef\xd6D\x9c\xf1\xf3\
\xe7/>\xf5\xf4\xd3Q\x12K)j\xb5z\xbd^\xe3\
B\x00\xe0F\xa7s\xf5\xf2\xa5A\xbf\x1f\x86a\xde%\
\x8bQ\xf3\x8f\xae\xeb\xa6\x9a\x18\x03\x02\x22m U\xc9\
Pp\x8e\x08d(\x0b\x19\xfd\xa2\x9bo\xb7\xe5\x8bS\
\xb6\x01\xe1W\xb4\x14'A\xa5T\xee\x1eTJ\x15\xe9\
\xefK\x80\x10\x0aE\xcb\x8a\xae\x03\xce\x18\xe6k\x0f\x10\
\x98\xa1\x7f\xa3\xe8\xf4\xcbK\x0eR\x96I\x98\xd3\x8d\x1a\
ei\x13t\xae\x0d\x17\xf4g\xa2\xd1\x90Q\x18u\xe8\
\x8dU\xe2\xa1\x92yU\xdc(j\x09\xd55\xa3\xe8\x99\
\xa9zi\xcc\xb8\xb2\xef\xa5\x0e\xe4h\xb0\xda\xabM\xec\
\xc7%}\xa8\xb8\xbf\xd4Hi\xff$4UD>\xa5\
\xe5\x9c&;\xca\x8a?\xb7O\x04\x19\xe6q)6V\
\xa8\xc4\xf9\xbe\x09\xde\xab\xa6dL\x1a\x90c\x7fU\xdc\
(\xa2V\xbba\x0a\xaaa\xf1J'\xb5_\xedL\xf1\
\xbcc\xcb\x84\x94\x1e\xf7H\x0d\x86,\x11\xd1\x14\xaa\xc3\
[F\xdc\xbc\xde\xa6\x0d\xa8#c\xf2t&\x22BJ\
\xdd\xb0\xc6\xea\xb66\xf8\x99\xc0\x90)\xf6\xa7\x04\xe3a\
\xd41X\xca\x0c\xac\x22C\xcc\x0aK\x94<\x81%o\
a\x9a\xf4X\x01\x84i\xd2\xe0(\x02\x1c\x0b\x08\x8b\xdb\
9\xc3\xb0\x90\xcc\xa6Vz\xae\xef8\x9ee\x84\xff\xe2\
\x91<\x0cq\xe8*\xa4k\xeb\xb5\x9bi\xab\x04\x04\xa4\
\xb5fB>s\xf4\x99\x9f\xfd\x99\x9fk\xb4\xea(\x8d\
AT\xb1\x22ebD\xc7qO\x9f<\xf9\xe0\x83\x0f\
#\x17\x88\xd8\xe9t\x928\x9e\x9a\x9d\xd9\xbf\x7f\xbf`\
\x1c\xb3\xaa$y\x1eu\x94\xc4k\xab\xab\xdd\x8du\xc7\
\xf7\x0cP8\x08\xbf\xe3{\xbf\xfb_\xfe\x8b\x7f\xdeh\
4~\xea\x17\x7f\xe6\xb3\x9f\xfc\xd4\xfe}\xfb\x83\xd6t\
g\xa3\xabT\xdf\x8e4\xa5\x0c@\xc6\xb8\x08H\x04v\
\xb4YO4!C\xe9\x18\x03\xa4\x89\x18\xb3\xc9\xbf\xf9\
\xcb\x01\xa9W\x0d\x13\x04\x15*\xa5\xcd\xae\xdds\xdd\x8d\
N\x9c\xe87\xbc\xee\xf5O<\xf3\xe4\x85\x8b\x17\xeb\x8d\
\xc6\x893g\xef\xb9\xed\xf6\xd7\xbd\xe2\xe5\x0f|\xf6\x11\
K-k's\x00x\xe8\xa1\x87\xf6\xee\xdd\xeb\xba\xae\
1fH\xaa\xc1\xd0\x10Y\x8f:S\x09\x11\x09!\xa4\
L\xb9\x97J/\xf5\xd8\x173\x0fP\x87\xd4%\x95_\
\x1d\x11e\xf4V4\xfe\x89T\x1f_\xd5\x12W=u\
\xf5\xb0-\xcec0:\xd5lr\xc0\xe6\x92\xdf\x96\x22\
\xb9\xd7\xe7\x83l\xb7\xf8\xc31\xddF\xd4J\xdb\xf9$\
\xcd0\xbf\x963p\xac5s\x8bHo\x92Co\xeb\
\xd7\x98\x1b\xf8Jk_\xb5\xb5\xb1O\x8a\x8c\x19\x964\
,t\xc9F\x992d\x00\x86q\xa6\xb4^\x5c\x5c\xe4\
\x1c\x8d!\xa5\x13\x22cck\x9b\xad\xd6\xf2\xea\xda\xd7\
\xbc\xfbkN\x9f9w\xee\xfc\x05\xe9\x08\xa5\xb5#\xa5\
N\x92[o\xbd\xd5\xf1\x5c\x0d\xb0\xb1\xbe\xf1\xb9\xcf=\
\xb1\xb8\xbc,=g\xba\xd5\x0ejuE\xd4\xefu\x96\
\x97\x16\xd7V\xd7\x8d-\xe6I\xe9|T\x5c\xe5\x01 \
\x08\x02\xd7u\x05\xe7\x8c3\x00P&\x11\x9c\x0f\xf5 \
D\xa3\x8d\x94n\xa3\xd1\x80m8\xb8-[\x96m@\
\xf8\x15*%?\x89E\x83I\x14'q\xac\xe2\x02\x9d\
L\x92\x14\xf3\x970[\xdaq\x5c\x8d2\xc8\x0a\x01\xa5\
\xdam\xa6\xe3\x16\x83E\xabR\xf4\x19\x02\x11 \xd8\x12\
\xf6@\x80\xc0\x18\x02\x18\x80\x8c\xda\xcb\xf6g\x12\x01\xe3\
\xa4\xbfU0\x86\x95\xf4\xb0\xe2\x01c3\x0c\xf3\x8d\xe2\
\xcf7\xd7\x0f&\xad\xdc[T\x05\xa8P\xe5|R\x0b\
\x93\xa2U\x8b\xed\x14\xb1\xd3\xd8;\xb3I\xafFnZ\
\x0a\x09\x99I\x89\xe3'\xc6\xd0n\xd2\xce\xa4\xd5\xbd\xb8\
Z\x97\x00jIY\xa4Q\xcf\x9e\x05S\x80i\xddj\
\x18\xa7CP\xc5IX\xc2\x8d\xa5>\x17\x93\xfaJ>\
\xde\x1c\x86\xe5\xfe7\x1a\xad\x0b\x9f\x192F\x82\x9c3\
\xc4\x97\xb92\xd2\xc6\xad\xdd$\x1d\xcd\x16.\xa6=a\
h\xb9\x13\x8b\x08\x10FA`1\x1ct\x92\x93pR\
P(\x8e\xd6\x9a/b\xc2!\x1ad\x5c\x0c\xf9b\x18\
\x17\x22\xafA_E\x80E(\x98op\xce\xa5\x14\xae\
\xeb\xb9\x9e\xcb\xc5\x17\xddZC\xc5$5;\x08S<\
DC\x5cD))\x8a\x85S\xa9+\x84\xc0\x90\xce\xf7\
\xda\x97\x81qBd\x80\x1c\x01\x05\x17\x00\xf0\xfb\xbf\xfb\
{\xf5V\xf3\xd0\xe1\x1b|\xdf%\xce\x92(\xd6Q\xa2\
\x19\x85a\xff\xe9\xa7\x9e\x89\x93\x84qI\xa4\xe3(j\
\xb6\xdb\x87\x0f\x1ev\xa4K\x86\x8c\xd6D`\xb4\xd1F\
':I\x92hmy\xa5\x1f\x0e\x08\xb1Q\xafmt\
\xbb?\xf0O~\xf0\xc7\xff\xef\x7f\xf7\xcc\x0bG\xff\xc9\
?\xfd\xc1\xc0q\xee\xbb\xeb\xbe\xde \xec\xf7Cc(\
\x8b\xb40P4|@\xeaO3DJ\xc5Z%\x9c\
I\xd7\xf7M\xa2R2(D\x22\x93\xdb)\xd2\xbf\x08\
\x00h\x10\x13m\xe2~_\xfa\x0e\x0a\xdd\xedt\xef\xb9\
\xeb\xae\xe9v\xfb\xf8\xd1\x17\x84#\x8e\x1e?v\xebM\
7\xdfq\xe4\x96\xe7\x8e\x1dw=\x9f\x19\xad\xb4r]\
wai\xf1\xc9\xa7\x9e|\xcdk^\x1b\xc7\xb1\x90\x22\
\xb3z\x18`\x88\x9c1J\x9d\x81B\x08\xc7\x91\xf9\x80\
,>\x17[5\x0e\xc6Y\xa9\xd2\x05\x81\x08\x10\x14 \
\xf0\xf4\x19\x22\x8d\xe0\xbe\xea\xe6\xa4\xb9n\x13\x93\xdc\xe6\
\xf6\xbbM\xc2\x19&5\xbeu \x97'\xf1\xc28\xcb\
 \x00\xe4)\xfd\x9f\xd7;0\xb9\xdb\x95\x89\x9a\xb4V\
\x8e\xe3\xa5\x9eeD\xb2\xdc\xd1\x13\x08{\xc6\x06el\
\x0e\xed\xaa\x13\xf2\x8b\xbe\xba\xa2q\xb0tQ\xa5\xc5\x85\
\xc6\xf9\x09\xd3l\x17['\xb3\x92\x9d\x98\xf2o#c\
L\xf66V\x96\x96\x968\x17\x94\x06\xfd\x83\x0d\xcbn\
6\xea\xab+\xab\x8e\xeb|\xc7w\xfe\xfd\x9f\xf9\xe9\x9f\
\xeb\xf5\xfb\x9e\xe3DQ<5\xd5\xbe\xfd\xb6\xdbc\x02\
\x95\xe8\xa7\x9fz\xe6\xfc\xb9\x0b\xae\xef\xcf\xec\xdc\xe1;\
\xfe\xa0\xdf_ZZX]Y\x8e\xc2\x08\x11\xeb\xf5\xc6\
\xa0\xdfWZ\x97\xee\x02\xa2\x8d\x9c6\x88(\x1d\x8f1\
0\x06\x10\x99&\xc3\x90Aj\x93\xd7\x86\x883\xee\x05\
\xfe\x17bxl\xcb\x97\xab|\xd1-\xd2\xdb\xf2\x05\x15\
\xca\x0cN\xc5\x99\xb1\xdf\xef\x1bc\xe2(N\x92D%\
*O\xea\xb3T\xf8Ee\x17\x11\x19\x22B9\xfc\xac\
\xb8\xa2\xa70\x06\xa1Za\xa2\xb8Q\xa4\x12\xb5N\x15\
kz,\xa6\x0cR\x85d_\x08Qd\x9d)9\xc7\
\xaa\x88\x0e&8\xd6\xae\x99[\xb8\xc9\xc6$L5\xd6\
9\xb6\x95%\x8dFCVh\x5c\xecJI\xc6\x1a_\
\xab_\x8d\x9c\xa5\xb2r_\x97\xe5\x952\xca\xec\xdc\x5c\
\xfd\xe2V\xebI\x96\xda\xb1jYu9\x87\xd1\xe59\
\xdfs\xcd\xae\x14[+\xa9\x83\xa5\x87X\xdd\xce\xcfU\
\xf4O\xe6\x17R\x1c\x87\xf9m)3\x82R\xee\x184\
\x84@\xc5\xa6\x8b\x86\x89\x5c\x0f\xae$\x0a\x16}\x05X\
 \x11-&\x07V\xd1`\xf1\xf5,\x06\x85\x16\xc3D\
\xcb\x01\xa2\x19yL^q\x9e\x89\xcc\x13\xc8\xd3\x7f,\
OL\x11\x1c\x96\xb8d\xf2:\x13\x9e\xe7I)\xbf\xa8\
bD\xcb#\x0d\x01\x00\x90\x08\xb39\xc3>(@\x8b\
\xa1\x0c\x00\x80a6}\x1a\x08\x0d\x99(\x8e]\xdfw\
\x85\xb4\xfeN\x0b\xd6\xb5\x89z\xfd\x8dN_\x1d?u\
\xe6\x85g\x9e}\xe4\xa1\x07/]<?\xb3c\xe7\xea\
\xc2R\xdfu\xac3!\x06\xe0\xc8O\x1e?q\xe9\xf2\
e!\xa4\xeb\xba\xeb\xeb\xeb\x8dV\xf3\xa6\x9bo\x0e\xbc\
@)\xad\x94&0\x88\xa8\x8c\x8a\xe20\x8e\xe3\xd5\xd5\
\x95\xfe\xa0\xe7\x04\x81\xe7\xfa\xeb\xab\xcb\xbf\xfe\xdf~\xf3\
[\xbe\xf1\x9b?\xfc\x17\x1f\xfe\xad\xff\xf6\xdb;\xa7\xa7\
\x0f\xec;\xd0\xef\xc5\x0c\x99#e\xbf\xd7K\x12\x05\xd6\
\xb9\x91^X:\xf4\x8c\xd1Q\x14\xc7*&\xa3\x97\x16\
\x17fw\xcc\x09G\xf6\xa3(\xb7\xa0Xs[\xf9E\
\x032@\xdah@\x8c\x12\xe5p\xd1j5W\xd7\xd6\
\xf6\xef\xdd'\x18?v\xec\xd8 \x1a\x9c\xbf|\xf9\xc8\
-\xb7\xac\xac\xad^YXv\x1di\x93\x1e\xa5\x94O\
=\xfd\xf4\xe1\x9bn\x9a\x9d\x9d)\xbd\xef\x98\xd1\x14\x19\
c\xb2\xacRQ\xa4$\xa5\xd1?#\x1b\x85O,\xb5\
\x13Z\xbfgV\x01\x81\xc6xC\xbe\xa0A\xa2[\xc7\
\x84[9\xd2\x8a}\xa76\x99\x9c\xedWRJ;'\
\xdb0\x84/\xdc5\xa6\x8d\x1bc\xa7\x05\xc8\x8ayP\
fN\xa1\xac\xfe\xc45W\xab\xb1\xfd\xdcd\xd1,N\
\xb6\xd7\xec\xe7&\xeb`\xd5\xf0W:En\xf8K\x7f\
\x85h\xc0\xa4D:\xa3-\xa4\xc7\x1b\x83\x80\xae\xe3^\
\xber\xa9\xd7\xeb\xba\x8eCDJ\xab\x0c\x85\xf2Z\xbd\
\xde\xedu#\x95x\x9e\xf3\xaew}\xcd\x1f\xfc\xc1\x1f\
\xda\xd4\x97\xc37\xdf\xdc\x9e\x99B.\xae^\xb9\xfa\xc2\
\xf3G\xa5\x94\xfb\x0f\x1c@\xce\x17\xae.,-,\xf4\
\xbb\x1bJk;\x88{\xbd\xde\xd8\xea\x9av\x8a\xefu\
\xba++\xcb;w\xce\xd9\xc7 \x04\xb7+\x112\xcc\
IM\x8d1\xec\xcb\xb1\xb2\xeb\xb6|\xe1d\x1b\x10~\
e\x09\xa5&\xe3\xac\xe2/\x11\x22\xae\xaf\xaf\x13\x11g\
,\x0f\x13\xcd\x8bMX\xdc\x05)\xa7(K\x95'D\
\x86\xcc\xe6\x84\xe4\x8a\xa9\xf5w\x18$\x03\xc6\x10\x81\xa1\
\x1c\x0aN\x02\x81\x16\xda\xe5\x1aC\xb1\xbc\x84\x19\x0d\x15\
\x85Q\xed\xdc\xea\xbb%\x8e\x99\xad\x07g\x16M\x83\x9b\
\x00\xc2\xfc\xa4c\xbdpcm\xcc%\xa3\xe35\x9eE\
\x05\xa2\x94@\xe0&\xedL\x82Oe\x10\x85\xa3\xc7\x17\
\xeat]\xf7\xc8\xc9h\xc79\xe7\xb6\xecQ\xee\x88\xd8\
\xfa%oQ\xc6\xda\xc5\xa1\xb2*C\xe6\xca\xc0\x116\
\x09\xb0q\x89\xc5.\x95\x5c\xa3\x93n \x8c\xd2\xea\x14\
\xf7\x8c\xed^\xd5\x93\x0c\x15\x18il\xf5f\x02\xca\xca\
W\x18\x1cn\xa7\x03\x0c\xb2\xb0\xba\xec\xc5\xc4\xc2Yr\
\x14\x9a\xd6\xfc\xdc\x1a}h5:\xb4\xe4\x12\xb4\xfbK\
\x91\xa2E\xc9\xfd\x81\xb6\xd2`\xea\xf2c#\xee\xc1J\
\xde`\x16(\x9aA\xc1/\x9eZ\xf3\xe3tJ\xca\xec\
$\x04d\x13\xea,S\x042dL0D\x0e`\x00\
\x108Z&\x8d\xd8\xe8\xf5\xb5Ngu5\xd1*\x8c\
\xa2+\x17\xaf\xcc_\xbd\xbap\xf5\xc2\xe2\xe2\xfc\xe2\xc2\
\xea\xe2\xfc|w\x10\x0a\xc6\x17\xe6\x17\xa4\xef6j~\
\xa3\xd3s\x1a5\xa3A\xa2\x90\xae\xdfn\xd4\x1fy\xf8\
\x91\xcf<\xfcY\xa5\x95\x10\xa2\xdb\xed\xba\xbew\xe8\xd0\
\xa1 \x08\x8c\xa1D+C\x06\xd1\xce\x96\x89\xd1z}\
u\xb5\xd7\xef\xdbyv\xd7\x9e\xdd\xff\xcf\xaf\xfe\xe2{\
\xbe\xf6=?\xf7\xf3?\xfb\x89\xbf\xfe\xf8\xed\xb7\xdf&\
\xa5\xd3\xeb\x0e,q\x17\xe7\xac8\x97\x16\xec\x11\xa8\xb5\
\x19\x0c\x06\x83\xc1 Jb\x95\xc4k\xab\xabs\xbb\xf7\
\x12c\x19\xd9\x0b\x94P\x14a\xf1\xa6\x81-z!\x1c\
\xae\x94\x12BLOO/\xaf\xac\xcc\xce\xce*\xa5N\
\x9c8\xb1\xd6Y\xf7W\xbd;n=\xd2\xe9<6\x88\
\x94\x94\x22\x8ec\x22\xea\xf5zO<\xfe\xf8;\xde\xf1\
\x0emtZ\x8d6\x9b\xba\xado\x90\x88lTq>\
\x9es\xdd;\xff\x93\xbf\xe0@#\xaf\x95\xed \x120\
\xcbtM`\xb2\x89\x1a\xc6N\xe3p\x8d\xb7~\xd3A\
2\xd1\xa8\xb7\xc5\xfdcc\x10\xc6J\xfe\x1anqH\
\xe7\xef\xaf\x0d\x9c\xd9\xe2\xaf\xb6(%\x8b\x9bR\x1a\x01\
\x08m\x9c\xbb\x1d9\xd95ay\xae\xde\xfarP\x84\
|\x9b\xac\x9e\x9b\x83\xbd\xb1mnnQ\xadvud\
9\xb6%-\x89\x08\x90U\x9c\x8d\x88h]\xee\x82\xf3\
\xf5\xb5uD\xc69#\xb2\xb6>[\xaa\x91M\xb5\xdb\
\x80\xa8\x13\xd5\x8d\xf5\xd4\xf4\x0e\xdf\xf7\xd7\xd7\xd7w\xcc\
\xce\xdc~\xc7\xad\xdc\x15Q\x7f\xf0\xf8\xa3\x8f\x1a2\x87\
n\xbc\xc9\x00\x9d9}riq\xc1(mo\xa5\x0d\
\x13\xd9lt\x11\x8bU\xbc\xbc\xb2h\xcbz\x1am\xcd\
@DD\x0c\x91\xd9\xea\xd0\x88\xcc\x95\xd2u \xab\xfb\
\xb2-\xdbrM\xd9\x06\x84_Yb\xa7\x06\x03\x04F\
\xc7Q\xe2z.\x00x\x9e\xb7\xb8\xb4T\x0b\x02\xa5u\
\xa2\x928I\xa9erl\x86\x98\xb2K\xe7!\xa3\x0c\
\x19\xa0\xe5<F\xb0Zo\xa6\x0a\x9b\xd4gb\xb4\xd2\
%\xf7`\x89h\xd1&\x9cX\x98\x91\xa3A\x1a\x0d\xb4\
\xab\xfaQ\xec\x85\x10\x91]8\x93$)-'\xf6\x80\
\xd2\x02Y\xc5o\xd5\x9f\x14\x0f\x18\xebD\xaa\x22\xc3\xe2\
1\xa5U\x8a&\xb8\xa4\xb6\xd8\x08M\x88f\x9ct\xc6\
\xea\xcf\xe1Z\xd6\xf1\xd25\x96~;\xe9\xa3\xd5\x0b-\
&Os\x0b\xaf\x95\xad\xb7\xc9y\xb7.\x9bx\x0b\x01\
2\x9d6\xb5u\x8c\xcf\x08\x1a{KK\xf6{\xac\xa4\
\x0b\xe6g/J\xaes\xe7I\xadE\xef\xeeP\x7fE\
@\x00\xa3s\xe7`\xee\xf9\x1e\x19`E\x07Z\x09\x07\
\x16\xb1\x1f\xab\x94\x98/\xb9\x07K{\xaa\xf0\xaf\xe4\x12\
dYu\xc1\x225\xd4p\xa3P{\xb0\xe0\x08d\xc2\
\xd6\x98\xc9\xaa\xd0\xa7N\x1e!\xb8\xe0\x82s\xc7q\x5c\
\xcfs\x1c\x97q\xf6\x85\xf5\xcel*\xa3\xbe\xa2T\xc3\
\xb2c\xc3\x86\xe2Z\x8fRz\xa3\x90\x03\xa6\x9e\xbe\x5c\
\x19\xd7*\x9e\xbft~ue\xa5\xd7\xeb.ot\x8e\
\x1e?q\xfc\xcc\x99\xe5\xf9\xc5$\x8cT\xac<\xc7u\
\x1c1;\xbb#\xa8\xd5v\xed\x98}\xd3\x1b\xde\xd4h\
\xce\xb6gg\x0e\x1c\xd8\xbb\xb6\xbc\xf8\xef\x7f\xe2?*\
\xa0f-\xf0\x85k\x90\x90q\x06,\xa6\xe4\xc4\xb3\xcf\
}\xfa\xd3\x0f(c\x18\x80R\xcau\xdc\x9bn\xbc\xa9\
\xd9j\x19\xa2D\xa9D+\x00@\xa3\x95N\x94R\xeb\
\xab\xab\xab\xabk~\x10\xcc\xee\xdc\xb1\xb2\xb1\xfe\xfe\xf7\
\xff\x87w}\xd5\xdb\xff\xf1\x0f\xff\xe0\xfa\xf2\xea+\xee\
\x7fY\x94$*1\xb6d(\x01\x22\x13R:q\xdc\
\x05\x1bL\xa85\xd8b'\x86\xe28\x09\xc3p0\x08\
7\xba\xeb\xbdn'Nb\xe9\xba`\x8c\xbd\x13\x96\xb1\
\xd3\xde+cl\x19R\xb2Z)\x22\xcb\x826\x08\x13\
B.H\x1b.E\xbb\xd5\xeav\xbb;w\xeeL\xe2\
\xf8\xd4\x993\x0bK\x8b\x87\xf6\xed\xb9\xf9\xf0\xe1'\x9e\
}\xde\xd6\xd4H\xe2\xc4q\x9d\x93'O\xdeq\xc7\x1d\
{\xf6\xec!c\x10\x99\x81a=\xcf\xe1\xc0\x1b\x8d\x17\
-\xfb\x82(\xe31\xa6\xf4[c\xdd\xb4D\x84\x04\xc6\
\xe4\xef6L\x06\x09\x9b\x94 \xdc\xcaD\xb4\xf9<\xbf\
\x95\x9fo\xd1\xc1e\xe9\xa9^\x84Y\x0d\x11\xa5\x94\xf9\
z\xfa\x05\x12\xa3\x0dK\xd3M\x87\xf7\x1a\xd3\xd7hh\
\x83\xcb\xbbT\xbdW\xa5\x9d\xa5;s\xcd\x0b\xdf\xdc\xfd\
X\x9a\xc6K\xc7_3\x1a\xa5\xb2RcZ\xd3\xcf\x10\
\x8c[\xc4\x01\xc9*>\x0b\xf3Wm\xcc\x04X\xa7\x1c\
\x18@p\xa4l4\x1a\xc8\x10\x01\x956a\x14Y\x92\
\xf6\xdd{\xf6\xec\xd8\xb1\xc3$\xea\xd9'\x9e\x8az\xfd\
\xdb\x8e\xdc\xba\xbc\xb6~\xf6\xcc\x99ng=3\x11\x12\
\x8c\xb3&\x8c\xde7\xeb\x17\x87\xf9\xabW\xc9h.\xb8\
AH\xb41\x8a\x10H\x93\x89\x94f\xc8%gA\x10\
\xb8\xae\x07\xb0\x9dD\xb8-[\x95m@\xf8\x95\x22\xf9\
4c\x0cp\x86+\x1bkd\xc0\x0f|\x00\xaa\xd7\xeb\
k\x1b\xebQ\x12':I\xb4\x8aUR\x0cDa\x8c\
\x81!\x83\x06r\x15\x9cc\xc6.\x86\xd9\xea\x90)\xbb\
dH\x1b\x93\x11\x8a\x96*\xce\x17\x93\x06\xed\xb6\x10\xa2\
\x88\x06\x8b\xbeA\xc8\xfc~E\xf8T\x9a\xee\xadb\x91\
$Iqu\x19\xeb\xae\x19\x0b\x1a\xa1\x82\xfd\xb2[T\
\xa9\xb97\xce1X\x94|Y\xa2Jd\xe35W\xa3\
b#yo\xafiW\xde\xdcJ\x9a\x1e3n\xf7\xd8\
\x83\x8b\xbd\xc5\xd1\xc8\xd5\xd2\x8a\x8bYUI>\xccb\
\x1fo\xd3-\x9en\x13\xcd \xbf\xf0\x92\x87s\xec\x01\
c?\xda\xf1=v\xd5+Z\x9dK\x06\x85\xbc\xa9\xea\
\x18+\x9d\xabh\x1e\x86*\xfc\x1b5.Xe\x95\x88\
\x10\xb2\x18$C\x06\x0cY\x9f\xb6\xad\x9a]\x89\xf8\xc5\
\x8cD.E}\xd6\xe6RI\x11\x84\x0a\x8bL)(\
\xb4\xe8$,\x86\x80\x96r\x05\xc7\x93\xc7\x8c\x12\xc6\xe4\
\x1b\x92\xdb\xf2\x12RHf\xbf\x91BH\xeb2d\x8c\
\x0b\x87\x0b\xc1\x85p\x1c\xe1z\xae\xe3:\x8c\xf1\x14]\
\xfd-)\x22D\x06 S\xae\xec\xd3\x00D\xce8\x22\
C(\xb9,\x07Z]^\xba:\x7f\xf6\xe2\xf2\xc2\xfc\
\x95\x8b\x17>\xfb\xc8\xe7.^\xb9DdL\x1c!\x91\
\x1f\xd4w\xce\xcd\xb9\x5c\xec\xd9\xb3\xe7\x8e}\x87n\xff\
\xea\xaf\xb9\xf1\xe6\x1b\xbdZs\xc7\xce\xdd\x5c\xb0\xd2Y\
\x01Q\xa9\xf8_\xff\xf3\x7f\xb6\xb4\xb8\xb4k\xf7\xee(\
R\x89&\xc19c\x06\x10\x07a\xff\xe1G\x1f!@\
)$\x91\xe6\x5c\xdcp\xc3\x81\xe9\xe9i\x03\x10\xab\xd8\
2:\x03\x00#\x13%jq~~mu-h4\
\xdaSSq\x18~\xe8C\x7f\xf0\xaa{\xef\xff\xa1\x1f\
\xfa~\x00\xbc\xe7\x9e\xbb\xd7:\x1b\x04\x88\x0c\xb3`d\
\x04\xc6\xa4\xe3\xc6\xab+d\x99\xb7\x0c\x01\x80\xd1:\xd1\
Fi\x1d\x86\xe1\xea\xea\xca\xda\xfaj8\xe8\xf9\x8d\xa6\
\xe3\xfa\xa8\x15\x90FD$@Lg<\xce\x98\xa5\xcf\
\xb5z0\x192&\xe3\xf12\x8c\xc0 \xe3F\x1b\xc1\
E\xa3\xd1\xd8\xd8\xd8\xd8\xb5g\xb76\xe6\xcc\xd93\xf3\
K\xab\xed\xa9\xd9\xb9\x9d;\x96\x96\x969\xe3v\xba\x8f\
\xc8<\xf9\xe4\x93\xbbv\xef\x06CB\x00Cf\x86D\
\x88\xcc\x9a\xf3\x90!0,\xba\x89F\xbcM\xf9[\x99\
\xbf\xb3\x99\xba\x8e\x08\x9a4\xd8\x04H009\x99\xad\
\xf8\xce\x96\xde\xdf\xd2,1i\xf6(}\xac\xda\xd1\xb6\
2\xa5o.\x8c1g\x5c\x0d\xf1If\xb5j\x9bv\
6\xde\x1c\x13^o\xdcJv\x22\x022F\x93\xe3H\
\xcc\xa6\xd94\x8d\x13\x10\x0a\xc1\x96[A\xcbXp\xb8\
m\xb2\x04T\x97\x83M\x1a\xccH\xb0G\x0c\x85\xb4i\
\xc7\xaaK\xed\xe8jB\x88HfR\x0b\x08\xa8\x81\x10\
\xc8,--h\xad\x19\x17y\xdc\x86&p9w\x5c\
Oi\x02$&\x986Ji\x8d\x883;g\xb9\xe0\
\xa7O\x9c^]Y\xdf\xb7o\xef\xa9S\xa7\x16\x97\x97\
\xa3(B\x02@\x96\xde\xeaB\x0f\xb1\x90(\x9e\xdf\x90\
\x94\xa8\x09\xe0\xe2\x85K\xcb+K\xfb\xf7\xed\x97R\xb8\
\xda\xa8DG\xb1\xee\x87q8\xe8\x0ez\x03\x9e\x06\xfb\
o\xd5\xdb\xbc-\xdb\x02\xdb\x80\xf0+M\x08\xc00\x02\
\xa3\x16\x17\x96\x0e\x1f>L\xa4\x11\x99\x942\x08\x82\xf5\
\xf5umL\xa2\xb5\xad5Q\xa2\x15\xcdi-,\x0e\
,a\x1e\x1a\xad\x1d_B\x80\xa50Q\xadu\x92$\
\x90\x06\xa2\xa8b\x9e!d\xb1\xef\x941[\x96\x5c4\
E\x07`\xbe\x12X\x82\xbbR\xd6\x16^+\x1ct\x13\
\x17\xe2\xa4\x9dU$Y\xeaUi1\xdb\xa4\xe5b;\
\x9b\xb8\xad6\xff!T\x14\x8e-:\xdf\x8ag,\xad\
\xca\xd5\x8d\xfc2\x8b\x1d\xb6\xf7\xdf\xe6\x02m\x9eO8\
\xc9IX]\xa1a\x1cn\x9ct]\x98q\xbe\xb1\xd1\
\x82Qc\x1d\xb3\xd5\xa7\x0f\x15e\xaetL\xf1\xaa\x8b\
JFi\x00\x8c\xfdhc\x874i\x00\xb0\xe3\x9b2\
O\x05bZ\xf8\xadxuU\xd7_n\xef(\x02\xc2\
\x92\x9fp\x12_(\x16\xf2\x03q4W\xb0\x0a\x02\x87\
\x85%2\x10X\x02\x84\xb6\xc8`\x8a\x0c\x05\x97\xa2\x1a\
2*\xa5t\x5c\xdf\x97\x8e\xfc[`\x8e\xb1jT&\
\x19\x80\xb68c\xe4@\x03f\xb5\xbb\xba\xba\xb8|\xf1\
\xc2\x85K\xe7/,\xce/\x5c\xbet\xe9\xd4\xe9\xd3\xa7\
\xce\x9f_Y[;\xb4w\xffm\xb7\xde\xbek\xf7\xae\
f\xbb\xfd\xe6[o\xbe\xfb\xb6;n9t\xc3\xdc\xee\
\x9d^\xbd\xeex\xf5\xd2)\xad\x03\x92\x88l\xf50@\
d\x80J+)\xe5\xcf\xfc\xf4\x7f>w\xfa\xc2MG\
\x8eDJ1\x8e\x88h\x80\x8c\xd1\x0c\xf1\xd3\x0f>\xb4\
\xb0\xb8(\xa5\x8b\x08\x8e\xe3\xcd\xcd\xcd\xed\xd8\xb9\x13\x19\
\x1a\xa5t\x9c\x98X\xdb\xa0y\xc6h}ee}m\
\xdd\x0f\xfc#w\xdc\xbe\xb0\xb0\xf0\xab\xbf\xf8k\xaf~\
\xe5\xab\xff\xe1\xf7|\xf7\x0d\xbbv\xef\xd9\xb7\x7fem\
\x0d\x18\xcf<\x9c\x19h\x22\xb01\xff\xe9{a+\xfa\
\xc4q?\x0c{\xfd\xc1\xfa\xfa\xfa\xca\xca\xca\xfa\xc6\x1a\
\x90\xf1\x9b-7'\xa3\xcf\x9c\x83yV0cL\x93\
I\xd9\x83\x19\x1a\x22\xa55\x22 1$TZ\x0bD\
[P\xbe^\xaf\xf7z\xbd={\xf6DQ|\xf9\xca\
\x15\xd7Mn\xd8\x7fpmu\x9d\x88\x18g\x89R\x8e\
\xe3\x9c>}z~~~\xdf\x9e=J)`#\x9a\
\xfap\x18O\xc8\x13#\xa2\x89\xd3\x9fE\x22&\xd3\xda\
\xf3\x9dc\xf1L)l~\xf2\x84P\xfa\xf6\x9a;_\
D#\xd5o\xed\xad\xb01\xb4\x93\x0e+\x06bT\xed\
S\xb9\x08!\x00`\x13L\xb8\x89)p\xd2G+:\
\x1b\x1bv\xe6\xb2\x0c\x9c\x94E6P\xe6{/\xfdj\
\xd2\xcc\x9c'\xac\x96.\xa4z\x81\xc5\xd4V\x18]\xb6\
\x8a;s\xe5$\xdf\x93\x1fS\xec\xc3Xp^2}\
V'\xf9\xe2\x82\x9e\xe6\xaa\x10\x09`\x06\xd9 \x8aW\
WV\xac\xfe\x22\xb8\xc38G\xa3\x01\xc1\x91\x8e\x94\xa2\
\x1fG\xda\x100H\xb4\x02\x06\xb5F}\xef\xbe}*\
N\xce\x9f?\xaf\x8c~\xee\xe8\xd1\x8dN\x87\x003\x12\
\xbe\x11\x93k\xae\x0b\x15o\x9a}\xb2\xb6\x1bR\xca8\
\x8eO\x9e<\x09D\x1c\x10\x8c&Cn\xd0j7\xdb\
3M\xff\xf1G\x9f\x08\x95\xb6\x85?a[\xb6e\xcb\
\xb2\x0d\x08\xbf\xb2\x84\x088\xe2\xfc\xc2\xd5\xc5\xf9\xb5#\
G\x9c$Q6}\xdds\xbdU\xb3j\x89\xf2\x95\xe5\
k1\x04\x006f\x08J8a\x14\x1eX)\xa5\x0b\
\x96\xaa\xcf\x97\x12\x08\xf3\xbc\xaca\x91\xee\xcc\x19\x98W\
\xa4(Q\x89\xa2\xe5+/\xac\x109\xa2\xc3B\x08\x1f\
\x8c\xd3\xec'm\xc0\xe8z0z\xa3\xd2T\x16\xaap\
\x1a\x14\xf7\x8c\xb5\x19O:\xd7\xe4\x872>!pR\
ZHi\x95\x1d\x0b)\xb7x\xc6\xad\x98`K\x87\xe5\
\x1bi\xed\xe9B>\xe7\x16\xcf\xbey\xfb[\xe99\x16\
\xca\x0d\x17\x1f\xdf&\xf7a,l.\xba\xf5\x8a\x07\x97\
p\xe0&\x8f\xa6\xf4\xb8\xd3\xfd&m0\xfdh;\xc9\
R\xed)op\xc4\xc829L\xb4\x88\x12\x8b\xdb\xd5\
\x14\xc1\xe2\xceR\xd2`I\xca\x98\x903\xce\xb8\x94\x92\
e\x85\xe6\xf3\xba\xf3\x9csGdl1\x9cI\xc9\x87\
\xe1\xa1\x9c;\xae\xeb:\x9et\x1d\xc6\xc5\x17\xd2\x1f\x98\
?\xa6\xe1\x0bH\x00\xcc\xde\x8a\xca3JT\xb4\xb8\xb2\
8\xbf\xbc|ua\xfe\x85\xa3\xc7\x8f\x9f8s\xe5\xcc\
\xa9\xb5\x85\xf9\xab\x0b\x0b\x17/]\xe9\xf5\x07\xfb\xf6\xed\
}\xd9\xfd\xf7\x1d>|\xe3;\xde\xfd\x9e\x9b\x0f\x1e\xd8\
\xb7{\xee\xc0\x8d7\xbb^P9\xa9\x06 cbJ\
+\xf51\xeb\x96\x03\x00\x0bd\x04\xe3\xd67\x1dkr\
\xa4\xf3\x17\x7f\xfe\xe1\xbf\xfc\x8b\xbf:x\xe3\xe1^4\
\xe0\x9c\x03p\x8bj|\xcf;q\xec\xf8\xc9c\xc7\x85\
#\x11\x81\xb4\xa9\xd7\xebsss\x8cse#)\x12\
eC\xed\x11hqiymy\xc5u\xdd\xfd\x07\x0e\
<\xf3\xe4\x93\x1f\xfa\xd0\x1f\xbe\xe9\xf5\xaf\xff\x87\xff\xe0\
\xfb\xf6\xed\xde3\xb7c\xe7\xc2\xf2\xb2p$\xea< \
<K\xb03\xc6q\x1dD\xb4!\xf4Q\x18Fa\xd4\
\xedv7:\xddN\xaf\xdb\xef\xf5\xfa\xfdA\x92$R\
0$\x08\x82@k[\x10\x22ul\xda[k\xdb\xc2\
!\xbb\x06j\xa3m\x12\xa06\x86!*\xa3Q#\xe3\
\x1c\x0cH)\xadSk\xff\xfe\xfd\xfd0\xda\xe8tf\
\x9a\xcd={\xf6\x9c?\x7f\x9eq\x96\x9b\x08\x9f|\xe2\
\x89\xbd{\xf6hc\x18\xb0\xe2{:\x9c\xc9\xad\xc5q\
\xf4\x1d\x83B\x0eB\xf6\x9a\x15\xdfY\x02H\xdd\xe9Y\
\xd4\xe2\xf05,\xcf\xbd\x99\xc9\xa0h\xbe\x9c4\xdbl\
b\x01\xdc\xd20\xbd\xfe9\xd0\xaekc}\x80\xa6P\
\x81\xa9\xf4\x13\xfb\xaaV[\xb3\xb6\xd1\xeb\xed\xf3&s\
/\x111\x06Z\xeb\x11\xb0\x94\xa3\xc1\xfc\xb7\x192\xac\
\xda\xe3&\xf9\xfaF\x16\x14\xa2|\x12,\x1d\xc0\xb2(\
\xa4\x22*\xa34\x02\x1c\xb3\x1e\x0e\x11f\x96*aU\
\x94!\xc4\xaa\xda\xef\xaaFO\x18\x1d'UGe\xba\
\x81\x00\x04(d?\x0c7:\x1d!D\x1c'\xd6\xb4\
a\x83~\xa5#m\xa4\x14\x00\x00\x92\xd2\x092\x1e\xd4\
j\xbe\x1f\x9c;{\xee\xf2\xe5\xcb\xfd\xfe\xa0\xdf\xef3\
\xc6\xb4\xa6\xd1\x9b\x01\xccZH\x88\x5c\xd7SJ%\xca\
F?1\x22r]gfzf\xe7\xdc\xce\xb9\xb9]\
\xb3\xb3\xb3\xedv{\xd7\x8e\x1d\xbbv\xed\x9a\xd9\xb1\xa3\
\xd9j\xcd\xcc\xcc\xec\x9a\x9b\xab5\x82z\xad\xf9[\xbf\
\xf1\xeb\xbf\xf3\xc7\x7f\xb4o\x0f\xe2\xd6V\xd5m\xd9\x16\
+\xdb\x80\xf0+F\xac\xadT\x1b&\xf8\xa3\x8f|\xa6\
\x11\xec\x04\x80<\xea\xd3\x91\x12\x0c\x911\xf6\x7f`\x08\
\x88\x18 \x012\xcb\xbf\x9c\xaf\x07\xd9\xf2\x9d\xab\xbcE\
\x17_\x91\x02\xb4T[\xa2\x08\x0e!\x9b\x85\xf3\x05\xcf\
\xfe6\x8e\xe3\x22gZ\x8e6s\x93a\xd5\xe9\x07\x00\
yJ\xfd&J\x7f\xf5\xdb\x22\x90(\xe3:\x1a\x85\x81\
X\xdeI\x98\xa5\xb5\x10\xa4\xba\xcbh\xc6\x12\x8c\xda#\
q\xf8\xc3M\x9e\xcf\x98\x10\xcd\xb1\xc7\x8c\xb4\x5c1j\
^\x97le\xc1(Y\xdc\x8b\x1f_\x1c&\xacz&\
'\x9d\xb4j\xef\x9f\xb4\x1f*\x06\xe0\xd2\xba\x0e\xe3\xe0\
\xe25\x1d\x9b\xd5F\xc6*\x9de@\x98y\xab +\
\xbbg\xdf3D\xb4\x05\xbc`\x1c\x08\x84\xd1z\x12\xd5\
\xed\x1c\xf2\xd9\xe3\x8b\x15_x\xa1\x06\xfdX\xe2\xd0\x12\
\x08,f\x0f2\xc6\x18\xb7\x11\xa1B0.X\xca\x17\
\x9a;\x00]\x99\xb6\x80\x9cq!\x1c!\x1d.\x84\x94\
\x8e\xef\x0a\xd7\xe5L\xbc\x84j\x07\x91\xc1\xf4\xfd\xb2u\
\x04(\xcb\x10\xb3\xd8\xb8|\xbc6fme\xf9\xd2\xfc\
\x95\xa7\x9f~\xea\xd8\xf3\xcf]\xbcpaeaia\
\xfe\xea\x95\xc5\x85\xe5\x8d\xf5^o@\xb9z\x8c\x08D\
\x8c\xf3\x7f\xf9/\xfe\xe5?\xff\xe7\xff\xac\xd1l\x8d*\
\xafJ\xe9\xd0\xcesY<< 2(\xb8\xb3\xc6\x8d\
\x12\xdb\x07B\xce\x96\x96\xae\xfc\xda/\xfdZ{f\x87\
&Md\x0cpn\x0cr\xee82\x89\xe2\xcf~\xfa\
a\xe4\x02\x8dF\x84Z\xa3\xbeo\xff~.\x85\x01H\
\xb4\x89\x93\xc4\x18\xa5\xb5\xd1Zw:\x9dA\xb7\x07\x88\
\x8dfmqy\xe9\x97\x7f\xf9W\xde\xfa\xe67\xffo\
\xff\xfb?<\xb8{nfjvau\xc5\xf5|\x06\
h\x86\x9a9\x02\x18[5BH.\xa5X__7\
\x06\xba\xddN\xaf\xd7\xe9\xf5\xfa\x83\xc1\xa0\xdf\xef\x0f\x06\
\x83\x9c\xbf^p\xe1{\x8e%Q\xb4\xee\xcd\xb4\xa1B\
\xa0\xa6\xbd~C\xa0Tb\x94b\xc8\x0d\xe8\x84\x08$\
\xa2\xd1\x92!G\x0eD\x9e\xefY\x7f\xe0\x81\x03{O\
\x9c<\xd9\xe9ww\xee\xd8\xb1\xb0\xb88\x08\x07\x16\x99\
8\x8es\xf6\xec\xd9+\xf3W\xe7\xe6\xe6l\xe1\xec\xb1\
\xe6\x15\xc8\x1c}i\xb5\x09\x93\xe6\xba\xe7\x05Z\x00\xb2\
\x1a\x1f\xe9T\x8c\x96\xee\x95!\x0d]\xa4\xa3\xb3J\xbe\
R\x10\xe67j\xbc\xe5\xeezG\xef\xf5\xfa\x157\xb7\
\xd6\x95Jn\xe4\xbf\xda\x84'f\x92\x87\xd0\xfe\xea\xba\
\xae\xa5\xd4\xc9\x09\xc2\x8cI\x19\xad\x10\x91\x10\x87\x91\xbb\
\xa3\x0bZia*\xf5\xb9\xd4y\xcch\xb4\x18\xa2U\
0\x80\xa5?/\xc6\x7f\xb2\x8c\xbb\x06Y\x1a\x85ND\
\xc8\x98\x8d\x0b\xcf=\x93\x85\x89:\xaf\x0a\xab\xc7\xde\xba\
\xec[\x03\x05(\x88\x95\xb8\x9e\x82Y\xa4\xb2\xb20\x06\
\xa0\x1d\xe9\xcc_\x9d\x1f\x84\x11\xe7\x12\x10\xac\xb5\xdbu\
]\xcd\xc0\xf3]\x86\xcc\x18B\xb4\x91\xd2\x84\xc0\x9b\xf5\
V\xaf\xd3{\xe2sO\xae\xad\xad\xdb\xbc]c\x0c\x00\
\x09!XJ\x0dj\xcd\x86L\x1b\x9d\x0c\x06\x83p\x00\
\x00\x9e\xe7\xdc{\xcf=\xafy\xd5\xab\x8e\xdc|\xf3\x81\
\x03\xfb\xda\xd3\xd3\xb5F\x1d\x91w:\xbdn\xb7\x0fh\
\x5c\xc7\xf1<ov\xe7\xce}\xfb\xf6\xb9\x8egW\xe4\
}\x07\x0fq\x0e\xbe\xeb\xba\xaek/\xe6E\x8c\x8am\
\xf9\x0a\x94m@\xf8\x95\x22\xe9T\xc8\x00\x00\xfe\xf4O\
\xfe\xec\xbd\xef}\x1f\x00\xe4\xb3'g\x0c\x19*c\xc8\
\x18\x8b^X\xa1\xdcv\xd9\xf2W\x80j\xd5z\x12E\
\xf7\xa0\xdd\xce\xcbW\xe4_q\xceuF{\x90\xbb\x07\
-\x1a\x84\xd1\x8c,\xc8\x17\x06\x1b\xafR\xb1\xf3\xd9\xc6\
a\x02Y\xcb\xe6\x0e\xc0\xaa\xf1\x152c\xf4P;\xca\
\x08\xc7077#LJV)\x22\x93\xb1\xe7\xdd\xfc\
\x01U\xfd\x8dc\x8f\x19\x0b\x8f\xbf\xa0\x92_WUo\
x\x11\x98\xb0\xaa!MRGJ\xa6\xe5\xb1\x96\xe6\xb1\
7\x1f*\x98\xad4<\xc6\x1e6\xc91XB\x95\xa5\
\xf1\x09\xd5\x22\x13\xb6\xb7\xd6z\x9d\xdaS\x80!#\xb2\
\xb5\xbbF@`\xc9\xef\x97K\x8e\xf1 ++\x8f\xa3\
$\xa2VE\xbb&w(\xab\x16\x18\x1cK+\xca,\
Q\x8c\x90\x9c\x8b\x0c\x10\xa6\xcc\xa1\x82Y6H.\x84\
t\xa4\x94\xd2s=\xe9\xb8L\xf0\xecB\xafo4\x15\
\x9fp\xfe\x88\xd2\xc1C\xc4x\x96X6\xdap\x14\xf5\
\x17\xaf^\xb9z\xe9\xe2\x99s\xe7N\x9e;w\xe6\xdc\
\xf9sg\xcf\xce_\xba\xb2te~\xa5\xbb\xe1x\xde\
\xa0\x1f&*q\x84\xd4\xc6(2\x1c\xd1a.\xf7R\
D\x1d'1\x01\xfc\xd7\xff\xfak\xdf\xf6m\xdfn\x8c\
V*\x02\x22D@{\xdb\x81\x0b\x9e\x06R\x16UL\
\xc8\x01\xc7\xe4\xe1lHK`\xbf\xf1\xab\xbf\xd1\xed\x0d\
\x0e\xec\x9cKT\xcc\x04\xb7\x97\xc0\x19o\xd4\x9a\x1f\xfb\
\xe8G\xd7\xd67\x90\xa3\xad\xb5\xb0\xef\xc0\xfe\xa0^3\
\xf6}\xb1\xf3c\x92\x18M\x9dNgmmM\x1b3\
=3\xbd\xd1\xe9\xbc\xff\xfd\xef\xff\xb6\xf7~\xcbw~\
\xcfw\xdd|\xc3\x0d-\xbf~uq\xc9\xaf\xd7\xab\xaf\
\x00\x22\x02KQ\x1c\x97|qy\x89\x0c\x0c\xfa\xfd^\
\xaf\xdb\xef\xf7\xe38e\x08\xb3\xf7\xda\x18\xc3\x909\x8e\
\xcc3\x91\xf2!\x0e,-\x872l\x9c I\x928\
\x8e\x01\x19\xe3\x0c\x11\xb5\xd6\x0c\x996\x06\x91\xa1\x01\xce\
\x99\xeb8\xb1RSSS\xbbw\xed\xbax\xe1\x22\x0a\
\xbew\xdf\xde\xe3\xc7\x8f\xdb\xc1IDa\x18\xbep\xf4\
\x85}\xfb\xf6\x85\xc9 W\xf4\xf3\x08\xd5B\x94\x07\xa4\
!\xac\xa3iT\x13\xd1W\x16wM\xd9\x87\xd2\xdb:\
iZ(?\xbc\xcf\x03\x0dV\xbda\x93\xda\xdf\xe4\xdb\
jP\xdf\xe6h\xd0\xbe\xcec1\xa45\xb9\xdaI\xe3\
\xbaHG'\xc1\xcb\xe2F\x91*6\xb7\x08\xa7^\x5c\
\x18\xc2\xb0\x12\xde+N\xaa\xa5E$_\xd3m\x15+\
\x80\x9c\x99&\xddH\x1b\xcc\xdf\xc0\xa172_\x0e\xd2\
0\x81\x22\x8a\xb3\x81\xc6D\xc4\x98-\x978\x92\xec]\
\xfaXz@\xa5\xb5\xa0\xe8Z\xcc\x22\x9c\xd3`q$\
\x12\x1c\xd7\xd6V\x95\xd2\x9c\xa7\xe1\xbe\xd6\xf2-<7\
\x08j\x9a\x8c\x22\xc3\x01\x04\xe3:QZ\xabZ\xadv\
\xfc\xf8\xf1\xf9\xf9y\xe1\xc8D%\x00 \x85\xa4\xf4\x0a\
@\xabD\xab$V\xe9bz\xc3\xfe\x1b\xde\xf4\xdaW\
\xbd\xf5\xcdo\xb8\xfb\xee;o\xba\xe9\xc6\xc6\xf4\x0e\x9b\
\xe9\xabt\xd2\x8b\xc2\x85\x85\xc5\x13\xa7N<\xfa\xc8\xe7\
VVV\xae\x5c\xbe<\x18\x0c\x00\xb1\xd5h\xd4\xbc\x00\
\x11\x82\xc0[\x98_\xf1\xa4\xd81=\x0dl\x98`\xb9\
-\xdbrM\xd9\x06\x84_ABD\xc0\xf8\xda\xfa\xea\
\x03\x9f~\xe4;\xbf\xf7\x1f@A\x95\xb3\xb4\x10V\x9d\
\xcf\x01a\x11{\x14MhE\x9f^)9\xb0TX\
\x22/iX\x0c\x1f\xc5,X\xb4\xd8\x8e=\xb2\x08\xf9\
\x8a\xb3\xbcUs\x8b\xfb\xed\xc78\x8e\xed\x12\xe88\x8e\
\x85\x94\x131^a\xa3\x8a\x07J\x10\xce.;\x99\x11\
\xbe\x18\xb9\x04\xe9\xdf1y)X%7\x1f\x8fB'\
\xf0\xadm\xf1!^S\x05\xd9\xe2H\xd8\xfc\x8c[A\
k\xb9\xbc8?\xe1V.yl?K\xae\xd4Mz\
>Vc+\xd9\x02\x8a\xbaB\xf5q\xe4\xdb9\xb5@\
\xb5\xd4Dq\xc8\x8dQ\xd6\xd3\xaa\x18\xa9\x030-(\
1AX\xa1\x9a|\x09\xfe\x95<\x84c\x8bIT\xc1\
^5]\xb0\xb0\x87q.rBQQ\xaa\x1fQ\x10\
\xc7\x06\x89\x0a)\x85p\x5cG\xb8\x0e\x17\x02\xe0\xfa\x95\
\x0c\x02\x000d\x88t\xea\xf5I\xd1\x18C\x84\x82f\
LD\xd4\xebw\x16\x17\x16\xae^\xb9r\xe1\xf4\xd9\xcf\
<\xf6\x99\xe7_8z\xfa\xf4\xe9+\x97\xaet{\xb1\
\xbd\xd7\xf5zm\xd7\xce\x9dss;\x0f\xbc\xe1\xc67\
\xbf\xf5\xad\x02\xd8\x8f\xfd\xe8\xbfY_\xdf0\x86\x00\x80\
[\xba\x0bFy\xc4\x81p\x9d_\xfd\x95_y\xef{\
\xdf\x9b\xc4\xb1\xe0Rp\xc7:\xfd\xb3\xe75\xbc\x1cL\
\x03\xcf\x86\xcfp\xe28\x04P\x86$\x17O?\xf9\xd8\
'\xfe\xfa\x93s\xbb\xf7%*B\xc6\x80\x18\x02\x020\
G\xba\xc7^8\xf6\xe4\x93O\x11\xa2J\x12\xcf\xf3\xda\
\xedv\xab\xd1\x94\x9c+c\x8c6I\x14\xab$1Z\
\xf7\xfba\xaf\xd7c\xc8P\x80&\xf3\x83?\xfc\xc3?\
\xf0\x8f\xfe\x8f\x7f\xf4\x83\xff\xe8\xc0\xfe\xbdS\xad\xd6\xa9\
\xf3\x17k\xcd&2\x91\xd1yT&4@\x22b\x9c\
\xcf/.j\xa5\xa3\xc1 \x8e\xc2(\x8aK/#2\
t\x5c\xc7q\x5c\x00\x93E{\xa4\xf1\xcc\xe5\xd85\x00\
D\x88\xa2(\x0a#@&\x1d9\xbc\x1f\x0c9\x10\x03\
\x04\x02\xce8C\xed8\xce\xae]\xbb\xba\xdd\xeeF\xa7\
353\x1d\x04\xc1`0\xb0t_\x9e\xe7\x1d;~\
\xec\xbe\xfb\xefk\xd6\x1b9\xc5h\x9e\x01n\xa7\x0e\xc8\
\xe6\xd4a\x9eme\x090\xc3\xb7,\xfdJ+\xcd8\
+\xbe\xf0c'^\xcc,\x98\xa5;\xb6\xc9\xbcq\xcd\
\x8f\xc3\x911\xf9\xdb\xcd\x7fk\x85\x17\x0a0\xe6\x07_\
\x13\x0dV\xf5\xfb\x1c\x0d\xda\xec2\x00\xb0K!\x5c\x8f\
\x8c\xd8A\x0a\x17h\x1f\x13s\xdc\xec- \x0b\xb40\
3n\xe5\x0f\xa6\xfa\x8e\x14\xf7\xe4\xbe\xd0|'c\x0c\
\x88\x90R\xae\xf2\xa1\x09f\x98\x9a\x886z\x98a\xca\
p\x8a\x88\x04d\xb2\x10S6\x8a\xfcs\x0f\xa1\x1d,\
D:\xefFiE\xab\xea3\xc5\xbbZ\xb4\xb7\x8ev\
\x1bq\x18\x16\xa4\xd7\xd7V\x8b\xad\xa5\xf6\xf1D\x05A\
\x80\x9cY\xe3\x1f\xc3t\xb4\x87ax\xf5\xca\x15L\x11\
\x9a\x9du9\x22\xda\xa4\xe2}ss\xbbw\xcf\xb5\xdb\
\x8d\xbd{\xf7\xbd\xfa\xd5\xafz\xf5\xcb_\xb9c\xd7\x1e\
\x10\x0c\x18\x821\xa4\x01\x90%Z-\xac\xac\x9d9\x7f\
\xee\xf2\xc5K\xebk\xeb\xf5v{m}}jj\xaa\
V\xabEq\x1cFQg\xbd3\x18\xf4;\xbd\xce\x8e\
\xd99\xdfw\xa7\xa6\xa6\x00\xc0\x10m\xc3\xc1m\xd9\xa2\
l\x03\xc2\xaf\x08\xc9\xdd\x5c\x1c\xf1\xe2\xb9\xf3\x0b\xcb\xab\
\xc4\xf3p\x1a\x02\xc84\xcb,K\x86\x09N\x0a0\x9b\
JR-\x1f\x81\x08\x0cd\xb5\xe3\xc7\x15\x93\xc8\xb7\x8b\
\xc8\xb0x\x00\x11Y\xf7`1m\xda\x96=\x84\xd1\xb5\
37v\xe6\xc6\xe6\xe2\xa2n\x8c\xb1\x0b\xa7\xf5\x87\xe4\
\xad\xc1\xe4\xc5~\xac\xff\x10\x0aa\x9finD\x9e<\
8\xfa\xf3\xc2\xcd,\xec\xc7\xdc_8Nc\xc8b\x9e\
\xa0\xb2\xeaO\xda\xa8\xf6\x1c'\xfc\xf6\xf3\x91r\x9b\x15\
`\x95\x86l\x8d\xc6\xffl\x02#sL\x88\x19\x07\xe9\
&g\xdf:\x00\xde\xe4\xdaq4\x10\xb4\xd8r\xc9\xd7\
7j?\x1e\xaf\xd8\x15Qb\x8el\xab_\x95\xbaQ\
\xddY\xd4u\x8a\xe7e\x88\xd6\xf2\x8d\x19\xe4\xcbU\x8d\
\x92\x87p\x12\x14,\xe1\xc0\x12q(\xcf\x8aY\x17\xc3\
AG]\x82\xdcR\xe1\x09.\xec\x0fDv\x8c\x10B\
\xdaJ\x83\xd6%(\x85\x94Rp\xe1\x08f\xcb\x0aJ\
\xc9\xa5\x90\xc2u\xa5t\x18\x97i4_\xf5\xb1B\x16\
\xdaWxC\x8c\xa1<\xe0\xdc\xc6E1\xe4\x85\xe2\x0e\
\x00\x00I\x14/\xaf.\x9d;\x7f\xee\xf4\x0b\xc7\x9e{\
\xf6\xc9\xcf>\xf6\xe8Z\xa7wu~qia9\x8c\
\x22{\x8c\xeb\xba;\xe6v\xder\xeb\xbd\xbbw\xef\xde\
\xb5{nj\xa6\xd5\xaa\xf9\x0d\xee\x02Gl\xf8I\x14\
\xfd\xf8O\xfc\xe4\xca\xea\xaa\xe0\xdc\xd2\x1d#\x002L\
\x12\xc5\x10\xb51\xf5F\xe3\x83\xbf\xf9\x1b\xefy\xcf\xd7\
\xab$\x91R\xda\xf0Q\x02\x9bE7\x9e\xbb\xa88R\
\xc6\xa0\xc1\xec/1L\x92\xe4\xd7\x7f\xfd\x83~P\xe7\
.\x12!\xa2`\x88\x9c\x83t\x9d\xfe\xa0\xf7\xa9O|\
<\x89#D\xf4<\xaf\xd5j\xed\xdd\xbbWJ\x87\xa1\
0&N\x94\x0a\xa3A\x14\xc7d\xf4\xfa\xea\xaa\x22\xf2\
<\xd9\xe9v\xdf\xf5\x8e\xb7\xfc\x87\x7f\xfb\xef\xde\xff\xfe\
\xff(\x08\x0e\xef\xdb\xff\xf4s/H?\xc0\xc9\xe1\xe6\
\x0c\x99\xd1\x1a\x88\x82Z}\xd0\xefo\xac\xad\xd3\x18D\
a\xa7*\xf4\x1c\xcf\x91\x22\x8a\x06\x0c\xd1\x18\xebHI\
S$\xed\xf3#\x03\x88D\x06\x18a\x7f\xa3\xab\x95\xd6\
\x89\x22c\x1c\xc7a\xc8\x10\xb5B\x94\x5c\x18 \xd0\x06\
\x19r\xce\xc1@\xcd\x0fv\xef\xda\xd5\xe9v\x88\xd8\xee\
]\xbbN\x9f>\x0d\xd9D\xdd\xebt\x9fy\xea\xe9\xb7\
\xbc\xe5-\x83~\x1f9\xb7\xd5K\xd3\xc40C`\xd2\
\xf4Z\x04`i\x15\x8d13F\xa1\xcc(\x1a2\x00\
\xa8\x8980 Lk\xd4\x8f\x8a\x01\x1a}\x86\xe5\xe7\
\xfb\xd2\xeey\x112\xd6=\x98\xaf\x8cc\x9e\xf2\xb5\xd0\
 f9l\x9f\x0f\x14\x1cq\xa6\x01\x01\x90\xd1\x8a1\
\x18z\x1d\x11\xd31\x83h\xd2\x1a\xaa\xe5\xeb\x82\xc2+\
c_|;\x09\xb0,49]msO\xa0MM\
\xb1\x06\x1a@\x83\xa8\x01\x00\x10\xb4I\x92$I\xe2\xdc\
\xb2\xac\xb5\xb1/xzO\x901\xce\xec_i\xeb\x9f\
r\x91\xc5V\x00\xe7\x82\xac\xf7\x18\x0d\xa6\x99\x87\x08h\
u!S\xea\xf3x\x7f/\x82ImF);\xb4\xbd\
\x10\xadQ\x11---\x14\x03\x97\x8c1D\x10\x0d\x06\
\x9e'Qp\xc6\x90\x99\x94|J\x0a\xde\xed\xacGQ\
\xc8\xb9\x00\x04.\x04\xcb\xc8\x84\xa4t\xb4V\x83$\xbe\
\xb2\xb0pe\xfe\xca\xa5\xab\xf3\xcb\xab\xab\xcbK\xcbo\
z\xc3\x1b\x0f\xddz\x9bR\x09h\xad\x08\xe7\x97\x96\x97\
\x16\x17\xe6\xe7\xe7\xaf\xcc_\xdd\xe8v\xbb\x9d\xce\xda\xda\
z\xbf\xdf\x8f\xe2H)\x0dDv\x12w|wf\xd7\
\xec\xf4\xf4\xec\xe3\xcf<9\xdd\x9e\xb2\x17\xf3\xf9\x8f\xd5\
m\xf9\x0a\x91m@\xf8\xe5/\x94\xfb\xb4\x10\x14\x10\x93\
R'\xc9\xfc\xca*\x80\x9d,\x985\xb79R2\x02\
\xeb8\xe0\x96\xdd\x98\xfe\x7f\xf6\xfe;L\xb2\xe3:\x0f\
\x87\xcf\xa9\xaa\x9b:\xf7\xe4\x99\xcd\x8b\x05\xb0\xc8$\x12\
\x09R\xcc\xa4\xa8D\x9a\x16%Q\x89\xb2$+Z\xd1\
\xd6\xa3`[\xd6G[\xc1\xb6\xac\xc8\x9fHQ\xc9\x12\
e\x05R\x82\x98\x09\xe6 \x91\x04@\x10 \xf2\x22l\
\x9e\xd9\x9d\x9d\xd8\xb9\xfb\xa6\xaa:\xdf\x1fu\xef\xed;\
\xdd3\xbb\x0b\x90\x14Ap\xeby\xb0\xe8\xe9\xbe\xb1n\
\xdd\xaa\xf3\x9e\xf3\x9e\xf7 P\xca\xd5\x04\x22\x02\xa5\x15\
\xe5tDs\xd3\xb4\x1a\xf90Rv\x22_f0\xef\
\x96\xa3\xb4@E\xf6g\xde\x04\xcf(p0\x06\xf6\x0c\
\xbf\xd4,\x81\xd9\x9d\x0a!FJP\x0c;a;,\
\x01\xa9s\x1dvF)\xc3\xa3\x0d\xd7\x88\xad\xe60\x9e\
\x8fU\x96O\x947);[M\xe6gh#\xd8\x9e\
\x088\xd2\xb7\xf9u4\xc3\x84\x06\xf0\x7fY0\xe1\xb6\
\x9b\xed\xb4\xe3y\x8e\x89\xdb\xf1<\xb3\xcf#\xc2\xe2\xe3\
\x1b\x8c\x8f\xa5\xf1\xbb\x1b1\x83\xb2/G\xd4\x143\x13\
0\xd3\x0b\xcd#\xc0\xec\xfb\xe4O\x04\xce\xb6T\x95\xc8\
\x17\x99\xd8\x22\x13\x9a\xab-\xb1\xad\x84\x0c2\xceyn\
\x1b!,!8c\xa6\xda\xbc\xb0\xd2\x18\xa0\x95\xfd\xc7\
m\xce-\xcb\xb2,\xcb\x16\x5c\xd86\xf2|T\x10\xf3\
=\x94\xeb[`\x88,+F\x8f[\xea\xd2G2l\
w7\x97\xcf\x9c;~\xect\xbf\xd7]=w\xee\xc9\
'\x1f?q\xec\xf8\xca\xd9\xe5\xb3k\xe7Z\x1d\xdf\xec\
S,\x94J\xd5\xf2\xc4\xd4\xc4\xbe\x03\x87j\xb5\x89z\
}bz\xaaV\xabT=\xc7\xe1\xc8\x00\xb4T1i\
%\x00\x95R\xc0yoe\xe3O\xff\xfc\xff\xae\xafo\
\x08!\x94\xd6\x09S\x97s\x22\x93\xa8C\xb6m\xff\xf5\
_\xbf\xfd\xb5\xaf}\x9d\x8cC!\x9c\xe4\xda\xb7\x1b+\
\x99\xd5\x9b\x85\x8bwj\x08@\x88J)\x8b\xf3\xf7\xbc\
\xfb\xf6\xc7\x8f<\xb6\xb0g\x9f&\xe2\xc8\x19\xa2\x10\x5c\
p\xee\xb9\xce\xddw\xde\xb9\xb6\xb1\xce\x19g\x0cm\xdb\
\x9e\x9c\x9c,\x14<\xa5t\x10\x0e\xa28\x0e\x02?\x0a\
C\xa5T\xa7\xdd\x0e\xc2\xd0.\x14\xa28z\xd1+^\
\xfa\xf6?\xff\xcb\xf7\xdc~\xfb=\xf7\xdc\xfb\x8a\x97\xbc\
\xe4\xb1'Or\xc7\x13\x5c$\xf2)iF\xdcV\xdf\
\x87\xa9~I\xae\xe3\xba\xb6\xddN\xc7\xf3\xc853D\
\xad\x94\xeby\x98\x80\xbf\xad\xc7\x81\xb4>\x07\x02\x00\x12\
R\x14\x86\xadf\x0b9\x07\x96\x08\x9f\x18\x01W\xd2Z\
J\xe9X\xb6\x89\x10\x09\xd3\xd5\x0c\xa6&'\xdb\x9d\xd6\
\xfaFkzf\xf6\xdc\xb9\x95 \x0c\x8c4\xa2m\xdb\
\xc7\x8e\x1d\xbb\xf9\xe6\x9bm\xdbN\x22\x81\xe9\x1cj\x16\
\x05\xce9\x10h:\x1f\xcb\xd1\xdc\xbd\x19d\x98:\xee\
\x92\x97k\xcc?\x91\xb8/\xe1\x19\xdd\xc6\xc7\x98Y[\
\xb7\xdd\xf8\xfchP)\xc5re\x0c\xcd\xe4\xf0\xf4\xca\
\x12\x8e\xcd`\xa0I[\xc2\x82,\xb5/\x97\x93\x99]\
\x0fm\xa7\xc9\x9c\xff\x06\x99\x89\x99\xa7wm|\xa8\x08\
\x80\xc0\x90%\x8e\x19\x04)c?\xf0\x03?\xec\x87a\
\x18\x04\xa1\xef\x1b\xc2\xb3TJ\x9b\xcaV@f\x081\
\xce\x0d\xe47\x15z\x90!\xe7\x82\x0bn\x09a[\xb6\
\xe38\x9e\xe78\xaem[.\xe7\x96&\x91\x5c&\xe8\
\x5c\xd5\xc4-\xf7\x9b\xbd/&\xd0:\xe2p\xa4\xa46\
g\xf2\xa2!\xe3\xfd\x81\xbf\xb6\xbaf\x0c\x18\x9eV`\
b\x8c\xc9X;\xb6\xadH3d\x82\x89\x94W\xa2\x82\
  \xd2f\xa27'3F\x91q\x85\xaf\xae\xadi\
\xadI+\xa9\xe4\x9dw\xdf\xf3\xff\xfe\xe6\xef\xa7gf\
^\xf7\xba\xd7\xfd\xfc\x7f\xf8\x89]\xf3s\xc7N\x9d8\
~zqs\xbd\xd5n\xb7Z\xadV\xb7\xd7\x1b\x0c\x06\
\x81\xefk\xa5\x19\x13\x88\xc4\x18 \xa1\x22\x05D$u\
0\x08\xe2P\xd6\xaa\xb5\xe4\x11^j\x97\xda\xc5\xb5K\
\x80\xf0\xeb\xa5\x11\x00C\xd6h7.?|\xf8\xb9W\
^\xf1\xd8\xfd\x8f\xc0\xab\xbf\x95\x86\x04F\x98\x99\x9ei\
6\x9aQ\x1c#g\xa8\x901f\x92<\x0c\xa04I\
>yzg\x1e\xfe%\xdf\x18a\x841\x88\x98\x85\x13\
)\x97=\x02ix0\x8b\x1cf\x0d\xd2e#\xcb9\
\x19a\xf7\x19\xa6(\x11\xd9\xb6=2\xa1\x8f\xc7s\x86\
=0f\xd6's}\x1a\x0e\x1cG\x02\x17\xb4\x0b\xc7\
\x0f;<8\xc0v\xa8\x8a\xceo\xa7\xd0V\x1e\xe9\x08\
\xb3\xe5\xe2\x99\xa5_\xfax\xc9l\xc3\x9d\xa0\xf5\xf8\xc5\
d\x980\xff\x94\xc7\xdby|\xd84N\xb9\xdcy\xb3\
\xf3\x5c\xde\xb6\x10n$\x96\xb8\xd3^\xdb\x8e\x93\x0b\xc6\
r!g\x09Q*\x8d\xc0\xb6\xd6\x93\x80\xad\xd6R\xb6\
A\x1e\xe6eQA\xe4)\xf0c\x9c\xe7\x10\xe0Ha\
\x89m\xb5CG4c8c\xc8\x05c\xc2\xfc\x22D\
\x96\x1c\x98\xfe\xdfbFH\xc6\x12\x5cX\xc2\xb6,\xdb\
q\x1c\xdb6\x95\x06\x8d\xc1\x96\xd3}\xa4\xac\xff\x8d\xd0\
\xcb\xc8c\x1a\xf8\xfd~o\xa0H7Z\xad{>\x7f\
\xd7c\x8f\x1e\x19t{\xab+\xe7\xce\x9e=s\xe6\xec\
\xd9\xf5\x8dM?\x88\xb2\x8d\x8b\xe5\xf2\xc2\xc2\xc25\xcf\
\xbdubjj\xba61Q\xad\xd5\xaae\xaf\xe0\xda\
\x16\x13\x1c\x81Pi\x88\xa4\x8c\xa5T*\x96\x9a\x90!\
\xe3`\x0bG\xa0@Gt\xba\xdd\xb7\xff\xcd\xdf\x9eY\
>'\xb8\xd0\x19\x1a\xcc\x89R(\xad\xff\xfc\x8f\xff\xf8\
\xdf\xbc\xf6uR\xc6\xc2r.8\xeeG\xb4\xf2\xcf\xf7\
\x82h\x12\x9c\x9fY<\xf1\xb7\x7f\xff\x0f\x13\xd3S\xc4\
\x08\x91\x03\x02\x13\xc8\x19z\x9e\xb7\xbcx\xe6\xe1\x07\x1e\
D\xce\x08H\xd8v\xbdV\xaf\xd5j\xa4)&\x19E\
a\x14\x84Q\x18(\xa9\x06\xfd~\xaf\xdbC\xce4\xe9\
\xc9\x89\x89\xbf|\xdb\x9f\x9f;s\xf6O\xff\xea\xff\xde\
\xf6\xfc\x17\x9e][o\xf5\xfa\x8e-\x1c\xdb6T\x86\
\xady\x7fC\xbe\xba\x19\x7fB\x08\x91s\x90\x8d\x5c0\
\x00\x12A\xb9\x5c\x1e\xce*\xa3\xae-3t\x91\x90\x88\
\xb1\x9e\xefo6\x1b\xc5rI\x91\xf6\x5c\xd7\x8c$\xe0\
\x08\x04\x82\x8b\xec\x1a\x182\x8e\x8cq\x14\xcc[\x98[\
hu\xda\x9cYS\xd3\xd3\x8b\x8b\xa7\x0dw\x83\x88\x1a\
\x8d\xc6\xe2\xd2\xe2\x95\x87\x0f\x87A(87\xd1\x22J\
\xd9&\xf9\xb7l\x9c/\x9a\x0f\xd7@\xaa\xd9\x84\x89\xe6\
\x07d3\xfd\xf8\xf6\xe3\xaf\xed\xb6N\x9f\xf1y`\xa7\
?/8\x03\x5c\xe4\x06\xd9\xe5\x8d\xef\xb8\xed\xbe\x17\x8c\
\x0d\x02\xc0HQ\xfb\xa7\xb1Rl?C\x22\xd3\x1a\xec\
4k1\x193c\xa9\xdd\xf9\xc9-?\xe9%S\x19\
mU-BD\x86\x8csEZi\x1d+)\xc3\xb8\
\xd7n\xf7\x06\xdd^\xaf\x17\x04\x81\x92\xc6+\x03\xa8\x93\
Y\xd4\xc4\xfd\x12\xefpZ\xb82\xf1\xd2\x12i\x22\xa5\
\x95\xd6ZFq\x1c\xc5\x01\x06\x8c1d\x9as&\xb8\
S(\x16\x8b\xe5r\xc1\xf3\x84\x10D\x9c\xf2\xf5\xb4\x86\
\xe3d\xe8\x8c\xd8\x12)MEk\x18\x0e!\x22G\x86\
\xb6\xf0{\xdd\xc0\x0f\x1c\xc71h<9&C\x22r\
\x5cWI\x85h|pP(\x14\xcd\x93\xe5\x9cg\x99\
\xe2y1!\x1c\xd6\xb4\x106\xba\x0c\x192\xe6\x07\xe1\
[\xff\xf8\x8f\xef\xf8\xc0\x07~\xea\xc7~\xfc\xf9\xb7\xdd\
\xba\xb6\xbc\xb2\xb2\xba\xd1\xedv\x03\xdf\xf7\xa3 \x8ab\
\xd2\x9a1N\x1a8'\x0dJI\xe0\x8c\x03g(\x98\
F\x94\x9a\x0e\x1e\xbc\xec\xa9\x8e\x81K\xed\xeb\xbc]\x02\
\x84_\x0f-Yc\x94\x92'\x8f\x1e\xbb\xe5\xe6[\xbf\
\xeb\x0d\xaf\xff\xa7\xf7\x7f\xe8W\x7f\xe5\x97\x87[\x10Y\
\x96U\xabV{\xbd\xee\xd0~5\x8b\xa8\xd6\x9a\xb4\xd6\
\xa3\xc5\xe5cSJ\xd9\xa0A)38\xb8%,\x98\
\xab8\x9f\xd9\x91\xf9z\x12Y\xbc1\xbb\x0c\xf3!c\
\xc7\xc1\x98\xb1\x9e\xa1A\xcck\x97'\xbb\xc1\x90Y4\
\xd6F\x03\x83\x99i>\xc6\x11\xcd66\xa8(9u\
\x12\xe0\xdbB\xb0\xcci\xcf\x8c\x9e\x0br\x81@L\xb7\
\xb9\xa0\xa5p\x9e\x85\xfc\xcb\x85\x06)\xbb\x1aH\x95\xb9\
\xb7\xb9.\x04\xa4\x91\x94\x9e\x0b\x1c\x16\x00\x10\xa4V\x22\
\x97O\xa8!%\xe5^\xdc\xbd\xe4\xe1\xfd\xf9\xd1\xe0\xf8\
\x06\xe7\xc7\x99\xe7At#f\xe2\xc8\xa8\xcb\xa2Fy\
\x88\x9e?c\xf6o6\x1aM\x180\xcf\x08\x85\xad\xd1\
B\xd3\xf2\xd2\xa0#\x800\x81q\x8c!2\xb6\xb5\xfa\
|\x96\xff\xc7\x0d\xc2\xdb\x19\x10\xa6LQ&\x04g\xc6\
\xa2J\xfe\x14V\x9a\x16h\x0b\xcb\xb6l\xc7\x12\x8em\
\x09\xdb\xb2m\xcb\xb6,f\x09\xc6\xb99\xb5&\x02e\
x\xe4\x89\xfe\xe6\xd6\xae\xd3\x8d\x8d\xf5\xd5\x95\xd5v\xbb\
\xb5\xb1\xbe~\xfc\xf8\xf1\x7f\xfe\xdcg\x1f|\xe8\xe1\xc0\
\x0f\x1d\xdb\x8e\xa2h\xf9\xdc\xb9\xfc\x98\x02\x82R\xb1\xf4\
\xaao|\xf1\xee]\x0b\x9e\xe7\x15\xdcB\xa9Rv]\
W\x08\x01\xa49\x11\x10I\xad(\x0e\xfc\x184\xb2D\
\xf6S\x03!\x00\xe3\xc8\x00\x91\x90(RZr\xc0P\
\xfd\xed\xdf\xbc\xe3\xf8\x89S\x9cs\xad\x93\xeay\xe6\xf6\
c\x19s\xc6\xa5\x94o~\xf3\x1f\xfe\xe0\x0f\xfe\x90\x8c\
\xa3\x9d\x91\xd2\xc5\x0e\xce\x91Q\xa341\x06\x7f\xf7\xb7\
\xef\xe8\x0e\xa2\x85\x89I\x02-\x80sD\x0e\xc8-\x01\
\x9a\xee\xbe\xf3N?\x0c\x18\xe7\x08P.\x97\xeb\x93u\
a\x09\xa5t\x14\x04q\x14\x87ah\xa8\xf2\x83\xc1@\
J\xe9\xb8\x05\xafXz\xeb[\xdf\xb6\x7f\xdf\x81\xef\xfe\
\xc1\xef\xb9\xe9\xf0U\x14Gk\x9b\x1bgN\x9f\x9e\x9f\
\x9f\xadTk\x00\x848Z^\x15\x92`~\x12n\x13\
\x0c\x9d\xed\xea\x9b\x9b\xdb\x22 \xc6\xb0\x5c*\x99\x80G\
\xca\x93O^rJ\x09\xf0\x00\x04\x1a\x98`\x9dN\xbb\
\xdb\xeb1\xdb\xd2\x9a\x1823r9\xe7d\xb18\x8e\
M(&\x8b\x17i\xad9c\x95Re\xaa>\xb9\xb1\
\xd1\x9c\x9a\x9c\x5c]9\x17+\x05\x88f\x158z\xec\
\xd8\xe1\xab\x0e\xb3\x8c,J\xd9\xaa\xa4\xf2/\xdd8\x9c\
\xc3l\xe6\xcc\xdf4\x91&\xc04dM\xd9\xab\x9dM\
\xe7\xb0M\xa5\x81\x91\xd7\xff\xfcn\xa9\xa7\x84\x06/\x12\
\x04\x9e\x7f\x98mK\x16\xbd \x1a\xcc{\xc7\xf2{=\
\xd5\xeb\x81\xf1Y\x17\x81L\xc4\x8c\xb3\x91\xcd\xd8\xd6\xfa\
~If4$h\xcd\x04\xc1\x12\xca\x032\x96f\xa8\
j\xc6\x19C\xd2*\x8e\xa3\xb0\xdf\xed\xf7\x07\x9dn\xc7\
\xef\x0f\xc2 PR\x92!A\x08\xc1m\xce\x84p,\
\xcb6<H\xc6\x85eqn\xe2\x88\xa44\x0d=\xc8\
*y\xeb\xb5\x92R*\x22\xa3\xf0\xab\x01\x80\xb4VJ\
\x06\xe1`\xd0\xebn\xac\xaf\xd8\x8e[.W\xab\xd5\xba\
qm\x10\xe5\x8d\x01\x00`\xd9\xf0J\xe2\xcf&_f\
\xe82'\x9d\x86\xa65)\x87[\xddv+\x08\x03\xcb\
\xb2\xa4\x94D:\xcboE\xc6\x1c\xd7#-\x05\x80-\
,D\xa8\x94\xcb\x8e\xeb\xd8\x96e\x94sr\x0f?\xa5\
\xcf&\xc52\x18\x01\x12\x91\x06\xad\xa5d\x0c\xa6f\xa6\
V[\xad_\xfa\xb5_\xfb\xb7\xdf\xf6m/|\xe1\x0b\
\xdb\xad\xa6\x1f\xf8R\x1b\x06\x96\xa1\x16#\x816\x0cj\
\xc6\x98V\xdaDt5\x001V\x9b\xa8\xc3S\x97\xfc\
\xba\xd4\xbe\x9e\xdb%@\xf8\xeco\x08\xa8\x89\x18\xc2\xea\
\xcar\x18\x13\x00|\xc7\xf7|\xcf\x1f\xbd\xedm\x0f>\
\xf4\xe0\x0d\xd7\xdf\xa0T\xcc\xb9eV\x81\x89\xc9\x89\x8d\
\xcd5\xd9\x95\xf9\xa0\x9cNX\x9dJi\x95\x07\x81\xf9\
f\x00\xa1\xd6\xda\xfc\xcf\xf06G\x0a\x0c\x9a\x0f\x8c\xb1\
\x8cOH\xa96\xd7\x88\xb1\x9e\x19\xb5\xe3\xabl\x14E\
\xa4)\xa3u\xe5\x7f2\xac'DS\xe9u\x14\xb9\x8d\
\xf6\xc9\xce\xc1\xa2\xfc6\x19\x22\x82\xad4\xa4\xe1\xc2\xb9\
\xd5G?\xde\xf5\xc3\xe3?E\x83\xe1\x22a\xd8Sm\
\x94s\xd3\x02\x0d\xcbalw\xe5C\x83\xec\xe2\xae8\
\xf9\x7f&\x1dA\x08h\x1e=n\xc1\x84\xe3Xn[\
t\x07;\xc3\xc2m1\xe1\xb6\xdd\xa5s\xf4\xb9\xf1\xf8\
\xc0x8bd\x97\x0b^R>\x1b\x10R;,\xaf\
C\x80\xb9L\xa1\xbc\x9bcD9f$ip\xc8\x0e\
\xcdm1\x14\x0eM\xdf\x10\xc18\x13\xe7\x17\x8fa\x89\
x\x8c`\xc9\xd7\x9c\x09\xa3\xa9\x22\x84k;E\xd7\xf1\
l\xcbu<a[(8\xe3\x1c8\xe7B \x8e\xc2\
\xa7X\xc6\xfd^\xbf\xd5h>\xfe\xc4\xe3\x9f\xfb\xec\xe7\
\x06\xddv\xb3\xd9|\xf4\xc8\x91\xb3\xcb\xcb\xcdfCJ\
\x15\xa9\xa19kh\xc3\x19\x8d\xcdti\x1c\xc7\xf3s\
s\xdf\xfd\xddo\x98\x9f\x9f%-Ik\xa5Qi\xed\
\xfb~\xd29&W\x891\xc4\xac\x03A\x031\xc6\xcd\
\xf8bH\x88\xa8I3\xce\x01\xf5?\xfe\xc3?\x1cy\
\xecH\x82\x06\x01\x80\x881nYV\x18\x86\x9cs\x19\
\xcb_\xfd\xaf\xbf\xfa3?\xf3\xb32\x8e\x84\xd8\x09&\
=\xcd\xa64X\x82\x1fy\xe4\xfe\xbb\xee\xfc\xfc\xe4\xd4\
\x84&\xcd\x10\x19\x82\x85\x08\x80\x8e\xeb=|\xff\x03\xc7\
N\x9e\x10\xb6\xa5\x22\xe9\x16\xbc\xa9\xc9)\xc7q\xa3(\
VJj)\xe3(\x8a\xe38\x0c\xc3\xc1\xa0/\x95,\
\x15\x8bA\x14\xff\xfb\x9f\xfc\x91\xd7~\xebk\xde\xf2\xe6\
\xb7\x0a\xc5'\xa7\xa6\x8f\x9c8\xb9\xb2\xb6\xber\xee\x5c\
u\xa2\x0e\x0c5hC\xef\xdf\xc6\xa3\x91\x0eN\x8b1\
\xd7\xd9\xf1N\x11\x01\x91\x17\x0b\x05 \xd2\x1aX\xaa\x04\
2\xfe\xfa\x93\x22\xcei}u\xcd\xf7}/*\x82\x06\
Dn\xa2\xce2\x92\x9cq\xcd\xb4T\x8a\x0bmDt\
\x19g&\xf0\x22\x84\x98\x99\x9a\xedv\xba\x8ee\xcdM\
\xcf..\x9fa\x9c+\xa5,\xcb:\xb3\xb4\xb4\xb9\xb1\
^\xad\xd4\x14Qj\x08\x9bt,e\xd6\x85\xf3Lw\
\xf9Y\x96\x12aIE\x9a\x92\xba \xc3p\x96\xc9\xf4\
2I\x8a_R\x1c\xef+\x8d\x06\xe1\xe2\x00\xe1\xc5\xa0\
\xc1\xf3\x1c\xffKYA\xcc\xdc\xa5H\x9b\xcc\xe7\xdc\x04\
\x9e\x5cx~\x96\xe3\xa9xr\x16\xbec\x8cg\x89w\
\xc0\x18 H%}S\x05\xa5\xd7\xed\xf5\xba\xbe\xef\xcb\
X\x02\x11\xe7\x96\xed8\xa2X\x14\xc2\xe2\x9c[Bp\
!8\xe7\xc0\x192f\x0ba\x09aY\xb6\xed:\x85\
B\xc1\xf3<\xdb2\xeaV\x8eV:\x8e\xa2X\xca(\
\x0cC\xdf\x0f\xc3\xd0\xf7\xfd~\x10\x04\x81\x1fEQ\x14\
FJ2\xb4\x05\x03\x8a\xe38\x08\x82\xd5\xde`mu\
\xad\x5c.ONNV\xab\xd5t\xde\xc0L#\x87H\
\xa5\x0fe\xa83\xce\xd2i?y\x0aD\x00\xc4\x01{\
\xed\xb6\x942\xa9\xeb\x00@\xa43g\x1e\xe7\x96m\x09\
\x04\x09H\xc8\xf9\xe4dmzj\xd2\xf7C\x0eZk\
\x96E\x1d\xb3\x13%\xae\x18L\x8aoh\x22\x04\xd4J\
G\xb1\x14\x82W\xeb\xd5\xdb\xdf\xf3\xee'\x9f<\xfa\x92\
\x97\xbcX+\xa9t\x0c\x94I\xebh\x22`\x8c\x13h\
\x86\xdcx\xb7\x05B\x1cFQ\x18\xc1%q\xd1K\xed\
)\xb6K\x80\xf0\xeb\xa0%\xd4\x0a\x5c^:S\xaaL\
\x02\xc0\xcc\xec\xfc\x0f|\xff\x1b\x7f\xe9\x17\x7f\xe1#\x1f\
\xf98\x912\x8a\xe5\x00\xe0\xba\xae\x10V,%\xa4z\
\x00Z\xe9\x94\x14\x1a\xc7J\xc986\xb1AS\xec\xc1\
\xfc;\x8c\x10\x9a\x96\x8a\xce\x18\xa4\x97G\x83\x00\x90d\
\x8cl\xe5v\x8e\xac[\xdb\xa2A\x22283K5\
1\xc7\xcc\xf3.\x92\xef\xd3\xfc\x98a\xb8\xf0\x228`\
\xdb/\x9f;\xe4\xd2\x0d\x192\x19\xb48?\xe2\xcb\xa7\
+\xe0E\x19\x10\xf9k\xfeJ \xc3\x8bi\x19\xe8\x1d\
\xb9\x92\xf3wf\xf6\xac9c\xc0FuG/&\xfc\
r~48\xd2'#\x14\xd6m\xc1^\xf6y\xc4\xe4\
\xca\x86\xd0\x08]m\xfcD;\xc5$a+E*\xfb\
\x93%\xc0f\x18!\xe4<\xc19\xc8G\xc5c\x18\x22\
C\x96e\xcc\xe61a\xb2\x0dg\xf9P`\x8a\xf6\x18\
G\xc6\xb9`C\xe0\x97!C\xc6\x18\x13\x5c0\x816\
\xe7\x8c0\x89'r.\x84p]\xd7\xb1\x1c\xc7\xb2m\
\xc7-xN\xa9\xe0p\xdb\x06\xe1dZ/\x8a\xf4\xc9\
\x93\xc7\x96N/2\xe4\xedF\xeb\x81/|\xe1\x81\xfb\
\xefo\xb6[\xa7\xcf\x9c\x09c\xd9h6\x820\xd8\xda\
\x0d\xc8\x18\xb3l\xc1\x10\x09A+MZ\x1b\xba\xa0\x99\
\x04\x0c&t\x1d\xe7\xb5\xaf\xfd\xd6\xe9\xe9\x89V\xabe\
h\x86\x88\x80\xc88c@H\x08\xda\xd8D\xe6\x81\x98\
\x90d\xa2\x84\x02\x8c\x10\x01\x18\xe8X3n{\x16S\
\xff\xf0\xcew\xde\xf3\x85\xfb\x18\xe3Y\xfc\xd6tW\x10\
\x04&\x97\xf8\xa7~\xe6?\xfc\xfao\xfc\xbaV\x92\x8b\
/\xf72G\xa4\x018\xe8w\xfe\xdd\xed\x91R\x15\xcb\
F \x8e\x0c\x00\x90s\xee\xd8\x8df\xe3\xce\xbb\xef\x02\
D\xad\x94\xe3:sss\x95J\xc5\xb1\xac \x08d\
,\xc30\x8c\xa2(\x08\x820\x0c\xe28\xd6J[\x05\
\xfb\xf2k\xaez\xd3\xaf\xfe\xe7O\xff\xcb'?\xf0\xfe\
\x0f\xbc\xe0\x05\xcf\xbb\xff\xf1\xc7;\x9d~csc0\
\x184\x9a\x8d\xfdp\x90\x01h\x0016\xc8s\x7f\x00\
\xe3\xdcu]\xd8a6# \xce\x98\xebydV\x04\
\xcc\xca\xfdm\xd9\x1e\x094\x82\x8c\xa23g\x96|\xdf\
\xef\xf7\xfb\xe4h\xc6\x84%\x22!D\xcc\x91K\xce\xd3\
2\x83\xc9\x1b\xa1\x89s\xae\x95\x02\xc4r\xb9T\xafO\
4[\xad\x99\xb9\xd9\xe5\x95s\x99:\xe8\xa0\xdf?q\
\xe2\xc4\xad\xcf\xbbM\xfb\x01\x9a\x9c'\xc6@\xd3\x08 \
<\x7f\x9c\x1f \xc9!K\x1cMy\xce(\xa4\xd3\xf5\
EL\x96O\x09\xda=\x0d\xe8\xf8ei\x88x\xf1h\
\xf0\xe2x\xce\x17>\xe3\xc8\x9fZ\x93\x99sH\x13d\
,\xca\x1c\xcd!Y\x0a\xd3I q\xca&\x19\xd3\x80\
\x88Z\xa9n\xaf\xd3\xe9u:\xdd\xee\xa0\xdf\x8d\xa3\x88\
40&\xb8e\x15\x1c\x8fqn[\x8em\x1b\xae:\
g\x9c;\x8eS.\x14K\xe5Rurbjjj\
\xb2>Q\xa9V\xaa\xd5j\xb9T)\x95J\x9e\xe7Y\
\x96`\x8ce\x0b\x926$#\xad\xe38\xee\xf7\xfb\xbd\
~\xaf\xd3\xe9lln\xae\xad,/--\x9d=\xbb\
\xbc\xbe\xb1\x11\x0f\xfa\x8e\x10\x1e@\x14\xc9^\xb7\xdd\xef\
u\x8a\xa5R\xbd>Q\xadV\x84\xb0uR\xcc27\
\xff3\x04\xada,\xee\x9a\xc0B\xad\x89Y\x8df\x9b\
!l]5\x86\xa3\xb1?\x18\xcc\xcd\xcd\x0a\xc6\xbb\xbd\
^\xb1X\x9c\x9f\x9f[:s\xce\xb1\xac(\x13\xfe%\
\x05@fE\xa0dFA\x82\xcc4\x22R$@K\
%\xb5T3\xb3\xb3\xc7N\x1c'\xd0\xb7\xbd\xe0\xf9H\
F\x16\x981\x22\xa3\x1d\x85\x0c5\x816\x88\x94\x90@\
K\x193\xc6\x5c\xf7\xc2\x0c\xf9K\xedR\xcb\xb7K\x80\
\xf0\xeb\xa1\x11 J\x1dn\xae\xaf^\xbe\xb0\x0f\x00\x80\
\xe8\x17~\xf9W\xde\xf9\xaew\xbd\xe9Moz\xd3\x9b\
\xde\x14E\xbe\x10\xc8\x18\x8f\xa5\x0c\xfc\xc0\xd0#\x92t\
A%c\x03\x00e\x1c\xe5\xd0\xe0\x18 TZ)\xa5\
\x95V\xda\x00\xc2<\x14\x1ci\x19At$\xbcc\xfe\
4F\xc6\xc8*\x9bU\xad\xd86\xcb\x82rYvI\
%\xeb\xed\x0cw\xd8\x8a\x192[*\xa3\x88$\xc2;\
\xdb.\xf0;-\xfa\x99Q\x95\x88\xc5lOU\x85\x0c\
W\xe64!\xce\xff\xcc\xbe\x5c\x04\xd1\x8b\x1a\x1e\x17\xdd\
\xc6\xaf|\xa7\x08\x9e\xd6\x9ap\xa8;z~\x87\xfd\xd3\
\xbe\xd9\x114\x98\xbf\xc2<\xd2\xcb\xe8\xca#\xdb\xe4c\
\x86\xe3\xbf\xe6\x8f<\xc2\xcb\x1a\x09\x12\x9a]\x8c\xde]\
\xf2%\xe7\x09\xdc1\xc1\xae\xb4\xac\x02C\x86\x22\xc9\x0c\
DD\xce\x93\xcf\x0c\xd1\xe8\x22\xb0\x9c\xc4h\x06\xfeR\
8hh\xa4\x1c\x19C\x86\x82\x0b\xc1\x18\x13Fc\xcf\
H*0\xc6\x99`\x22\xc5\x88\x8c3\x12\x9c\xdb\xdc\x12\
\x8eU\xaa\x94=\xd7u\x5c\xbbX,y\x8e\xcb\x04\x07\
\xe10`\xa1?\xd8\x5c]_\x5c]\xbe\xff\x91#g\
N.\xad\x9e[}\xe2\x89'\x1e|\xe0\x81f\xabi\
\x09\x8b#\x93ZI5\x14\xa8\xe0\x9c'b\x86&\x0d\
X\xebD\x0eC\x1a\xf7L\xa6\xadk\xecu`\x8cI\
%=\xcf\xfb\xf6\x7f\xfb\xba\xdd\xbb\x17z\xbd\x1e\x01J\
\xad\x0d'\x95\x01i\xd2\x8c\x09\x00\xd0\x08\x1c\x01A3\
C\x94M\x93\x8f\x0c\x9f\x8bi\xe4\x96\xed\x14J~\xb7\
\xff\xce\xbf\xfb\xfb\xbb\xef\xfb\x22c\x9cL\x0d>\xd2\x8c\
1\xc7q24\xf8\xbd\xdf\xff=\x7f\xf4\xe6?R*\
bh\xd2\x9f\xf4\xd3\xa9\x93\xb1C\x93JYB|\xf6\
3\x9f\xfc\xfc\xe7\xef\x9d\x9c\x9bV$9\x08\x04\xb0\x84\
\xb0l\x9b\xdb\xd6\xbd\x9f\xfeB\xbb\xdd\xe6\x82+\xa9\xca\
\x13\xe5Z\xad\xe6\xd8\x0e\x10Y\xc2\xea\xf7\xfaJ\xaa \
\x08\x06\x83\x01c\x18\x86\x81\xe7z\x95J\xf5\xcf\xff\xe2\
/\x9c\x98\xfd\xd1\x1f\xfd\xf1\xd5\xd7_u\xe2\xf8\xb1\x8d\
~\xaf\xd3lu\xbb\xbdN\xbb\xb3\xba\xb2\x12\x86\xa1\xe5\
zZ\x13\x19\xccN\x89\x0d\x9e\xd0\x16\x08\x18\xa2\xa9\x22\
a\xdb\xdb[\x81\x88@\x1a\x84cy\xae\xa3\x94\xca\x5c\
]\xd9\xc3\xa2Dq\x15\x01\x88\x0b\xdemt\xd6\xd7\xd6\
c%{\xdd.hJ\xccu\x86D\xcalf\xaaJ\
\x18\xb1\x19\x1a\xd6\x1f \xdb\xb6\xeb\xb5\xda \xf0\x91\xa8\
^\xabm46M\x90Pp~\xe2\xc4\xc9\x1bo\xbe\
5\xc3\x0a\xe6\xa4\xa4\xb5RjDos\xcb<o.\
=\xf7\xa3\xc9c\x80\xec\xedN\xbe%z\xbaY\x7fO\
\xbb}y\x8f\x9c\x9fU\x10\xd1\xb2\xac\xa7\x17\x1b|\x1a\
\xa7\xdb\xf6\x1bdH\xb1\xe6\x5c \x222@`\x89F\
'nI\x1cL&8\x04Df\xc8\xa5d\xe0\xd9`\
\xd0\xedv\xbb\xdd\xae\xdf\xef\xc72\x06D\xc6\xc0\xb6\x5c\
\xd7)X\x96m\xbb6\xe3\x5cX\x16\x01p\xc6k\xb5\
\xda\xf4\xf4\xe4\xc2\xc2\xc2\xde}\xfbv\xcf\xcfOON\
\x97\xcb\xe5\x11\xaa\xea\xb6\xf7`&L\x0b\xc0u\x9cr\
\xa9\x040\x9b\xfd\xa8\xb4\xdcl6\x8f\x9f<u\xe4\xd1\
\xc7\x1e\x7f\xec\xc8\xe2\xe9S\xe0\x0f,\xdb\xd6J\x0d\xfa\
\xbd~\xbf\xb7\xbe\xe1MNNM\xd4\xa7\x84\xe0\xca\x10\
\x1c\xf2\x0c\x9a\x5c\x9f\xa7\xef\x1a\x02\x91\x02\x0a\x89\xadm\
l\x22cy\x1a\x94\x11_\xe5\x9c\xcb8\xfe\xd3\xb7\xfd\
\xe9\xde}{n\xb8\xf6\xba}\xfb\xf6-\xcc\xcf\xde\xf6\
\xbc[\xfd\xe0s@\xe4\xf7\x07\xb1\x94@\x04\x94\x08\xef\
\xc5q\xa4I\x93\xd6\xc88\x80\x18\xc6\xe2\x1d\xeer\xae\
H\x81&\x0dT*\x95V6\xd6?{\xd7]7\xdf\
|#g<\x8eU\x96\x97A:\xf3\xd2\x22\x802o\
\x16\x17\xbcZ\xad\xc1\xbf\xaa!q\xa9}\xcd\xb7K\x80\
\xf0\xeb\xa1\x11\x07\xb6\xb2\xb2\xd6j\xf5\x84\xc5\x00@i\
mY\xd6?\xdd~\xfb\x0b^p\xdbd\xad\xfa3?\
\xff\x1f\x0dH\xdb\xdc\xdc\xec\xf7}$\xc8\xc2\x82Q\xa2\
\xfa\x1c\x1b\x8eS\x14E\xe3\xac\xd1|\xa2`>]0\
\xab2\x0f\xb9\x85\xd3\x94f\xce\xdb\xe8F\x89\xcel\xe0\
8\xce\xf8\xfc5\xb2\x04\x9aDo\x13B0\x84%\xb3\
\x99\x89B\x0c\xd1\xa0)\xae5\xe6u\x1e\xda\xf4Y\x12\
\x1df\x11\xc5d\x8bT\xcf.\xc1\x8a\x009\xe07r\
@\xc4\x8bZ\x96s\x92w4\x96\x8av\xbe'\xb7\x15\
\x87|\x19\x8c\x80\xbcO\xf9\xe2\xae=c\x99\xa6\xfdt\
!\x95\x9d\xd4\xd0\xc4,N\xc8\xb9&52\x12\xb6u\
\x07\xe4os\xdb\xa76z;c\xa9G\xe3\xbd4\x82\
\xeevJ\x08\x1c\xdf1\x0f\xffF>g\x7ff\xfa%\
\x5c\x08SW\x0f\x00\x11X\x96\x1f\x98\x11\xa8X\x96]\
\x93e\x08\x9a\xe4@d\xc8!\xe3\x87\x0aLa\x9fQ\
S7\xb0\x8e1!\x18\x0a\x83\xb0\xb9A\x9b\x16\x136\
\x07\xb3\x01g\x0c\xb9\x11\xb7d\xb6\xe0\x96\xe5\x08\xdb-\
\x97\xab\xf5j\xa5X,X\xb6\x85\x8e\x15H\xd9j\xb5\
\xd7\xdb\xfd\x93\x8b\xcb\xddv\xb3\xd5k-\x9d]\xfe\xe4\
G?u\xec\x89c\xbdV\xbb\xd1j\x06\xa9,\xa1\xe3\
$5\xc7\xa4\x92\xd2d?f\x85@\xd3\xc2\xa1\xf9\xfe\
\xc9\xeb\x0f\x8d\xb0\xac9\x8aXE\xe5R\xe9\x0do\xf8\
\xce}\xfb\xf6\x85Q\x04\xc8c%\x81\xa1 \x86\x0aL\
l\x94\x03qd\x9c1S\xf6\xc6(\x01\x12)\xe4B\
\xd8\x0e\x13\xdcT\xcf#M\xa7N\x9ez\xc7\xdf\xfd\xfd\
\x13G\x9f\xe4\x5ch\xad\x004\x11Y\x96\x05D\xbe\xef\
\x1b4\xf8\xeaoz\xe5_\xfc\xd9\x9f\x01\x00\xa2\xc0\xc4\
\xa4\xferZE(D\x18\x0e\xfe\xf1\x1d\xff\xc4m[\
\x08\x04\x96\x98\xa5\xb6e\xb9\x05\xef\xf4\xc9S\x8f?\xfa\
( *\xa9\x1c\xc71\x22.\x9a\xb4k;A\x10\xc4\
q\xc2\x15\xd5Z\x0d\x06a\xb1X\xf4\x0a\xde\x1b\xff\xdd\
\x0f\xdex\xed\xf5\xbf\xf1\x1b\xff\xa3\x5c\xa8\x80\x8e\xd6{\
=?\x88Z\x9dN\xaf\xdb\xe9v\xda\xcc\xe2\xbdV\xa7\
6[H\xf1Z\xc2f\x1f:\xb6\xcc,\xa4\xa5\xd6`\
\xbb\x1e\x8ceDg\x8f\xc9\xb2m\xd7\xb3\x95\x22\x8e\x98\
\xa8i\xa54\x07D$\xad\x91\x80H1\xe0\x9b\x1b\x8d\
n\xaf\xc7\x05\xf7}\xe2LX\xc2\xe2\x0c\x80$B\x89\
\x012d\x85B!\xd7#\xa0M\x8c\x03Qk]\xf4\
\x0a\x05\xaf\xa0\xb5\x9e\x98\x9aj\xb4\x9a\xc8PIe\x09\
\xb1\xb6\xba\xbe\xb9\xb1139-\x95L&X\x00J\
\xd3\x08\xf3/\xdd\x96\x173M$4\x01\xab$\x81P\
+0\xb5\x10\xb2\x09g\xbb\xf0\xe0y\xa6\x82\xaf\xc4\xf7\
O\xa9\xedDJ7\xed)\xa1\xc1\xfc\x8ct1\x17y\
\xfe9\xdc |\x00`\xc88\xb0d\x8e\xc2\xad'b\
\x88\x80\xccxB\x19c\x8c\x11\x80\xd2*\x0a\x82A\xbf\
\xd7n6z\xbd\xae\xef\x07Zkd\xcc\xb2\xddR\xd9\
\xb3l\xdb\xb1-.\x84I\x0f\xe4\x82\x97\x8a\xa5]\xbb\
\x16\x16\x16\xe6\xf6\xee\xdd\xbb{\xd7\xae\x99\xe9\x99\x8c\x81\
\x99\xdd\xc2\xe8\x12\x90.\xc4c7\x0byB\x10$\x14\
t139=39}\xdb\xcd\xb7\xf8\xbe\x7f\xf4\xe8\
\xd1{\xbex\xdf\x83\x0f<\xb0x\xf2\x94\x09\xe6\x85a\
\xb0|\xe6L\xab\xd1\x9c\x9a\x9e\xae\xd4j\x82\x09\x99$\
\xb0\x8c\x16\x9b\x05L\xaaU \x02\x0a\x11\xc4\xaa\xdbj\
\x19!+\xc3\xf0H\x03\x8c\x1a\x05\x97qL\xb1~\xf8\
\xa1G\x1ey\xf8\xd1J\xa9\xfc\x82[oy\xc57\xbe\
\xeae/y\xc9_\xfe\xd5_#\x92\xef\xfbA\x10d\
0r\x9c'\x9c-\x1c\x8c1!\x12\xfe\xbfm[\x9e\
\xe7.--\xf5\xba\xdd\x17\xbe\xe06a\xd9\xb1\xd2\x0c\
\x89q\xd4Z!0\xad\x12\x9b\x871\xc6@*\xb9c\
5\xcbK\xedR\xdb\xa9]\x02\x84\xcf\xfef\x8c\xed\xc6\
\xca9`,\xc9if,\x92\xf2\xe0\xc1\xcb\xde\xff\xfe\
\x0f\xbc\xe2\xe5\xafx\xf0\x91\x87\x7f\xef\xf7\x7f\xbfR\xae\
476\x94\x8a\xb5V&&\x18\xa5 0k\xf9\xf0\
`\x06\x05G\x94c\xf2q\xbc\xfc\x84\x9e\xc5m\xb6%\
\xba \xa2\xe38\x99y\x9d\xbf~\xc3\x14\xcdM\xcd\xc9\
\x92\xc09\x87\x5cm\x5cLE\x05\xd8\xd06\xdd&6\
\xb8\xcd2\xb9uyL\x0e\x923-r\xd5\xabsR\
\x07;\xa7\x99\x8d\xf5\xff\x8e0\xe3\xfc[fg\xc9\xfe\
\xbdH\x18\xf9\x0ci\x19wT\x08\x01\xa9\x12\xc0\x88\x17\
\xfc\xfcG\xb80\xf8<\xaf\xf8g\x16$\xcc\xd2\x02G\
H\xa4\xf9.\xcd\x1fj\xe4q\xe79\xa59\xcf\xf80\
K\x10 \xa91\x98\x08\xc3\x00\xcf+\xca\xe0\x96\xa0_\
\x9e+\x9aJ\xc5\xb0! 4\xe8N0\x8e\x02\x18K\
\x88\xa3&\xf4\x87I\x8e,0\xad\x1d\xc1-D\x871\
\xd7\xb1m\xdb+\x96\xcb\xf5\xc9\xc9r\xa5\x5c*\xb8\x8e\
k\x07\x10\x0bQ\xe8\xf7\xa3\xa5\xa5\xe5s\x8f\x1e9\xb7\
x\xe2\x91'\x1e\xfb\xf4g>\xa7%2f\x1d=\xfa\
\xf8`\xd0\x1f\xef..8\x00\x80\x86X\xc6\x94Q\xf2\
r%\x19w\xea|\xd8\x01\xe7s\xceU\x1cW\xca\xe5\
7\xbe\xf1\xfb\x0e\x1c<\xd0\xed\xf6HS\x14G\x1aI\
\x10\x17@\x16O\x19q\xcc\x84\x1d\x88\x1b\x8dS\xdb1\
\xfe\x9eXi\xa5i\xd0\xf77\x97\xcf\x9d:s\xf2\x8b\
\xf7=\xf4\xc4\x93\xc7\x82(d\x9ck\xad(\x95\x901\
\x93\x8fA\x83\xcfy\xee\xf5\x7f\xf7\xb7\x7f\xef\xbaE\xad\
\xa5\x09<~y[\xac\x94\xc5\xf9'?\xfd\xcf\x8f<\
\xf6\xf8\xee\xdd{\x90\x11r\x0e@\x9csn\x09%\xd5\
}_\xfcb\x10E\x06E\xd7\xeb\xf5R\xa9$\x84\x90\
R\x06\x00\xbdA_\x91\x1e\xf8~\x18FJi\x04@\
\xe0\xd7\x5c\x7f\xc3\x7f\xfeo\xff\xe5\xf6\x0f\xbc\xfb\xb3w\
\xdfy\xf3\x0d7>\xf8\xe8#Q,\xdb\x9d\xa6\x1f\xf8\
\xddnOJ5\x18\x0c\xd6VV\xe7\xa7f@0\x91\
\x8a\x22\x9aYP\xa7r\x8c\x00@\x00\x1aH\x98\x0a\xf2\
\xdbLr@\x04\x8e\xe3X\x965R\xa50\xffj\x00\
\x90\x22\x85$VVV\xc20\xb0\xd1Q\xa1\xe6\xdc\xb7\
,\x0b\x11\x94\x14\x0c\xb9\x10\x02\x00|\x7f`9\xd6\xf0\
\x0dB`\x9c\x91\xd2\x8c1\xdbq\xca\xc5b\x18\x85\x13\
S\x13\xdeY\xcf\x0f\x02\x83Z\xa5\x94'O\x9c\x9c\x9f\
\x99\x8b\xe2\x88%\xd5\x8c\x00\x002\x87 l\x0b\xe1\x92\
\x5c43 \x13\xaa\x81R\xca\x94 \x07\xa2\x11\x80@\
c\xa9\xc2\xe7o\x17\x8f\xfa\xbe\x94\xb9w\xfc\x05\xc9{\
\xa6\xcc7\x19\x02|\xaa\xb1\xc1\xf1\x8d30\xb0-\xdf\
a\xf89\x97\x13\xb1uZ3qX\xd2J\xb9\x8e\xc3\
\xb6\xba\xc0\x10\x11\x18\x02\x00\xe3\x0c\x08\x94R\x83~\xaf\
\xdb\xeb\xb5\xda\xad~\xaf\x1f\x04\x81&\x12\x9c\x0b\xcb\xb6\
m\xdbu]\xc7qMy\x1bf\x09\xdbq&''\
\x0f\x1f>\xbco\xef\xbe\xdd{\xf6\xcc\xcf\xce\xda9F\
w6\x0e\xf3\x93\xe7\xc5t\xef\x16\x16\xceV\xdf\xa29\
\xa0\xe7y\xd7_\x7f\xfd\xf5\xd7_\xdfh4\xee\xfc\xfc\
\xdd\x9f\xfd\xdc]G\x9fx\x1c\xa0C\xa4\x07\xfe`q\
\xf1T\xb5]\x9d\x9b[p=W*\x02\x93\xa7\xaa)\
\x95\xd1J\x22\xd1&8\xca8\xf7\xc3\xc1`\xd0\x13\x96\
e\xf2\x9f3\xef6\xe7\xdc\x14&\x8d\xa5\xb4l\x1b\x19\
vz\xddw\x7f\xe0\x8e\xbb\xee\xb9o\xf7\xde}A\xe0\
s\xce\xb4\xd6Q\x14\x9dg,e\xd7lHX\xf9\xe7\
e\xdbV\xab\xb5\xa8\xb4~\xc9K^\xe2X\xc2\x08\xf9\
\x19\x82\x00c\x18+\xa9\x94t,/\x184Q\xa9R\
\xb1\xf8\xb4\x87\xeb\xa5\xf6\xf5\xd9.\x01\xc2g{#\x22\
\xc6\xe28^]=\xc7]\xd7I\xe5\xc2\xb9\x10\x91\x94\
\xb7\xdcr\xebG?\xf6\x91\x97\xbe\xec\xe5\x9f\xfb\xec=\
\x1f\xff\xd0G\x22\xbf\xafe\x14I\x19E2\x8e\xa20\
\x0a\xa30\x8a\xa2(\x0c\xc2(\x8eF\x98\xa2\xdb\x8a\x88\
\xee\x04i`\xd4\xecH\xd48\x8cIg\xd2\xbb\xf3\xd6\
y\xf6A\xa6\x09\x8dy\xcfq\x22.\x9fc\x19\x0d-\
xs\xd3cg\x1f\xd9l\xb8\xe5\x18:\x1d.\x93\xa9\
2{\xe6\x92\xcc\xc7\xeb\xe8\xe22\xdc`l}:\xcf\
.;\xd91\xb4UC\xe5)\x99;_\xddFi\x9d\
IK\x88\xac\xda\xe4\xc5\xef{~k\xe0<|\xd1\xfc\
\x9f\x98\xd3\xff\xdc2\x8a\xb6{\x8e\xe3\x9f1\xcdW\xd9\
I54\xf9\x89!\xa5R1\x9c%e\xbb\x0cu\xc7\
\xf0H\xd3\x84@\xe4\x1c\x0d\xcb\x131)%\xcfE\x8a\
\x129\x13\x9c[\x8c;\xc2b\x5c\x1b\xd1>C\x1c\xb5\
,a[\x16\x17\xb6W.U\xea\xf5\x92[*\xd8\xee\
D\xb5LL\x86J)b\xabk\x1b_\xbc\xeb\xb1\x93\
'\x8e\x9f:u\xa2\xd5n6\x9b\xedc'N.-\
\x9dQ\xb1D\x00\xbd\xb5[\x18c\xc6\x95\x02\xb9*\x82\
J\xaa\x9dz\x18v\xf0k\x8c\x7f\x99I\x0a!b\x1c\
\xc7\x05\xcf{\xe3\x1b\xbf\xef\xc0\x81\xfd\xddN\x17\x00\xb4\
V\x1c\x90\xa5\x9aC\xc0\x81\x09\x86\x80`1!\x04G\
FJ\xf5\xc2A{\xf5\x5c\xb3\xd9\xd8X]={n\
ecs\xd3\xef\xf7\x83f\xb7\xed\x07\x0a\x13P\xacU\
\x22\xff \x84p\x1c\xa7\xd3\xe9\x184x\xe0\xe0\xfew\
\xbe\xf3\x1d\x13\x13SZ\xab\xaf\x04\x1a$\x02\xe0\xd8\x1f\
\xb4\xff\xf1\x9d\xb7\x97+u\xe4@\x88\x0c\x803.\x84\
@\xc1\x1f\x7f\xec\xb1\xa3\xc7\x8e\x9ak+\x16\x8b\x95J\
%K\x03\xf3\x83`\x10\xf8a\xe2a\x0b\x89\xb0T\xf6\
\xa4\x92\xff\xbf_\xfd\xaf\xad\xb5\xe57\xff\xee\x9b\x9fs\
\xc3u\xa7\x16O\xb6\x07\xe1\xa0\xdb\xec\x0f\xfc^\x7f\xd0\
\xebv\x94\x92~\x7fpfq\xf1\x8aC\x87\xdcRQ\
\x13\xf1\xcc\x056\x04c\x08\x9a\x00@\x01\xe1\x0e,;\
D\x04 \xcf\xf38\xe7Z'\xd8\xcf\x84.\x8d\xe4\x93\
\x99W5\x11 \x84Q\xbcxfI\x13)\xa9\x80)\
\x7f\xe0#\x01\x90V\xd2\x12\xdcf\x8c\x0d\x06\x83\x03\x97\
\x1d,\x16\x8a\xd9\xf8\xcf\xaa\x96\x9b?\x8b^\xa1\xe7\x0f\
HS\xbd^\x1f,/s\xce\xa3(r]\xf7\xf4\xe2\
\xe9\x9bn\xbcq\xe8\xe7\x82$\xb1|dr\xcb]7\
@\x12\x15L\x1f\x81)\xa8\xa85\xdbN\x11j\xfc\x9b\
\x9d\x06\xf0y\xbe\x84\xa75\xbb^p\xbe\xda\xe9\x14\xf9\
{\xc7a\x05\x82\xd1\x8d\xcf\xc3\x14\xddv{\xd8\xc1\xf9\
\xb8\xe5\x22q\x0b\x0e\x1c\xd6B0$PMHd\x8b\
$7\xd8\x90C\xcd\xd4\x01\x88Q\x1c\xf7{\xddA\xaf\
\xdfn\xb5\x06\xbdN\x14\xc7\x04\xc0\x19\xba\x8ec9\x9e\
m\x0a\xd7862\x86\x8c\x15\x0a\x85]\xbb\x16\xae\xbe\
\xf2\x9aC\x87\x0e\xee\xde\xb3P-\xd7\xf2\x97:\xd2\x03\
O\xb5\xe7\xcf\xd3\xf2\xeb\xb59\xcb\xc4\xc4\xc4\xb7}\xf3\
\xb7\xbc\xec%/\xfd\xe2\xfd_\xfc\xf8'>\xf5\xc8#\
\x0f\xe2\xa0\xab\xa5\xeev\xda\x83\xfe`zv\xa6>Q\
gL$\xf2\x04\x94\x04\xd1MX>\xc9hf|\xd0\
\xdb\x0c\x02\xdfq\x8b\xd9\xc32n?M$\xb8%\x04\
\x8f\xa2\xc8.\xb9\x13\x93\x13\xab\xe7V\xca\xe5b\xbb\xdb\
V\xa7\x8f\xd7\xaa\xe5n\xaf\x0f\x00\x8e\xe3\x84a\xf8T\
\xc7\x18\x11\x85a\xc4\x18[\x5c<\xf3\x85{\xee\xb9\xf6\
\x9a\xab\xaa\xb5:w\x1c)e\x1cKR\xc4\x10\x90q\
\x85\xac\xd5iW\xab\xe5={v\xc3v\x8e\xbcK\xed\
R\xdb\xa9]\x02\x84\xcf\xfe\x86\x00\x83~k\xa3\xd9\xe6\
^I$\xeex\x00\x00\x10| \xa3\xe7?\xff\x05w\
|\xf8c\x9f\xbb\xfb\x9eA\x1c\x0c\x06\x91\x92\x10\x062\
\xd1<\x08\x82(\x8e\x8204q\xc2\x11\x8eh\xbe\xd6\
<\xe41\x18Aba\xe0\xf0\x02 U\xb4#\x00f\
$\x92\xb56I\x07\x1a\xc8\xb6m#\x1fj\xc4\xcc\x90\
1\xc3\x12\x8a\xa20\xe3\xc7o1\xdfM\xc1n\xbe%\
\x9c\x98\x18\x19i\xa9\xe2a\x1d\xf9\x9d\xd8\x86\xdb|\xca\
6\xa6\x94O\xba\x85\xa0\x82;\x93\x18w\x0a\x03\x8e\xfc\
z\x9e\xbd\xc6\x83\x99\xdb~\xbf\xed\x1a\xff%\x82\xc3\xa1\
\xd8\xe8y\xd7\x0ez\xea+Kbi\x92\x8eAZ\xb6\
%\xa5\x045\x1c0\xf9\xd0\xab\x09\x02\x0c\xef\x8e\x92\xfb\
\xc2\xb4\xf2\xd5\x96\xeb\x1c\xa3\x98\x8e\x07\x00\xf3\x8fl$\
\xb8:\xde\xed\xf9>\xcf\x83F\x86H\xa9\x9a\xba!\xea\
\xe5+\xcb\x9bp\x1d\xe3\x1c\x88\x90#2\xa3\xb1\xce0\
-/\x8f,\xd9\xd1\xe0=\x83\x09\x05c\x9c3Kp\
\xc6Q \xe7\x5c\xa0\xe0\xb6-8\x027\xb2\x82\xb6\xe5\
\xd9\x8ep8\xe7\xdcs]\xdbs+\x13\x93\xb5b\x19\
\x95\x0e@/\x9d;\xb7\xbc\xb1\x01\xb0\xe1w{\x9f\xff\
\xec\x9d\x8bK\xa7\x96\x97\x97WV\xd76\xd67\xe3h\
\x9bR\xd4\x88H\x00\x9c\x9b\x9a\x0eI\xdc\xe0Kg\x13\
\xed4>\x13\xecM\xa4\xb4v]\xe7\x07\xde\xf8\xddW\
]\x7f\xb8\xdb\x0b\x8b\x952j\xc5\xb0\xe48\x16\x0an\
t\xf0b\xa5:\x83~sc\xb3\xd5l\xac\xae\xac\xae\
\xac\xac5\x1b\xcd^\xb7\xdb\x0f\xa3L\xa6\xc1\xf5\xbcr\
\xb1`\xd5\xeb3\xd3\xa2\xd1l\xc6QT\xb0l%U\
\x10\xf8\x8c1C[\x10B(\xa9j\xf5\xea;\xdf\xf9\
\x8e+.\xbfJ\xc6RX_\x91\xa5M\x91\xb6\x90}\
\xf8\xc3w\x1c?\xb9\xb4\xb0g\xc1\x80\x13\x06\xdc\xe1\x0e\
C\xd1\xef\xf5\xbfp\xef\xbdF^\x951V.\x97\x0b\
\xc5\xa2\xb0-M\x10Eq$\xe38\x8eC\x7f\xe0\x0f\
|\xad\x99\xebZ~\xbf\xfb\xc3\xff\xe1'_\xfc\xa2\x97\
\xfc\xec\xcf\xfd\xf4\xfc\xf4B\x14\x06\x8b\xab+\xdd\xae/\
\xfdx\xd0\xe9\xb777d\x1c!C\xad\xe4\xb9\xe5\xe5\
N\xa7\xeb\x15K\xa4\x91Xb\x9f\x9a\xe9\x8e\xb4\x02\x22\
`@\xa8\x8dGb\x87kg\x00\xbaT,Y\x96\x13\
\xc5\x92!\x9a\xd0\x1a\x12\x10\x12PJ\xf4\x06M\xc0\xdb\
\xbd\xd6\xe6\xfa\x1ac\xa8\xb5\x06\x0d\xb1\x0e\xbbRj\xad\
<\xcf\x0d\x82\x90\x80\xbd\xe8\xc5\xb7\xed=\xb07\x18\x84\
L\x13c\xa8\x0c?_\x93\xb1\x8f\x911\xcbs\x0b\xae\
\xa7\xa4\x9aY\x98O\x8bn\x93\xd6zcmm}}\
unn!\x89\x0a\xa6!h\xa9\xa4e\xdb@0\x12\
\xbd\x1c!\xbf\x12\x01\x03\xd4\xa0@i&,\xe3\xabc\
9\x86\x1fK\xb5\x91G&\xab\x8b\xe4\x8e\xee\xf4\xebE\
n\x7f1\xf3p~c)%\xdf\xea\xd64~\x8d8\
\x8e\xf3u\x05/\x88\x06\xb3\x87\x9e\xcdc\xf9\x17\x1cs\
\xa2\xae\xf9\xe4\x05\xcci\x86aN\xcb\x0a\xc1\xb0@\x01\
\x08\xb4\xe7\x19\xba8pfr\xec\xa5\x94\xddN\xb7\xdb\
\xedv\xba\x9d\x81\xdf\x8f\xa3\x18\x00\x84%\xdcbA\x08\
\xe1X\xb6\xe3\xb8\x96\xe3\x09.\x18g\x95ju\xdf\xde\
\xbdW^q\xf9\xc1\x83\x07\xf6\xec\xd9\xe5:\x85\xec\x8e\
L\xbc\xf7)\x85\x01\xbf\x946\x82\x0c\x0b\x9e\xf7\xa2\x17\
~\xc3\xad7\xdfr\xe7\xe7\xef~\xff\x07\xde\x7f\xec\x89\
'\x95P2\x8cV\xce\x9e\xeb\xf6\xfa3\xb33\x05\xb7\
@F\xd87a\x8a\x9a|f\x00B\x01\xa2\xd3\xdc\x88\
\xa4\xf4\xd8\xd0%a\x16\x0b\xa5\xb4\xc3\x84\xe7\xb9\x96\x10\
q\x14\x15]ozr\xea\xcc\xd2R\xa1P\x88\xe2\xc8\
q\x9cz\xb56\x18\x0c\x94R\xbe\xb0\xfc\xc0\x97R>\
\xa5[\x00S\x05\x84\xb1\x13'O-..NLL\
\xcc\xcd\xcd.,,T\xeb\xf5B\xc1\x03\xad\xe3X\x02\
\x17=\xbf353W\xa9V\xbf\xd2\xbdz\xa9=\xcb\
\xda%@\xf8ln\xc6\x1ag\x88\xddvGj\x149\
W\x22\x020@G\xd8\x81\x0c^\xfa\x92\x17^\x7f\xe3\
\xf5\xc7\x1e{\xdc\x0f\xc20\x8a\xc3(\x0a\xc2 \x08\x83\
0\x0c\xa38\xcaCA\xb3,\xe5\xd3\xf9\x98\xd1\x96\x00\
\xe0\x80\xc0\x80\xb4\xce\xccz\x9diK\x00$\x15\xfc\xd2\
\xa93\xab\xafMD,\xd5\xc93\x10\xd32*\x05D\
q\x1c3d\xc44\xa4\xb5{ \xb7\x9aZ\xa9\xc0\xdd\
\x08\x03g\x88\x1b\x19\xc3\x9c\x89\xbf\xd3\x9a\x9dx\xfd\xd2\
\xcf\xc9\xf6\x8c\xe5\xe5Ca\x07D7\x12\xb8\xdb\xf1)\
\xec\x5c\x1d\xe1<\xa0.o\x0d\x5c\xf0A\xe33\x9bJ\
j\x1e\xba\x94R\x08\xa1h{\xcbf\x87\xac\xa7T\xf3\
\xedB-\xd3\x9b\x1d!\x85\x9e\xbf\x97\xc6\xc1\xf6h\xe0\
\x0b\x91sF)\xfcKl\x22D\x13\xd9\x03\x22d\x02\
R\xca(\xe7\x90\xb0@S@\x98\x95Q\x10\x5cX\x96\
eJr!C\x9b3K\x08\x8b\xa3\xe0\x82\xdb6w\
\x9db\xb1`\xdb\xc2\xb6m\xe1xN\xc1C\xa5e\x10\
\x07A\xd0j\xb7\x1bg\x96\x96\xd7\xef~\xe0\xde\xfb\x9b\
kk\xfe`\xf0\xf8\x93G\xc3(2\x22r\x83\x81\x9f\
\xbf\x1d#2\x9a\x07\xc6y\xf6\xd1\x97\xfd\xb1b\xa2\x9a\
\xb3%^\xca\x98\x91M\x878\x0c_v\xdb7\xbc\xf0\
\xa6\x1b\x976\xd6\xda\x03\xbf\xb5\xd9\xec\xb4\x9a\x83\xfe\xc0\
\xf7\xfb+\xab\xab\xcdFGI\x15\xc7\xaa\x1b\x0c\x10\x99\
%\xacB\xa1\xb00\xbfp\xd5u\xcf\x99\xdb5\xbfk\
\xf7\xae\xe9\xa9\x99\xf9\xd9\xf9\xc9\xe9\xe9z}\xa2X(\
\xb8\x0e_<u\xfc=\x1f\xfc\xd0\xd9\xb3g\x1b\xe7\xce\
\xde\xff\xc5\xfb\x17\xcf\xf8\x88X(\x14|\xdf'\xd2\x96\
c\xbd\xfd\xed\x7fu\xcb\xcd\xcf\x8b\xe3\xc8\xb2\xbe\xccE\
&\xb2\xd1\xc8\x18ku\x9a\xefz\xf7\xfbk\xf5JJ\
\xe2e\x8c3\xb4\x19\xb7\xf9#\xf7?\xbe\xbc\xbcl\xfa\
\xc1\xb2\xacB\xa1\x90\x84\x85\x91\x01\x80\x8c\x22\xbf?\xf0\
\xfd@)\xcd\x85\x88\xe2h\xef\xc1+\xfe\xd7o\xfe\xd6\
\x1d\xef\xbf\xfd\x89c\xa7\xaf\xbf\xee\xea\xc7\x8e\x1c\x89\x03\
\x8a\xc20\x1c\x0cZ\x8dF\x9c\x8b!l66\x97\x97\
\x97\xa7gg)a\xeb%T?#\xb9\x9cE\xf6\x10\
v\x9c\x89\xcc\x0f\xd5j\x991f\xa4u!\xf1{\x01\
i\x0d\xc9\xab\xa1\xb5\xd6\xc4\xf8\xc6\xdaZ\xb7\xdbE\xc6\
\xcd\x182/\xec`0\x88e\xdc\xed\xf5^\xff\x1d\xdf\
\xf1\xbc\x17<\x7f\xf1\xf4\x19\xd0\xc4\x85m\xdc%Zk\
\xa3s\x08\x90\x84\xb5=\xd7\x0d\x82\xa0Z\xa9\x94J\xa5\
V\xb3\xc9\x18WJ\xf9\xbe\x5c^^^X\xd8\x9d\xbb\
2\x00\x02)\x95\xed\x0c\x15b \xe7\xca\xc9\xbd\x8c\x89\
w\x891\x93d\xca\xb6\xb8\x96\xc6R\xcb\x9e\xc9S\xa2\
i\x99\xe6v\xd6\x0cY\xc6\xd0p\x12\xe9\xa6\x0b\xa9\xc8\
\x88\xad\x94\xcb\xcc56\xea:4\xd5>\xd2\x08\xa0\xf1\
t\xa6\xf1\xbe!\xfd!\x99\xb3\x00\x18\x03M\xc0\x1c\x17\
-\x1b\x88\xb4\x8a\xfb\xfd^\xa3\xd1\xe8v{\x83~_\
)\x8d\x08Bp\xcf\xf3\x1c\xc7\xb1\x1d\xd7q\x1c\xd7q\
\x84\xed\x22\xe7\x85bq\xef\xfe\xbdW\x1f>|\xe5\xc1\
C\x0b\x0b\xf3\xa9w\xc6\xc0T\xccp\xe0W\xa5\xcf3\
\xe7\xa0\xd6\xda\xb6\xed\x97\xbd\xf8%7\x5c{\xdd\x07\xee\
\xb8\xe3\xe3\x9f\xfcD\xaf\xd5\x8e\xe3\xb8\xd3\xe9\xf8\xfd\xde\
\xec\xec\x5c\xbd>\x99\x8c\xb8$3\x1c\xc0x\xab\x896\
\xd6\xd7\xb3\xd28[#\xbd\x90\xc9FK\xa9Z\xcd\x96\
\xe38SS\xd3\x9dNG)Yp\x0bV\xc1*\x97\
\xcbQ\x149\x9ek\x0f\xec~\xbf\x1f\x04\xc1\xc5_<\
\xa5\x8a\xcd\x87\x0e]Y,\x16\xd676O\x9fY>\
\xb5x\xc6u\xddB\xa1P\xa9\x94\xab\xd5\xda\xc1\x03\xfb\
\x0bn\xb1^\x9bI\x02\xe9\x97\x8aO\x5cj\x17\xdd.\
\x01\xc2guK\xa7\xaa\xc6f\x03\xb8\x10\x16\xcf\xcf\x0e\
\x08\xc0\x01P8\x1b\x8d\xb5\xd3'O\x07\xfd \x88\xc2\
 \x0e\xc38\x0a\xa30\xc5\x86q\x1cEI\xc6`\xea\
t\xcc\x08x\x04\x84\xc4\x86:uD\xc0\x86%%t\
ZL\xd8\x84\x89\x86\xe7M\xab\xb1%3)\x02\x01p\
\xc1\xe306\x8asF\xb0>\xd9\x8c\xd8\x08T \x22\
\xdb\xb6\xf3u)\xcc,)\xa5\xcc/3\xe3Pp\x18\
\xf9\x01\x02\x02\x96\xca!\x9e\xa7\xb0\x04\x8c\xc1\xb9\xfce\
\xe4Ow\x1eHv\xfeC\xe5\xa3R\xdb\x1e\xe1\x22\x09\
\xa2y\xb6\xed\xc5l\x0f\x00\x17\xa7)\xf3%\xb4\x9cq\
\x079\xee\xa8\x11\xa3\xd5&E#\xd7\x09\xc3.\xcal\
\x16\x80\x9dM\xdc\xd1>\xdf60\xb8\x0d\xe91\x0d#\
\xc3\x18 \x84\xad\xc80\xfdlb\x1e\x0c\x92T\x8da\
\xa5ADLr\x07\x8d\x06\x9f\x00\xc3\x04u\x84\x10\xc2\
b\x0c9&\xa2)\xa6\x22\x9f0\xdfsQ\xf0<\xd7\
\xb1,\xce,\xc7!\xc7\xd6\xc2\xeew\x06\xdd\xd6`\xd0\
[;\xbd\xb4\xf8\xd8\x13\x8f\x9f9\xb5\xd8mw\xc20\
\xdal4\xf2i$\xc9E2\x04\x00\xdf\x0f\xb2\x0a.\
F]W)\xad\xd4\x97SH \xefs\x19\xf1\xbfP\
\x0a\x15\xce\x034?\xf2\xa9O~\xf2_>\xcd\xbd\x82\
\xb0\x18\xe7V\xa1P\xac\x94J\x95ry\xff\xc1\xabn\
{\xd1\xfc\x81\xcb\x0e\xcc\xee\x9a\x9b\x9e\x99\xdf\xb7k\xdf\
T\xadZ.\x15\x8a\x85\xe2NZ\xa0q\x1c~\xea\xd8\
\xb1\xf6\xc6F\xd4\xed\x9d>~rme\xcdu\xddb\
\xb1\xd8\xeb\xf58\xc3(V\x7f\xf8\xd6?x\xedk^\
\x17\xc7\xa1\xb0\xecm\xe1\xc1\x97\xde\x8c\xf9\xfe\xb1\x0f|\
\xf0\xcc\xb9\xe6\xae\xdd3\x9a\x14g6\x03\x14\x1c,[\
t\xdb\xcd\x07\x1ex \x1b<\xf5z\xddq\x1c[X\
\x8c1\xa5L\x91\xecA0\xf0}?\xe4\x9c\xdb\x16v\
\x07\xf2\xbf\xfc\xea\x7f\xb3\x01\xff\xeao\xdfq\xe8\xb2C\
\xe7\xce\x9e\xe9\xf4\x838\x0c\x82~\x7f\xf5\xdc\xb2?\xf0\
\x01L\xa91`\x0c\x95\x8c\x17\x97N_u\xed\xd5\x82\
\xb9\x00\xcc\xc0\xc1\xe1\xa0\x05\x86pQ\xb1\xdfz\xad\x0a\
\x90\xd4\xf26\xe4\xcb,Lg\xe2\xbaD\xa4\x88\x96\xcf\
\x9cQZs\xce\x0c\x135\x9b\xeb\xba\x9d\xee\xf3o{\
\xc1+^\xfe\xe2\xc5SK*V\xae\xe7\x02cF\x9d\
\x0a\x19\xa2\xc64\xd3\x0f\x05\xe7\x9e\xe3\xfa\xb6#\x8b\xc5\
\xa9\xe9\xa9v\xab\xc5\x10\x95R\x8c\xe1\xd9\xb3g\x9f\xfb\
\x5ce\xe2\xa8\x90\x0e&\xa5$\xed\x1c\x97\xcb\x84D\x01\
\x00A3b\x92\xc0\x01$MI\xe5\xf0\xe4\xfa\x0d?\
%\xf1<\xc2y\x9dq\xdb\xb6\xaf4\xadt|D\x8d\
{\x15\x8d\xe8\x9a\xc94\x13B\x98\xc2-;\x9d\xcb,\
\x85#We\xe2Nif\xe9Py\x08\x8c\xca\xf1\xd6\
).\x9b\xe8\xb29-\xd1\x8ce\x88\xa4e\x14w:\
\x83n\xab\xddj7\xfb\x83\xbe\x92\x0a\x19gBx\xae\
c\xdb\x8e\xe7\xb9\x8e\xe3X\x96\xcd\xb8p=\xaf\x5c.\
\xef\x9e\xdfu\xf9\x15\x97\x1f\xba\xe2\xb2]\x0b\x0bN\xe2\
\x97!\xade\xaa\x06\xfaL\xa1/f\xb0\x904ML\
L\xfc\xc0\xf7\x7f\xff\x0d\xd7]\xf7\x8e\x7f\xfc\x87\xa3\xc7\
\x8f\x09!\xfc~\xe7\xcc\xd2\xe90\x08fg\xe7\xb8\x10\
\x84\xa0I\x0bH\x92\xc0\x89\xa8\xb1\xd9\xe0\x9c\x87a\x98\
\xf7\x17g\xee\xb7t\xb4R\xb7\xdb\xf5\x07\xfe\xee\xdd\xbb\
fgg\x8e\x1e=\xd6j\xb7K\xa5\x0ac\xcc\xb6\xed\
X\xc9J\xa5bYV\xa7\xd3\x19\x0c\x06\x17y\xc1\x00\
`YV\x1c\xc7\xb5Zm\xff\xfe\xbd\xd7]w\x9d\xed\
8A\x10\x04\x83~\x14\xf8\xcdNge\xe5L\xb7\xdb\
>uj\xe9\xa6o\xbf\x15\xbe\x16|\x22\x97\xda3\xaa\
]\x02\x84\xcf\xf6\x86\x08\x00\x8df\x13\x90b)i\xcc\
\x5cPR\xf6\xdb]-u\x18\x05A\xe8\x07A\xe0\xfb\
\x830\x8a\x22\x19\xc5Jj\xa5Lp\x8f\x9b\x80\x1b\x22\
!\xd3\xc6N\xe1DzK\xd8-C\x89\xe9\xff\xcd\xcc\
\x98O\xffH\x166#\x93O@\xd9VDdq\xa1\
\xa42T\xa2\x84yG\xa6 \xd0\x16\xf6K\x96\x93\x93\
\xff\xde,\x81\x19\x9b?\xbf\x82fN\xb5\xe1A\xccZ\
\xa9)\xf11oC\x19\x1d\x0d\x09\x8e\xa3\xacq\x006\
\xc2K\xcc\x9f=\xffa'F\xe8\xc8\xe7\xfc\x11\xc6\x7f\
\x1a!\xca\x9e\xffP\xdb\x86\xcb\xb6\x1f,\xe7\xdd\xe4\xa9\
RF\x87\x94\xdb\x94\xff\xa9\xb5\x8eA\x0a.83u\
\x98\xc6h\x870\x5cN\x0d\xec\xd9B\x18\xcb\x7f\xd6\xc9\
\x83\xdb)[f\x04\xc0\x0c\x1b7\xf64\x22\x02\x03\xd4\
[\x81}\x16\xb8\xceB^\x99C\x1b8ch2\xde\
\x801\x06\x0c\x18\x02$\x22\xe1\xc09\xe7\xc8L\x91c\
\xdb\xe2\x8e-\x18c\x9c3\xd7u\xcb\xe5\x8a\xb0\x1dn\
\xd9\xa6$C\xacus\xb3\xb1\xb8\xd4\xe8\xf6\xba\x1b\x9b\
\x9b\x8b\xcbgO\x9f^\xdcX]\x8b\x83@J\x99\xbf\
G4\xbc>\xa3C\x0a\x09\xe1\xd3\x181\x84\x84\x80O\
'\xee7$r\x0fC\x05\x98I1\x01$\x0c\xc2\xe4\
4;fd\x99f\xdb\xf6\xd4\xf4\xf4\xc4\xe4d\xbdV\
\x9b\xa8O\xd4\xea\xb5J\xa5R\xaf\xd5k\xd5\xea\xcc\xec\
T\xa5Z\xa9T\xab\x95j\xbdZ)U*\xd5B\xa1\
\xec9\xcey\x02\x03DJi_k\x89\x89\x96:\x03\
D\x0d(\x84x\xf8\xa1\x07\x1fz\xf4\x89S\x8b\x8bK\
\xa7N\x1d[<+Q\xd4J%\x22\xcd9\x0eB\xf9\
\xd3?\xfb\x1f~\xea\xc7~R\xca\xc8\x12\xf66Z\x93\
_z#\xd0@\xc0\xf9\xc6\xe6\xea\x1dw|\xa4R)\
k `\xc2\x84\xeb,n\x09\xc6\x1e\x7f\xe4\xb1\xcd\xcd\
M\xc6\xb9\xd6\xda\xf5\xbcr\xb5\xc2\x05\xd7\xa0\x190)\
\xe3(\x0a|?\x902\x06\x00B\x90Q\xfc\xcaW}\
\xd3\x0f}\xdf\xf7\xfe\xce\xef\xfe\x1f-\x5c\x01zem\
\xa3\xd7\xeb5\xd6\xd7676\xfa\xbd~\xa2\xeca\xc2\
8\x00\x00\xb0\xb2|\xb6\xb9\xb9\xe1\xed\xdaMD\x02\x99\
\xd6Df\x00\x83\xa1\xb6\x91\x22\x00\x22-w\x1a\x12\xc4\
\x18\xabM\xd4\xb5\x92i\x80\x10\x08\x98\x09\xaf\x99\xea!\
\x08\x00Z\xc9(Z]^\xce^-JK\x8b\x87A\
89=\xf3M\xdf\xf2\xcdgN\x9f\x1d\xf4\x06\x95z\
\x9dq\xa6I\x03%\x227\x9c1\xa5)#\x8f\x08\xcb\
r\x1cG*999\xb9\xb4\xb8\x14G\x11\x11q.\
VW\xd7{\xddn\xb1XT&}\x91\xc8(\xb2\x92\
\xd6\xb8\x15\xdb\xe4\xe7\xed\xe1|k\xe0\xac\xd6\x0cY6\
\xb5\xa4O\x89\x12Jd._\xe0\xa9\xb2C/\xe6\xa7\
\x0b\xfez\xb1\xc3\x8a\xc88@G\xa6n\xcb\xb2\x8c\x13\
v\xdc\x19\x04\xe9|\x9e\xd5\xac\x1fY\x89\xb2\xca\x9f\x94\
\xd5\x0b\x1cE\x7f\xa3`\x10\xb3diDDF\x04q\
\x1c\x0d\xfa\xddN\xa7\xd5h\xb6\xa20\xa4X\x22\xe7\xb6\
ms\x97\x13\xa0\xed:\xa5b\xd1v\x5cdBpV\
\xafO\xcc\xef\xd9u\xc5\xa1CW^q\xe5\xde]\xbb\
\x85HJ\xa3h\xad\xd2\xa8#\x87\xaf\x80\x83\xe6Ko\
\xc6\xf9h&\xbb\x1bn\xb8aa\xf7\xfc\xed\xef~\xd7\
]w\xde\xc9\x05\x0b\x06~\xa3\xb9)\xa5\x9c\x9d\x9d\xb7\
=\x07\xd3d]\xc6X\x1c\x87\xcdv\x9b[V\x14\xc5\
\x5c\x88\xade\xb4\x08Is@\x22rl'\x8c\xa2@\
\xfa\xfe\xc0\xe7\x96\xb5k\xf7\xae\xd3\xa7\x17\xd7\xd6\xd6f\
gg\x19c\x8c\x18\x11\x15\x0a\x05.\x84\xb0\xadn\xbb\
3bBl\xeb\x1f1O\xca\xb6,\xdb\xb2\x95\x22`\
\xe0\xb9N\xb1\xe0@\xbd\x8a\x00\xa0\xf4\xd4\xc2\xfc\xcc\xdc\
\xf4\x8f\xfc\xf0O\x1c8t\xc5W\xbbw/\xb5\xaf\xbd\
v\x09\x10>k\x9b\x09\xcd\x11CE\xaa\xd3\xed\x99\xf0\
\xc1x\xbc%\x0c\x82\xc1\xc0\x0f\xa2\xc0\x0f\xfa~\xe0\x07\
A\x10G\xb1\x8ccR\x1a\x0992\xe4\xa0\x11)\x91\
\x80\xa1L\x1b\xcd\xec\x9e\x07Z&\x030\xf17\x03\x81\
\xa6DkFoI\x1b3\xeem.\xf8\xc8\xdcGD\
\x96ei\xa5c)\x09H\x99\x1a\x129\xac\x95\x90\xf0\
R\x0c\x99yF\x932\xe8\x9c\xe7A\xe0\x08\x0a\xca\x87\
\x8c\x12\xb9u\x96\x00\x06\x0d;\xce\xbc\xf9\x0f0\x06\x17\
\xf3Q\xca\xac\xed\xc4\x84\xc9\x1f\xf0bX\xa6;\x1dp\
\x1c\x1f\x9e?$\xb8\x13\x10\xfdJ\xb7m\xe3\xa2f\xfc\
H\x90\xc2\x12<\xb5]\xb6^\xee\xf0\xdf\xbcLE\xfa\
c\xd2{\x8ca\xe6\x8c\x18\x11\x8c\xc9\xfb\x02\xb2\xf55\
\xdf\xe7\x94\xf9\xcb\x09\x12\x9d\x84-\xf1\xc0d\x17\xc6\x19\
f%\xe6\x0d+\x0e\x11Qq&\x182\xc1\x913\x86\
H\x8cY\x8a\x088rGx\x8e]t\x0b\xe5Z\xb5\
P*\x15\xb9MZ\xfb2lw\xbbk\x9dv\xbb\xd9\
\xed\xb6\xba'N\x1c?s\xf6L\x10\x87g\x17\x17\xc3\
 D\xc6h\xab\xb3\xc3PJ\xb3\xbbH\xde\x0b\x0d\x0a\
\xc6RM\x08\xe8\xbc\xb0'\x7f;\xc3\xc7\x91\x98\xf8\xa4\
\xb5\xce\xb9k\x8c\x1e\xc9\xf6\x07\x99\x98\x98\xa8M\xd4K\
\x95r\xb5^\x9f\xacONLN\xd7&j\xb3\xd3\xd3\
s3\xd3\xf3ss{\xf6\xee\x9d\x99\x9d-\x17\x8b\x82\
q8_\xd3\xc9\xdb\x0f\x92(\xad*\x0e\x00\x98K\xfe\
\x22\x93\x1a'\x8c\x94:\xb38p\x0b\x10I\xaa\x07\x1f\
\xbe\xff\xef\xff\xeeo\xee\xb9\xf7\xfeS\xa7\x17\x97\xcf\x9e\
%B\xcf+0\xc6:\x9dN\x10D/y\xc9\x8b\xff\
\xf7\xff\xfc\xdfD\x92s\x91\x11\xbb\xbe\x94\xa1\xbb\xad\x0b\
Fi\xb28\xde\xf1\xbe\xf7\x9f9\xb7\xba{\xf7\x82B\
@\xe4\x8c\x01g\xdcq\xbdv\xb3\xf9\xe8\x91\xc7\xcc\xce\
\x00P\xadU]\xd7e\x8cI\xa5\xb4\xd2a\x18\xf6\xfb\
}?\x085\x11\x98\x19\x88\x89\xff\xfe\xa6\xff~\xfc\xe8\
\x13\x9f\xbd\xf3\xae\xcb\x0e\x1f>\xb7\xb4\xd8\x1b\x0c\x96\x97\
\x96\x9a\x8d\x86\x8c\xc3\xd1W\x1e@\x08\xd1l4\xce.\
-\xcd.\xec\xe2D\xa64\x07\xa5\xa7K\xbdpLk\
\x1d\x87\xd1v\xcf\x91\x11\x91\xebx\xc5RY*\x0d\x08\
\x04\xda\xb8\xc3\x88Hi\x9d\x06\x09\x95&j5\x1a\x9b\
\x1b\x1b\xcc\x94\x92H\xbbB+M@/|\xd17\xb4\
Z\xcdn\xa35=7\xcb\x05'\xa2\xac\xecdr\x1a\
\xc6\x92\xa8\x17\x00c\xcc\xf3<\xdf\xf7K\xa5R\xa9\x5c\
jl4\xccF\x03\xdf_]]\xbb\xf2\xf2\xcbe\x1c\
A\x9aS@DJ*\xcb\xe6#O!=p\xaa\x8a\
D&\x81@#\x90)\xfbf.`8\xf3o\x85\x88\
\xe3\x8f\xf5b\x9e\xfe\x97\x02#!}\xe9\xf2P\x0d\xd2\
`\xe0\xf8\x8e\xa6\x06\xe3\xc8\x13\xcf\xfc\x9e\xe3B\x5c\xe6\
\xc8Y\xce\xc5H\xf4\x9ere~\x870\x90 [=\
3'W\x22+\x95\xe8\x16#cH@a\x1c\xf5\xfb\
\xfdn\xbb\xdb\xedt\x82`\xa0\x95\x02\xe4\xc8\x84W\xf4\
,\xdb\x16B\xd8\x96m\x17<S\x0c\xa1R\xad\xce\xcf\
/\x5c}\xf8\xf0U\x87\x0f/\xec\xde\x95\x89\x85fc\
\x86]`Nx\xa64\xd3I\x9a\xf4\xf4\xe4\xf4\x8f\xfc\
\xe0\x0f\xef\xdb\xbf\xf7}\xef}\xff\xda\xb9U\xcb\xb2\x83\
 <\xb7rnjf\xba\x5c.\x93\xd2&;\xa6\xd7\
\xef\xf6}\x9f\x08d,y*d\x90-.\xa0\x15)\
\x0d\x00\x96\xeb\x94*\xa5h\x104\x93\xc0 \x1c<x\
\xe0\xf4\xc9\xc5\xcd\xcd\xcd\xd9\xd9Y`h\xe4\xd3\x8b\xc5\
\xa2\xb0\x84-x\xa7\xd3\x8d\xa2\xd8<\xd6,\x03\x22\xdf\
\xa5Dd\xa2\xc7\xb6m[\xb6\xad4!r\xc7\xb2K\
EO\x03\x11\x82\xc7\xbd\xe9\xb9}\xb6\x0d\x0c\xf9\xc2\xc2\
\xc2W\xbb_/\xb5\xaf\xbdv\x09\x10>k[\x92H\
\x0e \xa5\xec\xf7{q\x189\x96=\x1e8\xf2\xfdA\
\xb7\xdb\xf5}?\x08\xc2(\x8a\xa4TD\xc4\x91#\x07\
\x8eD\x9c\x93J\x962\xd8\xba\xaae\x18\x8f3\xce8\
\x18\x13\x85\x08RC\xdd\xd4S\x05\x02\x22EZ))\
eV;\x98\x88\x8c\x833\xbb\x92|t\xd1\x22\x1bv\
^A!'\xd8\x0d\xa9\x93\xd5,\x90\xb0\x15\x0f\x8c\xa0\
\xcd\x9c\xd1\x90\x90\x8b\xcco9Sy\xd8-\xf9#\xc0\
\x0e\xf2\x95\x90+C\xb7-\xdc\xda\x09\xf8\x8d\x1f\x1f\xb6\
\x02\xb6\xa7\x01\xdev\xdae\xfc\x89?\xd5#\x9f\xff\x8c\
#\xed\xfc\x17\x90\x05oe,-\xcb\x82\xed0\xe16\
Q\xd6\xa4^Z.\x00K[\x0f;b\x14b\xf6\xeb\
(l\xc6TV\x811\x96\x84\x88\x81\xf2,PH\x81\
\x19\xa6.s\x00\xe2\x89 \xa7\x06$\x86d\x09Q\xf2\
\xbcB\xc1\xb5,a\xb9\xae].U\xcaU\xceP\x93\
\xec\xb4\xdb\xa7\x97\xcf\xac\xadnt\xd667\xd6\xd67\
6\xd6\xce.\x9f\xeb\xf5\xb7g\x04!\x00\x17\x02r\xb5\
XF\x82\xe18B|\xc5a\x12\xd0\xc8\xbf&\x0e\x9b\
\xbd\x5cC\xa9\xa7\x1d\x1f4Z\x96\xedzv\xa9T*\
\x15K\xbb\xf7\xec=t\xf8\xca\xfa\xd4T\xa5\x5c.\x17\
\x0a\x13\xf5\x89\xe9\x89\xc9R\xa9P(\x14fffj\
\x93ua[\x82\x09\xbem\x050 \xd2J\xa9\xd8\xc4\
.\x13I\xbe,NC\x09E \x11\xe8\xc3$\xf9-\
\xb1\x17\xd1J\x8a\x07\x8c\x95\x0eh77\xce\x9c]<\
\xfa\xc4\xb1\xfb\xee\xbd\xef\xb3w~\xe6\xc4\xe2\x99^\xaf\
\xdb\xed\xf4\xa4\xd4\x8c\xa1\xebZq\x14\xc4R\xed;\xb0\
\xff\xedo\xff\xebB\xa1\xa4\xb5\xfa\xd2\xb3e(\xdf\x80\
HS2>\x95V\x1c\x9776>\xf2\x91O\xd6\xea\
5`\xc8\x11\x04G\x06\x8cY6\xb3\xc4\xe3G\x1ek\
\xb4\x9b\x8cqD\xf0<ozr\xca\xb1\xecX\xc6\x1c\
\x19\x11\xf9\xbe?\x18\x0c\x94V\x8a\xb4\xb0\xac8\x0a_\
\xf6\xcd\xaf{\xfe\xf3n\xfe\xd9\x9f\xf9\xb9\xb9\xd9\x05%\
\xe3\xcdvw\xf1\xe4\xe9\xc6\xc6\xa6J\xc2w[<8\
\xc9\xd8 Z:s\xe6\x9a\x1bC\xc1=E\xb9Z\x9a\
`t8\x11\xb4V\xa4\xc20\x1c\xbf/\xc6P+\xe5\
\x15\x8b\xb6[\x90\x8a\xb2\xb8c\xe2\x1d\x03\x22\x0d\x8ct\
\xacb\xc5\xeds++\xfd\xfe\x801\xaeS\xff\x0b\x02\
\x93J\xee;x\xa0V.\x9e>qra~\xc1\xb2\
\xed\xbc\x7fp$&K\xa9\x04\xbf\x10\xc2\xb2,\xc7q\
\xea\xf5\x89v\xb3\xadt\x22L\xbd\xba\xbaz\xf8\x8a+\
\xd2\xebG\x13\xfaVRZ\xb652\x03\xa4.\xbc\xd1\
\xa7\x04&\xd3\x1b\x92\xf4\xc1-S\xc7\xce\xd2\xb8\x17\xfc\
\x1e\xb6\x9b\x7f.f/HS!\xc6\xd1]\xbe\x99\xfc\
\xc0|`\x9f\x88\xf2\x122\xf9}\x0d\xb70?,\xf3\
\xae\xab|WgC\xc5`\x0c\x80\x84\xa9n\x0e\x824\
\xe4\xbd'\xb3\x1c&X\x90!\x03\x02)e\xa7\xd3o\
\xb77\x0d}\xd1Tp\xe1\xc2\xb2l\x17\x90q\xc1+\
^\xd1v\x1d\x00\xb0,\xbb\x5c-\xcf\xce\xcd\x1d:t\
\xe8\xfa\xeb\xaf\xdb\xb7g\x8f%\xac\xf4\xd6\x08\xbe\xaa\xc9\
\x81_bc\xc8\x88\xb4\xe0\xd6\xb7\xbc\xf2[\x0e\xee?\
p\xfb?\xde\xfe\xc0\x03\x8fh\xa9\x02\x19\xaf\xad\xad1\
\xc6\xca\x85\x22\x07@\xc16\x9bM%\xe5vUy\x09\
\x01M?H\xa5\xe2Ap\xc3\xb5\xd7\x9f>u\xaa\xdb\
\xe9\xf6z])\xa3r\xa9\x5c\xadT[\xedV\xa7\xd3\
\xa9M\xd49\xe7J*@\xaa\x94\x8a\x96e1a\x0d\
\xba\xdd(\x8e\x1365\x91\xce\xbd\x05\xc8\x18hm\xd4\
z\x99\x10\x96c\x9b\x07\xef\xd8v\xb5Z\x0d\xa3\x88@\
\xc7\x81$\xc0\xf5\x95\x15)\xe3\x92g\xf4{\xbe&\x9f\
\xc5\xa5\xf6\xd5j\x97\x00\xe1\xb3\xbc!\x80\x94*\x8cb\
%%\xeam\x174\x8c\xa2HIED\x0cYR\x01\
I\x13i2\x8a\x05\xf9\x92\x12#h0\xf38\x12i\
H\xd6\xe2\xcc*M\xe3\x81D\xa8\x13\xf3\xcaH\x94\x8e\
\xec\x9e-\xc0y\xd8\x89[\x81\x5cr8HrF\x88\
\x0f/\xc3\x08\xb5\x0d\xd3\x1a\xb7\x06\x09G>o\xd9&\
\xe5\x1c\xea\xdc\xaf\xb8\x95n\x9a\xed>\xf2a\xe4\xf8\xdb\
\x06\xfd\xe8\xbc\xc1\xc0\xf1(D\xf6M\xfe\xb0\xe3\xd7\xb0\
S\xe4m|\x97\xf3\xec\xbb\xed\x91\xcf7\x8a\xf27\x92\
&\x1d\xed\xb4\xe5\xf9\x7f\xcan\xd0\x98A\x90\xc3\x84Y\
>\xc6\x96N\x80\x04QP\xbe\x80\x04\xe5\x88\xc1\xd9\x09\
\x93\xfd\xc1\x84\x91\x13\x08B\x84l(\x1cd`\x9eQ\
\xbb5\x02\xfd\x9c\x19\x199B4Af\x8d\x80,%\
\x94\x1a\x08\x06\x9c\xd9\x96S/\x97''\xeb\xc2q\x85\
\xed Q\xbf\xdfW2n\xf7\xfb\xe7N\x9f:u\xfc\
\xd4\xe6\xb9\xd5\xfe\xa0w\xee\xdcJ\xaf\xd7\x1b\xbdq\xe3\
\xcb'\x82\xb1\x90\xb8\xe7ya\x18j\xad\x19\xc3!Z\
\xc5-=\xc9\x18SJ\xa57\x07\x17\x14\xa6\x13B8\
\xae[,\x16K\x85\x82\xe7y\x93S\x93{\xf7\xee\x9d\
[\xd85\xb7\xb0095]\xabU\xcb\x95J\xadV\
\xab\x94\xca\xe5R\xd1\xf5<\xa7P(X\xd6y\xb1\x94\
V:&\x19\x05J\x12\x03\x86\xc8\x81%\xa1SH\xab\
\xc4\x01\x10)\x00B2\x95Z\x08\x91#2\xe4\xd6y\
F\x8b\x96Q\xbf\xd7n5\x9b\xeb\x9bkk\x1b\x1b\xe7\
\x96W\x9ex\xf2\xc9\xf5\xf5\xf5\x8d\xd5\xd5S'O\x9c\
={\xb6\xdb\xed\x03\x01p\xcel[K\x8d\xdc*y\
\x85=\xbb\xe6;\xadf\xb3\xdb+\x95+o\xfb\x93?\
\xd9\xb7o\x9f\x94\xb1H\x0d\xd3\x8bj\xc3x\x12\x98\x19\
E+mp\xadRJ\x9a\x82:J)\xad\x95\x94\x00\
\x10\xcbPx\xce\xc7?\xfa\x91\xf5\xf5\xcd\x85\xbd\xbb\x08\
\x883\xc6\x01\x18\xe7\x96e5\x1a\x9b\x0f?\xfa(\x80\
\xa1Vb\xb9\x5cv\x1c\x07\x009\x13D\x14\x04\xc1`\
0\x88\xe3Xk\xad4Y\x16\xabT\xeb\xbf\xf5[\xbf\
\xf5\x91\x0f\x7f\xf0\xdc\xc6\xe6\x95W\x5c\x1e\x87\xfd\xc5\xe3\
\xc7\xcf\x9d]b\x8c\x93\xde\xa6\xc8M\x06\x06\x96\xcf\x9e\
m6\x1a\xa5\x85\xdd\x9a4O\xf8\x18\xc0\x10U:\xf6\
\xe38\xf6\xfdm\xbc\x0f\x88H\x00\xd5j\xad\xe0\xbaZ\
\x9br&\xc3\xd0\x1c\x10h\xadIK\xa9\xe2P\xc3\xa9\
\xd3\x8b:\x9f\xca\x89&y\xd2\x9a\x9b\x9b={\xf6l\
\xa5\x5c\xadT+\x84d.5\x8b\xb9C\x0a\xd2\x10\x80\
\xb42rC\x96e\x15\x0a\x9e\x1f\x07\xf5\x89\xfa\xd9\xc5\
%\x15)\xe3\xbc;w\xee\xac\x94\xb1\xc9\xfc3(B\
k\xad\xb4\xde\xc9~5\xcc\x93d\x1a\x18\xdeT\xce+\
y\xc1\x07~\xd1.\xb0\xa7\xe1,\xbb\x18(h\x9aY\
\xf2\x8c\x94h\xe6\xfd\xd1Z\x8f\xc8\x8a\x8e\x1f\x7f<\x84\
8\xf2\xd98F\x8d\xa75\xd9>\x91<\x1eRF\xb9\
\x11\x8cA\x06\x0c\x09\xb4\x8aU\xcf\xefv\xda\xcdN\xbb\
\xd3\xef\xf7\xcdJj\x09!8g\x9c[\xb6g\xd96\
\x17\x16\x17\xa2\xe8zv\xa1095y\xf8\xf0\xe5\xd7\
]}\xf5\xfe\xbd{\xbd\x04o\x18^(`\x92S\xf2\
\xb5\xddL ])}\xf8\xd0\xe1\x9f\xfe\xa9\x9f\xf9\xd8\
\xa7?}\xd7\xddw6\xd66\xba\xed\x8e\x1f\x04\xe5B\
\x01\x01\x14\xe9\xe5\x95sJ\xe98\x8e0\xe7\x89\x80t\
a\xd4\xa49\xe3\x88\x18\x0e\xfc]s\x0b\xc5B\xf1\xae\
\xbb\xeed\x84\xbd^\xaf\xef\xfb\x05\xc7s\x5c\xbb\xd9l\
2!\xa6\xa6'\x95TR\xc5R\xc6\xf5jefz\
r}}c\xb3\xb1\xd9\xef\xf5c\xa9\x8d\x08\x10\x02K\
\x8c(\x02@4\xc3\xa6T*\x96+e.,\xd7\xf3\
\x1c\xcf\x13\xb6\x1d\x85\xd2\x1f\xf8\x87\x0f_y\xcb\x0b\x9e\
\xff\xf7\x7f\xf3\xf6B\xb1p\xcb-\xb7@\x9am~\xa9\
]j\x17\xd9.\x01\xc2gu#@\x04R:\x96\xb1\
\xa9\x93\x16\xc7C\xdf\xa4\x99\xc5*\x95J\xa1P\x08\x82\
\xc0u\x5cN\x5c*\x99\x0f2\x8c\xa3\xc1l\xbdL\xf5\
\xc9\x92\xc0\x849\x1d\x81&P)2L\x8aS\xe5\x03\
z\xf9\xea\x85\x90.\xa5\xc96\xb9|\xc2\xec,\xc38\
a\x064\x01t\x8a\x13\x8d\xe2|\x1e\x0dn\x1b\x15\x1c\
\xc1\x96#@\x91\x9d'\x968\x16f\x19\x81\x8e\xd9\x97\
#h'\xeb\xe1\xfc\xf6\xdb?\xa2\x11B\xe3\x0e*\x08\
#\xf4T\xda\x9ao\xb0-\x16\xcd\x1f\xe1<n\xefm\
\xc3\x95\xdbo\x96a\xb4\xdc\x86\x94\xc6W\xb7\xbd~8\
/F\xcd0\xa1\x96j\xfc\xee\x86\x980\x11P\xdc\xa2\
\x15\x91\xfc\xc4\x10F\xfa\x9c%\xaaA\xc9.\xe6\xec&\
\xe2\x07\xc81\x11\xd7#$d\x5c0\xc61\x19fZ\
k\x86\xc4\x19 2\xdbv<\xd7\xa9\xd6\xaa\xb5j\xd5\
v<\xabTb\xdc\x8e\xbb\xfe\xf2\xd9\xc5\xd3\xcb\x8f\x9f\
Y>s\xf2\xc4\xa9\x8d\xb5\xf5(\x8c\x82\xc0\xcf\xbbY\
<\xb7X*U\x82`\x909;\x0c\xac0\xf6\x98\xf9\
3\xdbX)\xd5\xedv\xe1\xe2\x1a\x22\xba\x9e\xe7y\x05\
\xcb\xb2<\xcf\xad\xd7j\xe5r\xd9\xb6m\xcfq\xcb\xd5\
J\xadV\x9b\xdf\xbdk\xd7\xee\xdd\xf3\xf3\xf3\x13\x93\x13\
\xd5j\xadV.\x97\x8b%\xd7\xb1\x19\xbf\xc0$/\x01\
b\xd2\xa0$j\x05@\x9c1\x02\x96p\xc9\xb4$\x04\
\x00\xad\xa5F\xe0\x22\x89\xc0\x00\x81B\xd4\x00\x0c\x11\x18\
\x17\x00\x0c\x00\x81\x8b\xd4\xa0\xd7\x00\xa0\x09\xa4\x8e\x83h\
0\xf0\xfdN\xb3\x09J\x06~\xb8zn\xa5\xd1X_\
Y9\xf7\xd8c\x8f\x9d:ujc\xa3\xb1\xbe\xb6\xba\
\xb9\xd1\xe8\x05[s\xa5\x18+U\xaa\xd5\xea\xcc\xf4\xde\
\x0a\xe7<\xf0}M1\x10\xd6\xa7\xa7\x17\xe6g\xda\x1b\
\xeb\xeb\xab+~$\xff\xdb\xff\xf8\xaf\xdf\xf4\xaaoT\
R>\x1d4h\x14q\x942\xe2\xc9q\x1c+\xa9\xa4\
JT\x94\xf35u\x10A2\xd9m\xae\x7f\xe6_>\
S\xaeU QhF\x86(8\xe3\x16{\xe2\xb1\xc7\
\x1a\xad\x96\x91\xd6d\x8cU*\x15D\xa651&\x88\
\x94\x09\x0f\x22\x22\x91\x12L\x0cz\xfd\x1f\xfe\xf7?v\
\xe5\x81\xfd\xbf\xfb\xbf\xfe\xd7e\x97\x1d\xd02\x12\xc8*\
\x05\x17\x0c1\x12\xf4\xb6\xef\x8b\xd1\xb3i\xb7\xdb\xcb\x8b\
K{\xe7w#\x1a|D\xd9\xcbh8cR\xca\x11\
\xe1\xd9\xfc;8;3\xe5\xda\x96\x8c#bL\x03\x22\
%<\xcc\xa4&\x04\x81&\xdem4\x97\xcf.#\xa2\
\xce\xf2\xbd\x19SZM\xd5\xeb*\x92!\x8bf\xaf\x98\
\xb3\x1c\x9b\x0cW\x93\x92\x82\xf1[\xfch\x08\x8cs-\
\x95a6\xba\xaec\xfbV\xa5Z\xf5</R\xb1\x8c\
%c\xd8j\xb5\xfa\xfd\xbe[*(\xa5\x13Z\x08\x92\
\xd4J\x9b\xd2\xf3\xe95\x8f\xcc\xc3\xa9d\x0d\xc4R\x01\
\x11c\xa0\xe4\x16\xe8:\xee\xcb\xdbi\xe6y\xaa\xbf\x9e\
g\xaf,\x97\xef\xe2\x07 \x22\xda\xb6m\xc6^\xde\xb3\
i&\xc3\x9dv\x19\x99\xeaG\xbc\x8d\x19\x1a\xcc\xaaG\
04\x0a2\xc6!\x86\x90\xa4#3I:\xf4\xfdn\
\xa7\xd3n6{\xdd\xae\x8c\x03D&\x84(\x14\x0a\xe6\
^\x1c\xdbv\x5c\xcfq\x0b\xdc\xe2D4=5\x7f\xdd\
u\xd7\x5cu\xf5U\xfb\x0f\xec/\x17\x86u#\xe0k\
\x8a\x17z1Mkm\xbcO\x00P\xab\xd4^|\xdb\
\xf3\xfc\xf6\xe6\xc3Q\x5c\xf6<\x9dd\x1b\xaaA\xcf_\
\xdf\xd8\x00\x8d2\x96\x9c\x1b/\x1ff8\xdcp\xe29\
\x17\x96\xc5\xc3\x08Z\xed\xf6\xae=\xbb\x8b\x95\xf2\xa07\
\x98\x9b\x9d\xf5\xc3\x10\x91\x0d\x82\x1e\x22\xb4\xdb\xadHF\
\xf3\xf3\xf3\x16\xd0+^\xfa\x92\x1f\xfd\xd1\x1f\xaaT\xaa\
ALg\xcf-/\x9d^|\xe8\xd1G\xef\xbe\xf3\xce\
\x13\xc7\x9e\xdc\xdch\x86Q,,\x81\x04J'\x8f{\
fz\xaa\x5ct\x09\x98#l\xc7v,&\xf6\xed\xd9\
{\xe6\xdc\xf2\xcc\xf4\xf4\xbe\xbd\x07\xfb\xbdA}rf\
r\xba\x0e\x97\xe2\x83\x97\xdaSl\x97\x00\xe1\xb3\xb9\xa5\
\xc1\x06\x90RE*\x16Lt\xbb\xdd\xe9\xa9\x89\xe1\x06\
D\x8e\xe3\xee\xdd\xbb/\x08B\x00&\xad83\x83\xc6\
+\xce\xe7\x89m\x86\xcb\x0e\x19\xca\x82<\x96J\x00a\
.\x07p\xcb\xba\x9eU24\xa4,\x00\xc8\x89%n\
\x81\x82#\xff\x8e\xe0\xba0\x0cE\xca\xb8\xcb\xef\x92m\
3\xf2\xfd\x08 \xdc\xe9\xc3\x088\x84\x9c5\xb0\x13n\
\x84\xad@\x11\xc6 \xe28\x1d4k\xe3Q\xc4q\xf0\
\xb6S\xa4q\x1c\x83\xedt\x0a\xd8\x0a)i;\xee\xe8\
Na\xc3\x8b\xa1\x00\x8d\xc7\x1e/\xb8\x979E\x14G\
\xb6e#\x8drGGmA\x1c\x0e\xa3\xad\xfer\xcc\
\x03c\x18*q@\xaa\x9fN\xc6&\x22\x04n\x14`\
\x00\x00Q\x91\xd6Ji\xadl\xdbr\x1c\xc7q\x1c\xaf\
P(\x15\x0a\x05\xc7&\xce$\x81\x0a\xa3N\xbb}\xdf\
\xb1c\x9b\xcdf\xa3\xdd\xde\xd8l\x9e;\xbb<\x8e\xdf\
0\xd5\x9e11p?\xe8_\xb0\xaf\xb2\xc6\x85(\x97\
K\xc5b\xb1Z\xab\x17\x0b\xa5\x82\xe7\x15\x0a^\xad^\
-W*\x05\xcf+\x16\x8a\xe5r\xb9T*U\xab\xd5\
\x89\xa9\xc9J\xadV\x9f\x98\xa8Uj\x8e\xeb\x14\x5c\xb7\
\xe0\xba\x17w\x12\x22-\xb5\xd6\x04\x1a\x8clH\xd2%\
\x80\x80\xc4\x08\x811J\x22}\x84 \xa52\xe5\xca\x0d\
?\x00\xb5\xb2\x5c\x1b\xb9\xcb\xc5\xf6\xf6\xaeV\xb2\xd3\xe9\
\xf6\xfa\xfdf\xbb\xd5j6\x9a\x8d\xcd\xb5\xd5\xb5\xb5\x95\
\xd53g\x97O/-\xae\xad\xad\x05\xbe\xbf\xde\xd8X\
_[\xd7\x0a\xb4\x1a>_\xc6X\xa5V\x9b\x9c\x99_\
8p\xd5\x8d\xcf\x9f\x9d_\xd85;;3=31\
Q\xabWju\xa7\x5c,W\x8ae\xcf;\xb7\xb4\xbc\
\xbc\xb4\xac\xb5Z__\xdf\xd8X\xe5\x9c=\xfc\xd0C\
w\xdfuO\xa4\xe2o\xff\xce\xef\xfc\x95_\xfa\x05\xad\
\x15\x17O\xc1$\xd5Z+)\xa5\x8c\x0d\x08L\x0a\xab\
J\xa55e5u\xb2\x09\xd0\xa0w\xa9\x95\xe5\xf0G\
\xee}\xa0\xd1l\xd7'\xa7 \x89\xf3 \xb3,\xcb\xb1\
\x07\xdd\xee#\x8f<\x0a\x00\xc2\xb2\x00\xa0\x5c.\x17\x0a\
\x05\xd2\x84\x8c\x11\xe9(\x8a\xfa\xfd\xbe\x19\xdbJ\x03c\
P\xa9M\xfe\xfc\xcf\xfd\xcc?\xfe\xe3?(\xa5\x8b\x8e\
3\x18t\x19\xf2\x83\x97]\xf1\xc5\xfb\x1fTJ\x8d\xbf\
\xe9#S\xc1\xf2\x99\xa5\xe0\xfa\xe7\x14\x8a\xde\xf8\x5c\xa7\
\xb5IV\x1c\x0bP\xa7G\x9b\x9c\x9a\x22 \x9dE\xce\
\xd3L]3\x7f\xc7\xb1\xd2\xc8\xcf\x9c^\xeat:\xa6\
\xf8A\xd6cB\x88B\xa1\x18E\xd1\xae\xdd\xbb\xa6\xa6\
\xa6 \xe1i&\xda\xfd\xdb\xa6<!g\x89\xfb\x06\x99\
m9E\xcf-WJ\x9d^\xd7@\x88\xc1 \xd8\xdc\
l\xee\xa9T\xa4\x8c\x127_\xe2:\xd1&\x99m\xc7\
\xd1\x0c\x80\x00\xa6\xa3\x92\xb7=\xe3&_\x04St\xe7\
\x97\xe4if\x0c\x22\xe2y\x22{\xe7o&\xa2\x98\x95\
\x940\xb2\xa2\x09Cg\x87se\x1f2\x10\x02)S\
\x14S\x7fD\x96.\x98l\x06\x80\xc8\x00Pk\x15\xc5\
\xb2\xd7\xef\xb6\xdb\x8dN\xab\x15\x0c|M$\x84p\x9c\
\x82%\x04\xe3\x9c\x0b\xe1y\x85R\xa9h\xd9\x0e\xe7\xbc\
T*^~\xf9\xa1\x99\x99\xe9\xd9\xd9]7>\xf79\
\x09\xec\xd7I\x92\xc5\xd7(/t\xdbFZ+\x22d\
\x8c3\x06\x00\xed\xd6\xe6\x03\x0f=\xf0/\xff\xfc\xe9\xc5\
\x93\x8b@\xe4\x16\x8a\x84\xcc2\x0a\x05B\xb4\xd6[\xdd\
\xf6\x80@\x13i\x00\x81\x08Z\x8f\xac\xaa\xa4\xb4\xe6\x9c\
k\xa0\xfe`P,\x14*\xe5\xf2\xfa\xc6f\xb5\x5c\xbc\
\xe2\xb2C\x8f\x1f=\x1a2+\xc6H*\xd9\xedv\x95\
R\x9c\xe0\xf2\x03\x07\xae\xb9\xeefM\xc4\x10/?t\
\x05\xbc\x08\x00 \x8e\x83S'\x8f\x7f\xf4c\x9f\xf8\xa7\
w\xbd\xfb\x9e{\xee\xe9\xf7\x06\x86P\x0d\x00\x93\x13\x13\
\x8e\xedHE\xc8\x19\x13\x9cq\x8e@\xab\x9b\x1b\x8dn\
\x17\x00\x9e8v\xb2Z\xafy\x8e\x9d3\x00/\xb5K\
\xed\xa2\xda%@\xf8\xecn\x94\xa5Dm\xac7t\xac\
76\xd6\x0f\x1e\xd8\x97\xfd\x9c8\x9cff\xa3(^\
>\xbb\x1c\x85\xa1\xf1Y\x1ach\xa7P\xa1\xa9\xc4=\
\xfc&M^\x020\xbcw\x9d\xee\x080\x02\xf3h\xa8\
ia\xb2\x1d\x0c\x07\x944\x99*\xf3\xc3\xeb\xde\xae\xe9\
\xd4#\x1dG\xb1R\xcaq\x9c<X\x1d\xdf\x0b\xb6\x03\
{\xd97#P3\xfbr[\xd4g>\xe4\x1d\xe1y\
@\x98\x1d6\x0f\xccF \x22\x8c!\xbd<h\xcc\xbe\
\xc9?\x97\x91\xc7\x94\xdff'\xdc\xb5\xd3\x96\xd9\xe7\xf1\
\xdd\xb75w\xb6\xcd<\xfc\xb27\x13\xf7\x88\xe3\xd8\x16\
\x96\xb1\x8dv\xea\x04c22L\x07tv\xf1\x90t\
;\xa6:1)\xd6!\x22`\x89\x83\xdc\xc8\x9dk\x22\
\x88\xa3\x08\x19\xf3\x5c\xd7+\x96\x8b\xa5r\xb1P(\xb8\
6 \x06\xbe\xdf\xed\xf6N\x9f:\xb9\xb4t\xb6\xd1j\
\xb7\xbb\xddv\xbb\xb3\xb6\xb6vA~&\x22\xda\xb6\xe3\
\xba\x8e[(x\xc5\x92c\xdb^\xc1+\x16\xbcB\xa1\
P*\x95<\xafX\xf0\xbcR\xb9\x5c\xafU\xeb\xd5\xaa\
\xe7y\xa5R\xc9q\xecR\xa9\xe8\x15\x0a\xb5\xfaD\xbd\
>Q,\x16\x1d\xcf\xb1\x84\xe0p1A\x86,=/\
N_>\x9e\xb0\xe9\x88\x00\xd2Xjvy\xe6\x1fD\
 N\x88\x08\x1a\x09L\xa9\x00\x93?\x09\xc0\x90\xa7\x1a\
\x80\x1c\xf2\x916\x22\x8a\x83\xb0\xd7\x0f\xfc\xc1F\xb3\xd5\
\x5ck476\x1b\xcd\xcdF\xbb\xd1lm6\x96\x96\
\x17\x97\x97\x97W\xce\xad\xac\xafot\xba\xdd\x81\xefg\
\x86\x11\x000&J\xe5\xf2\xd4\xd4\xd4\xf4\xd4\xd4\xf57\
\x1c\x9c\x9a\x9a\xaa\xd4\xaa\x93\x13\xd33S\xd3\xf3s3\
ss\xb3sss\xb5Z\xadT.\xbb;T\x90\x8f\
\x22\xff\xa1\x07\xbfx\xee\xccb\xe0G\x08\x0aH\xd6k\
\xde]\xffr\xe7\x07\xef\xf8\x98$}\xcd\xcd7\xff\xe1\
\x9b\xdf\x9c\xde\xe2\x85]\x0f\xa6\xb0[\x1c\xc7J\xa98\
\x0a\x0d 4uP\x92\xb4.If\xb3|\x9dU\xad\
5\x10\xc5Z\xb5\xdb\xe1\x17\xef\xbe\xd7\xf5\x0a\x86\x12\xc9\
9\x13\x9c1\xc1]\xd7}\xe8\xfe\x07\x1a\x8d\x86Q\xb4\
\xb2,\xab^\xaf\x1b\xb9Y\x00\x90R\xf6z\xbd0\x0c\
\x95RR*\xc6p0\xe8\xff\xd4\x8f\xfdd\xad6\xf1\
\xd1\x8f~l\xef\xde\xdda\xd0e\x80\x04\xb0{\xcf\xde\
\x83\x07\x0f>\xf9\xe4\x93\xc6k\xb3\xad\xbf\xc6|^[\
[\xed\xf7{^\xb1\x80FS%\x89\x9c%\x01\xcf\xc1\
`0R\xd6\xcc\xbc\x1aZk!\xacJ\xb5\xa2\xb4J\
\xde;\xc6S-Y\xd2Z\x93V\xb1\x8e\x82X\x9d>\
u\x1c\xf2\xbcL\x00s_\x88X,\x16w\xef\xdam\
dc 7U\xc2VgS\xea\xaf1\xaa`\xc0\x84\
\xb0\x85\xed\xd8vm\xa2\xbe|n\x05\x00\xb4&\xd2z\
ccs\xcf\x81\x03Zk\xce\x18e\x15\x06su\xf9\
\xf2\xf3\xf0\x96\x89+\x09\xf9\x7f\xf5\xab\xab\x99@\xdf\x97\
27\x9aj4Y\xe2\xdf8\xb4\xcbN\x04cs\xbe\
\xe9\x01\xe3\xb30!\xca\x04\x0d\x9a\xf5>\xbb*\x22\xa9\
\xa2\xc1`\xd0n\xb7;\xedV\xbf\xd7S\xb1f\x08\xb6\
%,\xd7\xb1-\xdb\x16\x9ek\x8a\x08\x16\x1c!\xacR\
\xa98\xbfk\xcf\xe5\x97_~\xe5\xe5\x07w\xef\xda\xc5\
\x98X^^\x0e\xc3\xd06aa\xf6,\x01\x82f\xb4\
\x91\x81\xe5\x8c\x09\x80A\x18<\xfa\xe8\xa3\xf7\xdc\xfd\xb9\
\x07\xbfx\x9f\xdf\x0bl\xd7r\xdd\x12\x17B\x81\x22\x96\
\x18-\x9ah}m=\x8a\xa4R\xc3uaK\x12\x07\
\x10\x11\xc4q\xcc\x19'\x84v\xa7].\x95^|\xdb\
\x0bV\xcf\xad4:\xed_\xf8\x8e\xd7\xbf\xedm\x7f\xb2\
\xbe\xd9b\x8c\x182?\x08\xfc\x81oy\x85\x9f\xfeO\
\xbfx\xfc\xf4\xd2\xff\xfc\xed\xdfql+\x8a\x22\xe4\x9c\
\x01X\xc2\xbd\xfc\x8ak.\xbf\xe2\x9a\x9f\xf8\xb1\x9f\xb8\
\xfb\xce\xcf\xbe\xe5O\xff\xf4\xbd\xef\xfb\x80Y\x8f\x8a\x85\
\xa2\xe0\x1c\x114\x02\x01\x14\x8bE\xc7v.\xbf\xf2\x8a\
=\x07\x0f\x00\xc0\xf2\xca\xea\xde\xbd\xbb\x01\x98V\xf2\x82\
\xf4\x90K\xedR\xcb\xb7K\xc3\xe5Y\xdd\x90\x00\x80#\
\x13\x96\xa3\x14\xfa\x83\xc1\xe2\xe2\xd2M7\xdd4N\xf7\
\xdf\xb5k\x17clmc\x9db\xa5\xa5\xd4:\xa5N\
\x99\x5cB\x22\xad\x8cu4\xb4T\x12@\xa85m\xf5\
R\xe7\xc1\x951\x14\xb4\xc904\xa4PJ0\x95v\
\x5c\x19\xc7:\x05\x8e\xc6\xb6\xd5\xa9\xd7\xd3\xb4<\xde\xa3\
T?-\x8ec{\xab\xa4\xc1\x08 \x1c\xc7x\xf9\x0b\
\x86\x1d\xd0\xe6\xb6Hr\xdb?3X8r\x0a\xd8\x8a\
\x03G\xbe\x81\xb1P\xde\xb8\xb5\xb7m\x0cp\xa7\x9f\xce\
\xb3\x17\x8c\xa1\xb8\xf3\xf0QG\x92\x12i+]\x13.\
\x14\xeb\xcb*U\x0cMXv\x11\xdb\x1b\x9b\x11\x81\x94\
FD\xf3L!\x97 g\x12P\x87\x97\x9dH\xc22\
$\xca(e\x94\x06\x22\xd0`\x1bd\x82\x10\x93\xe4*\
M*F\x82H+\xad\xc1\x15v\xad^)U\xab\x95\
\xda\x84g\xb9 c\xa9\xc2\xf5f\xe3\xd8\x93O\xae\xae\
\xad\x1e?}\xfa\xdc\xb95%\xb5\xe3\xba\xc0\xa8R\xa9\
LNM\x1d8th~n~jj\xb2^\xab\xd7\
k5\xcb\xb2\x5c\xd7\x85\xd4\xf6\x12\x8e\xedy\x05\xcb\x12\
\x8c\xf1\xa9\xa9)\xd7-8\x8e(\x16\x5c\xdbq\x5c\xdb\
\xe1\xec)\xcf\xabD\xa4I\xe5\xdc&#\xc3\x00R\xe5\
\x0e\x9d\x8e\x0a\x04\xc0\x94\xae\xad\x13_p\x1a\x13`\x8c\
\xe3PUj\xfbfbeA8\xe8\xb4\xbb\xfd^\xbb\
\xddl6\x9a\x8d\xe5\x95\xd5s+\xab\x9b\x9b\x9b\x9b\x9b\
\x1b\xcd\x8d\x8d\xa5\xa5\xc5\x8d\x8d\x8dV\xab\xdb\xf7\x07z\
\xebE!\xb7*\x95\xea\xc4\xe4\xc4\xae\x83\x97\xdd4?\
?777=;\xb7ka\xd7\xbe]\xbbf\xa6\xa6\
&&\xeb\x13\x13\x13\xe5r\xe9B\xea\xa3\xd9\xcb\x9b(\
\xcfP\xc26U\x8f?\xfe\xd8\xe3O\x9c\xe8\xf4zZ\
\xe3\xa0\xdfcv|\xef\xe7\xef\xfb\xe0\x1d\x1fw\x5c\xb7\
`\xf3\xdf\xf9\xed\xdf\xdb=;'\x95\x14\xdbY<&\
+\x90\x88\x94\x94q\xa4\xa2(\xca\xd0\xe0\xd6&5I\
\xa5\xb4\x94R\xab\x04\xe1\xa8\x5c\xb1\x0d\xd4D\x9ab\xad\
N\x1e?\xbe\xdaj\x15\x8a\x85$\xc4\x0a \x18w\x84\
5\xe8\xf5\x1f\x7f\xec\xb1\xac?\xddb\xc1\xf1\x5cS\xdc\
O)\x15\x04A\x18\x86\xb1\x0c\x0d\x11B\xab\xb8>3\
\xf3\xf3\xff\xf1\xe7>\xf8\xbew3\xcem\xc7\x0e\xc3\x00\
\x10\x05c\xdcf\xcf\xbb\xed\xf9g\xcf-\xf7\xbb\xbd\x11\
\x9e\xf90\xc5Zk\xc6X\xb3\xd9\xda\xd8X\x9f\x9e\x9d\
\x05m\xf2\x01\x92,<\xd2Z+\xea\xb6;I\x01\xc3\
\x1c\x8e29\xa8SS\xf5\xc9z]K3S\x91\xd2\
\xcaL@\x04DZ+\xa9\x10\xd9\xe6\xfa\xb9\xa53g\
\x19cF\xe5\xc54\x86(,\xcb\xf1\xdc\xdd{v\xd7\
ku\x06H\x04\xa6X\x0b\xe4f\xb6\xfc\x03e\x8cI\
\x19\x9b7\x96#\xda6\xe7\x8cU&&\xad\x82+;\
\xb1\xd6\x1a\x01\xcf\xad,?W\xc5\x9c\xa5!>\x22\x00\
\xad\xa5d\x96\xa5q\x8b\xb4\x12\x11\x01\x82\x06J\xea\xd9\
\x22(\x0d\xc8\x91\x11J\xbd\x85\xc0>\xfe\xe2\x8c\xcf\xb1\
;\xfd\xba\xd3\xe0<\xcf\xaf\xe7A\x83y\xb7\x02\xa4\x99\
\x11\xdb\xd2@\x10\xd1\xa4\x14fg4o\x84!\xdc\x1a\
x\xbc\xed*\x90\xd504i\x89\x06\x0c\x02i\xc4\x04\
\x9fK%\x83 08\xb0\xdb\xeb\xc6Q\x8c\x88B\xf0\
B\xb9h\xd9\xb6\xed\xb8\xb6\xe3\xd8\x96\xcb9\xb7,\xab\
P(\xcc-\xcc\x1e<x\xf0\xaa\xab\xaf>\xb0o\xbf\
mY\xd9\xed\x17\x8b\xc5\xc6\xe6\xe6\xfc\xc2\x02]L\xb2\
\xe63\xbe\x19\x824\xe3\x8cq\x0e\x00\xb1RO\x1e}\
\xf2\xc1\xfb\xbe\xf0\x85{>\x7fvy\xd9\xb3\x9dB\xb9\
T\x9b,\x80I\xd8\xd6J3\xc6\x08\x81\x80\x18Da\
\xb0\xb6\xbe\xa9\x99\x8e\xa20'Y\x8d[\x10\xbb\xa6(\
\x8e\xb9@\x06b\xd0\xef\xf5\xfb\xdd\xeb\xae\xba\xf2\xe8\xd5\
\xd7|\xf2\xee\xcfMLO\xff\xe4\x8f\xff\xfb\x1f\xff\xa9\
\xff4=7S\xb4\xed\xef\xfd\xee\xef\xf8\x87w\xbf\xe7\
\xd8\xc9\xa5R\xad\xf6\xfb\x7f\xf8\xe6/|\xe1\xbe?\xfd\
\x93?\xbb\xea\xda\xab\xa4\x94\x8cc\xea\x8f\x22&\xc4\x0b\
_\xf2\xf2\x17\xbe\xf8%\xef\xfc\x87\xbf\x7f\xeb\x9f\xfe\xc5\
\x93G\x9e(\x96\x0a\x8e\xe3\xc5J3\xc2\xaf\xdd\xd1\x91\
\x00\x00\x80\x00IDAT\xc6f3\xea\x07\x93\x13\x13\
\xcf}\xdeM\x87\x0f_\x0d\x00\x9d\xe6\xe6m\xb7\xde\x02\
\xc6;x\xa9]jO\xa5]\x02\x84\xcf\xfe\x86\x8c\xdb\
\x8e\x17\x85\xe1Z\xaba\xd9N\xb3\xd5\x98\x9a\x984K\
\xcep\x1b\xc4\xf9\xf9y.xk\xb3\xa9\x95\xd2J\x1a\
|'\xb56\xa6\x83\xd6\xa4\x151\x86Y\x5c0\x89\x1c\
B\x22?\xa3\x0d\x0b\x94\x92\x00!\xe4\xa2j\x80\x84H\
&]D\xebDB\x80\x88$\xe7[ \x5cb\x14\x0c\
\xd9\xa1\x86\x89\x94BMe\xdc\xf0\xa6l=\xe4Ai\
z\xbam3\x1e\xc7\xc1\xdb\x05\x01a\x1e\xe6\xe5\xb7\x87\
\xed\xc0$l\xc5\x81\xf9\xef\xb3\x1b\x19\xd9\x0c\xc6\xa0\xe3\
\x08`\xdb\xd6\x10\xa1\xad\x22\x13\xb0\xd5s<\x02D\xb7\
e\x9d\x8d\x1c<og\xd0\x0ea\xc0\xf3\xb0\xd7vl\
\xe7%\xaad\xd7@[C|&\x9f\x902\xd9t\xcc\
]g\x82m\x90\xb46c\x80\xd2\x10!\x00\x09\xc6\x10\
\x811NZi\xad(\x06\x02B\x8b;\x9e739\
5=;\xe5\x96J\xa8 \xee\xf7\xd7\x1a\x8dG\x1f}\
\xf8\xf4\xb1\x93g\xce\x9c=\xb7\xb6\x1a\x84q\xb5\x5c\x9d\
\x9e\x9a\xde\x7f\xf0\xb2o\x7f\xfdw_{\xdd\xf5\x07\x0f\
\x1c\x98\x99\x9e(W*\x85b\xa1\xe0\x15\x9e\xearJ\
&\x0f\x8b@\xa9p\xd8]I5\x05\x06\x89\x10hj\
=\x00 \xea\xf4#K\x03\x9f\xc3\xbe\xcbn?\xaf/\
\x7f1Mi\x19DQ\x1c\xc7A\x10\x0c\xba-\xdf\x1f\
\xb4[\xedv\xb7\xb3\xb9\xb1\xb9\xba\xb22\x18\xf8k\x1b\
\x1bg\x96\x96677{\xed\xd6\xfa\xfa\xda\xc6\xc6\xa6\
\x1f\x8eV\x9d@\x86\xe5Ryff\xe6\xf2\xc3\xd7L\
\xcf\xccNMMOLN\x94k\xb5\x89\xe9\xe9z\xbd\
>;33;=U\xab\xd6\x8a\xc5\xa2g\x9dw\x11\
I\x09\x03\xe9\xfbm\x08g,/\x97\x9a\x0f\x0a\x11h\
\x22\xb6\xbc\xbc\xfc\xd8\x93\xc76;=\x92Q\x18\x0c\x98\
M'\x8f<\xf1\xfe\xf7~\xb8T\xaf\xb4\xda\xcd7\xfd\
\xc2o~\xd3K_$e,\x84\xd82\xda\x884i\
%U\x1cGq\x1cI)\xe30\x96*I\x14\xcc\x04\
\x1e\xb34f\xa5\xa4RR\xaa\x04\x03&\x800\xc9d\
C\xad4\x12H%\xa5\x94O<\xf1\x84\x10\xc2\xb2m\
\x02\x06\x00\x96\x10\x5c\x08\xaf\xe0\xdd\x7f\xdf\xfd+kk\
\xc6\xb2\x14\x96U.\x95\x04\x17H`x\xa9A\xe0\xfb\
\xfe\xc0H\xb60\xc00V?\xf8\x9d\xdf5]+}\
\xf8\xc3\x9f8pp\x7f\x18\xf6\x018\x18\xc7\x07\xc1\xc2\
\xfc\xc2\xad\xcf{\xde\xa7>\xfe\x89m_\xbd\xec\x9b8\
\x96\xeb\x1b\xeb\x97+\xc9\xd1$\xc4\x9aWX+%c\
\x197\x1aM\x13b\xca\xbf\xe3)\x0dd\xa6P($\
\x0cO\xc8\xe4d\x884e\xf3\xfc\xc9c\xc7\xa28\xce\
\xd7\xef\x01\x00\xc6\xb9\xe7\xba\x0b\xf3\xf3\xf3\xf3\xf3\x8c\x0f\
\xabJ\xc0\x98;);#\x99T@\x02\x934+\x84\
p\x1c\xa7R\xad\xd6j\xf5\xa8\xdfWJ[\x5c4\x1a\
\x8d(\x8e\x18\xe3\x94\x13\x1f\xd6Z\x8d\x1c\xc7\x9c\x8b\x86\
*\xb5\xc9sN\xc8\x90\x17\xa8\x9cz\xfe\x81\xf9%\xc1\
\x9bm\x99\xa2\xb4\x95\x5c\xb3\xe5\xadT\xca@\xaf\x91\xef\
1W\xa0b$\xbf\xc0\xe4V \x0e!G\xbehD\
\x16Hd\x8c\x01\x18\xbf\x18\x02cJ\xab\x81\xefw\xbb\
\xedv\xb3\xd1\xedv}? \x02!\x84\xebz\xb6c\
;\xb6\xe3\xb8\x8e\xeb\xba\x96es&\x1c\xd7\x9b\x9c\x99\
:x\xf0\xe0\xe1\xc3\x87/;x\xa0\x5c,\x99\xab2\
\xe3\xc4\x9c\xb4Z\xadv\xbb\xdd \x08\x5c\xd7\xfd\xda\xe5\
 j\xadIkd\xc8\x18\x07\x06\xbe\xdf\xf9\xe7\xcf\xfc\
\xcb\xfd\x0f>z\xf6\xd4\xe2\xfa\xda\x8a\xe0\xa2X*\xce\
\xcc\xcc\x99'%\x13v\x93)\xc7\x91\xac6\xc2\xb66\
V\x1b\x9dN7\x8e\x02\xd2&i\x90\x11\xe9-\xb1\x5c\
\x00\xd3\xdb\x96e#\xe90\x08\xce\x9e]\x0e\xfa\xfd\xc9\
\xc9\xe9\x82\xe3\xdey\xf7=\xbf\xfd\x9b\xff\xfdo\xdey\
\xfb\xfd\x0f?\x8a\xa8\xbf\xef\xdf\xbe\xfe\x8do\xf8\xeeo\
\xfd\xae7\x9c8~\xb26Q\xff\xec\x9d\x9f{\xd1K\
_\xf4\x97\x7f\xf9\x97\xafy\xcdk\x94\x92,\xd5\x89%\
\x00\xa54g\xf8\xbc[n.\x16\x8b\xc7\x8f\x9f\xe8u\
{\x9a@\x03\xc4al1\xbew\xf7\x9e\x99\x99\x99\x1b\
\xae\xbf\x8e\x09\xbb\xd7\xefnln\xde\xfa\xbc\xe7}\xb5\
\xfb\xfbR\xfb\x9al\x97\x00\xe1\xb3\xb9\x19\x13\x931^\
,\x95\xa4\x8c\x9b\x9b\xeb\xeb\x1b\x1b\xb7\xdf^\xfe\x89\x1f\
\xfb\x09\x000\xea\xc6y\x22\xca\xcc\xd4\x0cG\xd6\xed\xf6\
H\xc5\x06\x84I\x9d\x92\xa8t\x22\xefM\xb9H\xa0\xd1\
\x22M\x12\x02\x85Hl\x05\xda\x82\x8b\x18c&\x88\xa1\
\xb5\x06@Jy\xa4R\xca|\xa1\x08\xa2!\xf5\xf4\x02\
8\xcd\x90LG\xd0Z\xee@Z'\x9b@\x0e%\xc2\
\x96P!e\xbc\xd6\xdc.;\x22\xc6\x91\xd0\xe2y\xa2\
\x91\xdbb\xc5\xf1\x0d`\x0c\x10\xc2\x18\x5c\x84\x1cV\xa4\
\x11\x91\x95\xadb\x95\xdb\xfa\x8f\xf3\xbb\x8c\x1ca<$\
8\xfe\xeb\xb6\x94\xd1\xad\xdc\x98\xb4\xa0\xdf\xd8\x90\x1b\xa9\
_\x8f\x98K\x0a\xa2a(+\xfb5;\xb5\x91U0\
\xd5\xb7\x00\x12\xd3\x83%\xc2\xf7\x89?\xd6\x8c\x22\x9e\x92\
D5)\x15\xc7\xc6\xbba\xd9\x96[(N\xd7\xea\xb3\
\xb33^\xbdj\x17\x8a\x1b++\x8f=\xfa\xc8\xe9\xd3\
K\xc7\x8e\x9fZ9\xb7\x1cF1\x00T\xeaSW_\
y\xc5+^\xfd\xaa\x9bn\xbd\xf5\xda\xeb\xaf?\xb0{\
\xef\xfc\xec\xec\x08c\xd9\xb44\xbd\x0a\x86\xa8#\xe7\xa0\
Otk\x92o\x09\x91\x19\xccc\xc8\xab\xb9:\xef&\
\xc0ADZ#RZwA\x13\xb1\x0c\xd82B\xc6\
\x10xZ\x83a\x9bF\xa4b\x19\x0f\xfa\x83\xfe\xa0\x1f\
\x06a\x1c\xc5a\x10\xf6\x07\xfd^\xaf\xb3\xb9\xb9\xd9j\
\xb5\xba\xbd\xee\xea\xca\xb9\xe5\xe5\xe5\xd5\xb5\xf5Ng\xd0\
j\xb7\xda\xadv\xa7\xd3\x0a\xc3$\xf8\xc0Lx\x95\x08\
\x00l\xcb\x9a\x98\x9e\xacVj{\xf7_\xf1\x82\x17\xed\
\x9e\x9f\x9b\x9b\x9e\x9e\x9e\x99\x9e\xaeMLT*\xb5j\
\xb5:1Q\x9f\x9e\x9a,\x95JYm\x98\x1d\xaf+\
}\x992$\x9b>\xb7L\xda\xfebmH\x22\x00\xa4\
n\xaf\xf7\xf8\x93\xc7\xd6\xd66\xc2`\x10\x86\x112\x0c\
\xd6\x9b\xef\xbc\xfd\xbd\x96p\x83~\xf8\xc2\x17\xbf\xe2\x17\
\xff\xeb\x7f\x22-9\x0a\xd2\x1a\x804aR\xc5;\x0a\
\xe28\x8ac)\x95\xd4J\x93\x01s\x1ar\x08p\xcb\
\x87\x8c \x9a\xaa\xaa\x0c#\x84f\x1e\xd3Z+\xd2\xcd\
\xf5\x8d\xcd\xcd\x8dB\xa1\xc0\x10\x09\x91!\x13\x8csK\
\xf8Ax\xe4\xc8\x11\x0d\xc4\x90\x01\x80c\xdb\xc5B\x81\
3\x06\x9a\x00(\x8e\xc3 \x18H\x19k\xad\xa5R\x8e\
\xb0*\xf5\xda\x8f\xfe\xf8\x8f\xbf\xfb\x9f\xde\xc5\x85\xcd\x05\
\xc4\xa1\x19\xfc\x09p\x12\x8c]w\xddu\xc7\x8f\x1d[\
<u\xda\xd02\xb7\xc5\x1b\x00\xb0\xb2\xb6\xe6\x07A\xb9\
\xe8\xc1P\x90Y)\x92A\xe4\xafo\xacg\xbc\x8c\x11\
\xa86??Oi\x981)\xedn\xd0\xb7\xd6J\xab\
X\xabf\xa3q\xfc\xc9c\xc9\x04\x9b{\xeb-\xcb\x9a\
\x9a\x9a\xda\xb3kw\xb1TR@,\x01\xf5\x98E\xa8\
`\xabG\xc9\xcc\xf9D\x86D\x8a\xe6\x8c\x8e\xeb:Q\
\x5c\xab\xd5V\xcf,iMh\xb1~\xbf\x1f\x04A\xa1\
XDD\xd2\xc9[\x22\xa5\x1c\xa9(\x03\x90\x0b\x00B\
*\xa3C\xc4\x18\xe6Kq\x8e\xa3\xac\x0b\xe2\xbd\xf3l\
s\xc1}\xb3\xd8\xdd\xc8^YB\xe0N{\xc1\x98@\
\xa8\xd9+\xdf\x87\xe3\xcc\x8e\x0c\x0db\xae\x9c`\x96\xbd\
\x0c`\xca\xb9\x90\x1f\x85A\xbf\xdfj5\xdb\xed\xf6`\
0PRr\xce\x1d\xc7\xb5\x0c\x08t\x1c\xd7\xf5l\xcb\
b\xc8\xb8\xcd\x8b\xe5\xd2\xc1\x03\x87n|\xee\x8dW^\
qY\xa5\x5c\xcd\xdfx\xfe\xc8\xa6\xd5\xeb\xf5\xc6\xc6\xe6\
\xec\xee]@\xc4\x9f\xc1\xa4\xd1\xd4\xcd\x98\xfbFk\x9d\
\xc6Q\x811\x028z\xe2\xe8\x07\xde\xfb\xbe\xf7\xde~\
\xfb\x93\xc7\x8e\xde\xf0\x9c\xe7\x1e\xd8\xbbovfZ3\
.\xa5\x8ebE\x0c9\xb0$\x0b\x9d33\x1a\x19\x00\
C\xd0D\xab\xeb\xebJ\xab8ae\x1bE\x99\xd1g\
drnK\xc5\xa2\xd62\x8e\xa3s\xab\xab\x8e\xe3\x1e\
:t\xf8\x9a\xa5\xc5{\xef\xbd\xaf\x1fD\xbf\xf6k\xbf\
\xf2\xed\xdf\xf9F\xdf\x8fNol~\xf3\xb7\xbd\xe6=\
\xef~\xf7K_\xf6r\x15\xa9j\xa5\xda\xec\xb4\xbe\xeb\
\x0d\xdf\xf9+\xbf\xfc\x9f\xff\xdb\x7f\xfb5\xe3D3\xab\
#\xe7\xec\xec\xf2\xd2\xa3G\x9e\xf4\x07\xe1\xd4\xecL\xa9\
X\xf2\x83P*\xe5\xfb\xe1\xf2\xd9\xb3/\xbc\xed\xb6\x97\
\xbe\xfc\xe5\x8c3\x04\x5c>{V*\xba\xf2\xf05\xb0\
\xdd\xea\xfc\x8cj\xdb:\xaf/\xb5\xafn\xbb\x04\x08\x9f\
\xdd\x0d\xcd\xa2\x5c\xad\x94'\xea\x13\xe7N\x9f\x8a\xa4|\
\xc7;\xfe\x8e)\xf9\xc3?\xf2\xa3\xc2r\x94\xd6Zi\
\xc1\x13\xf3\x15\x19LL\xd6\x84`\xfe \xd0J\x92V\
\xb1\xd2R\x1b\x08\xa8\x10QiE\x9a\xb4\x86\x1c\x8fT\
+\xae\x0c6J\xec\x0bm\xc4F\x09\x08\x18\xe7\x19\xfc\
\x82\xc4'\x0d\x06CZ\x0c\x05X\xc6}>\xc4r\x99\
\x09=\x04lI\xa5\x89$\xdb\x90\x0c\xfd\x0a\x93?3\
\x98\x97\xda\xee\x9a\xb4\x91DO!\xe6(\xb8\x83\xe1\x05\
%G\xd3\xb4\x05\xddeTXs\x17\x9a\xb6\xc1\x87\x90\
K\xa1\xd9I\x88u$\xd4i\x9e\xc7\xb6[\x8e\xa3\xc7\
m\xff\xc5\x1d\xc4f`;\x14\x977\xd4\xc6\xff\x84\xed\
2\x03\xb3t\xa3\xf1@\xe2\xe8\xa82\x22\x94\x09\xd7\xcb\
|\x95\xd8j\x90\xa4\xac\x0d\xab\x9e\x03\x00\xcb\x80\xd4\xd6\
\x0c\xb7\xfc\xadAbQEBX\x00\xb6\xd4\x11\x000\
`\xa6\x8c\x04c\xc88\x22\x22\x07\x16\xa9\x184\xb8\xc8\
-\xd7\xe2\x9e[\xaeU\xa7\xea\xf5Z\xb9\xac-\xd4\xa0\
;\x8d\xc6C\x0f>p\xe4\xb1\xc7\x8f\x1d?\xd1n\xf7\
\x00\xa0V\xab]q\xdd\xb5/\xff\xc6W\xbf\xe8\xf9\xb7\
\x1c\xbc\xfc\xe0\xfc\xae}\xfbv\xefvl\xc7\x9c\xdf\xb8\
\x082\x9b\xcc(}\x9b\xe2\xd7\x8c!\x10\x83\x5c\xe9\xed\
\xa1S$\xa7y\xaa\xb5\x22\x04\x22\x95\xa9\xc0\x09\x044\
\xf6\x1fi\xc69\x1a\x1b\xc3\xc4\x83\xb6o\xa4d4\xf0\
{\xfd^\xbf\xdd\xe96\x1a\x8dFc\xb3\xd5j\xb6\x9a\
\xcdf\xb3q\xe6\xcc\x99\x8d\x8d\x8d^\xaf\xd7j\xb6\xba\
\x9d^\xab\xd5\xf2\xfd \x8e\xe3 \x8a\xa4\xda\xa6\x9e|\
\xa9T\x9c\x9c\x9a\x9e\x9c\x9c\xbc\xec\xb2\xcb\xaa\xb5\x89\xbd\
{\xf7\xed\xdb\xb7w\xb2^/\xb8.\x11\x94\x8a^\xb9\
R\x9a\x99\x9b\x9d\x9a\x9e.\x16\xca\x17\xca\xc5\x22\xadU\
ROt\xeb\xb8J\x9f%\xa6\xe2\xad_j\xe8\xc0X\
WQ\xa4\x8e\x1d;~\xf4\xf8\xa9\xae\xef\xeb \x0c\xe2\
\xa8R\xc0w\xbd\xef\x83\xbd\x81,8\xe0T\xea\x7f\xf8\
\x07\x7f\xe8:n\x1c\xc5\x0c#\x83\xe7\xa2X\x85a\x18\
\x86\xa1\x8cc)\xa5\x92R\x19\x99PS\x15^S\x06\
\x02G\xfe\xd59\xfa\x83\x99\xb8\x94R\x94&\xb31@\
\xa3{\xb9\xb4\xb8$%9\x9e\xad\x10\x90\x80!\x03\x04\
\xcb\xb6O\x9d8\xbe\xb4\xb8h(\xc4J\xa9B\xa1`\
[\x02\x114@\x18\x86Q\x14\xc9H\x22i\xa54C\
\x1e\xc5\xe1\xeb\xbf\xf7\xfb\xf6/\xcc\xfe\xfe'>\xbdo\
\xff\xfeXF\x88\x82\xc0\x14\x07\x07$`\xc0K\x85\xd2\
so\xbaye\xf9\x5c\x14EI\xb2\x1cA\xfee4\
\x9f7V\xd7\x82\xc1\xa0\x5c($\xac\xe1X\x91\x22\x15\
S\xb3\xdd\xde\xd8\xd8\x18}U\x11\xb5\xd6\xe5ry\xef\
\x9e\xbd\x89\x8aL\xe6\xe3\xd0DJ\x93\xd6\x91\x92\x92\xf4\
\x13\x8f=\xd6\x1b\xf4\xb7\xaa\x19#cX\xab\xd5\xf6\xed\
\xdd;3;kqA\xc3\x88/A\x9a:\x98][\
\x1e\xc42.\xe20R$\x813\x06hY\x96\xe0\xac\
\x5c.[B\xc42\xb2,+\x8a\xa3\xde\xa0_*\x96\
dN\xa5Wi\xadM)\xcb-J\xc6Y\xe2l\xc2\
\xa8\xd6Z\x0baS:l\xc6jXnOd\xddv\
\x9b\xa7\xd7\xc6\xbd$D\x94\xaf$1\xfe\x14\xc6#\x8a\
\x19\x1a4{\x09!\xa4\x94\x19\xae0\xb7\xc5\x12\x89P\
D\xc6\x0c\xe9\xd4\xe4C\x9bAH\x08D e\xdc\xef\
\xb7\xba\xbd^\xa7\xdd\x1e\xf4{2\x96\x88h[\x96U\
*\xd9\xa6\xb9\x8ec\xdb\xa6\x0a\xb1[,\xcc\xcd\xcf_\
{\xcd5\xd7]s\xcd\xfc\xfcB\xb2\xf0\x93\xa6\xb4\xd0\
\xebv/&\x15\x8b\xc5^\xa7\xdbo\xb7+\xd5\xaa\xd1\
>\xf9Rz\xef+\xd7\x10\x11H\x01\x81&\xd4Z\x9b\
\x10\xaa\x99uO\x9e:\xfe\x89\x8f~\xf8]\xefy\xef\
\x83\x0f=\xe2 i\x107=\xff\x85W\x1e:\xe8\xf7\
{\xb1R\xa0)\xa9W\x84\xa9Z\x11\x22\x110\x93\xd9\
\x80H\x0ce\x1857\x1a\x88LF\x92\xb1\xa4\xe7\x18\
K\x0a k\xad\x911\x04\x04\xadb%\x0b\xc5\xb2V\
\x14Grc\xbd9;=w\xe3s\xafmu\xd6\xdf\
\xf3\xd1\x8f\x9f\xdb\xd8|\xe5K_\xf5-\xdf\xfc-\xef\
\xfc\xbb\xbf\xfd\xfc\x03\x0f}\xf3\xb7\xbd\xe6\xba\xebnx\
\xeb[\xfe\xbf\xef\xff\xbe\x1f\x98\x9d\xdd\xd5\xed\xf7\x8b\x85\
\xe2o\xfc\xc6\xaf\x1f?q\xe2O\xde\xf66\xd7u\x95\
T\x5c\xf0\x13'\x8f\x1e9\xf2h\x7f\x10\x04a\x00\xc8\
\x94\x06\xadIkR*\x04P\xef\xfa\xc0\x07\x96\xd6V\
\xbe\xe9\xd5\xaf\x9c\x9b\xddu\xf2\xec)n\xd9S\xb3S\
\xf0\xcc\x03ZO\xcf\xff\xf2L\xbb\x8bgw\xbb\x04\x08\
\x9f\xdd\x0d\x09\xc8\xb2\x84\xe78\xf3\xf3\xf3\xa7\x8eW\x1a\
\x8bg-\xdb\xfb\xdd?|\xf3\xbb\xdf\xfb\xde\x9f\xfe\xa9\
\x9f\xfc\xa6o\xfeVK8\x00@\x9a\x94&D@\xe4\
\xa5r\xd5\xb2\xbd(\x0c\x94\x8cmE\xc6\x95n\xcaO\
\xeb\xc4l\x22EZ\x99\xd8\xa0R\x5c3\x22\xd0\xa4L\
\xc8\xd0P\xc3\x88\xc8\x08\x82\x8fC\xa0L9\xc0\xac\x88\
J\x9aB\x17\x80\x90\xe9\xc6\x18BD\x92\x9f\xa8S\x0e\
j\xc2=#\x00\x8d\x09\x94KH\xfb\x1a4\xa4\xb9\x88\
Zg\x1b\xe6\x00!dy\xe4dXI\x09\x5c\xd4Z\
k\xc2,\x11\xd2\xf0\x15Ik#\x7f\xaa\xf3hu\x8c\
\x92:.\xc1z\xfe\xb6mol\x0b\x0b\xcf\x03\x14a\
;\xac\x08[M\xc6\xfc\xafy2*\xe5\x22\x81\xdb\xd6\
\xb1\x801}\x08\x18\x03\xa2\x94C~I\x9a\x82\x89\x01\
\xa6\x0biR&;\x93\xf7\xdcA\x1f\x95\xb6\xca\xed \
\xa2&\xad\x01c\xa5\x84\xb0,\xc5\x90\x88!7\xda'\
RK\xad\x14C\xee\x14\x0a\x93\x93S\xd5\x89\x89\xaa\xed\
j\xa5\x22%\x1b\xed\xe6C\x0f\xde\x7f\xea\xd8\xc9\xa3'\
O\xaeol\x92&D\x9c\x9c\x9e|\xde\x0b^\xf4\xca\
W\xbc\xf4\xb6[o<p\xe8\xb2\xc9\x99Y\x97{\x00\
FZ\x86\x94\x92q\x14\x10\xe9$z5\xbc\x1b B\
\x00\x0d\xa6\xeeB\x9a\xbb\x97+c\x88\xb9\xff\x9d\xafI\
\x1d\x0f\xfc \x08\xfc0\x0c\xbb\xddn\xaf\xdfk\xb5\xdb\
\xfd\xc1\xa0\xd9j\xf6;\x9d\xc1 \xec\x0f\x06\x1d\x93\xb8\
\xb7\xd9h\xb5Zk\xabk\x1b\x1b\x1b\xedN;\x8a\xb6\
\x97\xb1\xb1m\xa7X(\x94J\xa5\xfa\xe4\xf4\xc1z\xbd\
:991=539=;=95=51\
1Y\xafV+\x95J\xa5R\xad\xd6\xaaN\xb1\xe4\xd8\
\x96\xb8\xc0Z\xaa(\x09\x8e\xe9\xbc\xd3\x00r\xce\x05D\
f\x18V_\xe9F\x89;\x9c\xad\xac\xac>\xf6\xf8\x13\
\xadv+\x96Q\x18\x06\xdeD\xf9\xeeO}\xe2\xd1#\
\xc7\xaa\xd3\xb5Fc\xf3\x8f~\xef-\xcf\xbd\xee\x1a?\
\xec\x22\xb1H\xca(\x96q$\x838\x8a\x820\x8e\xe2\
8\x8aR\xbc7\xf2\xcf0\x128\x82\x06\xd5\x0e\x8a\xca\
\x99\x1f'\x0c\x82F\xb3\xe1\xb8.$\x868\x08\xce9\
\xe7\x0c\xf1\xc8\xa3Gb\xad\x1c\x14RJ!D\xb1X\
4\x84@\xa9\xa4\x94*\x0c\x22)%\x00*\xa5,\xdb\
\x89\x22\xfa\xb1\x1f\xf9\x91O}\xe2\x93\x04\xc8-\x16\xfa\
D\x00\xc8\x92\xc1D\x04\x84\xc8\x01\x0f\x1d\xb8\xec\x9a\xeb\
\xae\xbb\xff\xbe\xfb0\x07\x81\x0c\xd6\x824\xf8\xd6\xedv\
\xfb\xdd\xee\xd4\xc4\x041\xd4Z!\x90\xd4\x14\xc5re\
\xf9\x5c\xb7\xd3\xc9\x07\x9a\xcc\x07\xad\xf5\x81\x83\x07\xeb\x13\
u\xa5$ &\xca\xce\xc6w\xa7\x92\x01\xd0j6\x8e\
\x1f;\x9e\x9fO\xcc\x00p]o\xf7\xee]{\xf6\xee\
)&\xa1<\xbd\xf5\x91\xc1\xf8.\x88\xa6\xee,X\x96\
\xddi4J\x95\x12\x02\xb3\x84pm\xa7\x5c\xaeTk\
\xb5x\xb3\xc1\x19\x93\x04\xcdfsaf\x9e(\xce\xdc\
\x0dI\xd4q\xbc\x96\xcc\xf0\xf5\xa4\xa4p\x0c0\xd3C\
\xa9\xef\xe9_\xaf\x8d\xd7\x1b\xa4T\x8eh\xdb\xed\x0d\x1a\
\x1c\x0f\x0ff2\xb6\x86J:\x82\xfc\x99Q\xc3J\xd9\
\xa1L\xf0TU\x8b\x01\xa0&Pq\xec\x87\x83^\xb7\
\xd7\xe9t\xba\xddv\x14\x86&\x1d\xb1P,8\x8e\xe3\
\xd8\x8e\xe3z\x9e\xe79\x8e\xc3\xb8\xc5,115\xb9\
\x7f\xdf\xde\xe7\xdep\xc3e\x07\x0e:\xb6\x9d\x5c\xb9I\
\xe18o\x14\xdf\x5c\xd8\xf4\xcc\xf4\x99\xc5\xa5B\xa9\xc8\
\x9f\xc1:%D\xa4\xb4D\xe4\x9cqS.\xe5\xd1\xa3\
G?\xfd\xf1\x8f\xdf\xf1\xbe\xf7\xdeu\xcf=Q\x10N\
\xcf\xce\x5cs\xcd\xd5\x13\xb5\xf2\xd2\xd2\xb9z\xad\x16\x04\
\x01\x99\x98w\xa2F\x96_\x8f\x18%K\x9dqm\xb3\
n\xa3\xddju\xa2(\x8ae\x9cqw\xb34\xdda\
J-\xea~\xd0\xf3<\x87\x88\xc2(ZZ:=3\
=117Y\x9d\x9e\x1c\x0c\xfa\xab\xcb\xe7\x0e\x1e\xdc\
\xf7_~\xe5\x97?\xfe\xc9O\xbe\xf7\xfd\x1f\xf8\xc5\xff\
\xf8\xf3\x9e\xeb\xbe\xe1\x0d\xdf\xbb\xba\xbe\xfes?\xf3\xf3\
\xd5J\xad\xd5j\xd7j\xd5\xff\xf77\xffoc}\xfd\
\x1d\xefxG\xa5RYY_y\xe8\xd1Gu\x1c\xc5\
Q\xc8\x90\x11\xa0\xd6\x14Eq\x18\x86\x83^`\x0b[\
\xa1\xfe\x93\xbf\xfa\xcb\xbf\xfb\xa7w}\xf0]\xef<s\
n\xa969553+A\x0a|\xe6>\xa9K\xed\
\x99\xd9.\x8d\x98g{#\x02d\xb6\xe3\xa0\x10\xd7\xdf\
\xf4\xdcF\xa3\xb5x\xea$\xe7\xfc\xfe\x07\x1f\xfa\x91\x1f\
\xfd\xf1\xe7\x5cw\xedk_\xf7\xba\xd7\xbc\xf6\xb5\xbb\xf7\
\x1c\xe0\x8c\x9b\xc55&\x04nq\x8b\x08\x80q\x12`\
)m\x90 )%\xb5\xd2B\x93\x22-\xb5R2\x02\
\xc1\x0cl\xd2$\x0c \xd4\x1a\xc8xy\x81\x8d$\xe0\
e\x86\xd7\x96u\xd1\x12R\xa6\xd5\xeaS$\x870\xdc\
\x13\x0c\xccK\xbd\xc3Dh\x0a\x11\x02\x181\x0d\xd0\xa4\
1\x8b)\x02iJ\x8e6\x22sJ\x00@zk\xec\
\xd1\xfc\x0fs\x94\xb14\xa0\x97\x16S\xd40\x04{\x89\
\x18\xffp\xffd\x97\x9d\x90!\x8c\xa5 \x8eo\x99^\
\xea\x8e*\xa9p\x11Xq\xdb\x0f\xb0C\x96\xe0\xc8\x97\
y\x82\xd9\xc8\xf7\xd9\x89\xf2\xcc\xd2dK\xf3<R\x8d\
\x0d\xa0a\x0d\xdc\x0cX\x98?\xb7\x8dAe\xc7\xc9c\
B\x8e\x9c\x00\x05\xe3\x9c\xa1-l\x19Ea\x1c1.\
l\xd7\x9d\x9b[\x98\x9d\x9f\xab\x94*\xfdv\xb7\xd5\xed\
\x1c{\xf2\xe8\xe2\xc9\xd3\x9b\xeb\x1b\x9b\x1b-\x0dP\xaa\
\x14\xf7\xed\xde\xf3\xa3?\xfa\xe3W\x1c>\xbcw\xd7\x9e\
k\xae\xbdjjz\x12\xb7\x0f\xc81D\x10O\xa5P\
\x01\x00(\xadM\xe8)\x0eMh.\x0c\x83\x81\xef\x0f\
:\x9dn\xbf\xdbm\xb6\x9a\x9b\x8d\xc6f\xab\xd9\xedv\
;\xddn\xb3\xd1l\xb4\xda\xddv\xa7\xd3nw\xbb\xfd\
n\xaf\xdb\xeb\xf6d\xbc\xa3Z\xa9m\xdb\x95j\xa5Z\
\xad\x1d8x\xd9\xe4\xf4T\xad^\xaf\xd7j3\xb3\xb3\
\xd33\x0b3\xd3S\xb3S\x93\xb5z\xbdX,z\x9e\
\xe7\xba\x8ec\xdb\xae\xeb^PbQ\x03hM\xb1R\
\xa8\xa5\xe1m\x02\xa1I\xb82%\xec\xb2\xc4$\x04\x80\
De4a\x01\xd3W\xc7)\xab\x11Y\xbf\xdfy\xf4\
\xc8\x91\xe5\x95\xb5(\x0a\xe20\xb2K^\xfb\xdc\xb9\x8f\
|\xec\xb3\x95\x89z\xa7\xdd\xfc\xee7\xfe\xf0O\xfc\xf0\
\xbf\xeb\xfa}%U\x18\xf4\xa2PFQ\x1c\xc72\x8a\
\xc28\x8ed\x14\xcbxXE\x90r\x92\xa1zk]\
\xc1d\x03\xad\x15\xa5\xda*[1!d\xef\x17Qc\
}\xc3\x0fC\xe1\xb8\xa6\xca\x98\xc1*\xb6\xe3t[\x9d\
\xe3\xc7\x8eqK\x18\xe2}\xa1X\xf4<\x0f\x11\x93\xea\
\xf6R\x9aS\x06Q\xc4-\x01@7\xdd|\xdb\xb5W\
_\xf1\xf6\xbf\xfa\x8b\x99\xd9\x85X\x85\x924\x22\x13\x00\
\x8c\x92\xda\x83\x08d\x11\xf3\x1c\xf7\xda\xe7\xdcp\xe2\xf8\
\xf1v\xab\xc5\x90QB\x8fdy6f\x10\x04\xbd^\
\x0f\x92\xc9\x04\x80(R\xb2=\xe8\xad,\x9f3!\xa6\
\xfcKMD\xae\xeb\x1e>|\x981\xa6\x95\x064s\
\xab\x063\xa3k\x0aU\x0c\x04G\x8f<\xde\xeb\xf5F\
\x9cD\xc8\xd8\xd4\xd4\xe4\x81\x03\x07\xea\xf5:\xc0h\xea\
\xb2i#n\x9d\xac\xdf\x00!\x8e\x22N\xc4\x811\x83\
y\x04\xb7m\xa7X\xae\xb5[\xad(\x08\x81\xa8\xb9\xd9\
`,\x9d\x91\x92\xc3\x01\x11e)\xb39/\x14 \x81\
F\xd0\x00\x8c\xb4&2t\xbed\x0f\xd8r=#\x1f\
F\xdaN\xdf_\xcc\xaf\xa6m\xfb\xf6\xa9\xedb\xf5\xa6\
gl\xdb\xce\xf0C\xbe\x97\xcc`c\x8ce\xe24B\
\x88,\x8f\x03\x19\xe3\x89B23\x11*\xc3\x95\x95J\
\x86A\xd8\xefv\xbb\xddn\xbf\xd7\x09\xc2Pk-8\
/\x14\x8b\x8e\xe3\xd8\x8e\xeb\xba\x9e\xe3\xd8\x96e\x0bK\
X\x96U\xadV\xf7\xee\xdbw\xf5\xd5W_v\xf9\xa1\
\x89J\xcd\xf4T\x96\x22\x88\x17'\xd6JD\x8cs\xaf\
PX=\xb7\xbak\xf7.\xda!\xe1\xfc\xab\xd6\x88\x8c\
gG\x08!\x98\x03\x08\xa7\xcf\x9c\xfa\xe0\xbb\xdf\xfb\x81\
\xf7\xbc\xef\xf3_\xb8\xa7\xe7\xf7\x17\xe6\xe7\xae\xbb\xfe\xfa\
\xa9\xc9\x99r\xad\xea\x08<~\xfc\xf8\xae\x85\x85\x89z\
5\x8c$2\x0ei-A\x1c\xca\x98\xa5\xb4d\x04\x0e\
H@\xc8Ycc3R\xd2\x0f\x92:\x9f:WH\
y\xcb{\x81\xbc\xd7\x0f\x1c\xaf\xa4\x01z\xfd\xde\xf3o\
\xbd\xf5\xd5\xaf~\xc5\xf2\xda\xba$\xdc\x5c]\xf9\x97\x7f\
\xfe\xe4\xf57_{\xcduW\xff\xe2/\xfe\xd2\x7f\xf9\
\xd5_\xfd\xc8G?\xfc\xed\xff\xf6\xf5Q\x14\xfd\xecO\
\xff\xdc\xc6\xfa\xc6\xaf\xff\x8f\xdf\x98\x9a\x9aj\xb5\xda\xd5\
J\xf5C\x1f\xfa\xd0\x1b\xbf\xff\xfb\xdf}\xfb?\xac\x9e\
]\x0a\x06}\xd4\xa0\x95\x02`\xb1RF\x1f+\x0c\xc3\
0\x08C?\xe8\xf8\x9dr\xd1\xf9\xdc\xe7\xee\xfe\xeb\xbf\
\xfa\xfb\xb3\xe7N\x5cw\xf5\xb56`,\x89DR\x1e\
\xe6\xab\xfe\xa8.\xe6\xb5zJ\xfb>\xb3\x86\xdf\xb3\xa8\
]\x02\x84\xcf\xf2f\xde\x9cb\xa1\xa0\x95,U\xca\xdf\
\xf8\xaa\x97\x7f\xf0\xfd\x1f\xb8\xf7\xbe{\x85\xb0j\xf5\xc9\
{\xef\x7f\xe8\xe3\x9f\xfa\xe7\xff\xf9\xbf\x7f\xfb\x86\x1b\xae\
\xbb\xf9\x96\x9b^\xf4\xe2\x17_}\xcduSS\xb3\xc2\
\xb5\xc0\xb5\x00\x8a\x0a(\x88\xa20\x8c\xb4\x8cu\x14!\
\xe3\x1c\x85\xd6\x0aH\xa3F\xc1\x11\xb4F\xadI\x83\xd6\
\xa4\x8c\xf4\x8cV\x08\xc2\xe4\xa7\x10g\x19\xba!\xd2J\
%\xabi\x9ek\xa4I3\xc6\x08(I2\x04\xd0\x9a\
\x18h\x9e\xa5\x07\x22&LTH\xd3F\xd2T\xa8\xac\
\xb0r\x22[n0\x1f\xa9\x0cZB\x0ee\x81q\x88\
\xc2\x10\xdd\x99\xaduFI5x2SO\xcd.\xdc\
l\xaft\x06\x02!\xb5\xc6\x12\xea\xec\xd6\x84\xc6\xf3g\
$f\x1b\x8co\xbfS\x83\xb1R\x8a\xe6\xe1\xe6Y\xa9\
yK\x88\xc6r\x02\xf3Kx\x9e\x14\xbaMr\xe0V\
\xabe\xe4P\xdb\xe6+\x8e\xfc9\xee>\x1fg\xb4\x02\
\x00CF&\x1a`\x1e*\x82\xe0\x82\x22\x19\x85\x03B\
\xad<ofzna\xf7\xfc\xc4\xe4T\x1c\xaa\x13\xa7\
N|\xeaS\xff\xb2|\xe6\xdc\xca\x99\xe5n\xa7\xd3\x1b\
\xf4\x00@p\xeb\xf0UW\xdfp\xe3s\xa6fjE\
\xc7\xf1lq\xec\xb1#_\xbc\xfb\xee\x8f}\xa4\xd8\x0f\
\xba\xfd \x16\xb6\x13\x05\x838\x8c8r\xc6\xd0\x14\xdf\
F\xe4\xc8\x18!X\x8e\xc3\x91\xdb\xc2\xb2-kzz\
\x9a\x88\xc2  \x15\xc7q\x14\x87\xa1\x1f\xf8\xfe\xc0\xf7\
\xfd\xb0?\xf0\xbb\xdd^\xbf?\xe8\xf6:\xfd~\xc7\x0f\
\xc3\x81\xef\xfb\x83@\xca\xed\x03\x02\x5c\x08\xcfuK\xa5\
R}bb~n\xfep\xf5p\xb5Z\xad\xd7'&\
\xa7\xa6\xa6\xa6\xa7'&&j\xf5Z\xb1X\xaeT*\
\xb5r\xd9\x94\xad\xf3<\xd7v\xec\xa7\x92kG\xb9@\
\xf7\x16[\xd3\xfc\xcb\x00\x18C`\x1c\x80\x1b*\xe60\
\xd9\x0a\x00\x90\xc6b\x9c\x98\x84[.\x22\xf8\xf9\x15i\
\x04@\xf2\xf1\xc7\x9f|\xf2\xe8\xb1~\xaf\xad\x94T\x00\
.\xe8\x0f\xde\xfen\x0d\x5c\xaa\xe0\xf2C\xd7\xfc\xfeo\
\xff\xcf\x81\xdf\xef\xb6\xbb\x83\xa0\xef\x0f\x06*Vq$\
c)\xa5\x8cT,\x95T\xe3tP\xad\x860/\x0f\
\xfc\x0c\x5cTZQ\xfa\x86\x8e\xf0\xc0\xc9\xb0\xe8\x94n\
5\x9a\x8c\xb3\xd4\xa0\x07\xce\x903t<\xf7\xbe/\xdc\
3\xf0}a[F\xe8\xa8\xe0z\x8e\xed(S`U\
i\x13\xabD\x86RI\xcfv\x83A\xf8c?\xf6\xa3\
\x8f<\xfc@g\xe0\xcf\xcc\xbbq\xd4G\xc6\x0d\xe5\x0f\
\x08\x8c\xcdf&\x13\x04\x98\x9a\x9a\xbe\xea\x9ak\xee\xfe\
\xdc\xe7\xb2g\x9d\x7f\xee\x06\x1e4\x1a\x8d$\xa1\x8et\
,\xe30\x8e667\xd6W\xd7F^@\x86L*\
y\xe5\xe1+\x17\xe6\xe6\xb4\x94\x94TcIg?\xa5\
\xa5V\x80\xb8r\xf6\xec\x93\x8f?1N\x04\xa8\x96J\
\x87\x0e]>\xbf\xb0`;\x0e\xa4\xe2Oy\xf6\xfb\xd0\
=\x94\xe3#\x98S0\xe4A\x10\xb8\x9e\x97h\xdf\x02\
s\x85\x10\x1c\xbcb\xd1\xb2l\x19\xab(\x8c{\xbd.\
\x81\xd1J\xcd\xe8\x9f\xa4\xb4\x16\xd9\x8b\x80\x99\xb8T2\
\x0d#\x80V\x04\x04\x0c\xd1\xd0\x1c\xd3\xcc\xc2\x7f\xbd6\
\x0e\x08\xb3\xba\x11\xb0u\xbe5\xb1\xc1<\x1a\xcc\x9a\xe9\
F\xce\xb9\xe38\x90\x86\xa48\x17q\x1c\xa7\x1aR\x09\
\x164k\xa5\xd2*\x0c\x83n\xaf\xd7\xebv\xfa\xfdn\
\x18\x04ZiD\xee\xd8\xb6\xed\xd8\x96\xe3\xb9\xb6\xed\xd8\
\xb6\xe7\x15\x84e!gn\xa10\xbfk\xe1\xf0\xe5W\
\x5c}\xf5\xd5\x0bss&\xcd5Y:\x18^\xd0\xa3\
4\xd2\xccc\x9d\x9e\x9d9\xfa\xc4\x93\xbe\xef{\x9e\xf7\
\xaf\xd9\xe1;\xb5\x84\xdf\x03\x98\xa5t\xae\xad\xac\xbc\xff\
\x8e\x0f~\xf0\x83\x1f\xb8\xfb\xce\xcf\xad\xae\xaf\xd7\xaa\xf5\
CW_u\xe0\xe0\x81R\xb1\x00\x08\x9cq\xad\xd8\xe3\
G\x1eulk\xdf\xde}a\x1c#\xc3\xc4w\x9df\
\x03\xe6V:HC\xd0\x88\xc8\xa28^]_\x05\xa4\
 \x05\x84\x90zr\xf3t'M\x80\xc8B?\xbc\xf6\
97\x9e=\xb3\xf4m\xaf\xf9\xd6oz\xf5\xab\xdb\xad\
F\xa3\xd3oo\xb6@\xa9\xf7\xbe\xfb\xbd\xdf\xf7=\xdf\
\x13W\xa3o\x7f\xfd\xeb\xdf\xfe\xf6\xb7\xff\x7f\x7f\xfc\xc7\
\xdf\xf6m\xdfl\x09;\x8e\xe5\xff\xf8\xef\xbf\xee\xfb\x83\
\xdf\xf9?\xbfW\xabMt\xba\xed\xc9\xc9\xc9\xf7\xbd\xff\
\xfd?\xff\xb3?\xf7\xef~\xe0\x07d\x10k\xd2Zi\
\xa9b?\x08\xfd \x0c\xc20\x08\x82N\xbb5\x18\x0c\
\xda\xdd\xae\x0c\xc3\x85\xe9i\xbf98\xfe\xf0\xb1k\xae\
y.\xe4\x94\xd8\xbe\xdaO\xe9R\xfbZj\x97\x00\xe1\
\xd7E\xab\x94J\x16B\xbb\xef\x97l\xe7;\xbe\xeb\x0d\
\x07/\xbb\xf2\x9f?\xfd\xe9\xb3g\xcfh-+\x95Z\
\xbf?\xf8\xe4'?u\xc7\x1d\x1fq\x9c\xff\xb3g\xf7\
\xaeC\x07\x0f\xd6'j{\xf6\xef}\xce\x8d7\xee\xdd\
\xbfo\xcf\xee\xbdS\x13\x93n\xb9\x0a\xc0\x14P\x14+\
\x19\xc7A\x14Ea\x08q\xa4\x95\x22NZ)\xa6\x15\
#\xae\x89q\xb0MxOeP*a~\x02\xe3\x08\
F \x04\x93|B\x00P\x1a\x19\x02!\x91fD\xa8\
\x014!\x91J\x947(\xc1\x81\xdc8\x89i\x0b.\
2\x81\x9e1\x8cdm\x01\x81F\xe7\xc6\x5c\x84\x89\x9d\
$PpK\xf5\x08\xd2D\x98\x88\xa6\x12\x11\x80J\xa8\
\xaa\xe3XN\xc3\x90n\xba\x03\xa1t\x1c\x22BN\x8b\
|\xdc<\xcd~\x85\x9c\x85\xba-V\xcc\xdf\xfe\xd0\xa3\
\x9ffi\xe6{c\xe4\xdf\xcc\x5c\xcbG\x0f\xb2\xf5o\
\xf4\x80[\xe1\x1fl\xe7\xa8\x1b\xcfn\x1a\xf9i[\xa6\
\xe8\x90\xd2\x06h\xe4\x86\x8c?<R\xb2\xdf\xefV\xeb\
\x95\xcb\x0e\x1f\x9aY\x98+W&W\xce,\x7f\xe1\x9e\
\xcf?|\xe4\x91\xf5\xe5\xd5f\xabin\x90\x0b\xee:\
\x8e\x10\x96\xc9\x0dy\xe2\x89#\x8f<\xf2\xe0W\xee\xc5\
A\x00\x8e\xc8\x05\xf7\x0a\x85r\xa5299\xbb\xbf6\
Q\xab\xd6*\xb5\x92\xe3\xb9\xe5R\xa9\x5c.W*\x95\
z\xbd>9=S\xadO\xd5j\xb5j\xb5R)\x16\
\x8a\x9e\xe7\xd8\xd6S:W\xf28\xc6:z\xb43M\
N\xd1E\xd3\x81\xd2\xa2\x8d\xf9\xbf\xb6\xb3\x12\xbez\x96\
\x83&b\x8c\xaf\xad,?\xf8\xf0#\x1b\x9bM\xd4\x91\
\x8c\xe5\xe4\xcc\xf4]\x9f\xf9\xf4\x13'NOM\xce\xb6\
\xbb\xed_\xfb\x8d7MO\xd6\x9ex\xe2d\x7f\xd0\x0e\
\x82A\x1ci\xa5\x8c6\x8c\xd1bTZ*\x22\x92R\
\x92&\x99\x90\xdbu\xa6\xa29\xe2\x7f\xc9kb\xed\xa4\
\x11\xa5H\x87\x83`\xd0\xef[\x8e\x9d\xf5>\x22X\x96\
\xdd\x1f\xf4\x1f}\xf4\x11\x00\x00\xa5M\x0ea\xc1\xf5\x04\
b$I+\x1d\xf8~\x18\xc7\x8a\xb4RZ0\x0e\xc0\
\xf6\x1c\xb8\xec[\xbf\xe5U\x7f\xf0\xbb\xbf;1=\x1b\
\x93\x0f\x9a\xb3T$\x13\xc0\x14SA@\x90\x00\x1c\x99\
\xc3\xc4\xa1\x83\x87\x1e}\xf0\xe1n\xafc4*\xf2N\
\x19\x83x76\xd6\x13\xf7\x94R\xb1\x8cC?X>\
s\xb6\xd7\xeb1D\x0d\xc0\x92\xc2\x83B)595\
y\xfd\xf57\x08.\xb4\x94Y95#io:K\
)\xf5\xe8C\x0f\x07Q\x98\x7f\xf7\x89\xc8\xb2\xac\xfd\xfb\
\xf7]v\xd9\xc1r\xb9l\xb4ah;\x09\x19\xd8\xaa\
Hi\x8e\xc0\x19\x0f\x06>\x22\x0aS\xbd\x00\x00\x08\x1d\
a\x0b\x06\xa5J\x89s\xc19\x07d\xfdA?V\x92\
\x8cvh\xc23\x00\xa5\x15\x02\x00C\x90I\xea\xa0\xa1\
\x22PRv\x025aVn\x93L\xc2zz\xcd\xf9\
Wi\xfc\xcb\xf3\xb7\x8b\xdcr\x1cJeSk\xfe \
\x19\x1a\xcc\xb4gF\xc8\xa2f\x17\x13<L\x15bx\
\xea\xcc\x19\x06\xf0\x89\xa4\x1f\x0c\xfa\xfd~\xbb\xdd\xeet\
:A\x10h\xad\x19C\xc6\x99W\xf0\x5c\xdbs\x1c\xc7\
\xf5\x5c\xcb\xf5\x009 s\x8a\xee\xd4\xe4\xc4\x15\x97_\
~\xf55\xd7\x1c8p\xc0\xb52j(%L\x81\xa7\
\xfb\x9a\x9b\xeb\x9f\x9f\x9f\xdfX\xdf\xd8\xb3w\x0f\xfd\xab\
\x07\x09\xf3\x9d\x9c\xc1i\xce\x19\x00\xb4\xba\xed/\xdcu\
\xd7?\xde~\xfb\xc7?\xf2\x91SKgJ\xa5\xe2\xde\
\xbd{o\xb8\xf1\xa6\xa9\xe9\x19\xc7q\x90\x08\x90\xa20\
Z\xdeXil4\xe6\xe7\xe6\xae\xbc\xfc\xb2(\xd6F\
\x0a\x170\xf1\x06o\xc5\xedi\x86\x05!!r!:\
\x9d\xf6f\xa7)\xa5\x8cru>\xc7=\xa4D\x1a\x91\
\xf5:\xed\x03\xfb\xf6\xfc\xe7_\xfe%\xaf\xe8\x9e]>\
\xd3muz\x91\xf4{\xfd\x85\xb9\x85/~\xf1\xfeO\
|\xfcS\xaf\xff\xce\xef\x9c\x9c.\xbe\xe65\xdf\xfc;\
\xbf\xf3\x7f\xfe\xf93w\xbe\xea\xe5\xafd\xa4\xb4V\xff\
\xe7\xb7\x7f7\x96\xfa\x0f\x7f\xff\x0fJ\xe5\xf2`0(\
W*o\xf9\xb3?\x9f\x99[\xb8\xe6\xba\xab7\x9aM\
\xd2\xda\xf7\xfd^\xbf\x1f\x84\x91\x8c\xe30\x08\xc2(\x8e\
b\x19\x06\x91\x0cc\xceH\xc9\xa0\xd3\xf5o\xbe\xe5V\
HE\xab\x9f\x09\xed\xe2\xdf\xc1\x7f\x85c>cz\xe5\
\x19\xda.\x01\xc2\xaf\x8bV\xadT\x0a\xae\xdb\x09\x82\xb6\
\xdf\xe7\x1a\xae\xbf\xf6\x9a+.?\xf4\xf0\xc3\x0f?\xf0\
\xc0CO>\xf9D\xb7\xd7\xb1,^\xf0\x0a\x9c[\xeb\
k\xed\xe5\xa5\xcf\xf7\x83\x01\x019\x8e+8T\xcb\xa5\
C\x97\x1d\xba\xe1\xfa\xab\xaf\xbc\xf2\xb2\xd9\xdd\xbb\xa7\xa6\
\xa7\x0b\xe5R\xa5>17=\xe7\xdae\x14\x5c\x91\x96\
R\xa9HGA(\xa3X\xc6J\x92\x92JQ\xac4\
\x10\x22rK#\x90\xd6\x02\x88\x18hd\xcc\x04\xda\xc0\
\xf8\xbc\x09\x18\xd3\x84fq\xd7\x89\xc2\x03\x08J\xd5,\
!C\x85\xa9\xb8\xc5\x88\xb6'\xa4\xabE>4\x079\
\xe0\x04\x89.\x0d\x11\xe8\xec\x93\xf1\x97\x0f\x7fJ%m\
R\x84\x96Z\x8a\xe3\xe1;\xa3\xa5\xba\x15\x10&\xf4Q\
HU\x17v\x80s\x99\x22y\xde6\x85\xadhp\x04\
\x10\xc2v\xb1\xc7\xad\x18\x91H\x13\x1f\x89\x85\x8e\xa1\xc7\
<\xf6\x83\x9c;\x1frkm>[)o\xf6\xd1\x0e\
Q>\xc8\xe5\x1c\x8e\x04\x093\x84\xb9\xad\x11\x89\x88,\
\xb1P\x803&\x95\xaa\x94\xca\xdf\xf0\x8aW\x15\x8b\xde\
\xd2\x993\x1fx\xf7{\x1f|\xe4\xd1v\xa3E\xa0\x01\
\x913^\xf0\x0a\x124i\x92J\xfaA\x00\x04R\xc6\
\xf9\xcb@\x86\xcc\x00L\xca\xc5.0\xa9\x82\xbd\xf5\x8a\
\xd1\xb1\xed\xa9\xa9)\xafZ\xf5J\xa5\x89\x89\xfa\xf4\xc4\
t\xad\x5c-\x14\x0a\xb5J\xa5V)\xd7\xea\xb5\xc9\x89\
\xc9b\xc1+\x15\x8b\x85B\xd1\xf1,a\xf1b\xb1\xe8\
\x15\xbcR\xa1\xc4\xd8E\xc3<\x9d\x0bm\xe4\x17\xb0\xad\
]9\x92H\xf9\xd5\x9e*\xfe\xb5\x1b\x111D%\xc3\
{\x1fx\xf0\xd4\xe2b\x14\x06Dd\xd9Vkm\xe5\
\x93\x1f\xff\xe7Bu\xaa\xdd\xed|\xf7\xf7~\xff\xeb\xff\
\xcd\xab\x1fz\xf4\x91\xcd\xd5\xcd(\x08\x8c\xf8\xa7J\xe5\
C\xa5\x92\xa44i\xca\xc7\x06\x81`\xc4\xd52\xea\x82\
!\xca\x8a\xac\x8e;\x5c\x00\x80\xb4\xeeu:\x0a\xc1f\
\xcc\x94;`\x88\x0cQ\xb8\xce\xf1#G6\x1a\x0d\x03\
\x05\x01\xa0\xe0\x15l\xc7VJ)\xd2a\x1cI=,\
k\xc19\xf6\xbb\xdd\x9f\xfa\xd9\xef\xf2\xfd\xde\x99\xe5\xd5\
]\x07\xf7\xc7q\x1f\xd1\x02\x04\x86[\x84\x98\x0c\x9bW\
\x91\xe6\x80\xd5zmva\xa1\xfbdg\xc4)\x93\x8d\
\x96f\xab\xadUl\xa6\xa2P\xaa\xcd\xcd\x8d\xe5\xc53\
\x1a\x883n\xea\x02\x19\x1a\x1bc\xec\xb9\xcfyn\xbd\
VSJAZ\xbf\x07\x8c\xafK\xa9\x984!\x1c{\
\xf2\xe8\xa9\xd3\xa73\xcaFv\xc6\xb9\xb9\xb9+\xae\xb8\
b\xa2^\xcf\xc8\x9b#\xdc\x01\xf3g\x86\x06\xf3\xfbJ\
)\x83(tl\x07X\xaa\xccA\xc4\x05\xb7,\xabT\
,9\x8e\x13\xf8}\x06\xd0\xeb\xf4\x03?\x14\xb6\x95\x90\
L\xd3\x03RFEWInr~\xae\xcbB\x94Z\
\xeb,\xb8\x98Gb\xe71\x16\xb7\xfd\xe9)a\x9b\xfc\
Kj>\x98)}$D\x8f\x88B\x08\x93m8\x82\
\x19\x0c\xb9\xd4\x04\xff\xcc6,)\x9c#\x00X\x12\xf5\
$\x1d\xc7\xb2\xd7\xebv\xbb-#\x19\x9a\xe8\xaf2\x14\
\xc2r]\xd7\xf3<\xcf+\x08a\x99\xe4C\xcb\xb6\xaa\
\xf5\xc9}\x07\x0e\xdep\xc3uW\x1e\xba\xac\x92\xaf\x1e\
\x01I>\xe2\x97\xe5U-U\xca\xfd~\xbf\xdb\xe9\x96\
+\xe5\x9c\xcc\xf2W\xa4\x8d<\x17\xcc\xba.\x8d\x076\
\x9b\xcd\xbb\xee\xbc\xf3#\x1f\xfe\xe0'?\xf5\x89S'\
N)\x863\xd3\xd3\xdf\xf0\xa2o\x98\x99\x99)W\xca\
\x96\xe5h\x22%e\x14\xc7\x9dN\xbb\xd3j\x17\x5c\xf7\
\xe6\x1b\x9fS\xab\xd7\x07~ \x95\xca\x92\xa7\x8d\x9c\x0c\
\x8d\xb1c M:\x17\x8cmllF\x12\xa2X*\
\xc3\xca\xde\xcea\x9a\xed\xe8\x87\xe1Zc3\xd0Q\xb1\
P`\xc8\x06\xfd^H\xb8\xba\xb1~\xf6\xdc2\x00\xdc\
\xfe\xae\x7f\xfa\x8e7|\x97\xcd\xf0\x9b\xbf\xf5\x9b\xdf\xfa\
\xb6\xb7\xfe\xfe\xef\xfe\xee\xab^\xfeJ3\xaa\xb4R\x7f\
\xf0{\xbf\xdf\xe9\xb4\xff\xf2/\xferbb\xa2\xdf\xeb\
\x01\xe2\x9b\xff\xe8\x8f\xde\xf4\xab\xff\xd5-\x15\xdb\xfd~\
\xbf?\x08\xc30\x96*\x0a\xc2(\x8c\xcc\x048\x18\xf4\
\x09T\xa5\xec\x95\xaa\xa5\xa9\xb9\xb9\x17<\xeff\xd8\x81\
\xd8\xfc4\x1e\xc1N?]\xcc+\xf3\x95\x80\x82_\xde\
;\xfa:\x5cp\xcf\xdf.\x01\xc2g\x7f\xd3D^\xa1\
P-WZ\xbd~D:\x1c\x04\x1b\xad&C}\xcd\
\xb5\x87\xaf\xbe\xfa\xaa\xf5Fkq\xe9\xcc\x89\x13\xc7\x8f\
\x1d}\xa2\xdd\xdad\x88\x82\xf1J\xb9\xe0\xba\x8emY\
~\xa8\xda\xbd\xe0\xfe\x07\x1f~\xf0\xe1G\x09\x80\x01\xda\
\x8e\x0d\x08\x96k\xed\xdf\xbbga\xf7\xfc\xd4\xf4\xf4\xfc\
\xdc\xdc\x9e]\xbbgg\xa6\x17v\xcdOMMW*\
\x9eF\x1b\xb8\xcd\x91)\xa9\x14Q\x14\x86Q\x1c+\x85\
Zi\xd4\x1a@\x113\xb3'\x10\x11'\xcd\x98\xa4D\
\xfeN3\xd0\xa4$\x90PD\x1a4\xa6lPM\xa4\
YR\x1d\x88\x92\x02\x86\x19,L\xeet(\xc3\xbd\xd5\
\xc03Z7hDW)\x09\x0e d\xe1\xb5D\x90\
&\xb1\x13\x13\xb3)/T\x0a\xe6\x5cC\x91\x1b\x9d\xb0\
L3Y\xd4m\x9aN\xe2\x0f)\x864YKI%\
h\xbd\x1de\x14\xb6\x03\x84\xc3m\x0cI\xd5\xa4\xfel\
\xdd\x13r\xe4\xd5<\x0e\xd4i!\xc7m\xec\xdd\xf4\xd7\
\xec\x1bci\xe5\xfb0\x1bB\xf9\x95o\xdb\xb8\xdf\xf8\
\xf7\xf9\xb4\xfb\xec\x1b\xca\x14\xc0S\xf5\x12\xf3\xa7\xb0\x84\
\xb0\xad\x07\x1ezhq\xf1t\xa3\xb1)\x5c\xe7\xb97\
\xdc L\x89-\xc6\x5c\xdba\x80\xcc\x12\x08h\xd8\xc5\
D\x9a\x80\xb4RD\x18K\xc9\x90y\xaec1@D\
.8c\xdc\xd4\x91w\x5c\x97\x80\xca\xa5\xf2\xe4\xd4\xa4\
W(Y\x96%\xa5$\x92\x87\x0e]>33]\xac\
\xd5\x0a\xc5\xa2eY\x02\x19\x83\x8b\xc9*4\xdd/S\
Sa\xb4\x8b\x12\xc9\xcd\xcc^d\xa9\x16\xe7\xa5\xb6s\
3C\xe2\xd8\xd1\xa3\xf7\xdd\xff`\xaf?`DJ\xd3\
d\xb5\xfe\x9e\xdb?\xda\x19\x0c\xcaeV\xdb\xb3\xe7\xd7\
\x7f\xe3?\x9f>v\xfc\xe8\x93\xc7)\xf6c\xc5H'\
\xe2\xc4\xca\xf0D\x95\xca\xf4Q\xb6\xcd\xe6\x1dy)\x86\
\xef\xdaVg\x0fd\x0f\x94\x12\xdf\xc3`\xe0\x0b\xc76\
\x0a\xb1@\xc0\x00\x19\xa2\x06\xfd\xd8\xa3\x8fJ)\x1d\xc7\
1\xa0\xcb\xf5\x5c!\x84\xd2Zi\x1d\xc98\x8c\x8d\xb6\
\x8d\x8a\xe3\xb8R)i`\xdf\xfe\xba\xd7}\xf4C\x1f\
\xe2\xc2\xe1\x00\x920\x11\xb0\xa0D}7\x89\x8faZ\
\xa2\x1dP\xb8\xce\xdc\xde\xdd\xc7\x9e|\xc2\x14\xdc\xd3\xb9\
\x9a\xb1ft\xf5{}R\x8a1\x16\xc5\xaa\xef\xfb\xa7\
O/6\x1b\x0d\xc6\x87!>\xc6X\x1c\xc7\xd7^{\
\xed\xe5\x97_\x0e\x04\x1as>2\x00\xa5\x95V\x0a\x18\
nnl<\xf8\xc0\x03\xc6m\x07zH\xb2\xa8T*\
\x87\x0f\x1f^XX\xb0,\xdb\xc8\x91\x22\x00\x011d\
Ye\xbc\x9d\xc0\x15\x00\xf8\xbe\xcf97E\x0b\x19f\
W\xce\x1c\xc7E\xd6\xab\x94\xcb\xa0\xe2N8\xf0{\x83\
n\xa7S\x9f\x9a$ \x96\x14\xa7!\xa5\xb4\xd9zh\
qo\xf5\xa5h\xa3\x05\xb5\xf35|\xd5\x1bc\xcc\xb2\
\xac,\xcb\x11r\x93j\xd6{&(\xc89\xe7B0\
Dd\xc8\x90\x13\x91\xd6\xd2\xf7\xfb\x9dN\xab\xddn\xf7\
z\xbd(Jj\xeap\xc1-\xcbvl\xa7P(\x14\
\x8b%\xcb\xb2\x94&\x12\xbcZ\xaf\xef\xdd\xb3\xf79\xd7\
_\x7f\xf8\xf0\xe5\x93\xf5z^\xc8\x8d!c\xf8e\xd5\
\x83B\xd4\x00\x13S\x93k+\xab\x85R\x11\xd9\x97\x03\
en\xd72\x97-\x18H\xa6I\x13e\xbc\xd0f\xa7\
y\xf7\xddw}\xecC\x1f\xf9\xd8\xc7?z\xf2\xc4q\
\x92T\x9f\x9a>|\xdd\xf5\x93\xd3SS\x13\x93\x9e\xed\
\x989W\xc6q\x7f0\xf0}_+Y*z\x97\xdf\
p]\xb5\x5c1\x95{\xa4\x22\xa5t*\xb6KY\x1f\
Q\xeaVNK\xb3$\xfe\xaaH\xc6\x1b\xeb\x1b\x04<\
J\x02\x8b\x08DY\xfa\xa5a\x8d\xe6\x97\xbf(\x8a\x22\
)\x89\xb1PJ\xd4$c\x89\x5c\xf4;]\x00\xa8\x14\
\x8b\xf7\xdcu\xf7C\x0f<x\xd3\xf3n\xb9\xf2\xeak\
^\xfe\xf2W\xbf\xef\x1f\xff\xe1]\xef\xfa\xa7o\xff\xf6\
\xd7K\xa5\x18c\xa4\xf5\xdb\xde\xf2\xd6\xe5\xa5\xb3\x1f\xf9\
\xe8G\xab\xd5*\x85\xe1\xfa\xe6\xc6_\xfd\xd5\xdb\x7f\xe8\
\xdf\xffP\xb7\xdb\x8d\xa2(\xf1xI)\xe3Xk\x1d\
\x86\x81R\xcaq\xed\xe9z\x9d\x90\xef;p\xa8>Q\
S2\xe2b\x9b\x8a\x97O\xed)\x5c(\xdb\xf6\x12\x9a\
z\xf6\xb5K\x80\xf0Y\xde\xcc\xaa),krrz\
qy\xd9\x12\xb6\x12R+%\x15tz}MT.\
{\xb7\xdct\xfd\xad\xb7\xdc\xd0\xe9\xf4VVV\x97\x96\
\x96\x16\x17O\xaf\xaf\xafv:\xedF\xbb#\xa5\x14\x9c\
\xd7*\xd5r\xa9l$=\x89@)\x90Q\xf4\xf0\x03\
G\xbep\xd7\x17bM\xc6[V*\x14\xea\xd5\xe2\xec\
\xf4\xe4\xf4\xf4l\xb5V\xa9OL\xec\xde\xb5kv~\
~z~~\xf7\xae\xf9R\xa9\xcc\xed\x82[\xf08G\
\xcbr\x80@\xc7\xb1\x92\x14(\xad\xa4\xd4Q\xa0\x94f\
\x08\xa8\x15j\x8dL\x00\x01'F\x10\x91b\x00\x0a\x80\
bM\x08Fl\x9b4 i\x05\x80\x04\x0a\x88\x010\
\xd2\xc3\xccBB\xc8\x08\x94\x89E\x98\xda\x15\xa8\x09\x88\
4\x02\x121\x22\x00L\xb1\x1d\x11\x00\xcf)\x9aRV\
N*\x03_\xb9P\xcf\xa8\xf8DN\x98t\x1b`\xb8\
]\xb4\xd0\x80J\xad\xd4\x96]R\xac\xa7\xb4\x1aB?\
\x9d\xd2Sw\x02\x8aF'\x83\xce\x17E\x84\x14\xef\xe5\
\xaf\xdc\x10\xd2 \xed\xa8\x0c\x1c\x9a6B\x03\xcb\x0f\xa7\
\x91\xcf;\xe5\x13b\xae\x982\xa5\x9c\x9c!3'!\
\x8b\x22\xe7\x9c\x0b\xce\x005\x83+\xae\xbd\xc6\xb1l\xa6\
I\x93\xe6i\xb3m\xc1Y\x12\xf1@\x86\x96\xb0\xb8\xe0\
\x00 \x84`\x96\xe0\x5c8LX\x8c3\xce\x1c\xdbv\
=\x971\x0e\x88\x8e\xeb2\x8b\x17<ozjjj\
f\x16\x10a\x1b\xa7)\x916\xfa\x22\xca\x04)L\xe5\
\xf1\x91[\x80!\xe8\xe5_^\x13\xeb\xeb\xaae#'\
\x1dOF\xea\x1d\x83~\xf7\xae\xbb\xef\xdb\xd8h\x19\x8d\
\xe0R\xbd\xb8\xb4x\xea\xde{\x1f,V\x8a\xdd\xf6\xe0\
M\xbf\xfes\x95r\xe1\xbd\x9f\xf8\x17\xe5\x87JI\x8d\
\xdc\xb8bt*\x1bCcPp\xfc\x05\xdcz\xf6a\
Xp\xf4\xc2\xd22\xaa\x00`*zsf\x99\xb2\x91\
\x80\x80\xa4\x1d\xa7\xb0\xb1\xbazr\xf1\x94yw\xb4\xd6\
\x8e\xebX\x8e\x0d\x0c\x93\xd4\xc1X\xcaH\x22\x90\x921\
\xb7E\x10\x85/}\xd9\xab\xaf8t\xe0-\x7f\xf8\xfb\
s\xbb\xf6*\xd9g\x84:\xa5G\x12\x92I\xa1E`\
\x98\x92!8\xa2\x0dP\xadW\x1c\xd7\x09\x83`\xc4\xea\
\x16\x8cK\x88k\x95\x8a\xc5,-\xa5\x8c\xa2V\xb3\xb1\
x\xfa\xb4$\xcd\x81\x1b\xda\x85A\x83\xf3\xf3\xf3\xb7\xdc\
r\x8b\x10\x22\x8b\x0ee\xf4\x04%\x95&\x8a\x83\xf0\x8b\
\xf7\xde\xdb\xe9u9\xe7Y\xd8J\x13\xd9\xaes\xd5U\
W\x1d:xY\xb1X\x1a\x0a\xf0\xa6\xd4\xfd\xfc\x1b1\
b\x14\x9a7\xb4\xdf\xefK)]\xdb\x01M\x86\x1e@\
D\xc8P\x13\xb8\x96\xcb9+\x96JK\x8bK\xc2\xb6\
\x07\x03\xbf\xd5\xd8\x98\x9a\x99\x8e\x95\x06 \xd0\x08,a\
\xb42@iz\x86R\x94\x9c\x9d\x04\x08\x19c\x86\xde\
\x9fpI\xb7\x8c\xb1\xf1\xc7z\xfe6B\x85x\xaa\xa3\
:\x9b'\xb3\x7fm\xcbB\xce\xc8\xe4\xf1\xd2\xb0\xac\x9f\
A\x83If\xa0\x89\x222\xc6\x85\x00\x04\xad\xf4\xc0\xef\
\xf5{\xdd\xb5\xf5\x8dN\xbb\x15\x86\x81T\x9aq&\x04\
\xe7\xdcql\xb7P.\xba\xaegq\x07\x18\x02\x03\xd7\
-\xec\xdd\xb7\xf7\xeak\xaf\xb9\xee\xda\xab\xe7ffs\
)\x82\xa9Z\xccW\xc0X7\x8e\x0bfY\xa5R\xa9\
\xb9\xb995=\xfd\x15+A\xa1\x11\x884*\x90\x8c\
s\xc69\x03\xe8G\xd1\x17\xee\xba\xeb\x83\xef~\xd7'\
>\xf9\xf1c\xa7N\x90\xd2\xa5r\xf9\xe0\xe5\x97\xcf\xcd\
\xef\x9a\xa8\xd7\xcb\x85\xa2\x09\x96\xc6R\x06A\xd0\xef\xf7\
I\x83mY\xf33S\xf5z\xcd\xb6m)u\xa7?\
PF\xe7 e\x1aS\xae,'\xe5i2\xa4\x81\x90\
#\x03\x04\xc6Y\xab\xdd\xee\xb4\xdb\xa0\xa4\x0c\xe3l$\
fC%\xf3\xd7`\xea\xc5\x08\xc2\xb0\xd7\x1b\x94kU\
\xd2 \x10\xa4V*\x92\xedV\x03\x00\xa4\xd6q\xdf\xff\
\xb3\xff\xfb\x17\x87\x9f{\x9d\xebz\xdf\xf8\xcaW\xbe\xef\
]\xb7\xff\xfe\x1f\xfc\xe1k\xbf\xed\xb5\xcc\x12&3\xd6\
v\xdc\xbf\xfe\xeb\xb7\xbf\xec\x15/\x7f\xf2\x89c\xb6m\
3\xd7\xfd\xc2\x83\x0f\x1c\xfc\x97\xcf<\xf7\xe6\x1b\xbb\xfd\
\x1e\x07\xd4Q\x14\x05\x830\x18\xc4a\x00\xa0\x98@!\
8\xb3\xac\x10\xd8\x81\x03\x07\x00\x80\x80\x8d\x0f\xe4/\xbb\
\xf7\xe4\x99\xe9\x8ey\x1a\xb7p\x09\xd9f\xed\x12 \xfc\
zi\xd333\x9cs-\xa5)\xea\xc6@\x132R\
j0\xf0{\xfd.\x00\xd8\xb6\xb3kav\xdf\xde\x05\
\xfd\x82[e$\xdb\x9dv\xab\xd5\xdal4\xd7\xd6\xd6\
{\xbd^\x18\xf8\xedV3\x8a#D&\x98  \xdb\
b\xb6Uv\x1c\xa3q\xed\x12`$\xd5\xf2f\xef\xf4\
\xb9\x86\x8a\xa4RR\x92\x92q\xc8A\x97K\xa5R\xb1\
X\x9b\xacOL\xd48\xc3k\xaf\xba\xea97\xdc\xb0\
g\xef\x9eJu\x82y%\xaf\xe8\x95J\xb6\xe3\xda\x9c\
\x18i\xa64\x06\x92d\x1c\xc7qL\xda\xa5(\xd4\x8a\
\x109C`\x08Fz\x81\x01\xa1\xe0@\x9a\x91@d\
&\xf3o\xa8\x16cd\xdc\xb56e\x9a\xc8D\xf7\x92\
z\xc6\x94\x0b\x03\x18\xd3\x81\xe5\xa1]J:4\x99\x05\
\xe3\xb8*\xc3\x90)\xb3\x15R\xd6eZ.1\xd9\x8e\
\x12\x01\xc0\x8cw:b\xae\x1a\xf8\xb8\x05\xbf\x01\x91J\
\x8b#j\xa5(\xad\xee\xa8q\x1c\x04\x02\x80\x94\x92\xd2\
:\x19\xc6iH\xdb\x91K\x13\x92X\xba\xd9\xb6\x163\
\xe4T\xf2\x94R\x89`C\xcec\x0ac\xe24\x94\x85\
\xc9r4\x9b\xcc\x11\x9e-\x90\x94\x0f\x09\xe6\xca+\x9b\
x\x1ag,C}\x82\x0bnq$\xadT\xcc8\xb7\
\x85m\xd9\x8e\xc9\x12\xb1ma\x09\xcbD\xe0\x182a\
\x09\x86\xcc\xa8\xff\x0b[0\xc1-\xc6\x05\x17\x8c\x0b\xc7\
q8\xe7\x02\xc1v\x1c\xcb\xb6\xbcB\xc1u\x1d\xaf\xe8\
)\x1d\x9a\xf2\x95h\x8a\x0e3\x18\x16\x95@\xc4\xb4\xd8\
\x17$\xf2\xe3\x97\x96\x87\xa7\xd0v4\x0b\xc6\xfaq\x88\
%\xd2/\xcc\x0b\xf5\xe8\x91\xc7\x1f}\xfc\xc9 \x8a\x18\
i\x9b\x0b$\xfa\xd8G?N\xa8e\x84/y\xe9+\
\x7f\xe8\xfb\xfe\xcd\xfb\xde\xfd\xbe\xd5\xd5\x86\xcd\xb9V\x89\
\xba\xad\xd6Zj\x95\xbci*\xc1{#L\xf2\xfc{\
\x9d\xff&#\x02\xc0\x08\x144\xe3!}\x89}\xdf\xe7\
\xc2\x82T\x06\xd3h\xb4\x0a\xdb:~\xfcx\x10\x04\x96\
e\x99\xd3\xb9\x8e[p=\x00\x90Z\xc5q\x1c\xc7\xb1\
!\x02D\xb1v\x0bV\xa7\xd5\xfb\x8e\xef\xf8\xf6\x87\x1f\
z0\x08c\xcf\xb3\x83 L\xba\x81\x12\x1e\x9f\xb1\xe0\
!\xa5\xce\x12\x22j\xc5@\xdb\x9cy\xae\x13\x06\x01\x8d\
\xb9\xf9\x09\xa0R\xad\x02Q\xac\xa4\x1f\xf8g\x16\x97\x1a\
\x8dF\xe6\xdc1\xef\x96\xe38\xb7\xdezk\xb5Z\x1d\
\x05\xc3DJ)\xa9\x15\xe7\xfc\xc8\xa3G\x16O/\xe6\
w4\xd7p`\xff\xfe\xab\xaf\xbe\xba:Q\xcfB\x8e\
\xdb\xe2\xa5\xf1/\x19ca\x18\xfa\xbeo\x84R\xb2\xab\
5\x862\x11\x19\x81\xdcj\xb5\x1a\xc6q\xa1T\xec\xf7\
z\xcdv\x9b!\x9a\x10\xa4\x89Bj\x95\xd4\xc4\x03\x02\
\xa553t\xd24\x9d\x9c1$\x22\x13\xaa\x02H]\
\x0b; @\x1c\x93\xc9\xf9\xd2G\xfb8e4\x0f\x08\
\xb3\xb4\xc0\x84+`\xa8\xec\x8c!\xe2P>4\x99q\
8 \x12\xf2(\x08\x06\xfe\xa0\xddjw\xba\x9d \xf0\
\x07\x83\x81\xd6\x9a1\xee\xb8\x8e\xb0-\xcf\xf5\x0a\x85B\
\xb1X\xb4\x85\x0d\x00\xcc\xb1\xe7v\xcd_}\xe5\xe1k\
\xae\xbez\xdf\xee\xdd\x82\x0bH$6\xbf\x828p\xa4\
\x11Q\xb5^[]Y\xe9\x0f\xfa\xc5B1\x87\xd5\xbf\
<\xcd\x88\x02c\xe2%\xe4\xdd~\xef\xbe\xfb\xee\xf9\xe0\
\x87\xee\xf8\xcc'>\xfd\xd8\xe3Gb\x19\x95\xcb\xd5]\
{\xf6\xce\xce\xccLNLLLM\x16\xed\x02i\x1d\
k%\xa5\xf4}\x7f0\x18\x08!\xea\xb5Z\xa5R1\
\xe27q\x1c\xf7z\x03\xa94\x1a\xd9sH_\xff\xed\
\xf8\xd8\xe9\xa8F4\xeb7\x82`\xbc\xddl\x05a(\
\xe38\x0aCD\x06H\xb8\x9dZ[\xd2;DQ\x18\
u\xbb\xddy\x9a'\xa5\x80!\x02\xfa\xc1\xa0\xd7\xed1\
\xe4Q\x1c{\xc5\xc2\x87\xef\xb8\xe3\xc7~\xe4Gnz\
\xde-/z\xc9\x0b\xaf\xbe\xe6\xba\xcf~\xe63\x7f\xfe\
\x17\x7f\xfe\x13?\xf9\x93\xa6\x80\x8dRjfv\xee\xef\
\xff\xee\xef_\xfe\x8aW\xb4Z-KXB\x88\x0f\x7f\
\xe4#\xf3s\xb3\x96\xeb\x0c\xa2@\x05Q\xbf\xdf\xf7}\
\xdf\xc8\x8d\xca8n\x06\x81]\xf4\x9a\x9d\xf5[n\xbc\
\x01\xc6F\xfev78\xbc\xdeK\xeb\xdd\xa5\x96\xb5K\
\x80\xf0\x99\xde\xbe\xc47\x96(\xf1\x9fNOO\x15\x0a\
\x85f\xabe\xaa\xaf\x82)#O\x84\x9a\x18\x81\xd6:\
\x88\x06\x03\xd2\x00\xc4\x18\xe3\x8cy\x8eS\xde\xb5\xeb\xe0\
\xde\xfdLp\xa9U,e\xb7\xd3\xd9\xdc\xdclw:\
~\x10wZ\xad\xf5\xf5\xd5Ng\x10\xc8XR\xe4G\
1\x00Y\x8c\xbb\x96(\x96\x1d\xc6\x8aJS\x18EJ\
J\x1d\xebP\xc6+\x8d\xf6\xd9\xb5F\x14+\xad\xf5g\
\xeez\x80\xe3;\x1cG\x14]\xd7-\x15J\x9e',\
\xb1{\xf7\xee}{vO\xcfLMM\xceT'&\
\xa7''j\xb5J\xb1P\xb5*\x8e\xe3\x95\x18ZR\
\xb1\x98\xb4T*\x96R\x85J\xcb\x98@\x91R\xa0\x01\
8fN\x7f\xcc\x98\xa0,\x17\x11H\xed?\x0d\x0a\x12\
M\x98\xcc\xed\x8d\xe9&)\x9e\x03\x22\x0d:'d:\
\x04lI\x0c\xc1\x88\xe1\x11\x007\xc9\x84\x90\xea\x9df\
\x85\x14\x93\xe9X\xd1\x88\x0aN\x1e[\xea\xf1j\x13\x9a\
\xd2\xc8$\x99\xc0\x07\x91\xb9^\xca\x94\xf4!\xc5u\xa6\
\xe8\xd9PX\x9f\xb6\x0f!*e*:\xa6!\x14\x00\
\xbd]\x1ec\xb6\x84\x18\x03\x91\xe5\x125\xf3$\xd2l\
(&7\xb8\x95\x11\x9a~\x91\x10;\x81\x865\xbb\x8c\
v\x02\xa4\xc93\x8c!C\xc6\x193\x89XB\x08L\
4\x18\x04\xe7\x5c\x08n\xd9\x16c\xccv\x1cK\x08\xcb\
\xe6\x9c\x0bK\x08cPr\xce92\xce\x98\xeb\xbah\
~\x10\x96\x10\xdc\x11\x96\xeb\xba\x96e9\x8e\xe3z\x9e\
e\xdb\xb6m1\xc13#\x1f\x09M\x1c\x06R\xc9z\
#\xc4f\xaa\xcf\x9b\xbb\xf8\xfa\x5c\x1c\xcd\x8bsA\x83\
yX\xb4q\xcb\x97;vY\x02?\xa4\xcc\x86\x99\x94\
R&2\xaea\x18\x04q\x1ct}\xff\x93\x9f\xf8\xf4\
f\xabE\x0c\x98\x8e+\xa5\xc2\xd1'\x1e?v\xf4X\
\xb9>\x11\x86\xf1/\xfd\xf2\xcf>\xf6\xc0#\x8f=|\
\xd4\xab\x14|\xa5\x0d\xf7\x91\xd2\xd7,\x01\x81\x9a\xf2\xef\
8m\x85\x07yG~\xf2g\x92\xb07\x14\xcc\xdcr\
/\x04\x90\x16\x19w,\x81`\xe2w\xc8\x09\xc9b\x03\
\xdf\x7f\xe2\x89' 5\xad8\xe7\xa5b\xd1\x16\x16!\
\xc4J\x1a}\x1b\x00\x88\xe2\x10P\xc7\x91\xdc\xb3w\xff\
k\xff\xcd\xb7\xfd\xd9[\xde\x5c\x9f\x98\x88b_kf\
^\x18\x04D\x0d\x84\x84l\x08'\xcc\x85*\x80X\x11\
!C6\xa41gtn\xb3\xf5\xcc\xf4\xb4\xd2*\x94\
q\xab\xd5:y\xfc\xb8\x89Q$\xc7aLk}\xd3\
M7\xed\xdd\xbb\x97r\x99\xc0\xd9\xcd*\xa5\x90\xb3c\
\xc7\x8e=\xf4\xc0\x83\x9c%\x1e\xb2\xcc\xba\x9d\x9d\x9d\xbd\
\xf6\xdak\xa7f\xa6\x99%\x8c\xf1\x9c'g\x8e\x80@\
\xca\xa5%3\xc6\xa2(\xeav\xbbFW\x13\x87\x0d\x08\
M\x9f\x93%,\xcey\xa9T\xaaW\xabJiDl\
\xb4\x9a\xe6\x0a4gh\xc26*)E(e\xdc\xee\
v*^\x91\x0d\x87&\x01!(\x05\x80:\xd5\x9d\xce\
\xb9\xa6.0\xc2\xcf;\xb0\xcf\x17\x1e\xc4\xed\xb4\xb5\xf2\
\xb0p\x18\x1b\xb4mCkd\x8c\x11\x02C\x86\xe9H\
\xcb\xa6G\x86\x0c\x19\xc6J\x06\x03?\x0a\xa3^\xb7\xdd\
\xeb\xf5\xe38\x02\x00\xc6\xb9\xe3\xd8\x9c[\x96\xe3x\x05\
\xcfv<!ld\xe0\x16\xdc\xc9\x99\xb9\xeb\xaf<|\
\xe5UW\xec\xd9\xb7\xb7h\x1b\x91OM$\x01\x18 \
\xffJq7\xb7\xed\x0d@\x02\xa8\xd6\xeb\x9b\xeb\xeb\xae\
\xe7\xb1L\x11\xe8Kkf~0\x19\x95\x8c\xd9\xbd8\
x\xec\xc1\xfb>\xf4\x9e\xf7\xdf\xf1\xc1;\x8e\x1d{\xb2\
\xe7\x0fJ\xe5\xca\xdc\xc2\xae\xdaD}nr\xba>1\
Q\xf0\x0a\xaekK-\xfb\xfe\xc0\xf7\x830\x08\x00\xb1\
T,\xee\xde\xbd\xbbX,2\xc6\xe28\x0c\x02_k\
0\x99\x82\x89c\xd6\xb8\x83\x12u_\xca\xbf \xf9\xa5\
-U\x18%`LJ\xd9\xd8\xd84U\x97\xa5\x94f\
\x8b\xfc:\x91\x91n\xb2a\x10FQ\xa7\xd3\x11&@\
L\x04\x04\xbe\x1f\xf4z=DTZ\xa3`\x8d\xcd\xc6\
\x07\xde\xf7\xfe\x9bo\xbd\xf9\xb2}{n\xbb\xf9\xe6#\
\x0f=\xf8[\xff\xf3\xb7^\xf7o_777of\
\x15)\xe5\xf5\xd7\xdf\xf0\xd6?~\xcb\x1b\xde\xf0\xdd\xae\
U\xd0Z\xb7\xbb\xdd\x8f~\xfc\xe3\xaf~\xc5+\xe30\
\xe8\xf5{q\x9cL\xa5A\x18\x02\x82\x8a\xe4\xcc\xe4\x84\
\x0cz\x87\x0e\xec\xcb\x0f\xce\xfc\x1b\x9a\x7f\x8b\xf3=?\
>\xa4wj\xcfV\xf48\xeeH\xfaj_\xd1W\xad\
]\x02\x84\xcf\xf46\xee\xecyJ\xe35\xe5\xec\xe8b\
\xa9T\xafN4\x1a-\x00\xe0\x08*\x11\xd3\x22\x040\
0\x8a3\x00\x8dZi\xa9(\x06E$\x89\x02S\xbf\
\x8c1f\xbbN\xb1\x5c\xaaM\xd49\x17\x86\xd9\x13\x0c\
\xfcX\xc5q,\x07\xfdn\xab\xd3\xebt\xbb\xddv\xbb\
\xd7\xeb\x0d\x06\xfd~\xaf\xef\xfb~\x1c\x85J)M\x80\
H\x9cc\xa1T`\x9c\x0bKx\x8eK\x8a$\xa1T\
\xb2\xdd\xea\xaf\xad\xb5\x9b\xcd\xd6]\xf7<d\xe2y\x0c\
\xc1\xb2\xb8\xeb\xba\x95R\xa1Z.MM\xd5\xf7\xee^\
\xd8=\xb7\xab>5]\x9d\x9c\x98\x9c\x98\x9c\x9a\x99-\
\xd5&J%\xcfql\xc6\x8b\xc4\x844V\xbe\xd2$\
\x95\x922\x8e#T\xa0\x01\x95\x06\xa9\xa5\x22\x05Z\x99\
\xb9Z\x18\xcf\x1f\x9a\x04BD\xd4i\x82\x0ch\x22\xd4\
J\x03\xe8$j\x98\xe5.\xa6\x89\x7fI`Q\x03\x90\
&L\xa5\x0e\x86\xc14 \xd2\x09\x115\x89\x22&\xa6\
+$\x9bQ*2\xa2\xb5B\xc0\xa1\x22Mj\xda\x1a\
\x15\x94a\x9dDc\x91\xe5\x12\x06Su\xc44\x05Q\
\xeb\xa4\x18\x86\xd6\x9ad\xf2\xbb)\xa4ab\x86\xa4L\
v\x95\xa9\xbf\x98\xec\xce8\x00\xe8a\x8e\xa3\xd6Z%\
\xa0Q\x19&\x9b\xd6@\x8c1\x93#IC\xc3\xcb<\
 FiN&\xe4d\xeb0\xad\xa1\x9cU\xb2Ca\
\x8c\x1f\xc6\xd2\x02\xf0\x8c!\xe7\x0c\x118\x17\x5c\x08\xce\
\x04\xe7L\x08\xc1s\x91B\xcb\x12\x8cq\xdb\xb1\x8d\x0a\
\x05\xe7\xdc\xb1,\xcb\xb2m\xdb\x16\x16s\x1d\x179\x13\
L$_Y\xb6mY\xc2\xb2\x5c\xc7)\x14\x0a\x96e\
\x09\xcb\x12\xb6\x95VG\xcc-v\x00F\xe8\x1f\xc7a\
\xcd\xb3h\xfe\xbf`\x18d\xdb\xd9#5e.\xf6\x14\
Z\x13\x99\xb2\xeeZK%\xa5R\x89y\x12\xc7\xb1\xf9\
 #\xf3W\x1c\x85Q\x1cGQ\xa4b\xad\x94\x0e\xe3\
(\x0a\xa30\x8c\xfc`\x10\x04\x81\x1f\xf47\xd7\xd7V\
\xd6\x9a\x96\xeb\x0a\xa6Q\x88P\xc6w\xdeu7\xb7\x9d\
A\xbf\xfd\xb2\x97}\xcb5\x87\xf7\xfd\xd1\x1f\xbc\x95\x98\
\xd7\xe9t@aR\x81&}9\x13\x1c\x98^\xd6\x90\
\x8a\x9a`\x04L\x19\x87\x09\xedp\xdbxQ\xde\x983\
_ R\x18F\x96p\x901 \xc3\xe7$\x84\xd8r\
*\xa7\x8e\x9f\x5cYYa\x9ce/)2\x86\x8c\xc5\
2\x8e\xa2HJ\x15\xc7\xb1\x94a\xac\x94e\xf1A/\
x\xd17\xbc\xd4b\xfa\xb1\xc7\x9e\x9c\xdf\xbdK+\x9d\
\x04\x87L6V.\xdd\xd4$,\xa5a\x07\x16k\x8a\
b\xa5\xd2\xcb\x86\x8c\xf9/D\xa4b\xdbvgff\
\x8cAx\xe2\xf8\xb1\xc6f\x83s\x9eaB\x86l\xef\
\xfe}\xcf\xb9\xe19\x06\x93$Z\xa6\x94\xf4\x86\xd6\x9a\
\x18\xb6\x1a\x8d/\xde{_$\xe3,\xad\xd7\x80\x96z\
\xbd\xfe\x9c\xe7<g\xff\xbe\xfd\xb6\xb0\x8cKl\xa7\x01\
FD\x8c\xf1L\xd0\x05\x19J)[\xad\x16\x17\x821\
\x86\x00\x86\xc4\x98\xa0\x5c\x22D\xe4\x8cI\xad\x1d\xcb\x8e\
\xa4\xaaV*\xed~\xcf\xb2\xec~?\x8c\xa4&d\xe6\
\x0a\x11\x8c\x8e4\x02b/\x08\x9b\xed\xb6\x85\xdc\xf3\xbc\
d25\x1e7\xad\xb8\x104d\x8a\x0ek\xaa\xe4/\
r\xd4uu\xd1/\x8b!\xb1\x1b\x07\x5c\xee\xd5\x18\x1e\
-\xef#\x03\x80lc\x83\x0630\x9c\xb9\xc0\xf2p\
\x9d\x88\x820\xe8t\xda\x9dN+\x08BsC\x8c1\
\xcf\xf3\x84e\x0ba\x81&\xdb\xb1-\xc7a\xdc\xb2\x5c\
gbj\xe2\xd0\xa1\xcb\xae\xbd\xf6\xdaC\xfb\x0f\x96\xd2\
b\x0f\xa4\xf5S\x95\x1a\xfer6\x04 r\x1d\xa7P\
(6\x1a\xad\xe9\xc9\x89\xa7\x89\x13\xc8\x88\xd7j\xad\x89\
s\x930\xceb)\x1fz\xf0\xc1\x0f}\xf0\x83\x1f\xfd\
\xf8G\x8f>\xfex8\xf0\x99\xe7\x14\xeb\xf5\xbd\x87\x0e\
MLN\xce\xd6&j\xf5\xaa\xe3zR\xa9\x81\xef7\
W[a\x18\x10A\xb5R\x99\x9e_\xf0\x8aE&\xb8\
\x92\xd2T\x01QJ+\xad\xcd\xe4n<\x9ef\x99K\
\x96'\xc6\xb4\xa6\xd4\x91;\x1c\x0f\xc9\xeb\x00\xa0\x11\x10\
\x803\xde\xect\x1a\xad\x06\x82\x8e\xa3P\xa9\x18\x879\
\xb1CG@\x96\x16a\x90\xa4\xd6\xb2\xd5n\x00\xa6k\
.\xe8\x81?\x08\xa2\xc0\xb1\xed \x0a\xc2 d\xc8>\
\xf2\xd1\x8f\xfe\xd4O\xff\xd4\xfe\xfd\xfb_\xf0\xfc\xdb\xfe\
\xfa\xff\xfe\xf5\xd2\xd2\x997\xbf\xf9\x8f~\xeb\xb7~S\
\xa9X\x08[\x08!\xa5\xfc\xae\xefx\xc3\xe7~\xf6\xce\
?y\xdb\x9f\x94\xcb\xe5^\xaf\xfb\xf8\x13O\xee_\xd8\
\xbdg\xf7\xee8\x96\x91\x8c\x81%\xae\x92\x82W`\xc2\
\xf5\x1c{\xd0\x8b'\xa6\xa6\xa4\x94\xcc\xccXc>\xb2\
\xfc \x1f\xc7\x81\x17\x13B\xbf\x18\xc7J~\xcb\x8b9\
\xf83\x0d\x80]<B~\xf6\xb5K\x80\xf0\xeb\xa2\x19\
;~~v\xee\xe4\xc9\x93\x9a\xb1\xbc\xe6\x98!\xe8$\
+\x96RF8\x13\x92\xb8\xa2\xc9=#\xad\x15\x841\
D\xb1\x0f!\xa2\x99\x88\x904\x11\xa9\x82\xe7L\xd4\xab\
{\x90\x1b\xe2\x8f\x942\x88\xa3f\xa7\xd5\x1f\x0c\xc2~\
\xd0\xeb\xf6z\xbd^\xbf?\xe8t\xbb\x9dn'\x0aB\
\x02-\xe3\xbe\xd6\x0a\x19\xdaB\xb8\x82qn3V\xe7\
\x9c\x99\xd9\x13\x10\x95VR\xc9Fg\xb0\xde\xea\x1f9\
yV\xdf\xf5 j\xe2\x0c8C\xc1\x85\xedX\xa5R\
ab\xb2>55Y\xa9\x94K\xa5\xe2\xf4\xd4\xe4\xae\
\xb9\x85\xd9\xa9\xa9\xe9\x89\xea\xf4\xecd\xb5Vu\xbc\x12\
\x09\x9b,\x87\x8b2c\x96\x92\xa4Leq\x19k\xa5\
\xb5fZA\x14\x0e\xa4\x8c\x01\x98\xc9\xd1C\xc6\x90q\
\x02d \x18i\x8d\xca\x98hZ\xb3T\xbd\x06\xd1`\
\xa5,T\x08H\x09WU\xeb4T\x08h\x82\x8af\
3J)n\x89 \x09\x80\x89\xd7q\x83\x1b\xb3\xca\x16\
\x90E0R\x99\x98\x94g\x9a\xb0Q\x0dr\x83$t\
\xa8(\xcb\x08R\x19J\x94\xc9\x07E\xc9\xf6Z\x11$\
e\xd9\x0c\xef\xd4\x84h \xc7\xafSJ\x99\x94L)\
\xa5\x01\x84\x90\x12PS\xb9\x9a!%/\xdb\xd1d\xbf\
\x18\xeee6\xcd\xe7\x01!7\xacd\x84D<\x811\
\x06h\x82\x81\xc8\xc8h\xebqa1.\x04\xe7B\x08\
\x8e\x8c\xf3\x04\xfe\xd9\xb6-\x8c|\x9ee\x99-m\xdb\
6q?[0\xdb\xb6\xb9\x10v\xda\x1c\xc7-\x14\x8a\
\x06\x07Bbl\x9bGC\xb0\xc5\xe2~F\xb7\xed\x16\
\xcb\xa4$\xe0Sed]\xfc\x1d\xebt\xf0\x18\x97\x81\
y=\x94RZK)\x95TR\xc6\xc97R*\x19\
\xcb\xd8l!el\xea<\xc4Q\x82\x03\x95\xd9F\xca\
tk\xa3\xf4\xa2\x87\xc7N\xfe/\xa5\x94ZiEJ\
\xcaXFQ\x18\x0c\x06\x83\xcd\xcdM\xc7-\x92RJ\
\xa9R\xa1\xb0x\xf2\xd4\xd2\xe9\xa5Z}\x22\x08\xd4/\
\xfc\xc7\x9f|\xd7\xbbn_\xdb\xecU\xeb(\xe3\xd8\xf8\
i\x86\xa1\xaa\x0c\xfe\xe5\x18\xa8\xa3\xdd\x9asX\x8c\xfb\
\xc5\xf3^\xf3\xac\xf7\xb4\xd6\x04\x12\x88Y\x8e\x93\xb1E\
M\xf2\x1cg\xec\xc4\xf1\xe3Zk.\xb8\x99\x13\x8a\xc5\
\xa2m\xdb2\x8d\x0d*%\xa3(\x942&\xe0\x9c[\
\x00\xc1\x1b\xbe\xe7\xbb>\xff\xf9\xcf\x07q$l\x1eG\
\x11\xe7VZ\xf1\x0c2]\xcd\xe1]$I\xc8:\x8e\
c\xbf\xdf\x8f\xe3\xad:\xba\x88\x8c\xb1 \x0c\x0f]v\
\xa0Z\xaf\xfba\xb0\xbe\xb6v\xfc\xf81\xc3\x85O\xc3\
t\xbc>Q\x7f\xc1\x0bn\xf3\x0a.\xa5\xce\xc0\xcc7\
bX\x0dQ\x1c}\xe1\x9e/t:\x9d\xbc>\xb0\xd6\
\xbaP(\x5c\x7f\xfd\xf5W^y\xa5\xeb\xbaC3.\
'\x9f\xb8\xb5_1!\xd0\x1b\xe3R\xeb\xcd\xcdM\x02\
r,\x81i*U\xf2\xb0\x18\xa6\xd55\x10\x88\x5c\xcf\
\xf5\xfb}\xc6\xd0\xf7}\xc7u\xa3H\x06ad\xbb\x8e\
Nx\xfdL\x93\x02\x00 =\x18\xf4\xc30\xecv\xbb\
\xae\xe7fi\x9f&\xba\xcb\x93S\xc00\xda\xb3\xf5U\
\xda)\x182\xfe\xb2\x8c;[M\x84\xd3\xe4an\xeb\
\x8a\x1dg\x8a\xda\xb6-\xa5\xcc\x98\x0eY%\x8946\
\x88J\xe98\x8e{\xbd^\xab\xd5\xeet:\xbe?\xd0\
J\x15\x8a\x05\xc7v\x84-l\xdb\xb6\x1d\xdbv=\xce\
\x98\x96JXNmrr\xcf\xbe]\xcf}\xces\xae\
\xbc\xfc\x8aj\xb9\x92\xde\x9aN\x19\xee_\xe5<f\xd3\
o\xf5\x89\xfa\xb9\x95\xd5 \x0c\xdd\x94!|\xf1\xcd\xcc\
\x0b\x9c3\xc6\x04c\x10+\xf9\xd0\x91G>\xfd\xd1\x8f\
\x7f\xe8\x8e;\x1ey\xe4\x11\xdf\x1fX\x8e]\xf0\x0a\x93\
\xb3\xb3\xd5Zu~vn\xba>a;\x8ec[a\
\x1c\xae\xac\xad\xfaAH@\x95Ry~f\xb6P(\
\x08\xc6\x94\xd2\x91\x8c\xc3(R\xb9\x04\x0e\x93\xd0A\xb9\
\xe55/T\x03\x00\xa6\xc8\x07\xe4<\x08Ch\x87\xa8\
\xb4\xb6\x18k46\xfd0$\x8204\x05'\xb6\xa0\
\x85,~\x9e\x0b\x88\x13\x11\xb5\x9b-)%C09\
\xeaa\xe0\xc72f\x82a\x8cQ\x14\xd9\xb6\xfd\xe4\xd1\
'\xef\xfe\xfc\xe7\xf7\xef?p\xed\x0d\xd7\x95+\xc5f\
\xb7\xf3\xd6\xb7\xbc\xe5\x07\xbe\xff\xfb\x0f_}U\x22#\
\xc49\x00\xfc\xd6o\xfc\xe6\xddw\xdey\xfc\xd81\xce\
\x98dx\xef\x83\x0f\x94\xab\x15\x8d\x94\x90E\x95\x04\x86\
Z\xeb\x99\xd9\xf9\xcb\xae\xbcv\xf7\xee\xbd\xc6\xa5\x8c\x88\
@,\xe1\xc5\x5c\x08\x92]\x0c\x0e\xcc?\xfa\xf3\xfc:\
~\xa8//\xc8\xbc\xd4\xbe\xd2\xed\x12 \xfc\xdakc\
.\xed\x8bi\xa6\x88\xd0\x9cmY\x81\x0c\x81%*\x06\
\x1a\xc1\x14\x04\xd7ie$.\xb8\x8e\xb6\x00\x80d>\
UJ\x08\x93\xb1\x00\x19\x0f?\x8a\xe20\x92\x81\x1f\x01\
\x921\xc7\x182RTu\x0a5\xaf(\xa6\x813\xc6\
\x05G@%u\x1cE\x91\xd41\xb1n\xbf\xdb\xee\xb4\
\xba\xbdA\xb3\xd9\xect:\xb2\xdbUA4\xe8\x0f\xa4\
\x92D\xc4\x81!\x10r\xc6\x19\xda6+9\x96\x09Q\
\x02\x0a@NZK\xadz\x83\xb8\xd5={\xf4\xf8)\
\x15S,\x95\xb1!\x18\xa2m[\xb5Ja\xb2\xec\x15\
\x8b\xe5B\xb9X\xa8\x96j\xd5\xda\xc2\xec\xdc\xfc\xee=\
\xf3\xbb\x16\xa6g\xea\x95r\xd5\xb2<\x14\x160^\x99\
\xae\xb8n\x81\x08\x99&$0\x86p\xa4 V\x14\x84\
\xfd8\x0cP\x11'\x02`F\xb9\xdb\xc8F22\xc0\
\x8c%\xf1\x08\x0d\x1a\x8c\xa7q\xa8\xbb@\x89n\x85F\
\x02bI\x00\x10a\xc8\xda\xd2Z\x11`\x82!s*\
5I\x08RS\xd6\xef\xa45)B\x04\xd2\xa4`\x88\
\xd1\x92\xf8\xa1&H\xa554e\xc4<0\xfcQ\x00\
m\x00!\x11\x91\x02\xa5u\xa6*\x91\xd9\xe8*\xc1\xb7\
\xca\x04\x19\xb4\x02\x22\xd0JiH\x0cy\x22\x22\xb6M\
\x8e\xd6\xd0\x96\xe2\x89\xeb a\x87\x22p`f\xa80\
\xce\x0cU\x943.\x187\x8b\x9c\xb0\x90s.\x84\x10\
\x96\xcd\xb8\xb0\x84\xe0\x9c[L\x08K\x08!,\xcbD\
\xfdlK\x08\xc7\xb6\x93\x88\xa1\x09\x06\xda\x96c[\xae\
k\xb2V=\xcb\xb6\x84\x10\xc8\xb8)H\x98\xd51\xc3\
g\xdc\x12\x92\x97PI\xdf\xc6\x1ddx\xb6}o\xf3\
ob\xd6\xb6\xbc\x9bih\xd8\x94\xe6\xd3\xda\x14\xe8\xcb\
>H%\x95a}\x9b\xa0\x9d\xf9*\x8e\xa5\x8cu\x82\
\xe3\xa44\xce\x02\xa5\x86\xbb\xea\x5c\x91\xf7\xe4P\xe9\xd7\
\xc6I\x94\x0c\x89!K9\x098Szb\xad\xb5\x22\
EZ+\x9585LqO%c\xa5b\xadd\xa7\
\xd5\xd1\xdcv\x8b\x08:&&t\x14<x\xff\x17\x05\
\x17\xfd~\xff\xf5\xdf\xf5=\x08\xf1?\x7f\xfa\x0b\xf3\xbb\
\xf6\xf6{\x1d F\x88\xa4\x87\x9d\x99\x8b\xe8%\x91(\
F\xa3\x00z[2\xe1\xb6\xf6\xc7pHk-U\xe4\
\x15J\xc2\x12\xc3-9p\xe1\x0e\xba\xdd\xd3\xa7Nf\
\xdb\x0b!\xca\xe5\xb2m\xdbJ\xa90\x0a\xa5R\xc6)\
\xc3\xb9\xcd\x00\xa2@-,\xec\xbd\xf1\xa6\x1b\xfe\xf0\xf7\
\xfe\xc0+\x97c\x95\xcaQ`\x12W\xcf\x8a\x8e\x98P\
gZ\xff\x0c4\xe8 \xf4{\x9dv\x1cE\xe6L\xd9\
EJ)-!\x16\x16\x16\x14@\xe8\xfb\x0f<\xf0@\
\xbb\xdd\xe5\x9c\xab4\x06%\x84s\xd3\x8d7\xcd\xccN\
\xc5:!*\x98\x0a\x87\x1a\xb4\x06\xd2D\x92\xf4\xff\x9f\
\xbd?\x0d\xb6,\xbb\xce\xc3\xc0\xb5\xd6\xdeg\xb8\xd3\x9b\
\xdf\xcb|/\xa7\xca\x9aP\x13P \x09R$A\x08\
\xe0(\x0a\xa4L\x89\x22E\x89MSRH\xa1\xb6\xdb\
\xfa\xd3n\x89\xb2\xdc\xa2\x1d\xea\x8evXf\xc8\xe1?\
\x1d\x1d\xea\x8e\xe8\xb6\xdd\xd1\xb2\xdd\x92\xd82I\xa00\
\xd5\x00\x14H\x10C\x01\x85\x9a\xc7\xcc\xaa\x1c_\xbe|\
\xc3\x9d\xcf\xb4\xf7Z\xfdc\x9fs\xee\xb9c\xbe\xcc\xac\
\x02Q$7\xc8\xac\xfb\xee=\xc3>\xfb\xec\xbd\xf6\xfa\
\xd6\xb7\x86\x17\xbe\xfd\xfc\xe5K\x97\xaahPD\x82 \
x\xfc\xf1\xc7\x1f{\xec\xb1f\xb3\x89\xd5dQ\x95\xf9\
V\xfa\x9dbu$\x91\x00dwwWD\xea\xf5:\
\x88 \xe5\xcfV$\x13\x06 *\xbd\xf2}?\xf0=\
\xafV\xaf\xf7\xfb\xfd\xd5\x95\xb5\xe1p0\x8c\x86~\x18\
8i\x87\x88\x22,l\x10$\x89\x22f\x1e\x0c\x07k\
v\xadtV\x16\x10k\x8d\x17\x04R\x9a\xe5\x16\xbe\xd6\
\xea\x12;\x0ey\xee\xfb\xbe[\x8cN\x1dwf\xb2*\
\xf6s\xcb\xcd\xf3<(\xc0\x80c\x14\xcb+\xe4?\x11\
\x01![\x9b\x9a,\x1a\xf4\xdb\xedv\xa7\xd3\xe9\xf5{\
Y\x9a\x11\xa1\xe7\x05\xb5z\xbd\xd9hz\xbe\x17\x04A\
\x18\x86\x8a\x14xJ)uz\xe7\xd4G\x1e\x7f\xfc\x91\
G\x1f9\xb9\xb9\xa9PA\xe9\x99\x81\x88\xdfO\xf9\xac\
\xdcP\xac\xae\xae\xee\xdf\xdc\xdf>\xb5M\xc7\x93\xb9N\
RP\xd1X\xf8\xd5\x97_\xfa\xbd\xdf\xfb\xbd/?\xf9\
\xa5\x17_~\xa9\xd3\xef\xd5\x1b\xcdF\xab\xb1\xbc\xb6\xb2\
\xb9\xb6\xbe\xbc\xb2\xbc\xb6\xbe\xb1\xbe\xbc\xe2{^l\xb2\
\xc3^\xf7\xe0\xca\x81\x12i\x86\x8d\xd3\xdb;k++\
\x9e\xd6\xa91I\x9aDN\xbc\x80s\xe6q6A$\
\x1cM\xdd\x89\x09\xc0\xcc.\x1d\xeb\xc4\xf4\xc0J\xc0<\
\x09XD#\xf6\xe6\x8d]\x00L\x8cM\xddz\x9c\xaa\
\x0f$\xe3~\xd4\xa0H\x83\xeaw\xbaQ\x14\xd5\x1b5\
\x16q\xe9\xa6\xc0m\x88\xb9\x01Et\xe8?\xfb\xd5?\
\xfc\xb1\x1f\xfd\xb1\xd5\x8d\xb5\x13\xa7N\x1e\xbe\xda\xeet\
;\xff\xe2\xbf\xf9\x17\xff\xaf\xff\xfe\xbf\x17\x16 @D\
cL\xa3\xd1\xfc\xa7\xff\xf4\x9f\xfc\x87\xff\x9b\xdf\xa8\x85\
\x8d$\xcd\xf6\x0e\x0e\xdex\xe7\xe2\xfd\xe7\xcf;\x9fv\
c-\x12elC_\x1du{?\xff\xe8CP\xa0\
\x5c\xe7T\xef\xcaf\x1c\xe7\xd5\x1cs\xd3\xbc-\xf4x\
7S\xeb{p\xc7yPy\xe6\xf7\xdfgJ\xc5\xfb\
\xd5\xfet\x02\xc2\xef\xc1\xac}\xff\xdaq\xb6\xae\xdbm\
\xceco}}}\xa9\xd5\x1a\x1e\xc4\x88\x9a(\xcb=\
\xf9tn\xd3\x15\x9b\xfbYi\xcfK\xd3t\x04p0\
\xb7.\x97\xfaQ\xa9\x94i\xad\xb3,K\x92\xc4y\x0a\
\x89HbS\x11\x11\xce\xc3F\x5cV:BT\x88Z\
\xebZ\x184=Z_\xa9\xe1\x99\x93\x08\xc8\x22\x16x\
\x98\x98(\x8e\x07\xfd^\x14\xc5\xd10\xee\xf5\x07\xdd^\
\xbf\xd7\xeb'I\x1c\x0d\x07\xd1p\x98&\x89\xb5\x86\xed\
\xc0\xc5\x82!\x83\xa7\x94\xf6\xbc \x08\xbd\x1aj\xdfG\
\xd2\x8c\xe4\x94\xd6$\xe3\xb7\xf7b\xce\xba\x22\x0cV\xac\
\xcd\x18,\x00h\x84ZM\xd7\xc2Z\xbdV\xf3j\xbe\
\xf6\xbc\x93\x1b[\xf7\x9f\xbf\xe7\xc4\xc6\xfa\xc6\xc6\xfa\xe6\
\xe6\xda\xcar#h\xb4 h4\x96\x96\xd7\xd7\xd7O\
\x9d\xdc\x11\xc9\xf3\x9b\xb1IL&q\x06,b8\x8d\
\xa3\x01\xa7)\x18\xb6\xcc\x96r\xf7\x1d\xc8S\xd9HQ\
j \xf7\x0eE\x06\x85\xe4\xf8\x18vC\x9a\xe3\xb9\x1c\
\xee\x95\xe0\x9bs\x961\xe7\x04\xdd\x91 \x82EE5\
]A\x05\x5cb\xc7\xbc\x16\x85\xcd\xa9\x98\xc2\x7f4\xff\
O\xa1\xad\xb3-\x12\xd8\x8ci\xf9\xc6mW\x0c\xec\xe5\
\x1a\xbc\x83\x97\xca\xb2\xd5\xa5\x93jQ\xd1\x02d\x0c\x84\
\xb8\x9c\x84\xa5\xb2D\x84Jity_\x9c\xa5\x5c\xa1\
\xd2\x0e\x06\x92\xa7<\xe5x\xc1\x9c\xfd\xd3\x9e\x17\x14\x7f\
i\xa5\xb4\xef|?\xb5\x17\xf8\x81\xe7{\x0e\x10\xe6@\
\xd0\xf7\x83 \xf0\x03?\x08|\xcf\xf3H\xa9y\xba\xd1\
\xf7RfO\xef\x16\x13\xabv*\x85\x0a\x14n\xda\x05\
\x82*\xb0\xb9e1\xc6\xba\x09\x0c,y\xc5uk\x8c\
\xc9\x8c\xb5\xd6\xe4\x98\xce\x96\xcd\x18\x97c\xd3\xbd\xb4*\
~\xab\xb6\xf2[7#\xca\xef\xddGc,K~\xdf\
\x02\xcc1\x8b\xd8\x91\x1f1\x17\x93\xc7J\x89\xf5\xca\xff\
9\xc6[*x\xb04d\x94<5\x80uT\xb9\x88\
H\x0e\xe7\x04\xc4\x0a\x8b\xb5lm\x9c\xa4\xad\xd5\x96\x8b\
g\xa6\x10/_\xber\xe9\xd25\xed\x93\x01\xfa\xa5_\
\xfc\xb9\xdf\xfd\xb7\xbf\xeb\xf9\xad(\x1adY\x06\x02\x5c\
\xc4\xfb\xe6\xda\xdb\xa8fCI\x0b\x8f\x92\x1c\x8d^\xc1\
x\xfc\xcc\xcc\xf7\xe8\xf8.\xb7\x80]\xc8\x91\xef\x07\xa5\
\xa8\xc3\x1c\xfe\xf9\xef\xbe}q\xff`?\xe7\x10Xj\
\xf5\xb0\xdehXf\x93\x19\x93e\x9ce&\xcdD8\
\x0c\xc34\xe3h\xd8\xfb\x85\xff\xe0\x97\x10\xe5\x85\x97^\
:s\xef=l\x85\x00\xb1\x10\xc5yWs\xf9\x9a;\
u\xba\x0edY\x9a\xc6\xc3h0\xb0\xd6T\xb5\x10\xad\
537\x1a\xcd\xb5\xcdMAs\xe5\xf2\xbb\x17.\xbe\
\xa3\xb5\xb26\xd7G-\xf3G\x1f}\xf8\xc1\x0f=X\
\xa0\xb6<\x02\x10\x04\x80\xc1A\xf17^\x7f\xfd\xc5\x17\
^\xac\xc6\xfd\xba\xc0\xadG\x1f}\xf4\xa3\x1fy|y\
y\x19\x09]q\x9d\xe9\xc2*\xa5\xd1\xd0\xc5?\x8a\xcb\
\xbc/|\xe5\xca\x15\x93e\xadV\xcb=\x973\x17A\
\xa17;\xe7\x04\x97\xb7\x89\x10\xb4\x22R\xba\xd5Z\x22\
DkM\x92\xa4\xd1p\xb8\xbe\xb1a\xd80\xe4\xbe\xad\
lYXL\x96\x8aH\x9c$\xd6X\xcf\xf3\x00P\xdc\
Nd\x01\x91\xa0\xc8\xf91M\x0f.X\xad\x13\xce\x8d\
\xe5\xf1\xb91\xb4\x82\xebD\xc4Y\xb8\xd24\xad\x02\x00\
\x07\x92]\xe0\x5c\xe1\xa2\x9b{\xc2[k]o\x9c\x13\
\xe9\xa0?\xe8t:\x87\x87G\xfd^'MS\x11\xd1\
\xda[j-y\xbe\xaf\xb5\xd7h\xb5\x82 \x0c|O\
)\xf2\x82`sk\xf3\xa1\x0f=\xf4\xd0C\x0f\x9d;\
{6\xf0\xfcRJ\xe4\xb7\xfe\xbeTFY$\x0c\xfc\
0\xf0w\xaf_?\xb5\xb33#\xe3h\xee\xee\x0c\x22\
\xd6X\x01\x22\x8fH\x01Xk_\x7f\xed\x95'>\xff\
\xb9'\xbf\xf4\xe4K\xdf}\xa1\xddm\x07\x81\xdfh-\
\x9dXn-\xb7Z[\x1b\x9b\x1b\xeb\x9b+++H\
\xca\x8a\x8d\xe2\xe8\xf2\xd5+\xfdh\xd8\x08\xc3\xb3'\xb6\
\xb7\xd6\xd7\x03/dk\xd3$\xe9\x0c\x22\x93\xcf\xee\x9c\
\x0f\x04\x01BB\x01\x06f\xcb\x13\xd9^`,rx\
4\xc3s\xbbG\xee\xf2\xe9\xc2\x1b\x04D\xb4\xa7\x87\xd1\
\xb0\xd3\xedZ\x91,M\x8d1U\xe0\xc7E\xd1&\x9c\
\xc8\xd4\x22B\x88\xfd~\xbf\xdb\xed---\xa7\x99E\
\xc0,J\xddD\x01\x91f\xa31\x1c\x0e?\xfc\xe8#\
\x08\xfc\xe2\x8b/>\xf4\x91G\xcf\x9c;\xf3\xea\xab\xaf\
)\xa2\xdf\xfd\xdd\xdf\xfdg\xbf\xfd\xcf\xee\xbb\xef~\xb7\
\xbdj\xa5\xad\xb5\x7f\xf5\xaf\xfe\xca\xcf\xff\xdc\xff\xf0\x99\
\xcf|\xde\xe5\x9b1i\x1a\x06~\x7f\xa0\xfcz\x98\xa4\
I\x94&\xfdno\xe3\x91\xd6\xee\xee\xee\x89\xcd\x13\x16\
\xc0U\xdf\xcd\xed\xd2\xf9\xac\x85\xaa\x19g\xec?\xefC\
\xbb\x1b\x0d\xf6\xfd\xd0~g^sf`0L\xbf\xcd\
J\x9b\x87\x1b\xe7\xb5;bn\xfe\x84\xdb\x9fN@\xf8\
\x81n\xef\xf9z(\x22=X\xfbzg\xe7\xe4\xee\xfe\
\x0dEH\x88D\xa8\xb5.T\xb9J\x8c\x8d\xb8T&\
P\x0a\x0d\x16A\xb1\xc6\x16A\x11\x95\xc0,\x222\xc6\
p\x9a\x12R\xb5\x06w\xb9=\x88\x0b\xceC\x11B\x93\
\xc4\x92\xb8[\x00\x01\x10\x22[f\x90@QkeI\
\xad\xaf!\x22)O)e\xac\xb1,\x99\xb1\xc3$\x89\
\xe2d0\x18\xb6{\xbd\xee\xa0\x9fFq<\x8c\xbb\xdd\
n\xaf\xdfK\x92\xb4\x17\xc7Y\xb7\xc3\xcc\x04\xac\x11\x14\
\x92\xa7u\xa8\xc9\xab{\xa4\x94 97~p\x91u\
\xccQ\xc2\xdd\xb8\x0fG\x90\x19\xfb\xea\xeb\x97\x9f\xfe\xea\
7@\x84\x00\x14\x80\x22\xf0<O\x87~-\x0c\xd7W\
\x97\xef\xbd\xf7\xdc\xda\xfa\xd6\xea\xfa\xca\xca\xda\xd2j\xab\
\xdej\xad\x05\x8d\x15\xed\xa9\xd5\xe5\xc6\xe6\xe6vki\
\xa5\xa1\x95\xef{\x0c\x92\x09&\x8c\x19\xdb\xccr\x9c\x1a\
\x93\x1a6\xc6\xb2\x11a\xac\xa4\xc83&+\x92Y\x00\
\x11\x08\x10\x08\x83&*|\x9eD\x8a\x8e\x16\x0d\x19\x00\
\x84\xf2\xf7\xc1\x92'\xbcp\x14\x22\xe6\x85\x10sX\x91\
W\xc5`\x16fS^\xa4D\x86\xcc\x90W\xeb\xb6<\
\xe2\x07e\x04\x1b\xf2bn\x22\xc6d\x0e\x16\xba\x93\x8d\
1\xcc\xe8\xd8'\xac\xa8)\x13\xc6WGP\xb8(\xc0\
\x82\xac\xd0\xbe\xaf=\xe5XA\x8f<\xe5{\xbeR*\
\x0f\xfd\xf3\xbc\xc0\x0f\x0b\xcfP\xcf\xf3=\xdf\x0f\x1c$\
t\xbe\xa0\xee\xeb \x08\xfc \xf0<O\xb9LH\xef\
\xbfh\xad\xec\xa2\x05\x82\x9bs\xd3\x89\xb0\x227\x1e\x0e\
q\x97\xf0\xaa\xa4\xddL\x81\xf0L\x96\x19\x93:^.\
\xcd\x19\xbb,\xcblf\x8cu\xd8L\x0a\x96\x8f\x8d\xfb\
\x94cxks\x8f`\x9b\xb3p\xc5O#\xa8\xef\xbe\
\x03p\x06\x02\x16\x11k\xcb\x19\xc2.\xfb\xa5+b\xc5\
\x95tDe\x02\x22\xaeT\xc7,\x03VE\x04xD\
\x0e\x8fX\xe2<\xa7\xc7\xe8\xf1\xab\xa311C\x84\xc5\
\x95\xc2C\x81\x1c\x18\x8aXc\x95\x1f\xf8Z!\x8b\x10\
1\x9b\x97_{\x8dE\xe2\xc8\xfc\xf2\xaf\xfdu\xc8\x86\
o\xbeqq\xfb\xcc=q<t\xa5\xe9D\x8a\x12~\
\xe3\x9a}u\xc7\x9d\x8c\xf8ZX;{D\x85A\x1e\
\xf7\xeb\xba\xe6\xe9\xc0\xcf\xab\x99I\x1e\xdaG\xc4\xcco\
\xbe\xf1\x868D'\x80\x88\xf5F\xc3\xf3=\x16I\xb3\
\xccQ\xaeI\x94(\xad\xb2,3V\x00\xe4'\x7f\xfa\
S\xdf\xfa\xf6\xb7\xd3,\xd3Z1\x17\xfc\x00\x14\xa9\x98\
DJ\xd7\xca\xc23\x15\x04 N\x92h\x10\xf5:\x1d\
av\xf1\xba\xae\xb7nm\xed\x9c\xdaY^Y\x8a\xfa\
\xbd\x17_|\xc1\xb28\xc7m\xa5T\x96e\xe7\xef\xbb\
\xf7\x87~\xe8\x07\x1c\xd5\xefb\xa5\x9c\x02\xea\x02\x8a\x01\
\xe0\xfa\xb5k\xcf}\xe3\x9b,\xac\x0aS\x8e\xbb\xf2\xc3\
\x8f<\xfc\xc3\x1f\xfb\xe1\x95\x95\x15D\xcc\x93b9,\
]y\x83\xa3A+\xa8nT\xa8\x10/^\xb88\x1c\
\x0cWWW\xc7\x06\xbf@P\x0e\xa5\xbb\x81\xcc\xcb-\
\x00\x0a\x82\x0e\xfcz\xbd\xc1\xc6\xb2\xd8h8PH\xcc\
\x8c\x0a\xc5\x85}\xbar\x9f&\x03\x81$M\x8c1\x81\
\xefs\xae\xa5\x03 U\xc2\x07q\x14\xdd}\x17\xad\x14\
Y\xd3\xee\xa0U*\xd5\xe1?\x87\x06=\x9dGH\x83\
\x83\x85\x08J\x891\xd9p8\x8c\x93\xf8\xe8\xf0\xe8\xf0\
\xf00\x1aF,\xecy\xca\x857\x87~\x18\x065/\
\xf4\xeb\xf5:(MJ\xad\xaf\xae\x9d\xbf\xef\x9eG\x1e\
~\xe4\x81\xfb\xefk\x15\xd5\xe4\xab\xb7\xbb{\x81\xf6\xfe\
5B\x14\x91\x8d\xcd\x8d\x8b\x17/\xf6\x07\xc3f\xa3>\
q\x80\xb3#\x13!\x11y\x1a\xad\xc8\x1bo\xbd\xf9\xc5\
\xcf}\xfe3\x9f\xf9\xcc\xcb/<\xdf\xedv\xd0\xf7\xeb\
\xcd\xc6\xf6\xa9\xedZX?qb{ss\xbdY\xaf\
\xd5\xc3:\x10\xf5\x06\x83N\xaf\xdb\xeet\x14\xd1\xc6\xda\
\xfa\xf9\xf3\xe77VV\xac\xb5q\x9c\xb4\x07}WU\
\x1e\x90\x98\x8b\xf7U\xc4\xda\x96\xb3\xc1\x0d^)\x88d\
\x8e\xe7s>\xe0\xe4r\x0b\xd0\xc8\x0dYD\x13\xed\xed\
\xeeEI\x22\x08&M\xb8R\xb6\xd7\xd9\x0b&\xe8\xc7\
\x92\xed\x07\xc2a\x14\xed\xdf\xdc\xbb\xe7\xdcy\xab\xb2,\
\xcb\x06Q\x0c\x00(\xa0H\xa5i\xba\xba\xb2\xfa\x03\x8f\
\x7f\xe4\xc4\xd6\xe6\x95+\x97\xd7\xb6\xd6=\xdf\x07\x80F\
\xb3\xd9\xedv\xff\xdd\xbf\xfb\xdd\xdf\xfa\xad\xdf\x1ae!\
\x02\x04\x80\xff\xfd\x7f\xfa[O=\xf5e\x03\x90$\xc9\
o\xfd\xa7\xff\x87\x1f\xf9\xd1\xbf\xf0\x9f\xff\xf6?\xbfx\
\xe9\xe2p\xd0\xeb\xb4\xdb\xa7\xb6w~\xe4/\xfc\xf0\x1f\
~\xe3\xf9\xad\xad\xad(\xcb\xc8\xc5Ir\xf5IK\x8b\
S\xb1\xbd!\x1c\x8b7\x9c\xd3n\xd7q\xf4\xf8\xedn\
\x90\xe4\xcc\x8b\xccC\x98\x0b\xec\x833\x9f\xf1v;\xf6\
\x01%\xa5\xfe\xb4\x01\xc2\x0f\xe8k8~\xbb\x83M\xa2\
z\xca\xe93\xa7_~\xe5e#L\x9a\xd0\xa2\xd6\xaa\
\xcc\x91\xe5d\x04\x8b$Y\xeale<&=\xc1\x18\
\xe3\xf9^\xf5\xca\x22@J)\x11cmj3g\x8d\
.mh\xd6ic9e\xa4\x00\x5cE\xe9\xc2\x22.\
`Y\xd24\x13d\xc9 \x11\x14DF\xf4\x1d]\xa9\
\xf2\x84zu\x05\x8d\xa5\xfa\xd6\xea\x12\xd0\x0e\x00\xb8\xf4\
\x92e\x1e\x8b^\x94Eq\xd2\xef\xf7\xfb\x83~\xb7\xdf\
\xeb\xf6z\x83^/\x1e\x0c\x07\xc3\x81M2\xb4\x991\
\xc6\xa5\xd9\xf4=\x1dj?\xf0t\xcd\xf7\x1c\xe7\x86\x08\
\xda\xf3m\x9e\xb7\x05X\x9c\xe1\xd9Fi\xf6\xe6\xa5\xdd\
\xd7.\x5c\xb3Y\x5c\xf2\x12D\xaa\xd6\xac\x110Z>\
\xb9\xb5\xb5\xbe\xbe\xba\xbc\xdc\xdcZ]^]]\xad5\
[\xb5\xa5\xe5\xcd\xf5\xb5\x8d\x8d\xad\xe5\x8d\xad\xd5\xd5\xb5\
\x95\xa5F\x186\x11\xc8\xb0g\x98\x8d0\x020\x83e\
\xe1\xd4X\x93X\xeb\x22\xa92A\xb4\x5c\xc4\xfb\x09\x0b\
R\x9e\x87\xcey\x96\x09 \x00A\x19\xac\x98+\xe7N\
\xc3G\xc0\x9c\xbas\x85\xba\xc1\xc1C\x00\xb1#\x9f\xd2\
\x11_\x08\x5c\xb2Q\x85\x87a\x09\x08%\x07\x84\x92Y\
#\x12\x18k\xf2\xa82kY{\xd6\x82\x94\xe7X\x06\
\x84\xb2fF\xe1\xf6F\xa4r@\xa8\x0b/P\x97\xfa\
\xd3\xd3*\x08\x02\xad\xb5\x17\x04:\xf7\xfd\xd4~\xe0\xfb\
\xbe\x1fx\xa1\xef\x07\x0e\xf5\xd5\x820\x08\x83\xc0\x0f\x94\
V\xee $T\x85~\xf6>\xb5*\xf6+W\xc9\xc8\
\x99ot\x98\x03Dl\x8c\xb1En77\x03\xf3\x88\
\xb9<\xe2.3\xd9(\xb5J\x96ei\x9a\x96\x1f\x8d\
\xb5i\x8e\x06\x0d\x17T\x1f\x97\xd9_\x1d\xcd\xeb\xca\x99\
C\xfeVK\x1eW\x0a\x94Y\x22\xb4\x09\xf45b\x8d\
\x8bH\xab\xd1\xdb/\xf2\x15\x95Y\xf5\xca\xd3K\xc3M\
\x95\xb7\x84\x22\x81RiJ\xe7J\xa5\xca\x89[\xcf\x1e\
\xd5)%\xc9}\xebX+\x05$\x00\x88\xa0H\x99\xcc\
\x04A\x80\x88\xd6Z\xd0\xeap\xff\xe0\xda\x95\xab\x9e\x07\
\x96Z\x7f\xe5/\xfd\xccg~\xff\xf7\xeb\x8d\xe5$\x19\
X\x93\x08\xa8\x1cI9\xda|JW\x9e\x06\x873\xb3\
&L\xf4s\x02I\xe6\x05kD\x9a\x8d@)e\xac\
u\xe8\x07\x01H\xebn\xbf\xff\xce\xa5w\xcbqPZ\
\x07\xb5\x10\x01\xca\xb7i\xac\xc9,7j\x8d\xcc\x1a\xe2\
tmm\xe3\x91\x07\xce\xff?\xfeo\xff\x0a\x01\xa3n\
\xdf\xdfX\xb3\x02$\x88\x88\xca\x11PDR`A\x01\
 \x00+`\x98#c:\x83A\xaf7@T\xccv\
}}C{\xde\x8d\xdd\xeb\xce\xcb\xee\xe4\xce\xb6O\xf2\
\x9d\xe7_9\xd8?\x0a\xc3 \x8ec\x87\x00\xd776\
>\xf1\x89O4\x1a\xcd\xd2\xab\xb3\x90\xc6h\x85-B\
\xaf\xdd\xfd\xdaW\xffp8\x1c\x92RR\x14\x83a\xe6\
\x87\x1f~\xf8\xc7\x7f\xf4\xc7V\xd7\xd7\x84\x90A\x90\xa1\
\xc8\xb4Zl\x0b\x88\xb9f\x9f3~\x02\x00\xda\xf3\xb4\
V\xdf}\xfe\xf9^\xb7\xbf\xb1\xbe^\x0ec\x9eI\xb8\
\x92K\xa6\x1c\x7ft\xd2\x1b\xd1\xd3Z\xf9Z\xfb\x9eI\
Sc\xccp8t,\x18\xe4h\x1b\xd9Z\xc7 \x13\
R\x12'\xa9\xc9j\x8e\xe9%\x11\x9eL\x08y[K\
~\xcc\x1bv\xbc\xe9\xc2\xc9\xa5\xbc\xbe3\x87\x95\xd6.\
\xf7t\x0e\x10R\xc55\x14\x09\x9d%(\x8e\xe3N\xa7\
}xx\xd0n\xb7\xd34S\x8a\x82\xd0\x0f\xc3\x9a\x1f\
\xf8Zi\xcf\xf3ja\x18\x04\x81\x0e\x82F\xa3\xb1s\
\xea\xd4\x87\x1e~\xe8\xd1\x87\x1f\xd9\xda\xd8(\x17\xa0\xb8\
R\xab\xdf\xdf8pb<\x01\xe0\xc4\x89\x13\xfb\xfb\x87\
% tR\xcbMWM\x0a\x00.\x5cx\xeb\xa9'\
\xbf\xf4\xf9'\x9e\xf8\xfa7\xbf\xd9nw\x9c\xa3\xec\x89\
S\xa7t\xe8///\xeflm\xaf\xad,\x87\xbeO\
\xa4\x0dg7\x8f\x0e\xbb\xbd~\x1cGK\xad\xa5\x87\xef\
\x7f`}}\x9d\x94\x8a\xe2\xf8\xa0\xdd5&\x03\x00\x0b\
(\xe06I(8\xfc\x5ch\x972\xcd\xf5\x0e\xa6\xe5\
\xfbT\xe7\xf3\x96\xe7`a@$@\x02aDk\xed\
\xee\xee\xae\x15\x11\xcbi\x9c@E\xa6U\x11\xe0\xd87\
E\x19*f>\xb8q\xd3\xa6Y\x12'\x83A\xbf\x1f\
\x0d{\xfd\xfe\xda\xda\x9aR\x14%\xc9'\xff\xe2'W\
V\xd6\x85e\xd8\xeb>\xff\xado%\xc3\x08\x00\xb2,\
\xab\x05\xe1g\xfe\xe03\xbf\xf5[\xbf\xe5\x8cGPp\
\xf8?\xfe\x89O\xfc\xe8\xc7\x7f\xe2\xc5\x97^\xf8\x97\xbf\
\xf3;\xbf\xfe\x9b\xbfIZ\xff\xf6o\xff\xe7\xcf}\xfb\
\xdb\xab+\xab \xf6S?\xfd\xa9\xa7\x9e}vs\xeb\
$\x00\xa4\xd6\x84H.\x84\xb2\xfa\xc0\x13\xb1\xe8U#\
\xca\x98\xbf\xeb\x9cW<!Ko\xb9\xee\xbe\xf7s\xf8\
\x96\xfb\xd1t\xc7\x16o\x10\xc7\xbf\xe3\xe21\xf9`\xf1\
\x84\x7f\xda\x00\xe1\x9f\xeev7\xb3\xca\x9d\xbb\xb9ur\
\xa5\xb5\xb2\xdfm\x13)t1q\x95xh\xac\xe4P\
\x86\x8au\xcd\xfdi\x99!\xcb\xb4\xf6J\xe1\xeb\xccr\
\xa4\x94\xaf(\xb3T\xb8\x96\xe5z\x04\x00\x90S\xeb\x01\
\x00\x90\xa1RBX\x00\x00\xd2$\xcb\xfd\x22\xf3\x9f\x10\
\x113d\x00`+\x08B \x11p\x1e\xef\xe8jv\
9u\x05EkM\x84\xab\xa1>\xd1\xaa\xa9\x93\xeb\xae\
\x8e\x01\x8bd\x22Q\x9a\x0d\x07\x83$I\xe2$=\xea\
\xf5:\xfd~\x14\xa5\xd1 \x8a\x06\xc3A\xaf\x9b&\x91\
S\xeb\x8d5(=`\x8bHJ\x11\x02\xa0BBd\
F\x8d\x18\x04D\xb5\xbaR\xbeRH\xa8\x98P\xac\x88\
\x80\xc9\xcc\xb5\x9bG\xef\x5c\xdfK\x8d\x11\x97\x84\x1a\x00\
\xc0\x11\x9e\xd0\xa8\x07\xcb\xcb\x8d\xb5\x95\xa5\xa5\x95\x95Z\
-\x0ck\xcdf\xb3\xde\xa8\xd7\xb7VV\xb7wNo\
\x9c8\xb5\xb6\xbe\xb2\xba\xd6j\xd4B\x00\x05\xca\xd7\xda\
W\xdaC\xf2Y@\x10-K\x96\xe7\xed\xb0y\x02E\
f6Y\x96f\xd6X\xcc\xa3k\x80\x1410 j\
PR0\x88\x85\xc2\xce\x00.\x1a\x90\x01\xb1\xacl\xc1\
E\x9a\x99\x1c\x17Zvl\x96\x88Xc]\xca\x1a\xcb\
63yR\x11)\xb2\x83\xe4X\xd5E*\x02X\xb6\
\xc2,S\xdav\x91.\x9c|\xdf\xf7\xb4\xe7i\x9d;\
\x83j\xedJA8\x060\x0c\xc3 \xf0\x82 \xa8\xd7\
jAPs\x04`\x18\x04\x81\xefk\xdfs\xfeW\x00\
\xd3\xa4N\xb9\xc1\xdf^\x9b)\xa3G\x98a\xecF\xe2\
\xf4\xbf\xcc\x988M\x928I\xd34\x89\xe3(\x8e\xa2\
(N\x92$M\xd34I\xf3\x94\x99Yf\xacI\x92\
$\xcb\x93\x7f\xbb\x7f2\x9be\x0e\x1b:k\x85s\x01\
u^\x9b\x02Xa\xdf\x0a:\x0e@`\x04\xc3\xf2N\
\x00\x17\x80\xadP\xca\xcb$\x99\xcc\xd3\x94Hi\x11\xc8\
k1\x8c\x81D\xe7\xb8\x0cPfW\xc8\xe3\x91H\xb8\
t\xc0\x9cr\xb9+\xb2\x9d8\xe5{z\xf8\xdc\x01T\
\x81^XZ\xe3\x11\x08\x8a\xf4\xfaE^\x8d\xfc\x17B\
DT\xa4\x00!\x08\xc3\xe1`\x98e\xd6\xf7<a\xb6\
,Y\x1a\xbf\xf1\xc6\xebi\x9a\x8a\xc0O\xfe\xec\x8f\x0c\
\xbb\xfbW\xaf\x1e\xac\x9d\xdcJ\xd3\x04\x04\x05\x0aK\x92\
\x8c\xfa0M\xa1LS\x85\x13\xa6\xe2\xe9\x99P\xdd\xad\
\x11@\x80\x11\xa9V\xaf\xe5\xbfB^\xf0\x1b\x15]\xbd\
z\xa5\xdd\xedR\x91\xb5(\xac\x85\xbe\xe7\xb3\xb1&\xcd\
\xd8\xda,M\xd3$ER,\x82\x80\xc3$\xf9\xab\x7f\
\xe3\xd7\x9b\xab\xf5\x1bG\x07\xa4\xf5\x9bo\xbe\xb9\x93\x9c\
>\xb3s\xc6\x82 !\xb9`9\x18\xd3#\x9d\x19?\
5\xd9 \x8a\x0e\x0e\x8f\x06\xfd\x81\xef\xf9I\x12}\xf4\
\xf1\x1f\xd8\xdd\xbdvc\xf7:\x02,//onm\
]\xbb|\xe5\x85\xef\xbe\x18\x84a\x9a&\x05m\x85?\
\xfc\xc3?\xbc\xb6\xb6\xe6\xaa\x1a\xe6\x22\xdd\xbd_fF\
\xcc\x8cy\xf6\xd9\xaf\xec\x1f\x1ch\xad\x0d[\x02PJ\
[\xcb\xf7\xdf\x7f\xffO|\xe2\x13\xeb\xeb\xeb\x0c#\xa0\
\x0fU\xb8%\xb9{:\xb9\xc2\x11\x22H\xe8\x05\x01\x0b\
\x7f\xee\x89\xcf\xee\xed\xed=\xf4\xe0\xc3\x5c\xe4o\xaal\
#\xc5\x90\x92\xcb=\xe3R\x13\x03\x91B@O{\xb5\
zCy\xda\xa4\x99Rj\x18EH.\x03\xaahR\
\x88\x98\x19\xe3\xa2\xa65)gD\x81<u\x10r\x81\
\xa1\x1d\xbf\x9as\xb8\xb7\xd3\xa6'\x09\x008\xbf\xf6\xf2\
u@\xe1[XV\xca\x19\xe5\x0e\xc5\xbcl\x8e\x88h\
\xad-s\x12'\xc3\xe1\xa0\xdb\xedv:\x9d$M\x00\
0\x08\x83F\xb3\xa1\xb5\xe7i\xe7\xfa\xe0i\xad\x83 \
\xa85\x1b\x9b'N\xdc{\xff}\x1f~\xe4\xd1s\xa7\
N;H\xe9\xd6mu\xe8>XMD\xea\xf5:\xa9\
v\xaf\xdfo6\x1aR\x84\x08\x82\xc8\x85w.|\xe5\
\xd9\xaf>\xf9\xf9/<\xfb\xd5\xaf\xdc\xdc\xbb\x11h\xad\
j\xc1\xf2\xda\xca\xea\xca\xca\xc6\xfa\xe6\xda\xda\xfaR\xab\
\x1e\xfa\xa1V\x9eE\xdb\x89\x06\xfb\x87\x87&\xcb|\xed\
mo\x9d<\xb1\xb5\x15x\xbe1v\xd0\x1f\xa6&3\
\xec<\xa3\x11\x11\xc9\xd5\x06\x15p\xa9\xbe\xb1\xb2\xcc\x9d\
\x00\x9c\x92ky+)\xbe\xea\xc1\xa5\xd9\xc31\x83\xb9\
\xfd\x8a\x054u\xba\xddv\xa7CDq\x1c\x97\x19\x9e\
\xc6d\xda\xf4++bE\x90\xf0\xf0\xf00Mbk\
\xb2(I\x92,\x01\x00\xad\xb5\xb1\xbc\xb1\xbe\xfe\xd0\xc3\
\x0f\x99\xccH\xe0\x8b\xb5\x9dv;K\x12\x02\xc8\xb2,\
\x0c\x82\x97_~\xe9\x9d\x8b\x17\xef9\x7f\x9e\x85\x09\xc8\
%m\x00\xa0_\xf8\xa5_\xfc\xf4\xa7?\xfd\xf7\xff\xc1\
\xff6K3\xb1\xf6\xf1\x8f~\xe4\xf1\x8f~\x14\x00\xd8\
2)z\xe2\xf3O\xfc\xc2O\xfd\x02\x00h\x06\xa6<\
\xd2D*hd\x06Q6U\x9a\xe2\x98\xaf\xbbr\x81\
\xe3\x9e2\x132\xdd=\xcdx\x07\xebE\xe6\xb8\x83\xfe\
ys\xed\xcf\x01\xe1\x07\xa6\xdd\xfd<f\x91F\xa3~\
\xf2\xe4\x89\x9b\xedC\xa5<\xad\x9dS\x99\x1d\xc98A\
\xb1L\x80V\xc6*tI\x91.\xc5\xb0E\xa62\x13\
W5\xa0_\x11)\xa2\xe9e\x5c\xbaB\xe5\x07\x16\x12\
\x9c\x8d5l\xd1\x85\xdc\x09Zp\x9cb\xa5\xb3\x00.\
\xf4\xdb\xb1w\x00N\xda\xba\xec,`\xacK!\x1d\xbb\
o\x0a\xac\xe9\x1ca\x95\xafT\xbd\xd5\xd2\xabtn\xe7\
\x84R\x8aP9\x17\xba\xcc\x98$5ij2cz\
q4\xe8\x0f\x86\xc3\xe1a\xaf\xd7i\xb7\xb3Ad\xb3\
,I\xe3,\xcd\xd24\x8dS\xcb\xcc\x00\xa9\xb0-\xa5\
\x13\x02xJkM\x9e\xc2z#\xf4<O@\xb9x\
(\x17\xeb'b\xf7\x8f\x86\xd7o\xf4\x0c_q,i\
ap\x04\x00\x1bj\xac\x05~\xbdV\xab\xd5\xc3 \xf0\
\x83Z\xd8j\xb5\xd6\xd6\xd66VWW\xd7\xd6W\xd7\
\xb76N\xae\x9d\xd8^o5\x9bJ\x87@\xda\xc5\xb4\
x\xbe\xbf\xbe\xb6\xe2\xeb@\x10\xc9\xa5\xa6\xc9\x8c5\xc2\
,\x99Hb,\x08g&\x8d\xe3\xccZ`6\xc2\x86\
H\x5c\x86\x0d\x14W\xb7\x10X\x10\xc8\xbaJ\x14\xe2\xc8\
\xca\xc2\x94\xcb\x9a\x1d\xce\xb3\x22\xbe\x15;\xf2pt\xbc\
\x87ekr\xefG`\x17'#\x0c\x22\x98C\xd1B\
a\xd2J+\x9d\x07\x05\xba\xbcy\xa5\xffgX\xab\x85\
A\x10\xfaA\xb3Vk5j\xcdF\xab\x1e\xd6\xbd0\
T\x9e\xc6\xdb\xf0\x05-\xac\x9c2\xb9\xdd\xcf\x9cu\xf3\
\x14,a\xb0\xc6\xd8\xcc&q\xd4\x1f\xf4\xa28\x8e\x92\
x8\x1c\x0c\xa2\xc1p\x18\x0d\xe2d\x10'61i\
\x1a\xa5i\x12E\x91IM\x9af&\x07\x7f&\x0f\xbf\
\x13\x93\xe7M\xb1#\xaf\x5c[\xa4\x81E\xe7s\xebb\
\xe8r\x1aP\x5cYd\x00\x90JZ\xc8\x92\xac\x93\x12\
\xf5A\x9eL\xa8|4,\xdd\xf7\xb8\xd4u\x1c\xd7~\
'\x0e\x11\x08\x00bg\xaa\xc5n\xbc\xca\x1c\x86\xa8\xa7\
T\x9fJ\xd1<\x85#\xbc\x97\xd3\x1a\x15H\xa0*\x95\
\xe8\xca+\x14\xb9$\x10\x00:\x87\xed0\x08\xc89>\
\xa3\xc4\x83\xfe\xee\xee5\xa5\x951\xf03?\xfe\xf1\xaf\
\xff\xf1\xd7\xfdF\xcd\x18#\x9c?\xbc{\xef\x5c\xd1o\
&\xd4\xbb\x09\x8dg\x82!\x9cPz&\x14\x14\x19\xe9\
OP\xab\x07~\x108\xb5\x12\x9d\xacR\xc0\x96\xdf~\
\xfduw\xaaSy[\xf5\xa6G*G\xfb\xcc\xc0`\
\xad\x10)\xb6\x86H\x00\xe0g>\xf93/\xbf\xf4\xd2\
Q\x14[\xb0\xfdA\xff\xdb\xcf}k\xd0\x1b\x9c\xbf\xef\
\xc1\x1a\xa1\xb3\x9d\xe4\xd0z\xd4+\xb4\x22q\x9a\xf4z\
\xbd\xce\xd1\x91\xb1\x99\xd6\xda\xf3\x82\xbf\xfc\xb3?\xfb?\
\xfc\x8f\xffO\x00PZ\x9f>u\xda\xa6\xd9\xd7\xbf\xf1\
\x9caF\x93\x99\xcch\xcfc\xe6\x87\x1ez\xe8\xc1\x07\
\x1f\x10\x11Br\xc4`nyc1\x22\x06\xf8\xeb\x7f\
\xf4G\x97\xde\xbd\xe4y\x9e\xb5\x96\x00\xb5&c\xcc\xd9\
\xb3\xf7\xfc\xf8O|bu}U\x10\x80\x9d*\x0b\xce\
\x99!\x0f\x05\x04!\xc8C\xe6\x8a\x947\xa0}o\x18\
G\x9f\xfb\xecg_z\xe1\xc5{\xee=\x97\x09CY\
kA*C\x0a\xe2\x9e\xb1\xccq\x0a\x0eI!\xa0\x80\
\xa7\xb4\xf6\x82H\x86\x00\x1c\xa7\xa9\x0b:w\x98\x13\x15\
el\x10\xd02x\x0a\x0c\x1bfF\x00ry\xadY\
@)$\xe7\xd8bg\xac\xeeY\x99ca\x962Z\
\x9d\x1eUdX~\xc9EY\xbcrJ\x17\x9a5\xb8\
\x1c\xa4\x83h\xd8\xedv\xbb\xdd\xae\x0bsUJ\x85A\
\x10\x04\xa1\xcb\x93\xac\xb5\xa7\x94\xafHS\x80\xcbKK\
\xf7\xdfw\xdf#\x8f=\xf6\xc0\xfd\xf7/M\xb9\x86\xd2\
\x07XC\x15\x11\xcb\xc2\x1b\x1bk\x5c\x90\xb7\x97.]\
\xfa\xec\x13O|\xfe\xb3\x9fy\xe5\xa5\x17\xf6\xf6\x8fD\
\xc4\x0f\xfd\xd6\xea\xea\xea\xf2\xf2\xe6\xe6\xd6\xe6\xc6\xc6\xd6\
\xea\xba\x1f\xf8\x8c\x90\xa4\xe90M;\x9d\x9b\xdd^W\
i\xb5\xb9\xb6\xb6\xb3\xbd\xbd\xd4l\x89H\x9c$\x83(\
b\x86<t\x01\xd0\xa5\xd8\x01\x81Q\x8e\xf4\x0a5\xe7\
\x1cg\x08PPH\x00\x0be\xa2\xdc\xa1&B\xfe\x00\
F\x91\x84\x02\x04\xb9\xf1\x8b\x9d\x95\xc6\x82 \xe2\xd5\xeb\
\xd7RcD0K3;.m&Z)\x06\x01r\
L\xa8=\xef\xa8\xd3\x19D\x03\x0f\x95\xb1v8\xec\x03\
\x805Yf\xb3\xfb?\xf4\xa0\x1f\x06i\x92\x0e\xa2\x98\
\x19\xbcP\x07\xb5\xd0e\x07\xb5l\xdb\x9d\xf6K/\xbf\
t\xcf\xf9\xf3.\xb5\x8c3\x0fZ\x82pi\xf9\xc4\xf2\
2\x00\x08\x91R.gx\x06\x80\x0cd\xe2\xc1\x8d\x8b\
\xd7\x1e\xfd\xc8\xa3\x86E\xc4\x8a\x90\xf0\xa8\xd2r9\xff\
'\xfa/|,\x1cx\x1c\x86m\xe6Y\xb7<\xf2\xee\
\xbd\xf9\x16\x5ca\xc1sM\x9f5\x93*<>t<\
\xce\x83,\xb6M\x7f\xff\xb4?\x07\x84\x1f\x98v\xf7\xb6\
\x0dw\xf2\xce\xe9\xd3\xaf\xbe\xf9\x86\xb1&/ANT\
z\x85\xb1\x8cJ\xac\x8e\x11\x0d\xa5\xce*\x90\xa6\xa9K\
\xcc\x9d\xf7i\xd6]\x16g~s\x0ep\xd6\x1a\x19\xfb\
]\x5c\xf8y\xfeG\x91s_\xa4\xcc\x1f\x09Ep\xf4\
\xc8\xfb]\x9c\x05\xdf]6O\xff\x00b\xd8\x1aN\x92\
\x0c*HN\x11yHD\xe4)\x15\x84\x81\xa2\xf0\xe4\
j\x0b\x151\x22\x02\x09\x8ba+\x00\xce\xe1/I\xd3\
4\xb3i\x9a$I\xda\xed\xf6{\xbd~\x1cGi\x9a\
\xc5I2\x1c\x0e\xe3h\x98\xa5\xe90\xc9\xd2\xee\x10\x81\
E\x80\x94\x0e=-l]\x01\x8fV#\xf0<\x0f\x89\
\x844\x02\xe4\xa5<X\x84\x81\x99;\x91=\xec\xf7X\
\xd8\xf9\x0e\x8a\xb5\xd5\xa1\xd3\x04\x81\xa7\xfd \xd4\x9e\xd2\
Z\x07\x81\xdf\xaa\xd7\xef9s\xfa\xec\xd93\x9b\x9b+\
\x1bk+K\xadfX\x0b\x94\x17\x04A\x03\x95/\xa4\
<_\xb7Z\xcd\xcd\xcdM\xad\xeaJi\xa5\x01\x80m\
\x96\x89e\x110\xd6X\xcbI\xe6R\x9d\xd98\x8a\x8c\
\xc9\xd8X`\xb1\xd6\xe4y>\x8c\xab>!&\xb3\xac\
\x14\xb3v\xae\xa4\xc6\x18a\xb6\xb9W\x1c[\xc8\xfdK\
\x8b\x84\x8e\xc2\x05JSJ)O\xfb~\xa0\x94\x0a|\
?\x0c\x03\xcf\xf3\xc2 \xac\xd5jA\x18\xd6\xeb\xb5V\
\xa3\xd1\xac5\x96\x9b\xcd\xa0\x16*\xcf\x03 \x17P\xc6\
\x0e\xef\x1f/\xc4\x1d\x1d\x13A\x93\x1c\xe2\xbcu\x91\xa4\
I\x1c\xc5q\x1c\x0f\x86\xc3\xe1p\x10\x0d\xa34N\xa2\
(I\xd34\x8e\xe3a<L\xd24\x8e\xe34\xcd2\
\xcbq\x1c'I2\xccR\x93f\xa9\xc9$K\xac\xc9\
\x924\x15\xc36\xb3\xe5\xd2(r\x02\x15~\xb9\xc5\xea\
\xc8\xa9\xf5\x82\xd3+S\x17\xe4\x94\x06\x00\x14Jv\x19\
zW]\xdaUM\x1a\x0a\x044\xf2b-4\x97*\
\x00\x9a@\xd18\x15\x0d?\xfd\x19\x0b\x8dv\x8c\xc6\xa9\
\xe0:\x801\xaag\xa2\x91+%\xe2\x98\xdcI\x0e0\
\xc78\x05eE\x13\x0ca\xd9C\xad\xd5\xfe\xfe\xbe\xb1\
&\x08kn$\xd1\xd3{7n\x0c\xfb\x11#=\xfc\
\xc8\xc3 \xf6\xca\xf5\xbd\xd6\xf2\x86\xb5\xa6\xfa\x80\x13#\
6\xfd\xcd\xb4\x0a2\x0d\xfc&.8:\xa5`h\xc3\
ZHDy\x19:D\x00QD\xc3^\xff\xfa\xb5k\
\xe5Y\x9e\xe7\xf9\xbe\x07\x00\xce8\x00\xce\xa8%\xa2\x88\
\x00\xc4\x18\xbb\xb6\xbe\xf9\xe8\xa3\x0f\xfc\xf1\xd7\xbf\xa2I\
\x1fvn\x0e\xfb}\xb6\xd9[\xef\xbc\xcdJ}\xe8\xfc\
\xf9@\xd7 \xf7\xea$,\xf2392>\x8e\xe3N\
\xbb\xdd\xebt\x090\x89\xe2G\x1ey\xa4\xb1\x5c?\xec\
v\xbc\xc0_YY\xd9X_\x7f\xe1\xf9\xef\xee\x1f\x1e\
(\xa5\xac\xb1Jk\x00XZZ\xfa\x81\x1f\xfa!\xdf\
\x0f\xd8\xe68\x9f\x94sF\x15\x0b\x82\x04/>\xf7\x9d\
\x17_x\xd1%\xa8\x00\x00\xcf\xf3\x8c1\x9b\x9b[\x9f\
\xfc\xe4_\xdc:\xb1\x09\x02,L\x80eV\x8d\x82Z\
\x1e\xf9\x13[a\x14D\x84z\xa3\xb1\xdf>\xfa\xfd?\
\xf8\xfdk\xef^\x06\x80\xc1``\xad-Dse\x92\
\xb8\xca\xec\x13\xaf@\xf2\xd2A \x1c\x86a\x10\x04=\
\x00\xb6\x1cG\x11\xb8P\xb0\x82X6\xc6*\x97\x9bX\
\x11\x02\xbar\x0be\xa05\x8e\xaf\x97I\x111%\x0a\
\x16(\xa3#\x86\x161O\x92\x5cX7\x10\xd1Z\xeb\
\x00a\xbe4r\xca\x13\xb34\xeb\xb6\x8f\x8e\x8e\x8e:\
\x9d\x8e\xfbIiUo4\x83\xc0\x0f\xfc\xd0\xf7|\xcf\
\xf3\x94\xd6H\xe8\x85\xe1\x89\x9d\x93\x8f>\xf6\xe8\x87\x1f\
~d\xe7\xc4v\x19T\x0f \xf8\x81r\x0d\x9dn\x15\
\xbfP\x0d\x00\x96\x927\xdfx\xfd\xbb\xcf?\xff\xd9\xcf\
~\xee\x1b\xdf\xfc\xe6\xd1\xd1Qf2\xdf\xf7\xfcz\x10\
\xf8\xfe\xe6\xe6\xe6\xa9S\xa7Om\x9e\xa8\xd7j\x8c\x90\
\x9a\xac\x17G\xedn\xa7}t\xa4\x94Z[[{\xfc\
\xecc\xab\xcb+\x80\x98\xa6i\xaf7H\xad\xe1\xdct\
\x8c\xe2fT\x11\xea[\xbe;gZ\xb2\xd6\xa4If\
\x99\x11\x90\x88\x18\x11\x15\xa0+\x0eLs\xb3\x86\xb8\xff\
JQ\xf1\xb2\xb48\x8d $\xa2X{xp \x00\
i\x92Xc\x84e\x81\xd5R\x0a\x1f\xfb\xd2V\x0e\x00\
\xfd~\xef\xf0\xf0p{\xf3\x04!\xa6q\xb2\xb2\xdcb\
\xe6f\xb3u\xfe\xde{\x9d\xf3\x85+\xd7\x1a\xda\x00\xc0\
E\xac\x00\x00Z\xcb/\xbc\xf0\xd2/\xfe\xe2_q}\
\xe1\xcc\xa0\xa2\xb7\xde\xbd\xf0\xb9\xcf}\xe6c\x1f\xfe\xe8\
/|\xfa\x17G\xc1\xad\x8a\xc0\xb2\xd6\xfa\xc2\x85\xab\x10\
\x84'\xce\x9c\x1a\x0c\x07J\xd8\xb0\x80\x08U\xaa\xf0L\
XI\xaa6\xfa\xaa\x0c\xbc-\x06\xef{\xd9\xee\x8c\x09\
\xbc\x83+Lo\x10\xefm\xaf`\x16\xa2\xfe\xfe\x19g\
\xf8s@\xf8g\xb0\x9d\xdc\xd9n4\x1a\x9dN\xc7\x11\
PU\x85o\x14\xa4TI\x0f3\xd1Dd\x0c\x13\x8e\
\xff\x04\xe3hpZI-s\xd9KE\x06C\x01\x07\
KEx\x8c~\x1c\xf9\xf8\x15\xd7/M\xfe\xe3\x1d\x9c\
\x08\x1d ,\xdd\x02\x91\x05b`4\x02\x99EW$\
C\x8a\x84\x7f\xce\xb5\x95\x94\x22\xd0\x08\x9e\xef\xb7ja\
\xee\x17\x04\xae\x96\x9e{R\xb4\xcc\xa9\xc9\xd2\xcc\x18c\
\x87\xc3\xe1\xcd\x9b7\x87Y\x9c$Y4\x8c\x86\xf1\xb0\
\xd7\xebGQ\x9c\xa6&J\x93\xde0\x16c\x80\xb9\x94\
\xbe\x02LD\x9eG.\x7f&\x229\xd5\x06\x91\x04\x15\
\xb8\xc4\x0f\xcc\xc2\x96\x853\xc6$\xb6\xd6\xa4\x96\xfb\x19\
\xdf|\xe1\xb5\xb7\xa7_\x04\x22zZ\xd7|\xad\x14\xd5\
\xeb\xe1\xc9\xed\x93k\xab\x1b\xab\xabK\xcb+K\xcdf\
\xb3^\xab\x85a\x0dH\x87\x81\x1f\xd6j\xe8{\xda\xd3\
\xab+\x1b[\x9b\x1b\x8dfC\x93\xce\xed\xac\xce\x95\xcf\
\x91\x9b\xc2&\x03W\x5c[\xa4\xa8t\x94\xa5Y\x12\x19\
\x97\xe4\xda\x98,K\x8d\xb1 `\x0b\x0e\xabT\xfdA\
Q\x10\x04\x81\xef\x87\xbe\x1f\x86A\xb3\xd9\xac\xd5\xea\xf5\
F\xa3^\xab7\x1a\xf5Z\xa3^\xf3\x03\xedy\x80\xaa\
\xdc\xda\xef,K\x0c\x03d.\xb9m\x9a:\x14\xe7\x5c\
:\xe3$\x89\xe3h0\x1c\x0e\x06\x83~\x7f0\x1c\x0e\
\xfa\xd1p\x18E\xc3\xe10w\xeaL\xb3,\xcdLj\
\x8c\xb5q\x9a&&u\xc1!i\x96\xa5\xc6fI\x92\
\xa5)g\xc6\xa6I&&M\xd2Z\x18\x9e;w\xce\
\x1av\x09\x93@\x8aZ\x91\x22P8v\xf2\x18\xf9=\
\x96i\xa6\xe2\xa8S\xe1I\xa0R7\xafb\xbb\x1d\x01\
\xa7<\xfa*?@\xaa\x81XR\xe4\xa8t\x19\x1b\xc7\
/\x02\x15hW\xfd\x5c]\xe0\x00Pry\xf3\x8e)\
a!UX\xbe\xb1+\x14\xbaly<:f\x11E\
\x91\x8b\xc1A\xc0\x91l\xa9Z\xa9E\xc4\xd8\xac\xd7\xef\
\xbb\x04\x1e\xb9\x1b\xad\x81+\x97\xaf\x90Rl\xf8/\xfc\
\xf0\xc7\xde\xbdx\x01\xb5_\xf5h\x9a\x90$U\xfdf\
\xdc\xea?\x1ay\x98B\x833-\xd6\x13\xd2\x89\x88\xea\
E\xf9o\xc0\x9c5\xf4\xbc`o\xf7\xddn\xa7\xe3\x04\
\x02\x008<S\x0aLkL\x9a\xa6n.+\xa5\x06\
\x83\xc1\x8f\xfe\xe8\xc7\x99\xfbo\xbf\xf5\x16[\xd3\xeb\xf5\
\xb4\xd2G\x07\x07\xe6\xe00\x1d&d\xd2\x07\xee\xbb\x7f\
iy\xb9\xc2J\xb9d\x0f\x90f\xe9\xa0?\xe8\xb6;\
\xc3\xc1@\x11e\x00\x1f\xfe\xf0#G\x9d\x83\x9b\xfb\xfb\
\xbe\x17\xec\xecl_\xbb~\xed\xe2\xc5\x0b^\xe0\xa3\x00\
!Zf\x008\x7f\xef\xbdk\x1b\xeb\xccLHP\x99\
Z\x96\x19\x08_\x7f\xf5\xd5o|\xedk\x88dY\x10\
\xc1\xe5\x85^^^\xfd\x99\x9f\xf9\x99\xed\x93'\xac\xe4\
\x8ah9\x1c.wT>\x80\xe5\x0cGT\x84\xcd\xa5\
\xd6\xe5K\x97~\xff\xf7~\x7f\xef\xe0\xe6\xfa\xda\xfa\xee\
\xeen\x12'Y\x96\x95TCuVT\xab5\x94K\
\xddE\x01\x08\xdbZ\xad\xe6\xc2\x8cA`\xd8\x1f\xd8\xcc\
\x8cd\x02\xa2\xb1\x06\x01\xb4\xd2y\x05\xd3\x91\xd4G)\
t\xeeia8O\x99\x9b6\xa4V\xd7\x08T\xfcE\
\xcb\xccX\x0e\x0d\xba\xa8\xc2\xfcH\x22\x01\x89\xa2\xa8\xd7\
\xeb\x1d\x1e\x1ct:\x9d,3\x84X\xab\xd5\xea\xf5z\
\xad^\xf7\x03?\x0cC\xcf\x0b\x04@)Z]]\x7f\
\xe0\x81\xfb\x1f{\xec\xe1\xfb\xce\x9f\xaf\xd7\x1a\xae#9\
I\xe5\xbc\xe2? mBguL\x5cY7\xc2\x8a\
}\xe5\xad\xd7\xbe\xfe\xd5\xaf~\xf6\xb3\x9f\xfd\xce\xb7\xbf\
\xdd98\xcc\x18I)\xadu\x10\x06\x1b\x1b\x1bgN\
\xef\x9c\xd8\xdch5\x97\x85\x80\x0d\xb7\xfb\xddv\xb7\xdb\
\x19\xf4\xd9\xda\xf5\xd5\xd5\xc7\x1eytui9\xf4\xfd\
(\x8e\xdb\xddnf,\x03\x00\x95\xcc99\x81\x9a\xa7\
\x97\x1d\xcdm@\xa4$Iz\xddN\xbf\xd75\xd6h\
\xe5\xf9A\x98\x17&\xf2\x14\x92\x02@\x07\xba\xaao\x1f\
+N\x19E\xca\x5c\xa7y\xe4\x82\x82 \x8f\xde\x07E\
\xed\xc3\xa3~\xaf\xe7\xaa\xf5\xa4Y\x96[\xe4*\x82\xa8\
\x94K0.\xa8\x8b\x81\x83$M\xf7\x0f\x0evN\x9c\
\xf4\x94V\x02\xbe\xe7\xf5\x87\xc3\x07\x1f|hks\x13\
\x10]\xcaP\xb6.\xc6\xc0\x00\xb8\xea\x88\x10\x04\xb5\xd7\
_\x7f#\xbf\xa6\xb5\x80x\xd8>\xfc\xe2g?s\xe3\
\xea\xd5\xdd\xcd\x93\xc5\xbdr\xc5\xc5\x02\x10\xc0\xd3O=\
\xf3\xd0\x03\x0f/\x07\xb5\x83\xc1\x11*\xb4\xb975\xce\
\xdc\x8f\xf2w:.N\xab\xaf{\x1e>\xbc\xad\x86s\
R\xb9,>e\xe6M\xef\xe0R\x13\xd7\xbc\x83v\xf7\
\xec\xe5-\x1fp\xe2\xd5\xbc\xe7\xb7\xbb\xb3\xf6\xe7\x80\xf0\
\xcfPC\x04\x11n\xb5Z[['\x8e:m\x22\x12\
\x96\xd2\xb2\x0bN\xc9u\x04\x5c%\x9d\x00\x8c\xdb\xe3\xdd\
\xbfY\x96\xb9:\xbc\x0bo7\xa9\x96909o\xb1\
\xe5\xce\xf7E8M\xf9\xe5\x886\x1cuIF\xb8/\
\x0f\xc2\x01'\xfe\xb0\xd0c\xa0\xcc\xb3U\xa2T\xac\xfa\
\xd5\x03@\xee\x04B\xce\x8d\x10\x8dK\xd9\xec`&\x17\
6I\x05\xa5\xba#\x00\x82\x88\x8aH{\xd8X[\xda\
>\xb1.\xa4\x91\x08Y\xacI\x9d?f\x92\xd9a\x92\
%I\x1c\x0d\xa34\xce\x12c\x06q\xd2\x1f\xf6\xe3\xe1\
0\x8a\xa2\xc1\xa0\x9bD\xf10\xcd\xacIL\x96IN\
%\x09\x80\xcb'\xe3\x92\xcfi\xa5D+\xf44\x89\x10\
B\xa0\x88\x10]\xa9Ct\xa4\x94\x08\x003\x80\x18\x00\
\xcb\xd0?\xe8^\xbdq\xb0@\x88y\xcase!\xce\
\x9c\xd9Y]]\x0e\x02?\xac\x05A\x18\xba\x92\x0f\xa4\
\xb4\x8brQ~\xa0\xb4\xf6\xb4\x0e\xc3Pk\xed\x07A\
\x18\xf8\xa1\xaf4iOk@\x14\x14\xf4\x09X|\xf4\
\x1c@w\x8a\xa6R\x8aH\x09\xbb\x00%\x8d(\xd6f\
\x99I\xa2\x182\x93\x0c\xe3>\xb5u\xe0\xfbD$\x80\
 h\x8c\xc9\xd8Zc\xd8\xda$\x8e\x93$N\x93$\
\x8ecG\xe8%I\x9c$I\x1c\x0f\xe38q\xd1Y\
q\x1c'q\x92%\xd90I\x87i\x1aEQ\x12\xc7\
i\x9a&IRVD\xe7\x22\x0e0IS\xc7\xf0\xe4\
\xc9)YX\xc4\x14\xd9t\x80-\x88X\xb6l\xd8E\
\xfa\xb9YR\xf2\x22D\x14\x86a\x1a\xa7;\xdb\xdb\x0a\
\xd1\x88\xb5n\xda\xb0\xcbi\x01\xd5\xa2\xf7\x0a\x09(\x8f\
=A\x01\x18\xcf:\x00\xe3[\x0b\x96I\xcf\xab\xf1\x8b\
y$L\xa1X\x14P0\xff3/\xb37\x89\xdf\xf2\
\x7f\x11T\x11\xb3'8\xfa>\xf7\xd5C\xa7\x7fV\xbc\
7\xf3P\xbe\xc9\x18\x98\x09\x8c\xe7\x1cG\xab\x07\xcc\xb8\
u\xf1D\x13?\xb9\x84\x229\xb2\x1d\xdf\xe6\xac\xb5D\
\xd4k\x0f\x92\xcc\xfa\xbe'.DV\xe1\xe1\xcd\xbd\xa3\
\xfd#A^\xd9<\xb9\xba\xd2z\xed\xa5\x17\x9b\x8d%\
\xe1\xac:n0\xbe\xbbO\xea\xa9\xc5PWA\xc8-\
7\xf5q\x95HP\xd8\xf3\x1b~\x10\x96\xde\x10\xcaE\
n\x92z\xfb\xc2\x05\x0b@\x94\xbf\xd4 \x0c\xc3\xb0f\
\xada\x10+\x9cfYf]\xf6\x11\x14\xb6\x00\xf0\xa9\
O\xfc\xf8\xd1\xfe~w\x90\xc6I\x9ce\xe9`0<\
<j\xd7\xc2\xf0\xc6\x95\xabY\x14\xf9\xda\xbb\xef\xde\xfb\
Z\xad\x96{\x83\xc8\x22l\x851N\xd3n\xa7\xd3;\
<\xca\x92Dk\xaf\xdeXz\xf8\xe1G\xdfx\xedM\
$\xb5ub\xcbd\xf1\xcb/\xbfJJ\x89\xe4\x85\x0d\
|\xdfo6\x9b\x1fz\xf0AE\xe4P\x1c2\x803\
\xba\x81\xf8\x9ew\xf1\xad\x0b_}\xe6\xd9\xcc\xb8*\xa3\
\xe2\x98O\xdf\xf7?\xf5S\x9f<{\xcf9\xc7{\x88\
0!\xda\x82 \xcdc\x08\xd9\xa9\xe5\x8c\x00\x0a@\x07\
!x\xde\xd7\xbf\xf9\x8d/}\xe1\x8b\xc3\xe1\xb0\xd1\xca\
S\xd7\xc4Q\x9c\x0c\x13`\x01p\xb5\x17\xa8\xfa\xca\xb0\
\xb2\x16\x0a\xf3\x89\xa0\xd2\x02\xca\xf7\xfd\x80\x08\x11H{\
\x83(\x8a\x93\x14}M\xc0\x04\x02\xa8Q2c\xb2@\
{$\xac\x95\x02B\x16A\x14Ak\xd9\x10\x11\x80u\
b\xba\x80\x09\x93d\xc8L%\xb2\xaa\xcaW\xd08!\
\xa2\x8bvF\x17M\x0eH\x88\xc2\x8cH@\x04\x00\xd6\
\x9a~\xb7\xdf>:j\x1f\x1d\x0c\x07\x03\x16\xd1\x9e\xb7\
\xd4j\xd4j\x8d \x08\xea\xf5zP\xab{\x9e\xa7\x95\
n.5\xb7\xb7O~\xe8\xa1\x87\x1ey\xf8\xe1\xad\xf5\
\x8d\xbcK\xcc\xce\xf0F\xf4\xfd\xa2\xf6\x1d\xbb\x89K\x0f\
\x94;\xbd\xbb\xe8\x0bP\x00\xf0\xfa\xebo|\xe9\x0b\x9f\
\xfb\xea\xb3\xcf|\xf7\xe5W\x0e\x0e\x0e\x8d\xc9\x10P\x88\
\x82\xc0[]];s\xea\xd4\xd9\xb3\xe7\x96\x97\x96\xac\
\xc9\xa2,\xed\xf6\xfb\xbd~\xaf\xddn\xdb4k\xad.\
\xdfw\xfe\xfc\xce\x89\x13\xbe\xef\x0f\x87Q\x7f0hw\
:,\x0c\x80\x02\xca\xc9\x0d\x11\xe7\xfa\x8ce\x8a\x01t\
\xf1\xa3\x08\x80\x98e\xe9\xd1\xc1\xe1\xe1\xc1A\x1c\xc7\xce\
\xfdZ\xeb,MS\xcf\xf7\xbc\xc4\xaf\x85!\xfb\x81\xf6\
F`>w\x9e\xcc\xdd\xcd\x8by\x8eT\xb8\x1f1\x88\
u\xba\x01\x09\x12\x82aKH\x97\xaf^6\xce\x8f\x86\
M\x96\xe5EDg\x0a\xa2r:\x8d%%B\x10\xcb\
7n\xdcH\x1fz\x90\xb4\x22\xad\x14jE\xde\x993\
g\xc2@\x0b##\xb2\xc9\x00\xb9j\xd4f6++\
+\xef\xbcs!Kc\xed\x07\x02\xd4\x1b\x1c=\xf1\xc4\
\x13\xdf\xfd\xf6\x0bZ\xa9\xa3N\x07\x00\x14\xa1\xe4\x9aH\
\x0ee\x9f\xfd\xc3\xaf\xfc\x8d_\xfeu0\x16\x98m\xb1\
\x16\xa4x\xd2*\x0e\x1c\xc3\xc6x\x5c\xf8w\xbb\x90\x0c\
g\xf9lO\xdfb\x02\x05\xcdU\x0b\xef.\xf5\xcb\xe2\
\x8b\xdf\xc15\xef\x06d\xce;\xf7\xfb\x07\x13\xfe9 \
\xfc\xb3\xd6\x04\x00vvv\xdez\xfb-\x10)\xfdV\
\x0av\x00\x91g\xef\xa6\xd3\xf6W\x97vDk]:\
\xdb\xcc;\xd8}c\x8c\xe1\xc2\xbf\x08\xe6x\xb7c\xe9\
\xcc0\xed\xf2^xe\x14{\x06c\x91\xcb\xce!\xbe\
\xc2\xd9i\xa4hK\x9e\xbc\x01\xc0\xc1\xc7B\x17/\xe0\
!\xb8}\xa8(\xb0Q\xb8\x92T\x85&\x80-iD\
.\xaej,8y\x0f\x09\x03#\x02\xb9\xc0\x06D\x22\
R\x88\xab\xb5P\xb7\x9aD\xa8\x10AQQ\x88\x0d,\
pl8M\x8d\xc9\x8c\xc9R\xc7r\x0d\x87\xc38\xc9\
\xe28\x8e\xe3(\x8d\x93~\xbf\x1f\xc7q\x9a&I\x9c\
\x98\xcc0[\x00\xe3\xe0\x0d\x95\x8a\xbb\x80\xf3\xb5DD\
 \x12\x16\x85\xa8\xfd@i\xa5H\x09J\xc9\xf3\x14\xe5\
\x0as\x9b\xab1\xe6\xc2\xc5K\xfc\xb6\xb5<#\xfcf\
\xa2\xb9lz\x8a\x94\x83\x88\xae>\xbc\xd6\x9a\x14\x01\xe7\
\xd9\xf0\x9c\x91\xd8\xc5u \x92K;\xe1B\xa4\xca\xec\
\x99lmAP\xa0e\xebr\xd4Xc\x9c\x1b-\x88\
\xb8\xdc\x9b\xe0\xac\xb6\xa3B\x193\xbcH\x95\x0a\x10\xc5\
p\x86\x00\x8e\xe4,\xf7`)\x12'\xe6\xf50\xd3\xc4\
\x1a[\x99\x87\x95\xb9T\xec\xc0y\x06\x81\x927#U\
\xd4\x19\xc08\x8eApcs#\xcb2\x16+E\xa5\
\x8d<\xf5-\xe4IMr\x17\xe62\xb3\xc5,\xa05\
\x01]\xaa\xa9\xed\xa1\x02\xb4\xa8\xf0\xb6\x94j,\x1e\x14\
\x81}\xf9\x7f\x1d\xe6\x1b\xa9\x02%\xf6\xcb;\x93\x1f\xe1\
\xa2\x92p\xa2\xc1,\xfc\x96k\xa98:\xa1\x9c\xfcU\
\xd89r[-~\x1e\x1b\xd3\xe2O7\xdd(\x87\xc6\
cT^\xb9~\xbb\xdd\x1e\x22\xe5f\x17a\x11\xbcz\
\xe5\x8a\x05a\xcb\x8f?\xfc\xf0\xb0\xdbKEB\x22c\
\xa5*\x00\xde\x8f-\xb3\x94?\xce\xf8\x0f\xc2A\x18*\
\xad\xac1\x85{0\x00R\x12EW\xae^\x81\xe2P\
D\xcc\xb24M\x13W\x87S\xf2j\xdb\xa2\x94v\xda\
j\x186\x1ey\xe8\x81\xd7\xdfx\xad\x1fg\xbd\xfe\x80\
\xb3\xac\xdb\xe9z\x9e\x07\x88,voo\xef\x85\xef\xbe\
\x10\x06\xe1\xf9\xf3\xe7\xc3Z\x1d\x0a\xbe\xd7d\xa6\xdb\xed\
\xb6\x0f\x8fz\xdd\x8e#\xa0W\x97\x96\x06\x83\xe1w\x9e\
\x7f\xa1\xb5\xb6\xe6\xd5\xc37\xdf|\x9b\xad\x0d\xc203\
\x193\xfb\xbeOD\xa7N\x9d\xda\xd9\xd9\xc9\xbd\x18\x1c\
\x9eC\x00B\x8f\xd4\xf5\xab\xd7\xbe\xf8\xc5/\x0e\xa2\xa1\
\x0b\x1d\xd4Z9z\xedG~\xe4G\xee\xbb\xef\xbe4\
M\xb9\xa8\xc1\xcd.\xc9\xf2h\x96\xe6\xcf\x84\x84\xca\xf3\
j\xb5\xda\xee\xde\xde\x93\xcf|\xf9\xb5W^\x01\x16r\
Ya\x01\x10(M\xb3N\xbb\xc3\xa7\xac\x08\xe4yd\
\xa7\x18\x89\xca4s\x90AeYF\x84\xa1\xef\xa3\x80\
\xd2:I\xd3,\xcb\xb4\xafA\x18@\xb9\x10\xd6|g\
\x11\x0e\xfc\xc0\x8d\xb3\xcaM\x96\xd6\x95\xe2\x98\xca\x05,\
\xe5B\x9b\xe9\x88U\xc5\x81U\x0e\xdc\xb5j\xbd\x1c\xb7\
|4\xe8,\xcb\x928\xee\xf5z\x87\x87\x87\xedN;\
\x89c\xa5T\x18\x86~\x10\x84aX\xab\xd5\xea\xf5\x86\
\xe7\xf9\xbe\xefyam}s\xf3\xfe\xfb\xee{\xfc\xb1\
\xc7\xce\x9e>\xed\xec\xa4\x05T \xa4\xef\xa3\x82\xf2\xb7\
\xd5\x98\x85\xc5\x22\xa1\x22M\x04\x22\xf6\x8d\xb7\xdf|\xfa\
KO>\xfd\xd4S\xcf=\xf7\xdc\xd1Q[\xeb\x80\xb4\
\xce,\x8b\xc8\xda\xda\xea\x993g\xce\x9f=\xb7\xba\xb2\
\x02\x02\xc3hxxx\x98Fq\xa7\xdf\x8d\xb2\xb4V\
\xab\xdd{\xff}\xdb\xdb\xdb\x81\xef\xa7\xc3\xb8\xdb\xe9\xc4\
I\x9a\xe7\x19BDTn\x19\xb8\xfb\x12VDJ\x19\
\xbe\x8f\xc0\xd6\x1c\x1d\xb5o\xdc\xd8\x1d\x0c\x06\x8aH)\
\xedvC7!!\x03\x97\xc7+\xcb2\x17\xbb\xee\x84\
-\x96J@\xe1\xad\x81U\xbb\xb1\xfbK\x00\x01\xc5\x99\
\x8c\x09\xa3\xe1po\xef&\x03\xa4ij\xd3\xd4\x1aS\
\xca\xe7\x992\xc4\xfd[\x86\xde`\x91)jo\xef\xc6\
0\x8a\xb4\xa7\xbdZ8\x88w7Nl\x9e\xda\xd9\x16\
\x06\x06f\x01\x22\x12\x17\x85l,\x00\x04A \x22J\
\xa9w\xdf}\xf7\xf2\xc5w\xef\xfd\xd0\x87zI\xf4\xe4\
3_\xfe\xfa\xd7\xbf\x19%)\x22\x0d\x87\xc3\xcc\xb2R\
\xc4 \xce6\xa5\x95\xba\xb6{\xa5\xdbO>\xf6\xf1\x1f\
;\xecu\x84\xd9\xb08\xa6\xdbEt\x0a\x08\xc1\xa4\xf3\
v\xbeFp\xb4sM?\xd7L\xac8\x0f\x19\xceT\
\xffF\xd2u\x0e'6\xefR3\xc1$\x8ck\x95\xd5\
\xc3\x16\xef\x0b\xf3\xae6\xdd\xd5?\xd9\xf6}\x82\x09\xff\
\x1c\x10\xfeYk\x08\x00'O\x9e\xac\xd5k\xf10\xaa\
\xe6O\x83\x0aQ\x00U6\xa3<s\xd6\x1av\xe4\x0c\
\x16U}\xa7\xd7|Y\xee\xac\xfa\xfd\xc4\xe7\x05a\x1e\
\xd3\xdf\xcc\x8b\x08*\x15\xd4\x12J\xe04\x8e-tV\
\xc4\x22[c\x99\xba\xb0\xa8\xbe%E\xf6\xd4\xc2m*\
\x7f\x10\xaaj\xcc\x85\xef\x9f;T\x00\xd9\x82\xa0\x80\xb5\
\x88\x04i\x06\x90\x15z\xbc\x080\x81+`\x8c\x8a\xa8\
A\x88\x8d@QMc\x8e\xb8\x9c\xf7&\x02X\x11c\
\xac\x08\x1b\xc3\x99akL\x94$\x838\x8e\x93$\x1a\
\x0e\x8f\xba\x9d\xc10J\xd3\xc4$Y\x1c\xa7q\x1a'\
I\xc2&\xb3\xd6f\xc6\xb25l2W\xfb\x16\xc4\xed\
\x0a\xc0l\xc4\xe55Dt_z\x9eR\xcaG \xcb\
\x5c\xd4\xd4\x10\x22t\xc59J\x0bj\x19\x1a'\x22Y\
\x92%q\xc22\x0b\xa2\xdd\xee\xe4\xcb\xb7\xf9\x1c\xf9\x80\
\x0b%\x04\xe4\x82\x18\x83<\xb4\x8a<]hQH\xe4\
\xd2\x09\x80\xb8\xa2\x1b\x1a\x95\x0b|B\xceu\xd3\xe2@\
D&\xad\x95\xa7\xbdF\xbd\x91e\xd9\xa8\x92\x1e \x02\
\x01\x82+\x13Q\xb0\xc6ER\xcd\x1c\xec\x8f\x81\xe4\xf5\
\x8d\xcdz\xb3\x91\x9a\x0c+\xce\x93\x13^\x94#\xe5\xc2\
\xfdZ\xa8\xa9\x13\x90\xcf]\xb0TC\xa1\x8a\x03Ga\
{\xee\xc3\xd8a9\xfc#A,p+\x8c\x92^\x8c\
_\xca\x1d&\x93?\x82\x1a\xbbia%\x81\xa9]0\
\x87|\x98\xbf\x9e\x09zo$\x16f\xbf\xd7\x82\xbe\x07\
\xc8\x01w\xc9\xe3\x8f;\x17\xc4q\x1c\xc5\x11i\x0f\x00\
\x0c[AH\x86\xf1\xcd\xfd\x9b\xa8@+\xff\xc4\xce\xd6\
\x8d\x9b7\xeb\xf5\x16\x83\xcdk\xe8\xcd\xda\xf5\x17k\x03\
\xd3\x22e\xc1F\x9b+F\x02\x04(\x80\xb5F\xbd\x04\
\xe0\x00\xcc\x80\xbe\x0e\x8e\xf6\xaew\xda\x1d,\x8a\x8cy\
Z[c\x0f\x0e\x0e\x83 \x00\x02aq\x93P\x84\x19\
(3\xf6\x9e{\x1f@\xed\xbd}\xf9\xb2\x00\x98hh\
\x92\xd4d\x99\xef\xfbR\xd4.\xbbz\xf5\xea\xf3\xcf?\
\xdfh4N\xed\x9cVJ\x01a\x96\x99a\x1c\xf5\xfb\
\xfd\x83\xfd\xfd~\xaf\xef\xec\x08'O\x9e\xb8z\xf5\xea\
\xee\xde~\xad\xd5j\x1f\x1e\xf6z\x830\x082\x93\x89\
\x88\xd6Z)\xcdl\xef\xb9\xe7\x9e\xc0\x0f\xac5\xce\x14\
`\xd1\x02\x02zz\xff\xfa\xde\x17>\xff\x85v\xb7\xe3\
\xf9\x9e+ \x8b\x88\x99\xb5\xf7\xdds\xcf\xfd\xf7\xdf\x9f\
$\x89\xb31yZ#\xa0\xcb\x1cSN&Av\xe9\
_\x82z-1\xe6\xeb\xdf\xfc\xc6\x97\xbf\xfcl\xb7\xdb\
#\x22W\x97H\x5cu\x04Ba\x18F\x91q\xf1\x96\
0\xdaA\xaa\x96\x85r\x90EroC\x04\xd4\x84a\
\xe0y\x0a\x12DW\xa0\xc5_j\x88\xcd\xbdW]X\
\x81\xd6Z\x03\xb8\x9d\xc5!+@b\xcb\x9e\xa7\xa0\x10\
U\x98\x07\x17L2\x0f\xd5\x9dbZ\xc5,\x8dY\xe5\
\x7f\xdd]\x88(7\xfd \x0c\xe3\xf8`\x7f\xff\xf0\xe0\
\xa0\xdf\xeb\x1bc\x94\xc6\xe5\xe5\xa5\xb0V\x0fk5\xe7\
0\xac\x94\xf6\x03\x7fyy\xf9\xc1\x07\x1f\xfc\xf0\xa3\x8f\
\x9d\xbb\xe7\x5c\xb3\xde\xc8\x9f\x97\x05\x10&\x06\xe1\x03\xd4\
\x9c\xd8\xcc\xb12\x90\x05~\xf7\xd2[\x9f\xfb\x83'\xbe\
\xf0\xb9\xcf\xbf\xf2\xd2\xcb\xfb\xedC\xe5{A\x18zA\
h\x8d\x0d5\x9d?w\xdf\xe9\xd3g\xd6\xd6\xd7}\xdf\
\xcf\x92\xf4\xe0\xe0`\x18E\xc38\x8e\xb34\xd0\xde\x99\
\x9dS\xab\x1b\xebKKK\xc6\x98N\xb7{\x10E,\
,H\x8a\x14\x02\xe5\xae\x15\x0e\x92\xe1,h!\x22\x88\
,\xd2\xeb\xb5\xf7vo\x1c\x1e\x1c\x00\xa0\xf6=!b\
\x10\x14\xc1\x22\xf1on\xa7pUR\xac\xcd\xb2,\xc8\
k\xd8\xaarR\x8e<\x8f\x9c7\x07K\xbe\xfd\x17\x1e\
\xa9\x16D\xd7\xfc\x0b\x17/fIb\x1c9\x18'X\
\xc8\xdf\x896-H\xddvS\x9aZ\x8e\x8e\xda\xddn\
g{g\xe7\xde{\xce_y\xf7\xca\xa3\x0f=\xbc\xb2\
\xb4d\x98@\xb3\xd8\x91t\xb3l\x09P)\x9d$q\
\x96e\xddN\xf7\xb9\xef~ge{\xeb\xb3O|\xfe\
\x9b_\xfb\xbaeT\x9e\xa7\x14\x05Z\xe7\x1b6\xa2\xb8\
\xfc\xa2\xa4\xfe\xd7\x7f\xff\xbb\xf7\x9f\xbd\xf7\xf4\xd6\xfa\xee\
\xf5\xeb\x1e)\x83B\xcc\x80\x84.=\x0e\x8d\xebl\x95\
|l\xd5\x1a\xad\xef\x95\xa7huX\xaa\xdc\xe9\xf4\x95\
\xe7\x09\xf0\xe9L\xb03\x17Q\xf5\xb0\x05\x1d^\xd0\x81\
\x89\xae\xc2\xc2mbrN\xce\xea\xf9\xdd\x9f{\xfc\x91\
\x7f\xff\x04\xcb\x9f\x03\xc2\x0fR\xbbk{F>\xff\x97\
VVVWV\xaf\xf5\x07\x08\x8ee\xa1\xb2pP\xf5\
^\x13[\xe9<\xd86\xee\x94?&bJ\xc9\x98\x9b\
\xd6\x0b\xdf\xce\x05\xd7\x9c\xbeHu_\x9f),r\x13\
\xffD\xe5\x9d\xd2U\xd4\xf9@U\x9cL\xa1\xa2\xa1\xe2\
Xwr\xef\xd4\x5c\xec\x96F6\x97/\x12F\xdbF\
\x0e)\x0b\x16A\x8a\xf2\x8a \x05\xe3\x08Px\x11\x0a\
\x80dH\x08B\x0c\x998\x9f\x0e\x93\xa7\x8a\x04D\x17\
\xeb\x98c\x82<\x1d\x07\x22\x04\x0a1\xf0\x9a\xa1\xbf\xb5\
\xb2DD\x8a\xc8*]:\xbc\xbar\xd8i\x9a\xa5Y\
\xce\x1f\x1ak\xa28\x1aD\xc3$Nsw\xca8I\
\x93\xc4\x18\x9b$I\x9aDE\x81\xbc$I\x13\x93\x19\
>\x9e\xf4qu\xa5\x05JSn\xb1\xad\xa2\x14\x18&\
\xb7\xa9C>\xd4\xa5\x192\x1f\xcf\x9c\xd1\x94\xb2\x8e9\
W2\xb1@\xee\x13\xc40\xca\xc7\x22\xe0\x5cao\xbb\
93q\x0a\x99\xce\xb4\xd6\xcc\xec\x82!\x01\x81\x94R\
\xca\xd7Zk\xdfoj\xd2J)\xca+%\x92\xf3v\
%RZ{\x9e\x06\x05\x9e\xd6\xb5z}ei5\x0c\
k\xaa\xc8\x9f\x09\x00\xa3d\x80\x88T)\x1bP\xe2h\
\x1c\xf1gc\x1f&I\xb9)\xb2\x0e\xb0B\x92C\xe1\
\xbdY\x1a\xafG\xb7E(II\x1c\xe1\xaf\x92\xe7\x84\
2\x1e\xac<%\xc7\xd8%M\x0e\x95\x8eVW\x8b\x94\
\xa7O\xff6\x9a\x09S\xdf\xe6k3\x9f\xe7\xe3+\xcb\
Y\xcd\x8bS\xace@\xe9t;\xd6Z\xed\xf9\x22b\
\x99\xd1\xd7\x87\xfb{I\x12\x8b\xf0\xb9s\xe7\xeb\xcd\xa0\
s\x94\xd6\xebM\x97\xef\x01\x11\x19&\x93\xfb\x95\xd2`\
1\xf0;\xb6\x90D\x04q>\x07\xda\xf3ka\xe8\xca\
\x8181\xe5(\xb5K\xef\xbe\x9b\x99\x8c\x8a\xb2\x81J\
\xeb0\x0c\x15\xa9$\x1dYI\x88(M\xb3f\xad\x1e\
\xf5\xfb\x8f<\xfa\x103\xf7\x87&\x89\xa3~\xfb(\x89\
\x93\xe5\xe5e\xa7\xa1:\xe0\x91$\xc9\x85\x0b\x17VV\
V\xea\xf5\xfa\xe6\xc6\xa6\x08$\xc6\x0c\xa3a\xaf\xd3\xee\
\x1e\x1d\x19\x93\xe5\xa1\xb6\x88\x17\xdey7\xb1V\xa7i\
\xef\xb0\xad=/\xcd\x1dSI)eL\xba\xb5y\xe2\
\xcc\xd9s\x8e4\x03\x87C\x04H\xa9\x83\xfd\xc3'\x9e\
x\xe2\xc6\xcd=\xed\xd2\x8a\x12!\xa2\xb5\xb6^\xab\xfb\
\x9ewcww%Y\xf5\x03\x1f\x00\xc1\xf7\x14\x92\x10\
)D@\x14\x06\x06!\x0fu\x10\x12\xe0\xc5w\xdf}\
\xf6\xab\x7ft\xf1\xe2\x05\x11\xa8\xe6\x1esi6\xdd\xf8\
F\xd1 Ib\xb6N\x9a\xb1\xcbH\xea\xf2sV\xa6\
7\x82\xcb\xe3\x8a\xa0\xb4\x12\x04a\xf1\x94\x22\xed+\x0d\
i\x9a&I\xbc\x22\x90\x81\x88\x8b\xb0#\x02\x16\xedi\
\xce\x12$\xf2\xb4'\xc6\x8a\xa7\x01X\xd8YL\x10+\
\x82\xbb\x9c~\xd3&\xcb\xea\x8a+\xac\x9f\x80\xa8\x94R\
y\xb5\xa1\xaa\x83\x0c\x22\x13F\xd1\xf0\xe8\xf0h\xff`\
\xaf\xd3\xed\x88E\xdf\xf7\x1bK\xad\x9a\xcb\x1f\x1a\xd6<\
\xdf\xd7Z5Z\xad\x9dS\xa7>\xf2\xd8c\x0f=\xf4\
\xf0\xe6\xc6:\x16\xc5ws\x02\xea\x03\xe6\x1aZ\xd84\
\x99\x81\x85\x14\x15\xde%\xfc\xf6\xeb\xaf?\xfd\xf4SO\
|\xf1\xf3/\xbe\xf8\xe2\xfe\xcd\x03\xadu-\x08\xbc\xa0\
\x96d\xa9\xb6r\xfa\xf4\xa9\xf3\xf7\xdc\xb3\xb9\xb9\xe1{\
^\x9ad\xfd\xfe`\xaf\x7f#\x8e\xe3\xd4d*\xf07\
76N\x9f:\xd5j\xb68\xcb\xfa\xbd\xfe\xf5k\xd7\
\xac\xb5H\x9aP\x93r{Cn\xc9\x82\x02\x0dV\xbb\
\xe3\xb6\x03'\x03\xe38\xda?\xd8\xbf\xb9\xbb;\x8c#\
\xedi\xa5\xf4\xc8\xe4\xc4\xc0\x22D(E\xda\x81\xd2D\
Xb3\xad\xb5\xa7\xbd\xc2\x82W$B\x97\xd2\xa72\
7f\x10\x92\x00\x10a\x96$\xbb\xbb{\x060KR\
\xb1\x9cW=\x99\xa5zM\xebH\xa5I]@\xb4R\
i\x9c\xec\xed\xde\xdc9\xb9\xf3\xa1\x07\x1eX]Ym\
\xb4\x9aN\x01\xb2V\xc4\x0a\x08\xa0\x00\x1b\xcbV\xea\xf5\
:\x11dYfl\xa6}\xf5\xe43_\xee\x0f\xa3\xef\
\xbe\xf0b\x14G\xd6r\x9a\xc4b!\x1a&63\x9e\
\xf2]\x9d\x12\x17\xbd\xf0\xe4\xd3\xcf\xfe\xbd\xdf\xfc{\xe9\
p\xe0\x092\xb3\x90\xcbb\x9dW\x15r\xaa\x8c\x14i\
x\xa44\xd69\xe3\xe0BG\xca\xe3\xe0\x93\x99G.\
6\xf4\xdf\xf2\xfa\x8b\xef{\xcb\x8bWo1}\xd8b\
2\xf3\xb6T\xeb\xe3t`\x01\x02<\xa6\xc9\xf2\x96\xb7\
\xc69>\x11w\xd6\xfe\x1c\x10\xfe\x99k\xcc6\xf0\xf4\
\xf6\xf6\xce\xb5+Wr\xee\xa8hU\xcdu&\x117\
\x9f\x9d+\x80J\x85T\x9c$\xf4\xf2\x8a\xc9N>I\
\x11\xd17y\x91y(\xb4\xbc\xda\xb45\xcb\x19\x89\x11\
\x8bJYe\x99Z\xc8\xff\xc5\xf2\x13\xc0\xc4=g\xaf\
\xea\x02\xd0LY\x9f\x0b\xbdc\x14\xa8X^\xb20\xbe\
\xe5\x1e.Na)\x12\xaf\xa0\x15\x97\xcd\x1d&\xe5\x14\
\x22\x16\x1ah\x1e\xa6P\xf4\xb8p\xc1\xca3\xae\xba\xc0\
\x0arV?\x85\x80D\x1e\xa2\x1f*B\xedr\xf2\x11\
\xac+DP8\xd2\x94\x00@\xc42'\xae\x80\xbae\
kLY\x5c\xcfX\xce\x8b\xa7\x9b\xcc\x18kL\x96\xc4\
\xee\x8b4K\xd3\xccd\xae\xf2Df,\xbb\x0a\xf6R\
$\x04bf\x19U\xcf\xbb\x936\xe6'\x09\x8e\x0e\xca\
M\xf5DH\xa4\x149}M)\xed\x9cV=\xad\xb5\
\xf2\x94RZ+\xad=\xa5\x9c\x7f.(\xa5\xf3\xb4\x10\
\x00\xa4\x08\x91\xb4\x22\xcf\xf7|\xdfWD\x02\xa2\x94\xf2\
\xc3\xc0\xd3\x9e\xf6\x5c\x06@\xa5\x95\xf2H\x01),J\
fQan\xc88\x05Da6F\xd8\xe6\x8crA\
\x01\x8dMED\xe7\x88\x9b\xbf\xb9\x89\xedd\x02\x13\xba\
VMj?\xf6\x93sV\xca\xb3&\x15\xc7\x94;_\
\xc1\xd7\x8d\xf6\xc2\x8aq\x17\xb0p\xad\x94\xf2\x8c\xa2l\
\xdf\xb4\x96\x8cy\x15A\xf7\x18eW*\x1fG\xcb\xf0\
\x96\xefp\xc2\xd9{&\x81_\xfe\xcb bM\xaf\xdf\
u\x84\x8f\x8bJ\x02c\xaf]\xb9\x0a\x00b\xe1\xec\xb9\
\xb3\xe9p\x10\xf8!\x11\xe5\x86#\x11\x05j\xe2\xb2\x93\
\xc4\xe6\xdd\xed\x82\x05g \x96\xb9\x1e\x84\x9e\xa7Y\xf2\
\xfa\x90\x04\xc8(\x96\xed\xe5+W\x00\xf2\xe0cWi\
3\xf7\x93\xb7h\xaduA\xd1\x22LD\xbe\xd6\x00\xf0\
\xd1\x1fx|\xef\xc6\x0d\x93q\xa7st\xb0\x7f\x18\xc5\
1T\xf4\x83\x92'|\xf3\xcd7767\xea\xf5z\
\xe0\x07I\x9ct;\xed\x1b\xd7\xaf\xf5z]\xe7\xf3Y\
\x0fk\x8dz\xe3\xc6\xc1^\x18\x06\xbd\xf6Q\x9af\x9e\
\xe7\x99\xd4\x10\x91\x0e4\x22Zc\x1fx\xe0\x81\xa5V\
\xcb\x98\xd4\x99\xad\x18\x985u:\xed/}\xee\xf3\xd7\
w\xafk\xadA$\xc7\x8a\x22\xbe\xef\xaf\xad\xae\x12\xd2\
\xfe\xcd}c\xec\xca\xcar\xad^\x17\xcb\xa8@X\x84\
H\x00\x15Q\x18\xd6t\xe0_\xb9z\xe5\xdb\xdf\xfe\xf6\
\xab\xaf\xbe\x9e$)\x11\x01\xc8\x84`/y\xb98\x8e\
\x92$v\xb9FK\x15sr\x1f\xc9}\x01\x88]*\
&DaVD\x0c\xe8\xdc)\x934)&}nT\
\x12\x84\xd0\xf7{\xd1\xc0\xd3\xbeV:\xcf\xc2(b-\
W7\xac\x91}o\x161X\x9d\x9cXI\x7f\xea\xec\
?\x05\x999\xbaL\xaf\xd7;l\x1f\x1d\x1c\x1c\x984\
\x05\xe0\xc0\xf7}\x1d\xd6j\xf5F\xa3\xee\x855\x17\x06\
\xb8\xbe\xb9\xfe\xc8#\x0f\x7f\xf4\xf1\xc7\xcf\xdfs>\xf0\
\xfd|n\x0bO\xb2\xa2\x1f\x9cfYDD\x91RD\
@\x90\x9a\xe4\x95W^\xfe\xcaS_\xfe\xc2\x17\xbf\xf0\
\xf2\x8b/v\x8f\x8e@+\xed\x07~-\xb0\x99\xb1\x22\
;\xa7v\xee9w\xee\xe4\xc9\x93\xb5Z-\x89\xe38\
N\x0e\xf7\x8f\xba\x83^\x92$J\xe9\xf5\xf5\xb5\x9d\xed\
\x9d\xa5\x95e\x854\xe8\xf7w\xaf]\xcb2\xe32\xc6\
*Ty\xae\xa9\xe2]\x8f\xe6\x09aA#3\x02\x88\
\xb0\x83\xd8\x991\x9dNgoo\xaf\xd3n\xa3\xa0\xa7\
<\x17w\xec^&!\x81\xc0\xa8\x08\x96\x88K\xadd\
Jsb\xa1\x93Xk\xb5\xe7)\x22\x1c\x0f\x22\xcd\xc5\
\xa1\xb3\xa3\x89\x08\x82\xa7\xbd\xdd+\xd7\xbb\xfdA\x9a\x19\
BWZ\xf96\x18\xa1Q.%\x01\x11 \xa4\xeb\xd7\
\xae\x7f\xe4\xc3\x1fF\xa5N\x9f=\xe3vYq\xe1\x1e\
\xb9\x0a\x81 \xc2\x96\x8d5\x9a\x94\x8b\xf3\xaf7\x1bG\
GG\x17/\x5c\xb4\xd6\x18\x93\xa5i\x92\xa5I\x96\xa4\
\x03\xec3\xb3[)b\xd9W\xf4\x95?z\xcaZ\xfd\
\xc9O}\xea\xf0\xe8P\x13\x19aa`\x97FZ\xc6\
\x22\xc3\x01\xc0Z\x8bT\xb8\xe2\x08N\xefVU\xacu\
|\xbal\xb1\xff\x85\x8c\x0fx\xf9=\xcc\x81\x85\xd3\xde\
\x1f\xf3T\xcd\xe3tu\xfa\xd7y\xc0\xfe\x8e\x96\xce\xa2\
YqLX{\xf7\x1dxo\xdb\x9f*@\xf8\xfd3\
\xac\xdf\x83\xc7\xbc\xcb\xdd\xe7\xd4\xe9S/\xbc\x18\x984\
s\x9c\x94\xdb0](E\x91r}\x8cO\x9b\x86\x82\
\xf3\x16\xea\xf4O\x95\xef\xa10\x00\x96\xd5$r\x86\x01\
\xc65\xc8\xe3\x8c\xc0\xdc\xbb\x97n\x11\xa5z\xb1\xf8\x9a\
8*w1\xfa\xae\xbcl\xee\x16:bU\xc4\xedZ\
3z0:m\x1c*\x15\x99r\x9c\x96_\xb1gC\
\xa1+\xa3\x14Nz\x05\xedXlX\x05dG*\x1f\
\xd3\x8a\x18\x00t\xa6P\xcc=\x1f\xd9\xd5t\x17G\x09\
\xe5P\xcbAa\xc7\xe9\x11\xa1\xa7(\xd0a\xb3\xde\xd0\
J!),H?\xd7\x15\x97t\xa5R=\x9d\x999\
\xcb\x5c\x85u\x16\x11\x9bel\x99E\x8c\xc9r\xc6\xcf\
\xd5\xb8w\x01\x8al\xddDb\xc3\x02\xa8\x95\x12\xe1\x92\
\xfbr\x14\xb4Kn\x81\xb9\x1b\x18 \x92\xf34&\x22\
\xa5\x08\x00],\x0f\x22\xb9\xde9\xbdM\x91rvk\
\x05\x84\xceY\x8dP\x11\xb9\xf9\xa2\x94\x1a\x11\x06\x02D\
\xc8\xc2\x0ed\xbaLpI\x961\xdb\xb2,\xbc\x08\x00\
\x0b\xe6&\xda\xdc\x84\x91s\x96\xae\xa2\x86\x00\x80\xd2\x0a\
@\x95\xb5O\x8a_\xa76\xa1\xea\x86W\xa5\xb2]b\
R\x07!&v\xb8jA\xed\xf1\xebT\xe7\xdd(x\
\xa6\x92\x19}\xa4JU\xa7j>\xd9)\xd7\xc8\x1d\xad\
\xed\x18l,\x10\xe0hW.w\xd9\xf2~\xd5_\x8b\
'\x9a^5\xf3\xb6\xde\xe9g\xaf\xfe\xe4\x9c\xbeX\x04\
\x10\x87\xfd~\x12'\xaa\xc8\xda\xa2\x90\xbaG\x9dv\xa7\
\x0d\x02\xb5Z\xe3\xc4\x89\xcd\xc1\xb0\xef\xfb\xb5\xdcgU\
F3\x07\xc6\xc5\xdd\xc4-\x8e\xe3;4g\xdd\x8f\x80\
1\x02\xd4j5t^d\xeej\xcc\xca\xf7\xda\xc3\xfe\
\x8d\xbd\xbd\xf20\x97{\xc9\xbdS\xd71\xf7\xd9\x18[\
o4\x8cI\xfd\xb0\xbe\xbe\xb1\xf9\xee;oy\xbew\
\xb0\xb7;\x8c\x06\xe3~\xf7y?\x95R\x9dN\xe7\xc5\
\x17_<\xb5sjyiy0\xe8\xdf\xd8\xdd\xdd\xdb\
\xdb\xcb\xd8*\xa5Mf\xd6vVN\x9d\xdaNlr\
\xb0\x7f\xb3\xd7\xe9\x84a(\x22Zk\xad5\x912\xc6\
\xb4\x96\x96\x1f\xf8\xd0\x03\x88\xa2H\x0b2\x1b\x8b\x0a\x07\
\xc3\xe1W\x9e~\xe6\x9dK\xef\xba0\xb6\x9c\xd5\x14\xa9\
\xd5j\xcdf\xb3^\xaf\xfbE\xd3Zk\xa5\x89(\xcf\
Z\xa4\x94\x17\xf8\x9e\xe7\xed\xee\xee~\xe7\xdb\xcf\xbf\xf6\
\xdak\xc38\xceI\xb3\xa9\x07\xa8N]\xc7\xefY\x9b\
\x19f#\xe0\xab\xa2H\xc3\xf8\xaeQJ\xa3\x92\xa8\x09\
\x83\x10\x01\x93\xe1 \xaf\xeaR\xb8\x1b\xe4\x1e\x03\x08A\
\x10t\x8c\x84a\x8d\x08X,\x02\x88\xcd\xd3\xd7\xb8\x00\
\xf2\xf1\xd9VY\x1dS&s\xa5\x94\xef\xfbJ\xa9\x92\
\xa4ET\x05\x14\x01a\x19\x0c\x87\xd7\xaf_?::\
\x8a\x93\xd8\xf3=/\xf0j\xb5\x06\x91\xd2J\x05a\xe0\
{\xbe\xf6\xbd\x9d\x9d\x9dG\x1f}\xf4\x07~\xe0\x07\xb7\
O\x9cp\xd7-\xb5\xff\x0f\x22\x12,\xfdBU\x9e8\
'{\xfe\xb9o}\xf1s\x9f\xfb\xea\x1f>\xfb\xd2k\
\xaf\xf7\xfbCOk$\xe55Z\xc6f\xa4h}c\
\xe3\xf4\xe9\xd3\xf7\x9c=\xb7\xb4\xb4\x94&I\xb7\xdb\xdd\
\xdb\xdb\xeb\x0f\x06q\x14i\xcf[\xdfX\xdf\xda:\xb1\
\xb1\xb1A\x88\x83\xc1`\xff\xc6^fl.\xcf=\x1f\
\x8b\xa0\xe2\x11>)_\x17\xa2\x93\x0f\x08\x80\x0e\xf5\x03\
 Q\x96\xa5.\x8f\xf7\xe1\xe1a\x9a\xa6\x88\xae\xec-\
\x93\x003\x10\x89\x08\x09Qi^.\xaa\xf5\x88\xd6\x9a\
\x90F<a\x969\x92PDX)D\xf4<\x0f\xc6\
d\x85\x94.\xfb\xce\x01\xf9\xf2\xb5\xeb&3Y\x96i\
\xa08\x8e\x17\xe8\x0f\x13\x16\x871s6\xa20\x03\xc2\
\x8d\xdd\x1b\x87GG\xeb[\xebi\x9a\x16\x8b\x82\xf3`\
_\x04\x0bB\xcc\x83\xfe\x00\x01\x8d\xb1\x88Z\x04}/\
$\xa4a\x12s^\x8e\xc5\x95-u\x06L\x00\x00\x02\
HD\x14\xc0\xff\xfb\x7f\xfc\x9f\x7f\xe2S\x9fPh\xb3\
\xa2\x84T\x1e>.BH\xd52\x18n\xa5\xe7\x856\
*^'e\x9b\xa9\xb3M,\xa5\xdb\xc2\xc60\xbe5\
L\x13b\xd3\xa3:\x8f\x0c\x98\x86\x94\x00\x93\xda\xe6\x9d\
\xfdz\xc7\xc8\xf0n8\xbd\xbb\xb9\xce\xbc+\xbfW<\
\xe1\x9f\x1e@\xf8g\x04\x0d\xdee\x13\x17l\x04\xb0\xb6\
\xb1\xb1\xb6\xb2z\xe3\xc6\x0d\xc7\xb3\xd8\x22\xa1\x8c\xd3\xc7\
\x01\x11\x84\x04\xf8\x98\x8e\x85\xb7\xb8\xe98\x9b\xe6\xf0I\
\xa1\x879@s\xac\xbb\xcc\xb6`\x8d{\xc3\x8d\xc9\x9d\
2N\x00f\xf8\xcd\x8d\xaeS\xd6\xc1\x9b\xa5t\x16\xd2\
\xb3\xf4#\x9b\xbaK\xd5\x0d}\x96S\xfe\xe8x)>\
#T\x1d6\x04G\x10\x16\x8b;\x95\xf9,\x9d?%\
Vs\xa1TzB\x05#\xa98g\x98\x04\x00\x90\xc1\
\xd5b*\xba\xe3r\xa9\x02\x08\x22\x03\x98\x12\x06T\x87\
\xd7\xa9lX\x86\xcf#\x02\x82\xd6\xdaC\xcc# \x05\
\xcaB\x808\x92A\x85n\x069\x1d\x01H%\x0b\x85\
 \x80.z^\x0aO$\x93\x8fB\x9e\xe5;\xdf/\
&\xb4;7+\xd0m\xab ,\x8c\xaeV\xa40\x02\
\x8e\x873\x96[\xf0\x88\x94p\x9f5\x91Rd\xdc,\
.\x5c{]\xf7\x0a\xbf\xcf\xc9\x04\xe2@\x94sqP\
\x90i\x85s\x11(5\x01F\xca\xf9\xec\xdc\x8ai\xe4\
\xb0Yd\x07u\xe0\x7fd\x8f.\x91\x98\x94n\x9fR\
\xcd\x901b\xf0FNT\x05\xcdRz\x85\xde:\xe7\
\xdb\xd8\x9b\xc5\xe2\xbe\xf3\x0f;\x8e\xb9gz\xa7){\
RFtL;\x08 \x00\x17\x1c\xfe\xe1\xe1Qi\xb3\
q#\xbd{\xfdZf\xadX\xb9\xe7\xfc=\xadF\xfd\
(\x19h\xed\xc2kF\xcb\xca\xf1ic\xd7<^n\
\x83\xe96\xdbP\xed\xd6\x91\xd6\xb5z]JGw\x01\
\x01\xf0<\xef\xfa;\x17{\xbd\x1e\x15\xd1\x99e\xb9\x1d\
\x16a\x10\xb6\xd6%\xaa%\x22O\xeb\xee\xd1\xe1\xd9\xfb\
\x1fj\xd6\x83\x83\xa3\xb6\xb5r\xb4\xbfW\xedf\xa95\
\x8a\x881F)upp\xf8\xfak\xaf\xdfw\xef\xbd\
7n\xee]\xb9t\xb9\xd7\xeb+E&c\xdf\x0bO\
\xdfs6l\x84\xc3\xc1\xe0\xf0\xe0\xa0U\xaf\xa3RQ\
\x14\xb9\x94ND\x90\xa6|\xe6\xec\xd9\xf5\xb5U`&\
RV\xac\xd2\xba\xd3\xed>\xfb\xd43\xaf\xbf\xf6Z\x99\
\xe5\xcb=N\xadVk4\x1a\xf5Z\xdd}XZZ\
j5\x1a\xa1\x1f\xb8J\xeb\x9e\xef\x03@\x9c&o^\
\xb8\xf0\xdak\xaf^\xbat9M3\xb7\xe2\x0b/\xee\
\xd9\x83\xecr\x96Zk\xe38263\x96Y\xc6\x07\
\xb6\xcc2:r\xa7G@t\xd4\x8e\x17\xfa\xb9D\x02\
1\x99-g\xb7\x08\x93R,\xecy\xdaX\x0ek!\
\x12X\x8b\x04\x98dF\x0a\xc7\xe9*\xb1\x0d\x85Q\xa4\
\x04\xc0\x8e\x1b\x91\xa2\xc0\xa0C\x83\xae\xd0\x851&w\
\xb6@d\xe6\xa8?\xd8?\xd8\xdf\xbf\xb9/\x22A\x10\
4[K\xbe\xef\x87\x81\x1f\x86u\xcf\xf3-\xd8V\xab\
u\xff}\xf7}\xf4\xf1\x8f<\xf2\xd0C\xf5z\x13\x9c\
0\x02\xc1\xf1\x08\x8b\x0fD+\x8c3BE}\xc5,\
\xcb^~\xe5\xc5'>\xfb\x99\xaf|\xf9\x99W^~\
-\x89\xe2 \xf4A)\xedyi\x96\xfa\xbe:qr\
\xfb\xf4\x99\x9d\x9d\x9d\xedf\xbda\x8d\xe9\xf7\xfbo\xbf\
\xfdv\x7f0\xc8\xd2\x14\x89V\xd6V\xef\xb9\xf7\xde\x13\
[[\xbe\xd6Q\x14\x1d\xee\xef'Q\x0c\x88\xa8\x95\xf2\
4\xe4\xce\xecT\xf1h/V\x1f\x15{X\xe1\xc0Y\
t\x11,\xf3\xa0\xdf=::<:j\xc7q\xec\xa0\
\x1d\x8b\x14\xc5*\x11\x10YX,\x8b\x02R\xc2\xae\xa6\
ca\xdabk\x0b\x88W\xf1B\x15q$\xa1\xae\xd4\
\x17)\xf7\x0bU8\xe2k\xcf\xdf\xbb\xb9\x7fso\xdf\
X\xc3l\xfb\xc3\xbe1\xd9\xf8\x00\xce6\x8aMz|\
\x94R\x85\xa8\xdf\xef\xbfs\xf9\xd2\xfa\xc9M6\x16\x05\
\x5c\xaajg\xbb\x14\x16R\x14u\xfbG\x87\x07,\xac\
\x94\xae\xd5|\x00\xd8\xbbq\xa3\xd7\xeb13[\xd6Z\
\xa7Y\x06\x00\x84.\xa3\xaa\xa3\xeb\xad\xaf\xf5w^\xf9\
\xceK/\xbf\xf2\xcf\xfe\xcb\xff\xe2\xa8}\x13\x80\xac\xf3\
\x0b\x05\x95\xe3j\x970\x8f9_\x1fl\x09s\x97Q\
\x801\x0bxU\x9c\xce\xa3\xf2d\xce\xf1\xd3?\xc1\xc4\
\x1e9\x9f!\xac\x9e>}\xe2<p8\xb3\xcd\xec\xc6\
\xc4\x8b\x9b~_\xd3w\xbc\x9d\xa5t{\xd8\xf8\x96\xd7\
\xb9\xe3\xf6\xdeZ\xa3\xfe\x94\x00\xc2?\x83h\xf0\xcef\
$\xe6\xf2T\xc2 8\xb1u\xe2\xc6\xf5\xebD.\xbb\
6\xba\xa8\x1d\x22\xd2\x9e\x97%)\x164^\x81Tp\
Z\xdb[\xfc\xb9z\xd3*\xe4\x1b?\xa6Re\x1e@\
p,}\xdc\x02Y\x93\xcb\x91\x8a}x\xd6\x18\x8d\xed\
43\x8f\x942\x85\x0c\x94e\x10\x01\x00H\xf2>\x0b\
\x16\x85\x10\x85\xabj\xd6L\x9abz(&\xa4!W\
\xbc\xfe\xa6_\x1f\x0bW\xa3c\x9ca\xcd\x1dL8J\
\xa2]@\x14\x80\xc2'\x15\x00\xf2T\xec\xd5$\xaa\xa3\
\xf1\x07*\x22\x1bK\x00'\xe5\xe7\xea\x9b*tV\x22\
\x94\xb1\x80\xc0q\xf7\x12\xa9x\x9c\x14\x9e\x93#'\x9c\
\x91\x22\x08\xe3\xc7\xe4L\xe4\xf4Me\xdc\xf9\x10*\xff\
+\xdd#s\xbf,\xc8}M\x8b\x9d\x0d\xcb\x7fF\x93\
\x0d\xc5\xe1m\xeb\xb2\x9e*\xed\x14\x02w\x05(j[\
#b\x19\xcc8\x03\x1a\xe5!\xa9\x22 .\x7fF\xc1\
\xa8\xe5\xa9ksH_\x80\xf0R\xa3\xad\x90\xc1R\xe6\
*\x97\xa2\x98\x8b@q\x9d\xd2\xab\x19s\x1a7\xbf;\
\x8dT\xdd\xea\xf4X\xbc\xcc+NPx\x9c\xef'f\
\xe9\xf4\xe7\xc5mz\x17\x9fK\xda\x17\xe2#\x89\xa2\xde\
 \x22\xe5;u\xc4\x8a\xa4q|s\xef\x86\xa7\x83\xd4\
\xa6'wNfI\xec{!)DqE\xd2\xf31\
\x9c6\x03M,\xb7i\x85fz\x85N\x8ca\xc1\x82\
\x82\x93?\x22\xe8\xfb\xa1\xe7\xf9\xcez\xef\xd8ZA@\
\xc2\xab\xef\xbc\xc3n\xbe1#\x80\xcb\xed)\x22\x96\xad\
e\xb6l\x8d5\xd6Z$\xb2&\xcbX~\xe4G\x7f\
\xd8S6\xc9x\xd8\xeb\xb5\x8f\xda\x88\x94W?)\x18\
\xb3\xb2\xf3\xd6\xdaF\xad\xf6\xdc\xb7\xbeucw\xd7\xf3\
\xbd\x83\x83\x03\xe34?\xa2\x95\xd5\x95\xb3gN\x87\x81\
~\xe7\xc2\x85 \x08\xa24F\xa0 \x08\xdc30[\
D\xbc\xe7\xfcy\x8f<\x16\xd5\xe2\x83m\x00\x00\x80\x00\
IDATk\x81A \x8a\xa2?\xfa\xea\xd7^z\
\xe9\xa52\xd1.\x22\x86E\xf3}\xbf^\xab\xb5Z\xad\
f\xb3\xd9h4\x02\xdf\xf7\xb4\xf6\x83 I\xe3KW\
o\xbc\xf3\xce;\x17/\xbest\xd4\x11aW|O\
DX\x18\xe64\xc7\xea\x03\x80\xe3!\x93$\xc9\xd2L\
,\xa3\xb8\x91 G\xc8\x8c\xf0R)[\x11\x00Q#\
Z\x9b\x91\xef\xb9P;\xd2d,c^\x80\x93\xd8Z\
\x22\x04\x11O\x93\xb1\xa6\xe67\x10\x14\x13\x22J\x929\
\x1f\x04\x90\xa2N.\x8c\xfbb\x94\xf3\x01\x8b\xa0A\xa5\
\x94ct+\x89d\xc8Zk\x85\x87\x83\xe8\xf0\xf0`\
\xff\xe6^\x1cEZ\xebV\xab\xb5\xb4\xbc\x12\x84\xf5\xb0\
V\x07BE\xb8\xb6\xbe\xfe\xc8C\x1f\xfa\xe8G?z\
\xee\xec9\xad\xd4\xe8\xfa\x05\xfc\xf8\xa04\x01p\xd9\x9b\
I\x91\xdbG\x924y\xfd\xb5W\xbe\xf0\x85/>\xf5\
\xa5/\xbd\xf6\xf2K\xbd\xc1\xc0\x0fkA\x10\xe8\xc0\x1f\
\xc4\x89Rjcs\xe3\xd4\xa9\xd3\xa7vv\xd6\xd7\xd7\
A\xa4\xd7\xef_\xbdz\xb5\xd7\xeb\xa5i*\x80\xcdV\
\xeb\xcc\x99s\x9b\x1b\x1b\xadF3I\xd3^\xa7?\x18\
\xf4\xdc\xc4 \xcf\x872\xd2\xa1\xc0e\xd5\xc9\x80e\x1e\
\xa0\xaa)X\x04\x102k\xa3(j\xb7\x8f\x0e\x0f\x8f\
\x06\x83\xc1\x98\xa3\xbe\x88\xab\xcf\x22\x854CD\x86\x0c\
x\x14U\xeb\xfe\xb5\x02\x8c\xec\x22\x08\x00Y\xac\x80\x22\
\xf4\xb4qN/Z;\xc2P)EH\xb9\x00&B\
\x10\x8b\x90\x1ay\xf3\xcd\xb7\x87q\x9cf\x09gY\x96\
&\xb3\xc7s\xca\x99\x02*\x98\xb0\xd8\xdf\xf3)j\xd9\
^|\xfb\xc2#\x8f>\x1az\xbe5F\x18\x0a\x1f\x04\
T\x82\x22`\xd2T\x11(O\xf9\x9e\xaf\xb5\x8e\xe2(\
\xf0\x83\xc0\xf7m\x9a9\x00L\x84\xcc\x86\xc5\x9a,\x05\
f\x004\xc0>\xc0\x7f\xfb/\xff\xbb\x8f\xff\xe8_\xdc\
X^9\xb8\xb1\x8b\xe83\xd8<\xf9\x98\xe4\xd6\xce|\
\x13+\x8c\xbb\x02<\xb2Q\xce\xf1\x04Y\xfcg\xb5\x95\
\x16\xc0\x09\xa47\xf3\x94\x05;\xcb4T\x9bg\x94\x9c\
\xa9\xf1N\xf8\xa7@1\xec\xf3\xcc\x973\x91g\xf5\xfa\
3\xd9H\x98\xd2\x82\x16\xf7\xea8m\xde\x05\xffd\xdb\
\x07\x12\x10\xfe\x19\x84\x7f\x0b\xda\x9d\x90\xd1\x22\x0aq{\
g\xfb\xa5\x97^d\xe6\xa2PY^\xdf\x89\x88\xb4\xa7\
\xb3\xd4\xd9\xc6\x8a\x00\xb69w\xb9\xa5B9A\x0fN\
|?\xd9I\x81yl\xe1\xec\x8b\xc3\x88\x03\xab\xfaa\
\xce=\xb1p\xa0\x1b\xff~T7 \x0f\x06\xab&\xc9\
\x80\x91z>STM\x08\xc1\x99\xc6\xa7y\x9f\xc7\xe8\
))\x1cRg\xbd\xca1\xc9+\xb9\xa4\x1f\xc5,N\
\x9d\x019)\x96\xab.T\xf1\x11\xc9\x11'\x95\xbcg\
nr\x07\x18e a[ <\x00tN\x8f\x0e\x1d\
\x13\x09\xb3\x14\x98\x10*\xd4l\x15\x0f\xe5~\x92EI\
:\x11q\xce.\x02\x80\xa0\xaa\x11w\x05\x94\x1c\xbdI\
\x00p\xc9-\x8aA\x01\x87\xc1\x98\x85\xa8\x8c\xa6\x03\x97\
\xb9\x81\x8br#Usp\xe5\xbd\x09\x8b\xb0\xab\xcc@\
.7\xa9\x80\xb0#\xc9-[\xa8d\xdd\x5c\xb4\x8e*\
\xd4\x07\x96~\x86U\xa0UP\x94%\x04\x1a\x0dN\xf9\
\xe51\x84\x7f\x15\xfe-^M3P\xfa\xf8\x84\x9c7\
?g^\xed\x98m\xde\x0e]\xed\xf0\xd4\x1a\x11\x97\xa6\
\xa5\xd3\xe9\x18\x93\x85\x9e\x0f,\xc6Z\xd0\xd4>:r\
\x05\xbeZKK[[\xeb\xcc\xacu\x80\x04\x22\xc0\xc2\
\x04(B\x0e\xa0U/8\xcf\xd6[}\xf0\xea\xbf\xf3\
\xb8\xc4\xf1_%\x08\x02W*:_\x0b\xccJ\xeb(\
\x8a\x5c\x88\xa3kJk\xcf\xf3\xa4t>\xb6,\xd6\xcd\
\xd4Qn\xaas\xf7\xdes\xfd\xfa^\xb3V{\xe7\xad\
\xd7\xd34CR3o\xedH\xc5$I\x5c\x8eMW\
Q3O\x80\xe1\xe9\xa5V\xe3\xec\xce\xce\xd3\xcf<=\
\x1c&++\xcbG\x87\x07\xcdf\xad|R\x93e\xcb\
Kk;\xdb\xdb\xe5TK\xb2\xf4\x1b_\xff\xc6w\xbf\
\xf3\x9d\xb26\xac\xd6\xba\xd1h\xb8,\x8b\xbe\xef{\x9e\
W\xab\xd5\x5c\xad<\x04\xcc\x98\xa3nw\xff\xed\x0bo\
_|\xfb\xea\xb5\xabi\x9aQ^\xc1\x85\x5c\x01\x98\x05\
\xf33\xdf*\x88\x94R\xce\x97\xcfeo2\xc60\x8b\
\x90\xb8\xf1qIh\x1c2\xcc\xb3s\x01\x80\x00\x01(\
R\xc6@XkB\x91\x02\xd1\x98\xacx#\x22\x22\xa8\
\x14\x02(@k\x8c\xef\xfbH\x08\x16D\xc09|.\
\x9e\xa2\xd5W\xef\xd0\xa0\x1b\x90\x12\x0d\x02`\x92$\xbb\
\xbb\xd7\xf7\xf7\xf7\xa3h\xa8\xb5\xb7\xb4\xbc\x12\x86a\x18\
\xd6[KK\xda\xf7\xc2Zm{g\xfb\xb1G\x1e}\
\xec\xb1\xc7Nll\xbaI2\x8a\x0d\xfb@\xb5j\xbe\
P\x00H\x93\xe1w\xbf\xfd\xdc\xd3O?\xfd\xd4\xd3\xcf\
\xbc\xf9\xe6\x9b\x9d^W+\xed{APk\xc4I\x9c\
Z\xb3\xb2\xb2\xf2\xf0#\x8f\x9c9}zumMD\
z\xdd\xde\x95\xcb\x97\xbb\xddn\x1c\xc7J\xabZ\xad\xbe\
\xbd\xbd\xbd\xbe\xbe\xd1j.\x19k\xa2\xc1p\xb7}-\
cKZ)\xed\x17\x9a4\xc0h#v\xe8]\xc62\
'\x8f\xe8]\x11D@\x10\xe6\xccd\x83\xc1\xa0\xd3\xe9\
t:\x9d\xc1`\xe0\xe6\x15L\xe0\x0dW4\x93+f\
[\x04AT\xce}\xa5\x08xQZi\xa5I\xd8\xcf\
+\xb8Zb\xd2\x22\x84\xc8\x84l\x8cx>\xb0\x88\x16\
\x17a\x0e\x80\xe4+\xdf\xf7\x09\xf1\xc2[\x17.]\xb9\
b\xc4\xa6q\x1c\x0d\x06\x8a\x94\xef\xfb\xce\xd5\xb3:\xbb\
\xaam\xde\xee\x9f;E0\x13\xd1\xfe\xfe\xfe\xd5K\x97\
\xef{\xe0\xfe\xd4\x1a*\xf2.#\xb0\x15\x0b\xcc\x83(\
^\xdd\xda\x0aV\x96\xd8\xd8,\xc9\xd6WW\xee=\x7f\
\xef\xea\xeaj\x96en\x04\x8c\xb5\xcc<\x1c\x0e5*\
\x04d\x01_\xf9_\xfd\xc6\xd3O~\xf1\x99\xcf\xfc\xde\
g:\xed#+\x02`\xd8y\x01Y+H \xc2E\
\xd0\xec\xc4\x961Ak\xcf\xdc,\xa6\x9f\xb1:\x02\xa5\
\x1c\x9e)`\x8f\x8f\x09gb\xbf\xdb\x02\x93\xd5\x03\x16\
3\x8a\xd3\xdb\xd3t\x1f\x8e\xf3\xc8\xf3\xa6\xc1\xe2+/\
\x00\x99\xd5\xe3\xe1\x8e\xda<\xf6\xf5\x96m\xe6\x1d?x\
\x80\xf0\xcf\xd1\xe0]\xb6r\x007\xb6\xb6\x1a\xadF\xe7\
\xa8\xe3\x00a\x19\xe4\x8d\x88\x8a\x14xn#\xb4Uv\
oz\xf1\xcf\xc6u\xf3\x1a\x16\x19<\xdd_\x13\xabq\
\xbe_{\x99.\x7fr\xd5\x95\x16F\x9c}\xd6\xe4]\
f\xeb\xe59\x13Z\xa2\xd11\xc9rGc;\xef\x9b\
i\x02g\xec\xc3\xac\x9b\xcd\x93ee\xf0D\xf5\xa2\x85\
t\x18\xbd1\xf7\xb1\xc8\x0f\x08\x00y\x82\x06\x87\xa5\xf2\
\x81-\x1d\x12\xab\xb4b\xce\x88\x22XS\xc2\x1f\xc8w\
\xe8\x22\x18\xc8!\xbd\x02x\x22\x96\xea\xb4+\xf9Xd\
\x90#tJ!\x14~\xbc\x98\xd3\x9e\x08\x00\x9cw@\
*~\xbd\xc0%]\xec\xfa%\x02\x80\xb6\x84[\xc5\x05\
\xcb/\xa4<\xbbZ\xf3=/\xa9\xccJ+\x02@T\
\x00N\xa1(U\xf8\x9cK,\xd8\x86\x19#?1\xfe\
\x0b@\x91TKe\x8e\xf0\xe1\xd8\x02\x99 \xa9n9\
\x85\xe6\xd9 `\xa1$\x9c\xb7N'f\xd4\xdd\xb4\x89\
\x85?q\x8b1k\x0b\x003w{=\xc7,\x09\xb3\
\xb1\x16\x14\xde\xdc\xdbc\xe64\xcb\xce\x9f?_\xab\x05\
&\xb6DZ\xc0\x00 A^\xe4\xc5\xe9\xe10g\x87\
\x9e9\x92\xb7|\xba\xca\xf1X\xccD\x0c\xc3\x10\x0a-\
\xce\x1d\xa6\xb4\xde\xdb\xbd\xde9jc\x11\x05\xeaX\x88\
<\xd4VF\xf3\xc8\xb1jl\xd9\x0f\x1bKK\xcd\xbd\
\xabW\x15\xd1\xe1\xfeMB\x98`\xd9\xca\xbe9?\xc6\
n\xaf\xb7\xdcZZ[[\xdd\xdf?0\xc6\x10\x91\xe7\
y\x9e\xe7\x9f\xda9\xbb{\xed\xc6K/\xbc\xd4l\xb6\
\xac\xe1\xe5\xe5e\xb7\xa0DD\x11\xb1\xb5\x0f>\xf8\xc0\
\xe6\xc6&\x88\x05\xc0,I\xbe\xf3\xdc\xb7\xbf\xf6\xc7_\
c\x14\xdf\xf3\x11\xd1\xf7\xfdV\xab\x95\xd3 D\x0e\x13\
\x22\x91\xb56\xcd\xd2\xb4\x9d\x1e\xb6\x8f._\xbe\xbc\x7f\
\xf3\xa6ev\xe9u\x99m\xb5\x82\xcb\xe2Ve{\x10\
\xd0\xc1\xda,\xcb\xac5.+o\x09\x9f\xf2n\x17\x8b\
\x98\x00\x5c\x22ek\xa1\xd1hb\x8e\x07\xc0\x18S.\
\x0fR\xca\xb8\x22\xa4\x96ADi\x8d\x88ZiD0\
Y\xa6\xfc\xe0\x96&\xf9\x12\xfb\x05AP\x86(#\x22\
)e\x8d98\xd8\xbfv\xf5Z\xb7\xdbVJ\xb5\x9a\
\xcd\xb0V\xaf\xd5\xeb\xb5Z\xdd\xf7\x83F\xa3q\xcf\xfd\
\xf7\xfc\xe0\x0f|\xf4\xb1\x87\x1e\xa9\xd5\x1a\xd5I\xfeA\
\x82\x82\x22\xcc\x220\xc2\x81I\x96~\xf7\xe5\xef>\xfb\
\xc5/=\xf1\xf9/\xbc\xfe\xda\xebq\x7f\x00\x9eF\xad\
\x95\xf6\x85AP\xaf\xac\xb4\xb6\xb7On\xefl/\xb7\
\x96|\xd2\x83\xe1\xe0\xca\xe5+\xddng\x18\xc7\xa8\xb0\
^o\x9c9\x7f\xcf\xe6\xeaz\xbdQ\x07\x818N\xf6\
o\xeegi\x02D\xa8H+\x0f\x11\xb9\xe0\xda\x00\xaa\
\x8c\xcdH\xa3\xa8\x0aW\xb7v\x10\xc1\xb2M\xd2t\xd0\
\x1f\xb4;\xedN\xa7\x13\x0f\xa3$I\xa6!V\x0ec\
\x10]\xb8\xa3K\x05\x96\xaf\xca\x91\xd7}N\xcaeY\
\xe6|\x9e#\x80z\xad\xae\x94\xf2\xd03\xd6h$%\
\xe42\xc0\x8a\x88ak\x81\x01 3\xb6\xdd\xe9\xf6\xfb\
\xfd8M\xdez\xf3\xad8\x89\x87\xfd\x81\xc9\x12pn\
\xad2)\xe8f\x8dw.\x8d\x9d\x11\xa44F8W\
,\x222\x99y\xfb\xed\xb7O\x9f=\x83\x84\xce\xcb\x9a\
X\x10$\x03\xab\x00\x04dmk\xeb\xb7\xff\xe1\x7f\xdc\
j4\xbf\xfc\x95g93\xc3^\x7f\x18'\x00\xc0\xd6\
Zk\xc5\xb216\xcb\x8c\x8b\x01f\xb1\x80\xea\x9f\xff\
\x1f\xff\xab\x9f\xfb\xa9\x9f\xb9\xef\xfc\xe9\xdd\xdd\xebJ)\
\x0bV\x10=\x22\x10`\xe4\xd2w\x1a\x00\xf2x\x91\xa2\
\x95ks\xa6mq\x9am\x9bXk\x13 \xa7\xba\xe8\
&\x06\xa4\xda\xaa\x84j\xf5\xb0;[V\x0b\xde\x88L\
9\x8fLw{\xf1\xa5\xa6\x1f\xea\xce\xf6\xca\x99\xfb\xf5\
\xe2Yt7\x98\x10\xe0\xce!e\xb5}\xc0\x00\xe11\
\xdf\xcd1\x91\xf7\xf7'i{g\x83p\x0bfl|\
r#\x22\x8b\xb4\x9aK\x1bk[\x9d\xc3\x8e\x00\x00!\
\xd8\x91\xf8f\x04T\xa4=m\x12;\xefv3g\xe1\
l\xfb\x90\x8c\x01\x0d\x987\xf2\x95\xc3\xf2\x5cX\x88\x95\
\x8c\x99(2\xf2\x11\x9d\xecO\x05\xb3V\xa8\xa2\xa9\xa3\
\x8b\xbb\x8f\x8d\xd2$\x16*\xf8\xb7\xa9\xf1\xac>u\xf5\
\x11f\xaa\xc2U81\xf3\xc8[\xb6\xd2J:\xfd\x12\
\xc7.;~\xd19Tj\x85o\x83\x82\xf3\x14\x18\x91\
u\x223\xf3PW\xb0\x0d@%j\xae\xe42\x9d\xce\
\x0e#\x0eL\x5c\xed\xbb\xfc.\x08\x84\xe4\x127\xe6\xdd\
.\xee\x8e\x88\x96\xa5,\x94\x840\xa64\xe4\xcf.\x95\
\x8b\x1784\x1f\x81\x22\x13L\x958\x9dx\xeb\xc5O\
\xc2\xd6B\xa1\x1eU\xfd\xcdFs\xb5\x9c\x96\xe3\xf9\x8d\
\xdc\x1e_\x1a\xb9\x17\xb0\xbe\xe5\x1b)Y\xdf\x99#Y\
\x9dE\xa5\xf6p\xcb\x19r\x1c\x90s\xfcyu\xf7;\
\xdc\xc4\x973@,\xe6\x95\x06\x18\x04\x09\xa3\xfe\xa0\xdf\
\x1b\xb8 =\xcbF\x10\xe2\xde\xf0\xe0\xf0&\x83 \xaa\
sgN#h\xe5\x11\x0a\x82h\xe7\xac\xeb W\x19\
@8\x02\xed\x05\xa3>\xb1\x0af\xae\xb51d>\xfd\
:$\x07+.UL\x1es+\xc4 \xc4\xac\x09n\
\xee^\x8f\xd3\x84\x88\xdc\xc9\x8ekrY\x94\xdc\xac0\
\xd6\x22!1(\xa48\x89O\x9d9{ru\xe9\xb5\
\xef|;\xf4W\xf7\xf7\x0f\x814\x14@nZ\xc1r\
\xa5OV7\xd6AI\xbf\xdf\xb3\xd6\x86a( A\
X\xdbX[y\xee[\xdfL\xb3,\xd4~X\x0b\x85\
\xb9\xdf\xef\xe7w\x17V^p\xff}\xf7\x86\xbeNS\
\x899\xfe\xce\x0b\xdf}\xf6\xd9?d\x960\x0c\x11 \
\x0c\xc2V\xabEJ9\xda$\x07\xab\xcc.v\xae7\
\xe8\xef\xef\xef\xdf\xbcy\xd3e\xcb \x22\x116\xc6V\
\x87e\xc1\xf4(\xa7\xb7\xb5V\x111\x11\x00F\xc3A\
\x96%l2\xb1\x16tN\xa6\x95$!(\x02\x11\x04\
\x06\x04\xeb8!\x14\x01K$\x84\xe4{A\x9a\xa5l\
\x8d\xf3:\x17`\x22\xe0\xd4*\xe5\xb9\xdcfZ\xa1\xcb\
\x07jM\xc6l}oTWs\xc2VR\xbe\xf7*\
\x1at\xcb\xd6\xc1\xc2n\xb7\xbb\xbb{\xed\xe0\xe6\x9e\x08\
\xd7\x9a\xf50\xa8-7\x97k\xf5\x00\x90\x9a\xad\xa5G\
\x1fy\xf8\x87~\xe8\x07\x1f|\xf0A\xcf\x0b\xa6\xaf\xf9\
}\xdfrbV\xc0\xcd+\x04\x00c\xd2\xe7\xbf\xf3\xdc\
\x17\x9e\xf8\xdc3\xcf<\xfd\xc2\xab\xaf\x0e\x061)\xad\
\x15\xa1\xd2\x88*\x08\xc2\x8d\xf5\xf5\x9d\x9d\x9d\xad\xad\xad\
V\xb3\xa1\x08Ml\xda\x87\x9d\xc3\xa3\xc3\xc1`\x88D\
\xb5V\xe3\xcc\x89\x93[\x9b\x9b\x8dF\x03\x11\xb3(\xe9\
u\xfai\x96:\xef\x0c\xe5{\xf9\x8d\xc7\xca\xdcH\x1e\
1\x88\x85\xe7\xbf\x8b\xafF&@\xb1y\xa4\xa80[\
\xe1(\x89\xbb\xddn\xa7\xd3\xe9\xf7\xfbQ\x1cgi\xca\
\xc6\xd5\xe6\x13M\xca\xf7\xf2\xa6\x8bV\xf2\xd2\xa4\x88\x5c\
Q\x93\xa2V\xc4\xc8\x93\xc5%?c\xcb\xcc\xd7\xae]\
{\xee;\xdf\xf6<od\x16\xf1<\xcf\xf7\x94r\x1e\
\xd1\x90\xc4I\x96eq\x12\xc7Q\x9c\x07+\x22\x12!\
\xdb<\x8bUf\x0d\xb2\x9d\x9e\x03\xf3f\xc5dq<\
gM\x15\xd6J_\xb9r\xe5\xc6\xf5\xddS\xa7N\x0d\
\x92D@D\x98\xc4%_\x83h\xd8\xff\x99\x9f\xfc\xd4\
\xcf\xfc\xe4O\x1b#\xf7\x9e\xfb\xd0g\xbf\xf0\x99\x97\x9e\
\xff\xb6\xe7\x05\x22b\x99A\xf2\x94\xde\xc6\xf2\xce\xa93\
H\xa8@\xfd\xee\xff\xfa\xff\xfd\xd6w^\xfc\xaf\xffO\
\xff\x97n\xfb\xd000\xb0\xb3\xa4\xb8\x02\x98\xa5\x84\x04\
.\xb7\xad\xb9\x93f\x9e\x85zq\x9bF\x83\x0b\x0c\xdf\
U\x89}L\x95{\xfa\x82\x8b\x99\xbd\x99d#\x8c\xcb\
\xdby\xd7\x99y\xd8\x82\x83o9J\xb7\xb4\x1d\xcc;\
\xecv\xf7\xe5y\xbd=\xa6\xd4\x9ay\xbb\x0f\x12 \x5c\
<E\xe6\xfd\xf4\x1e*Rw\xd3\xf3\xe3\xbc\xa4\xdb\xdd\
\x84\x8e\xc3\x14\xcf\x9d\xc4\xc2\x8a\xd4\xd6\xd6\xe6\x85\x8bo\
\x89\xc9%`n\x8dCdg\xdcE\xd4Z\xe7\xc5\xdc\
\x16\x8e\xdb\xe2w\x81\xb3\xd8\xaf\x99\xd7\xac(\xe8\xa5+\
\xe8XL\xe1\x1d\x8f\xff\xe8\xf3\xc2_\xe7\xd2q\xe3G\
.8f&\xa1t|989\x0e\xe3\xda\xe4\xbc\x0e\
\xcc\xf3I\x98\xd9\xf9i92a\x14,c\x90\xaa\xa2\
\xbc\xfaeyb\xd5\x12Y\xdaG\x99\x0d\x91\xcaA\x94\
\xab \x8f\x00%\x12\x9c\xd0\xe0y\xae\xcc-\xe0\xee\xd8\
\x80\x8cF\xa3\xd2\x81\x99\xe3?\xd1\x9c~Iy\x0c\xd2\
-\x00[y\x9d\x12\x8d\xcf\xd3>\xa7\xdf\xcb\x84\xc9`\
z\xa3\x9ai;\x9c\xb7\xbdM\x1b\x05\x16\xb7\x05{\xfc\
\x849\x03nG\xd4\x1c_\xd8\x96 \x1c\x5c\xe6\x15a\
 \xecv{\xa3\x19\x05\xe8yj\x7fo/M3R\
To\xd5766P\xc0\xa9\xb1\x92\x9b\x0e\x04\x8b\x8f\
\xe5\xf8L\x0fr\xf5Cu\x09L|\x9e\xd9m\xa7\xaa\
:\x86\xdc%\xde\x94\xa2z\x17\x82\x15\x00\x06\xbc~\xfd\
z\xf5\x942v\xae\x9cQi\x96\xfa\xdaC@\x22J\
\xb3\xec\xfe\x07\x1f\xf4\x08C\x15\x0c\x06\xfdn\xb7GH\
Vl\xc9/U{\xc2\xcci\x9a\x22\xe0\xca\xca\x0a\xb3\
\x8d\xe2\xd8-\x1fOy\x9b\x1bk7n\xec\xbe\xf1\xd6\
[\x9e\x1f\x04\x81/\xcc\xc6\x18\x971\x17\x11\x99\xed\xea\
\xf2\xca\xe6\xc6\x86\xb1\xc6\x0a\xbf\xf6\xeak_~\xe6\xcb\
Y\x96\xd5\xebu\x00\xa8\xd7\xea\x8dF\x1d\x8b\x9c\x19n\
|\xdc\xaa\xb4\xd6v\xbb\xdd\x9b7ov:\x1dqu\
Vf\xcd\xab\xe3l\x88\x0e\xf0;RTD\x92$5\
\x99\xc9\xd2\xd4di\x10\x04(\xae\xa8h1\xc7\x98\xd1\
\x85M!\xb2\x80F$\xc2LX\x11\x11\xa1c\x14\x9d\
\x06\xef\x009\x01\xa2\x80\xd2:\xb3Vi\xa5\xb5\xd6J\
Y@\x93\xa6\xae\x12\xf7\xccW\x09\x15\x1e\xaf\x8c\x1bt\
\xdf\xb8\xc2\x8f7n\xdc\xd8?\xd8\x1f\x0e\x87J\xe9F\
\xadV\xaf7\x1b\xcdF\xcd\x0bt\xa3\xfe\xa1\x0f=\xf8\
\xc9O\xfc\xd8\xfd\xf7>@\xa4\xc59\xc5\x149H\xbf\
\xff[)\xa3\x5c~f\x00\x88\x86\xbdW_}\xf9\x0b\
O~\xe9\x8b\x9f\xff\xc2\x0b/\xbc<\x18D\x9a\x84\xb4\
\xefr\x81\xd5[\xad\xed\x13'v\xb6w\xb6\xb66\x1b\
\xcd&\x01&Q\xdc><\xeat\xda\xc3\xde0c\xf6\
\x9b\xb5\x9d\xf3gw\xb6N\xb4\x1a-\x00I\xd2\xb4\xdf\
\xedeYf\xdd\xdbQD\x02e\xee\xee2\xbd\xd9\xa8\
F+\xe4\xd1\x9b\xa3\x94\xa2\x05:\x12\x04fk\x8c\x8d\
\xe3\xa8\xdb\xef\xb7;\xed^\xaf\x97$\x89)\xfc\x8d\x11\
\xd1\xf7<\xdf\xf7C?(\x81\x5c\x95\x9e\x15\x11c\x0c\
0\xa21\x00e\xf88@U{!r1/g\xce\
\x9cy\xf7\xf2\xe5\xbd\x1b7<\xcfs\xee\x97\xf3Zu\
y:4\x08\xb3\xc4\xf5L\x91R\xe5\xd6\xb0HW\x03\
\x13\xbb\x09B\x1c\xc7\xaf\xbf\xfe\xfa\xc6\xc6\x86\xb0\x08\x0a\
\x82\x18\xb6\x9a\xd4p8\xdc\xdc\xd8\xfc\x8d_\xfb\x9b\xcd\
\xa0\x96*6K\xe6\xc4\xe6\xc6\x9bAHJ\x1bc\x89\
95Y\x9c$\xd6f\xf1`x\xf6\xf4Y\x00\xb8v\
\xed\xca\x7f\xf6\x8f\xfe\xe9\xa7\xff\xf2_>u\xef\x99\xbd\
\x1b7\xb4\xf6\x8d-\x80h\x8e\xc4\x0bg\xd1\xd2E\xa5\
H\xe1;\xb1w\xcf\x04r2\xd3\xa6?\xfe\xb0\x93\xe6\
\xd4\xf9\x93\xf38\x80s\xe6a\x0b\xf0\xd2\x84\xc9u\xc1\
v6M\xf1\xdd\xb2\xcf\xc7o\x0bH\xd4cj\xfb\xef\
\xa1\x90\xb9\xa5M\xf9\x98\xed\x03\x03\x08\x8f\xbbQ\xdd\xc5\
1\xef\x09\xc2>\xce\xc1\x8b'\xe5-U\xd5\xe3\xb7i\
\xcdr\xf4\x930\x80ZY[\xf6}\xcf\xd5\x1a\x18\x09\
\xb2\xf10\x0c\x11q\xf2tZ!;\xfe\xa3-\x1e\xa9\
i\x0b\xfa\xa8\xdb\xf33\x90\xce%\x07\xc6\xe3\x09\xc7\xbb\
:?\x94\xab8n\xe6\xf8O\x0c~UhN\xc3\xf2\
\x99\xe2\xe98V\xa5\x12\x80\xb9\xd7\xb1\x00vN\x8c\xf6\
\x84Z<q\xcd\xe3\x8f\xbc\xfb\xec\x8aYO\xbc\xe2\x99\
)\x85\xca~\x8e\xf7yL\x13-\x92\x82:\xd6\x88\x8b\
\x18\x93\xb1\xbbOL\x9b\x89\x88\x9d\xb1\xc99\xde\xaa$\
[Y\x0c\xa0<wb:\xb9\xd4\x8e4\xae.\xcf\xc3\
l\x8bg\xf5L\x1c2s\x1a\xcf\xc4\x87\x0b$@\xd9\
\xab\xe9\x9eLo9\xc7\xb4e\x1c\x07\x9a\xdeY\x9bm\
\xb6p\xebOr66M\xb3v\xbb\xedy\xf9^c\
Y4\xc0\xfe\xde\x0d$\x95e\xe9\xf9{\xb6\x9b\xcd\xa6\
5\x16\x89\x84\x80X\xa0(2\xed\xf8\xe1\x89\x11\x9b~\
\xe4i\xcd\x00\xa6\xb4\x9f\xeap\x95do>O\x84\x83\
  D+\x9c\xeb\xael\x94\xf6\x07qvso\xaf\
8+\xcfWY\xban\xbae\x22,\x991\x9a\x94{\
3['N\xec\xef^_m\xad]\xd9}\xcd\x18\xa3\
\xb4\x9a\xb9\xc4J\x92M{>\x00\xf4{=km\x18\
\x84I\x9a b\x96\xa5\xaf\xbe\xf6\xaa\x90^ZY\x01\
\xe64M\xadu\x19\x04E)\x95&\xe6\xc4\xd6V\xb3\
\xde\xc8\x8cy\xed\x8d7\x9e~\xea\xa98\x8a\xc2ZM\
\x11\x85\xb5Z\xbdQ/\xef\xe5B\xf8\xcae\xd2\xe9t\
n\xde\xbc9\x1c\x0e\x0bbP\xee\xe0\xed\x8f&\x92\x08\
\x02\x1a\xb6\x08\x90$I\x1cG\x9c\x19\x13\xa7\xc6\x8b\x95\
\xa282V\xc8\x81F\xadP+\x0a\x82\x1a(\xcf\x8a\
\xb00i\x94\x8c\xbd\xd0C\xc0<\x87$\xb3\xab$\xc1\
,\xe8\xaa\xd2k\x9d\x9a\x0c\x00|\xcfC$A4\xd6\
\x88\x88\xa21\xd5vZC-\xb9A\xf7\xbe\x00\xe0\xe8\
\xe8\xe8\xea\xd5\xab\xfd~\xdfZ\x13\x04Asi\xb9\xd1\
li\xa5\xc3Z\xf0\xe8C\x0f\xfd\xc4'>\xfe\xc0\x03\
\x0fj\xa5\xcbu\x87\xa8nwX\xbe\xf7-\x17\xc8\x02\
\xae\xc2\x1f\x00\xf4\x07\xdd\xe7\x9f\xfb\xc6g?\xfb\xf9\xaf\
<\xfd\xe5\x8b\x17\xdf:\xec\xf5\xd0\x0b|\xa5\xb5\xd6\xa4\
\xf5\xc6\xca\xea\xd6\xce\xc9\x13\xdb'\xd7W\xd6ja\xa8\
H\xc5I\xb2\xbfw\xb3}\xd4\xee\xf7z\x99\xcd\x1a\xad\
\xc6\xf6\xd9\xd3\x1b\xeb\x1b\xadV\x8b\x14\x99\xd4\xf4\xbb\xdd\
(\x89m\x11x\xa6\x0a\x93D\xbe\xc5\x166\xdbRL\
WDt\x91\xda$O\xaa\x05 `\xacI\xb2t8\
\x18\x0e\x06\xfdN\xb7\xdb\xef\xf7\x93$I\xd3\xd4\x18\x03\
\x96\x91\xc8\x19e\x5c\x16_\x010\xc6\x18c\xdc5\xcb\
\x10\xc4\xfcVT\xdcH\x00G\xc5l\x11\xc1\x95\xe9\xcd\
Q\x99\xe7\xfb\xf7\xdfw\xdf\xfe\xcd\x9b\x8b\x15\xa7\xc5\x0b\
aZ\xec\xcf\xb3\xbd\x962\xc1u\xa0,\xf9\x00\x00n\
%^\xbe|\xf9\xca\x95+\xa7\xcf\x9c\x8e\x93\x98\x10\x91\
4\x89\xe9\xb4\x8f\xfe\xe6\xdf\xfc[g\xee\xb9\x87Y\xb4\
O\xf5\xba\xbf\xbd\xb5\xb5\xbc\xba\xd2\x1fF\x84h\xd3d\
\x18'I\x92D\x83\xaeX\xfe\xf4/\xfe\x15\x06\xfeG\
\xff\xd9?\xbetu\xef\xff\xfa\xb7\x7f\xb3\xd3\xedXF\
\xc92\xc8\x03\x80%\xcfA<\xda\x9eX\x5c\x1fX`\
<!.\x16\x1c\xfe\xc43.P>\xa1\x22\xca\xaa\xa3\
Q=k\x96\xc65\xb7\xb2\xf4\xc4\x9f\x13\x03[]\xe0\
\xf3NY\xd0\x8dy\xc8s\xfa\x9b\x99\xafr\xe6\x84\xb9\
\xe5D\x9a\x09\xc9\x16\x9fr\xcbc\x16\xb4\x992p\xba\
\xcdT\x15\xe6]\xf3}\x04\x84\xc7\xef\xdft/\xdf+\
\x10\x7f\x9c\xfe\xcc\xec\xc0q\xda\xdd\xe0\xfb;8w\x81\
\xc9d\xde\x05g.\xb6\xfcK$\x04h4\x9b\xbe_\
KRC\x8a\xd28Fp\xd9\xc6\xb9J\x07U1\xe1\
\xe2a\x9c\xbb\xec\xc7\x9c\x01g\x9f2yY\x99\x04n\
\xe3\x17\x1c\x05\x0f\x02\xe4e!\x04\x8b\x82\xdde\xb2\x95\
R\x83,\x82\xd9\x16$\xf6\x98\x87\x06\xa1\x22\x0da1\
v-T\xbdy\x03u\x1c\xd10}\xa3\xea\x82\x9f\xc6\
i\xf3\xba\xba\x18r\x94\xf3a\xa2\xc3\x13H\x0f\xa6f\
\x8eTX\xc1<\xff~\x05\x13V\xc0\x8c\x1buWv\
\x11\xf3Z\xdfE\xa5\x85\x99y\x5c&\x94\xfb\xb2\x9f\xd5\
\xebO?r\x15'L\xb0y\xd3\xe2\x1b\x8b\xa0\xa6r\
\xcf\xae\xea\xf7e\x9b\xf6\xd1-\xbf\xb9\xe5\x86W\x05\xa8\
\xe5+\x9b\x98B\x0b^\xdc\x827\x0b\x0b\xd6\xd7\xfcS\
n9\xf1\x8e\xdfF\xf3\x1c\xa0\xc8\x1dQ-\x87R\xe9\
@\xb1\x96\x18D\x10\xa2A?\x8a\xa2\xb0\xd1\x10`\xb6\
\x22(\xdd^w\xff\xe8\x10\x14\x81\xc1s\xe7\xce\xf9\x81\
JA\x5c!\xc5\xb2\xe0\x08@^\x95\xbel\xf3\xc0\xe1\
\x841\xa5\xfa\xfd\xf4l\x19\xfb\x13\x00QD\xb4\x17\x04\
\x02T\xd4\xd8\x11\xb2H\x81\xd7\xbeq\xe3\xa8\xdd.\xd5\
]*\xa2\xe3\xaa\x93Dk\x0d(\x88`MF\x88\xdb\
;'\xf7\x8e\xda\x02\xb8w}WJ\x97f\x01rl\
3\x8a\xd6\x9a\x8d\x15\xc9\x13\x1b\xd6\xea\xf543\xfb\xfb\
\x87H\x84\x84\xce\x0duo\xf7\x86\x88l\xac\xadiO\
\xbb\xb2\x16\xa5*\xec\xfe];\xb9\x03\x8a.]\xbc\xf0\
\xcc\x93O\x1f\xb5\xdb.9a\xa3\xd9\x0c\x82@\x04]\
R{BPJ9\xbeDD\xda\xed\xf6\xde\xde^\x99\
\x94\xe5\xf8\x84\xf3\x9c\xd9\xa4\x10\x95s\xcd\xd7\xda\x03\x84\
^\xaf\xffn|\xe9\xed4Y]_\xf3}\xaf\xde\xa8\
\xafn\x9d\xa8\xd7\xeb~\x10\x04Z\xfb\x9e?\x18F\x9c\
\x0e\x83Z\xcd\x0a\xa3\x22N-\xa1(D\xa5u\x14\xc7\
\xc2\x16A\x80\x19\x05\x88\x84%S\xcagk\x95\xf2\x94\
\xf2\x04D\x03Xc\xc8\xd3\xa4\xa8\xca\xc9T?T\xd1\
\xa0+1a\xb2\xec\xc6\xf5\xdd\xdd\xbd\x1b\xce\xc2\xd5h\
,\xb7\x96\x96\xb5\x1f(O\xdfw\xfe\xdcO~\xea\x93\
\x8f\x7f\xf8#.\xb5\xac\xbc\xa7\xd6\xfa\xf7\xa7\xe5|9\
[\x01D5\xc2\x81\xbd\xaf\x7f\xf5\xab\x9f\xf9\xcc\x1f<\
\xfd\xec\xb3W.]\x1e\xc61)\x05 \xca\x0b\x80t\
sy\xe9\xfc\x99\xb3\xe7\xce\xdd\xb3\xba\xb2\x82Z\x09s\
\x12'\xed\x83\xa3v\xe7\xa8\xddm[k\xeb\xad\xd6\xc9\
s\xa7Oll\xae./+\xc0$I\x86\xfd^\x14\
\xc7\xd6e\xactU\x0a\x0b\x1e\xb0\xd8Y\x11\xf3\x1a\xb0\
\x95\x80\x02\xe0\x22`\xc0\xb1\xc3\x00\x02\x0c  i\x96\
%I2\x18\x0e\xfb\xfd\xfe\xb0?\xe8\xf7\xfbq\x1c\xa5\
\xa91\xc6\xb0\xb5D\xe4\xfb\x9e\xab\x0b\x82\x88\xa5;\x12\
\x15\x10\xcfm\x1a4B\x86\xae\xa6n\x0e\x11\x1d\xd1M\
9\x0au\xf8\x90\x9c-\xc0X\xb3\xb2\xb2r\xe2\xc4\x89\
\xeb\xd7\xaf\xe7\xde\xcb\xef\xe1\xcb\x98\x03Bf\xc2'a\
A\x81,\xcd^{\xe5\xd5\xcd\x8dM\xedi6\x96\x90\
z\xfd\xf8\xe7~\xee/\xff\xca\xdf\xf85\xcb\x96H\x91\
H\xa3^\xbf\xff\x81\x07\xbe\xf5\x9d\xef\xb4{W\xb2$\
\x8e\xe3(I#\xc9\xb2\xdd\xab\xd7\x7f\xf3\xef\xfe\xed\xc7\
?\xfa\xe1\xff\xe6\xbf\xfb\x9d\xff\xf9\xdf\xfc\x9b\xbf\xfb\xb7\
\xff\xc1\x03\xf7\x9f\xdb\xdd\xbd\xaeuhAH)PB\
\xa4\x04EX\x80\x8am\xc8\x95\xa2\x85\xc2\xa3f\xaaM\
\xc4\x13\xce\xe4\xb8\xa6A\xe0\xbc#a\x8eR4\xb1'\
N\x18\xf1\xab\xc7\xcf\xdb\xdc\x17p\x80\xf3z5\xef5\
\xdd\xf2\xb5\x1e\xf3\xbdO\xdf\x14f\xaa\x1c\xb9&:\xa3\
\xdf\xb3\xd3^\xdc\x11\x10\x9d\x18\xb4[>\xd4\x82\x0b\xfe\
\xc90\x84\x8b\xc7\xfdO\x04\x0d\xfe\xe9n\xb3\x10\x02\x02\
@\x18\x84aX\x1bDC\x17\xa5mS\xeb\xa4-\xca\
\x18ESb\xc2\xe3\xdb]\xc6\xff\x9c\x01\xc4n\xf1F\
D`\xc1\x1a(\x8a\xef\xc9\xe8\x9b\xb1\x9f\xf2\xb5ZM\
A:q\xdc\xf1Fl\xfa\xfb\x05\xb2\xe98sl\xde\
\xca\x9f)g\xa7-^\x13\xbb\xda\x02I\xbd\xf8)J\
\xf9\xbb@\x9aT!\xcd4\x13\x08\x95\x8a\xe1S}\x13\
\x00G\xd6\x95\x9b\x8d\xb3\x14Wr\xb7\x8e\xb3j\xd5\xeb\
O\xef\xa9\xd5\xdeN\x9b\x1b\xa7\x07m1W&\x85\xb7\
L\x95'\x9c\xee\xd2\xf45a\xa6&]\x18;\xc6\xb6\
\xae\xe2\xcb\x05<\xd5\xfb\xda\xde[\xd3\xe3\xe4\xaf9\xdc\
\x9f\xbc\xd7hHr\xd7P\xe7\xed+\xed\xa3#D \
\x04`6\xd6j_\xef\x1e\x1cZcQC\xb3\xd9\xda\
\xde>!\xcc\xa4\x943Qq\x1e<\x98G\xb4V1\
\xbc\xbbx\x89\xe1'^\xf4L\xdb\xc1L\x00_y/\
\x02\x22Ji\xdf\xf7-\x17\xe9L]\x02]\xa2\xbd\xdd\
\xebq\x92\x95\xe6\x8f\xea\xcctI5E\xc4\x01BB\
2Y\xb2\xbc\xbav\xef\xe9\xd3o\xbd\xf5\x1a\x93w\xf5\
\xc6u$\xb4\xcc\x88\xa8\x89H)\x11\xd9\xd8\xda\xdc\xd8\
\xda\xec\x1e\xb6\xaf\x5c\xb9\xa2}\xdf\x1a#\x02Q\x94D\
\xc3H\x80\x1c}\x1d\x04\x81\xf6\xfc\xa5\xa5%Ed\xd9\
\x0a\xa2\xab\x9eW\x80bV\x9e\xb7ub\xeb\xfa\xde\xee\
\x93O=u\xe3\xc6\x8d\xd0\x0f\x820\x08k\xb5\xbc\xdc\
6\x0b\x80\x83\x82\x0e \xa1\x88\x1c\x1d\x1d\xdd\xbcys\
,\x89\xff]5*\xdf/\x00\x18k\xea\xbavpp\
\xf8\xe8\x87\x1f\xfbO\xfe\xe1?|\xe4\xe1\x87<O-\
-\xb5\xfc\xb0\x8eJi\xa5\x04\x80\xd9f\xc3\xf8\x7f\xfa\
\xd7\xff\x9f\x0b\x17/\xf9~\x88\xce\x81\x0d@!\xe5\xda\
j^\x95\xc2\x11Pb\xaci\xe9z\xca6\x08BB\
b\x10\x006&#\xa5\x10\xc7\xf2U\x96OT\xc6\x0d\
j\xed\x11\xa1R4\x1c\x0c._\xba\xdc\xebvI+\
\xedy\xcdF\xa3\xb9\xb4\x04D\xad\xe5\xa5\x9f\xfe\xc9\x9f\
\xfc\xe4\x8f\xffX\xad\xdeda\x16\x1eU\xf4\xf9~m\
\x22b\x99\xd1\xf9\x85j\x00\x80\x9b\x87{\xdf\xf8\xfa\xd7\
\xbf\xfc\xe4SO>\xfd\xcc\x857\xde6i\xa4\xc2\x80\
T@Zk\xad\xd6\xd6\xd6\xce\x9d=w\xe6\xf4\xd9\xe6\
R+\xd0\xbeM\xd3(N\xa2$\xeew{\xddn7\
5\x99\x1f\xfa\xa7\xcf\x9c>ur\xbb\xd1j\xa1P\x14\
\xc7G\x87\xed4K\xac\xb5\x82\xe02u\x8e\x16Q\xc5\
-\x13r++\x16\xb4\x1c\x81\x8c2\xbb\x10R\xb1x\
\xc12\xa7&\x8b\xa2h0\x1c\xf6z\xbd~\xbf?\x8c\
\xa2x\x18e\x8e\x15\x04$\xd2\x9e\xe7+\xa5\x88\xc0\xa5\
Z\xa9\xde%\x17\xce%2\x04\x80\xbc\x94\xc2\x18\xfe/\
\x8f,?($D4\xc6\x90R~\xe0\x9f;wn\
\x7f\x7f\xdf\xb1a\xd3\xfb\xdd]\xbe\x94i\x83c\xb5?\
\xb9h\x02\xd0\x84\x00@\x887n\xdcx\xfb\xed\xb7\x1f\
z\xe4\x11@I\x87\xfd\xed\x13[\xbf\xf1\x1b\xbf\xae\x14\
\xd9\xbc\xc4\x22\x88\xc0\xf2\xcarky)I\x93,\x8e\
l\x96%\xc3\xe1\xb5K\xef\xfc\xfa\xdf\xfa[\xbf\xfd\xdb\
\xff\xe5\xbf\xfb\xdd\x7f\xff/\xfe\xab\xdf\xd9>\xb1\xf37\
\x7f\xed\xaf\x1d\x1c\xec\x9b\x0c\x99S\xe7'\xec\xf6\x1b\x0b\
 \xc0\xa4\x15!\x01\x81K\x06\xee\xacl$\x93\x0b\x07\
`ZO\x9bK\xcaM<\xe3\xb4fR\xfdu\xfa\x9a\
\x0bl\xd30\x1fS-P,oi\xec\x9b\xe8\xed-\
i\xb4\x99'\xdeM\x93<\x99E\xc1NL\xbb\xb3\xca\
\x18&\xfc\x93m\xe5\x10\xdd\x15 \xbc\xb3\xd5\xb5xr\
\xdc\xd9\x15\x8ec_\xff\xd3\xddn\xcbN\x90k\xb7 \
\xbe\xef\xd7j5\xea\xe4\x85\x9a\x98p^\xda\xf1\x99\x98\
\xf0\x98\xf8\x10`\x8c\x9d{\xaf\xac5\x13GN\x9b\xff\
\xdd\x9a\x9c\x99+\xa5z\xee\xb4\xd4\xb8\xc5\x95\xe7\x80\xae\
[j\xe1\xc7\x1c\xba\x12\xa8\xdcR\x8a\xcd\x94\xa7\x13\x9f\
g\x9e;\xcf\xca5\xc1\xc3\xcc\xbc\xce\xc4D\xaa>\xbe\
\xe4\xfc!\x00\x8c\x9d\x828\xba\x88\xdb\x98K\x0a\x1a\xa6\
c\xf1g\xf5\x10\xc6\xb7\xa2\xe9-d\x1a\x1e\xcc\xbb\x94\
\x888\xc6\xa0\x8c\xf7\x18=\x9a\xb3p\x03\x08\xe6F\xee\
y\xc3X\x8ar\xac\x14J\x19u\x00\xca\xd9>J\xd5\
\xf3~\xa3\xc1\xe3,\xc6\x05H\xe9\x98\x17\xcc\xafS\xc2\
\xc2\xe2A\xa7%\xb0\xd3\xbeLf\x5cB\x94\xbc(3\
\x80\xb1\xf6\xe0\xe6M\x02`\xcb\xa7vN\xaf\xac\xb4\xb2\
,%Rn\x94sM\xb3\xc0`\xa5&W\xdeb\x22\
\x96u\x02.N\xbc\x88\x99\x7fBn\xb0\xcd\xa9?\xed\
\xe9\xd2\xb5\xd2}K\x8a\xac\xf0\xd5+Wf^SD\
<\xcfC\xc4\xc1`H\x84\xeesj\xb2\x9d\xcd\xedz\
\xe0#\xd00Jz\x83>)\xc5i\xaa\x94\x06D\xa5\
\xd4\xfa\xfa\xfa\xfd\x0f>\xb0\xbc\xb6\xf2R\xef\x05c\x8d\
b\xed\x10\xa0\xd6\x0a\x00\x92$QZiED\xb4\xb4\
\xb2\xa4\x95v\xc5\xcf\xa1\x80:N&dY\xd6h-\
y\x04O}\xe9\xc9w/_q8\xd0\x0f\x02\xdf\xf7\
\x11\x91Y\x1c\x93\x09\x85\xba\x8c\x88\xceS\xf4\xf8\x19D\
o\xd9\x10\xdd^\x00e\xfa%W\xae\xe3c\x1f\xfb\xd8\
\xaf\xfc\xf2/OIQI\xb2\xb8\xdd\xef\xf7\xda\xdda\
\xbfg\xd3\x0c8 E.]\x90K\x14Y\xe8KX\
,\x1b\x11f\x8f\xd4\x909\xa8\x85\xae\x12\xb7\xb56M\
S\xa5\xf5X\xea\xaf\x8a\x03p\xce\x0dj_i\x8f\xc0\
v\x8e\x0e.\xbd{-\xc9\x92\xa0\x162H\xb3\xd5j\
6\x9bA\x18<\xf6\xd8c\x7f\xe9g\x7f\xee\xd4\xf6N\
\x01\xf2\xe9\xfbF%\x9b\xd1\xa4p\x80'\x22W\x08\xb1\
\xd7=\xfa\xda\x1f\xff\xd1\x13\xbf\xff\x99'\xbf\xf4\xe4\x85\
K\xef\x12\xa0\x0e\x02\xf2\x94\xd25O\xe9\xa5\x95\xe5s\
g\xce\x9c=svum\xd5\xf3\xfcA\x7f\x18uz\
Gi\x1a\xc7Q\xa7\xd7\x8b\x92\xb8\xe6\x87\x9b\x9b\x9b\x1b\
[[K\xcb-_\xab4\x8a\x0f\xf7\x0flf-\x08\
(\x02$W=\x02a\xf4\x12'\xbcH \xc7e\xf9\
\xda)xC\x00\xc9\xf9}\x00\xb4\xc0q\x92\xf4\x07\x83\
\xfe`0\xec\xf7\xfb\xbd^\xbf\xdf\x8f\x86Q\x96en\
9#:[\x01\x01\xa0\xb5\xc6\xda\xd1\xae\x07\xe3\xb0\x0a\
\x11yt\xdf\x91\x09ob\x92W\xcfe\xc8\x93\x90Z\
\xb6\x86m\xadV\xdb\xde\xde\xbet\xe9\xd2t\xb4\xf9\xdd\
\xb4i\x91R\xedd\xb9\xb3\xb81r\xae(.|\xfd\
\x8d\xb7\xdeX\xdf8yr}ims\xf3\xef\xfe\x83\
\x7f\xd0ZY3&!R\xcc\x8c\x00\x08\xec\x87\xfe\xf2\
\xfa\x0a\x12\x08\xdb~\xa7=\xec\x0e\xfe\xf1?\xfd'\xbf\
\xf9\xb7\xff\xfe\x1f\xfd\xf1\xd7\xff\xe9o\xff\xb34I\xfe\
\xee\xdf\xf9\x0fW\x97\x9b\xed\xfd\xae\xf6\x02\x01\x00P\x88\
(\xce_V\x18\x15\x89\x88+\xa2\x5c:\x85\x22,\xf2\
\xca\x81\xf1}\xe18 m\xf1\x9f\xd5\xebW/2=\
\xbd\xe7\xfd\xb9\x98\x13[|\xb5\xdb\xc5~\xf3\xae\xbf@\
\x8b[\xc0\x0a\x8e=\x05\x14;\xda\xcc\xc3F{\xd0\xa2\
\xe7\xba\xe5\xc0\xder\x1cnk\x00?01\x84\xc7o\
\x7f\x06\xd1\xe0\x9d5a\xf1</\x0c\x03\xa5H)\xad\
HYdg]\x83\x22$\xdc\x95\xf1\xc5q\xdf\xd1\xdb\
Jq\x01\xb9\x8f\x99\xfb{\xf4\xfd\x98x*B\x0dJ\
^p\x9c\xd1\xc3\xca\x87\xb1\x8bW\xb7\x90\xea\x92\x1b\xc9\
\xeby\xde\x12E\xab\x9e2\xf3\xfb\x89g\x99\xf8uz\
\xa1\xde\xae\x19r\x02\xfbU/;AO-\x18\xe4\xdb\
\xa5+o)\xef\xa6\x9fb\x9a\xb8+\x8f/\xf9\x93\x09\
Bl:\x0f\x0dT\x5cLa|\x07\x9aF)\x0b\xb0\
\xfaL)<oo\x9b8\xcc\x1dP\xa8\xe3\xba\xca\x9c\
\x94\x06\xf0\xd9yfo\xd5F7\x15(\xfd\xac\xa6I\
\xd1;k\xf3N\xbf\xad\xc9&\xc5?w\xdb\x99\xa9o\
\xa6\xe7\x8c\xe3\x0a\xfa\xfd^\x92\xa6A\x18Z\x11\xb6V\
i\xaf?\xe8u\xdamR\x1a\x09\xef\xbd\xf7<\x15\xce\
a\xec\x9c\x8c\x0b\x1a\xd9\x89\x98\x99S\xa8zG'\x94\
\xaa\xd8`\x81\x15\xb9\xfc\x1erL(\xc8\x12\xf8\x01\x22\
Z\xb1\xce\x7fT,\x93\xa2$\x8a\xf6\xf7\x0ff^\x0d\
\x11=\xcfw\x05\xca\xb4\xd6\xccV\x84\x8d\x81\xa5\xe5\xd5\
A\x14iR\x9d\xf6\x9e\xab]\xa6\x94vX1\xac\x85\
\xf5FC+}\xe9\xe2\xbb\xd7\xaf]w\xe7\x22B\xe0\
{\xd6d\xd62\x11i\xa5\xeb\xf5\xfa\xca\xca\x8a\xf6|\
\x11q\x95\x17r\xd2C9\xba\x06\x99eme\xe5\xd5\
\x97_~\xe3\x8d7\x830\xd4Z\xfb\x81\x1f\x84\xc1\xb8\
\x0e\x0d\xa5\xf9\xad\xddn\xef\xef\xef\xbf\x87h\xd0\x89b\
f\xb6l\xac5a\x18\xd6j\xb5Z\xbd.V0\xb5\
\xdd\xc3\x83\xdd\xfd\x1b\xbbW\xaf\xde\xb8~\xbd\xd3\xee\xde\
\xd8\xdb\xebu\xbb\x99\xc9\xa28\x8a\xe2\xd8\x0f\x82\xa5\xa5\
\x8d\xccdJ)\x85\xca1L\x02B\x08\x88D\x0a\xdd\
\x0ad k,\x00\x18c\xc3\xc0\x07\x04\x160\xc6d\
\x99i\x84uWRtB\xd4\x13)\xdf\xf7<\xdf\xd3\
Z\x1b\x93]\xbdze\xff\xe6\x0d\x22\xddl4\x19q\
y\xb9\xb5\xb4\xd4:uj\xe7\xa7>\xf5\xa9\xc7?\xf2\
QB\x12\xb6\xe0P\x8d\x00\xdc\xf9\x22x\x9f\x9a\xb0\x08\
\xb3P\x91T\x13\x00\x0e\xf6v\xff\xe8k\x7f\xf8\xb9/\
|\xfe\x8f\xbf\xf6Go\xbd}Q\x18ja\x186\x1a\
\xa9\xb1\xa2p}m\xf5\xf4\xa9\xb3gO\x9dYY[\
\xd1J\xa5q\xdc\xde?\xe8\x0f\x87Q\x9a%q\x1ce\
\xa9\xd2zmu\xf5\xc1\x13[k\xabk\x9aT\x1cE\
\xfdN'K3v\xa4\x9e\xd2\x8a\xa8\x5c\x13\x05\x1f8\
\xb6\x93\x16\xe4\xdc\x84\x12[,.D\x14a\x96\xd4\xd8\
(\x8d\xfa\x83A\xa7\xdb\x1d\x0c\xfa\x83^\x7f\xd8\x1fD\
Qd\x8d\x15\x11RJ+U0{lL\xe9`\xc2\
\x13\xb9X\xca|'\x13\x9c[iL\xb4e\xc2\xd2b\
y\x96v\x01\x96\xfct@$\xcbL\xf6\xd4\xce\xa9n\
\xb7\xdbn\xb7\xe7\x09\x84\xdb{=\xf3=P\xaa['\
\x8e\xea^\x02\x02\xb0u\x15\x9eq0\xe8\xbf\xfe\xfa+\
\xfe\xc3\x1f\xfa+\xff\xc1\xdf\xb9\xf7\xc1\x0f\x0d\x93\xd8S\
\x9a\xad\x8bza \x89\xfa\xfd\x83\xdd\x1b\x9d\xceQ\x08\
\xf0S\x9f\xfc\xe4\xcf\xfe\xe5_x\xec\xc3\x1f\xf9\xc6s\
_\xfb\x8f\xffw\xff\xc9\x85\x0bo\xfe\xe0\x0f~\xf4\x17\
>\xfd\xf3G7\xdb\x08\x9e\x95\x14D\x93\x103\x13\x00\
 \x0b\xa1\xb000\x02\xa0\xcb\xfes\x0c,7\xcf\x0c\
=\xf1h\xe5\xab\x86Y\xba\xd0L\xd3\xf9-U\xa6\xe3\
\x9c;\xcfB=q\xca\x84Q{\xfa\xf3\xfb\xd7\x16\xdf\
e\x94\x22\xfd\xbd\xeb\xcc\xfb\xf7\x5cw\x0b\x08gZ\x9a\
\xdf'H6\xa1\x92\xce\x1c\xa0crV\xc7Q\xa0g\
\xd2>\xb7<\xec\xfb\xa1-\x16|\xd5_\x09\xc9\xf7t\
\x8e\x07Q\x11\xe6r\xd6Z\x16\x18\xf9kU\xe9\x9d2\
\xefhU\xff[l\xfe\xa9\x08\x80\xb1\x88#'\xe6\x19\
GG\xe5U\xdb$'\x95*\xc3;~%\x81\x99\xf7\
\x9d\xee\xcf\x82\xd7r\xfc\xeda\xdecVE\xea4R\
:f\x9b\x003\xe5v2\xfd\xebq\xae3!ae\
\x0e{y\xcb\x05\xbb\xc0\xeeU\x1d\xba\x09\xf87q\x85\
iU~\xfa:\xd5\xf0\xbcy\x5c_\xb5K%\xf8\x9c\
'\xf7'\xf6\xb9\xea\x89\xd5\xbb \xa2\xcb;\xea\xd2\xcc\
\xccr\xa8\xcb\xff\x98)+F\xd5)f\x8d\x12B\xee\
\xbc'\xf3m\x07\xc7\x9f*3\xf7\xcb\x89\x8b\xdcr\x86\
He\x95\xcd\xe4\xf4n\xd9\xb1\x89{\xc9\xf8\xc0N\x8c\
s\xb1\x22\xa4\xdd>d\x11A\x12\x06\x06\xd4\x88G7\
\xf7-\xb3\xd2^X\x0bw\xb6O\xb0u\x86\x03\x17\x0e\
$\xc0\x82U_\x9b\xa9Y7=\xf7&n:1\x91\
\xa6\x07\x7f\xa4\x00\x81 \x80\xefy  \xc2\x00\xe0\x12\
\xda\x00\xaa\xa87\xe8\xb5;.\x91}y\x91\xd2\x96a\
\x8ca6\x0e\xca\x8a\xe4\x09\x1b66\xd7\x07Q\x84\x80\
\x83n\xdbf\xd6\xf3=+\x82D\x8d\xa0\xc1\x22\xfb\x07\
\xfb&\xcb\x06\xfd\x81\xb5\xd6\x0f\x82$M\x83 `k\
v\xaf_\xcd\x8c\xf1<\xaf\xd5ZZZ^\xf6\xb4.\
\x0ch\x82\x08\x8cRQ\x85!\x0cki\x1c\xbfx\xf1\
\xa2\xd2\xda\xf3t-\x0ck\xb5\x1a!U*\xbb\x02@\
\x9eJ\xb7\xd7\xeb\xed\xef\xef/.4\x7f\x9c6>\xc1\
Dk\xa5\x14\x12\xc8\xd2\xd2\x92\xef\xfb\xcdfskk\
ks}\xab\xdf\xef\xfe\x9f\xff\xf9\x7f\x91\x1a;\x1c\x0e\
\x01Q+\xe5X;Dl4[\xcd\xe5e\x06\x97\x15\
\x1f\x14\x92\x18.\xe4\xbe \x02\x91f`\x17m\x99Y\
N\x8c\xb5\xc2\xc2\x10\x86\x01#3\xa05\x86Y\x94\xf6\
\xb1\x80\xc90\xc2\x00\xe8y\xbe\xf6<\xadU\x96FW\
._><<\xf2|\xdf\x0f\x02M\xba\xb1\xbc\xb2\xbe\
\xbe\xfa\xf8\x87\x1f\xfb\xe9\x9f\xfe\xa9\xb5\xd5\x0dW\xa0\x0f\
\xcbT\xa5\xdfOh\xb0\xe0\x91\x90H\xb9\x0e\xee\xee^\
\xfb\xcaW\x9e\xfe\xfd?\xf8\x83\xe7\xbf\xf1\xad+\x97/\
\xc7\xccA\xd8\xf4\xfc\x9a1\xa9\x15\xd9X\xdf8u\xfa\
\xd4\xf6\xf6\xce\xe6\xe6\x86&/M\xd2~\xb7?\x18\x0e\
\x06\xd1`0\x18f\xc6h\xadWVV\xee?qr\
yi9\x08\xbc4\x89z\x9dN\x92&\x00@\xa4@\
k\x85\xae\xf8k\x09\xc6\x04@\x04\x04\x81\x10G\x1e\x1c\
\x05\x1e+J\xcb\x02T\xfc\x03\x5c\xcf%5I\x7f\x10\
u\xfb\x83A\xbf\xd7\xef\xf5z\xbd^\xbf\xd7K\xa3\x84\
\x85\x89\x94R\x9a\x14\x95+t\x82\xd5w\xa2\x18\xc6\xad\
?\x13@e\x9e9\xb2\xbc\x94\x83\x88\x88\xf9b@t\
\xe5\xeasTv\xe6\xcc\x99a\x14\xa5I\xe2y\x9e[\
\xbfw\xf3\xa6\xe6)\x99e\x9f\xcb\x00\xe3r\x00\x05\x8a\
\x9c\x06\xd6\xee\xdd\xb8\xf2v\xcd\xfb\xf7\x9f\xfd\xec\xc6\xce\
\xf6G>\xfc\x981\xd6Z!aB\x88\x92\xf8K_\
\xfa\x92\x18\xfe{\xbf\xf1\x1b?\xf4\xd1\x1fZY\xdf@\
\x82\xaf}\xfd\xab\x7f\xff?\xfa\x8f\xae\xbc{msc\
\xfdo\xff\x9d\xbf\xc3\x99\xcd\x12\xabC%\xe0\xd22\x8b\
\x14A\x9b.yLn\x88dA5\xdb\xd8\x0d0S\
S\x1a\xdbX\xe7\x11M3\x8d\xb3\x8b\xd5\x8c\x89\xcdw\
q\x7fp*F`\xf1\x98\xcf\xec\xd8L\x0dj\x9eq\
y\xa2\x95\x87\xcd<r\xe6cN|S-\x8dVn\
\xbb\xa5\xc20\x1a\x81\x8a\xb1x^7nk\x12\xdeR\
\x138\x8e\xbeq\x87\x80pb>}o\xe0\xd0\x02\xf8\
q7\xa8l\x81bt\x07\x87->\xf8=l\xc7a\
\x8dg\x9e5\xf1\xabS\x88u\xbe\xcf\xa3\xb3lYa\
kl\xe9\x98\x01\x95\xb5=\x91c\x06\x16\xbe\x97\xa9\x9e\
M\xad\xdb\x12\xf9U\x8eq\xbf\xbd\xdf\xc3\xbb`\xea\xce\
S\xe2gv\xe0\x8e\xad!3\xc5\xa2L\xc5MM\x83\
\x99\x19\xf8\xad\x90-3\xb5\xe4\x99\xdd\x9b)\xac\xa79\
:\x98\xd2\xfb\x8f#\x13'\x14\xf4\xf2K\x99J\xb22\
s\xe7(/X=w\xfa\xb2\x13\xbe\xa63\x11\xec<\
\xabgu\xe7vK\xa0j\xe0\x80\x0a\xd2[<\x03\x17\
\xbc}\xb9\xd5\xdc\xb8\xadi\x5c=x\x02\x86\x1d\xe7t\
<\xf6\xad\x16\xec\xc4\x93\xf7*<\x81q|5\x95#\
\x99$i\xaf?P\xdacg\x22E`\xe1\xbd\xbd=\
T\xc4\xc6\x9e\xda\xdeYZn\x9a,CT\xa3(S\
d\xa9P\x85X\xe9\xd5D\xa2\xa3\xc5\x8f0m\x05\x98\
\x9ec\x08\x88\x1a\x95\xd6V\xaaf/\x0b\x14\xee\xdd\xdc\
O\x92\x18\x95\xcaK\xaa\x17r\xaf\xd4h\x99\xad\x08\x88\
\x18k-\x91\x07\x00[[\xeb\x89\xcd\xbc\xd0\xbf\xbe\xbb\
k\xd9\xb6\xc2V\x96eI\x92\x04A\xe0y^\x14E\
\xf10F\x04\xdf\xf7I\xabZ\xbd\x1e\xf8>\x11\xd5\xeb\
\x8d \x08\xeb\xf5\x86\xef\x07\xbe\xe7\xe5\xd9/\x10\x10\xa9\
\xe0r\xa1\xb4_\x84A\xed\xe0\xf0\xd0\xb0m\xb4\x9a\xb5\
0\x0c<\x1f+\xb9\xe3\xcb\xc1!\xa2\xc1`p\x97h\
pr5!\x90RA\x10,--\xad,-/\xb7\
\x96VV\x96VVW\xd77\xd6\x97ZKa\x10 \
\x0a\xb0\x08\xe2\xda\x16Yaa\xb6\xd6\xb2\xb5 `\x99\
]5[*\xael\xacu\xe5\xe0\x1c)\xa5T\xa1\xba\
\xba\x1am\x22\xc2\xeci\xcf\x0fjHJ\x8bt\xa3\xa1\
R\xa4+.\xa3\xb9\xf6\xefv.\xcf\xf3|/\x89\x86\
W.]\xeav{~P\xf3\x02?\x08\xc2\xb0^;\
w\xe6\xf4\xcf\xfe\xf4O~\xf4\xa3?\xa8\x94vL\xd4\
\x1d\x0f\xc8\xfb\xd4lQ\xe6\xb4 \x94\xe4\xca\xa5\xb7\xbf\
\xf2\xcc\x97?\xf3\xb9'\x9e{\xee\xb9\xfd\x9b\xfb\xa9e\
O\x07\x14\xd6\x03k\x95\xc2\x95\xd5\x95\xd3\xa7v\xce\x9e\
9\xbb\xb5\xb9\x05\x82\x83\xc1\xe0h\xffh\x18EQ\x1c\
\xbb\x12\x0e\xa8Tsiyskss}\xbd\x11\xd6\
\xd28\x19\xf4\xba\x9dv\xca\x00\x82\x84\xe4a\x9e\x83\xc5\
-2\xc8\x8bD@n\x13\xc1\xcaD\xaa\x0eu\x99H\
\xca\xfd\xc6\x88@`3\x93$I\xaf\xdf?\xeau\xfb\
\xbdn\xbf\xd7\x1b\xf4\xfa\x83\xfe Ib\x11PD\x8e\
\xdcf\x11\xb4\x16\x11-\x8ce\xe7\x9a\xf8\x5c.L'\
\x96\xa7y\xc2\xaa\x04\xa8vr\x8c],\x1e\xc9\x88)\
\xdd\xad\xc3 x\xe0\xde\xfb\xdez\xfbm\xcb\x96\x94\x82\
\xbb\xb6\x92L\xb7\xe9'\xe2\x22,9\xd7h\x98\x99P\
\x01FQ|\xf5\xeaU\xf2\xbf\xf3/\xff\xdb\xdf\xf9\xf4\
\xcf\xff\xfc\xcf\xfc\xdc\xcf\xad\xafn\xa0X6\x063\xf8\
\xd4\xa7>\xb5\xbaz\x02D2\x93\xc6\x00O=\xf1\xc4\
?\xf9G\xffx\xf7\xf0\xd0\xaf\xf9\xbf\xf6\xab\xbfr\xff\
\xb9\xf3G\xednX\xab3\x88\x12)\xfdYr\xd0L\
c}\x18\x0dl\xe5\xb5\xc2\xd4^9!\xf0g\x9a\xd2\
\xa6\xd5\x83\x99\xdb\xc4<6r\x9e~^\xc5\xfc\x13s\
`\xe2\x98\xe9n/n\xf3L\xd80KUX`\xfb\
\x9ew\x91y\xf0RDJ\xab\x09T\xb6\xdd\xd2e\xb7\
\xfaRn\xd9\xff\xdbb\x17\xe6a\xf8\x05c2}\xcc\
\xf7\xd4e\xb4\xfa\x90\xf3\xcc\xb7\xdf\xb3\x9e|\x0f\xa8\xe4\
\xf7\xfb\x11\x16\x1f0\xcf\xcc\x0f\xe3\xeb\x13\x11\x09Q\x91\
\xd2\x9e\xa6t\xcc#\xdf%\xb8\x9b\xd6b\xefl[\x9d\
\xd0\x1d\xf3/\xf3\xc0\xa2;\x7f\xcc\xf2\xb0\xdb\xe2[\xe0\
V\x8b\xed8\xf7\xbd\x83Yt\xcbi?\x0f\xc0\x94\xe7\
\xce8kNO\x8f\xb3\xfea\x5c]^\xfc\xf82\x8b\
j;\xce#W; \x95\x5c\xa9\x0bl\x8d\xd3_N\
O\xdd\x89\x8bO@&\x98\xd20\xa6/X5N\x97\
\x9c\xa1\x1bQ<\xc6\x04\xc8\xad\x81sX\xa9\xdb\x1a\xa5\
y\xe3\xb6`\x15\xbfOm\xde\x90\xcex\xfc\xdc\xbds\
\xceQ\x88\xfd~?3\xd6\xf3CW\x83L\x14\x0e\x06\
\x83A\xbf\xaf<\x95\xc6\xd9=\xe7\xce\x92B\xccH \
/\x0e\x09\xa5\x92\xea.=\x0e\xcboi\xab\x86q\x8d\
d\xc2*<\xe3`g\x0bP4\xd2\xda\x00X\x98\xb5\
\xbe\xb6\xbfg\x01HF|TE\xb9\xc9o\xe4>8\
e\x9a\x94\xb7\xbd\xbd\x15\xf5\xfb&5;\xe7\xce\x5c\xbd\
q\xe3\xe8\xe8\x10\x04\x82 \xb0\xd62[r\x9c\x05)\
\xad5\x80\xf8\x9eg\xadM\xd2\xb4\xd9h(\xa5\x820\
\x0c\xfc\x80\x99\xf3\xba\x0b\x22\x88\xd6AA\x22d\xce\xef\
\xdeh\xd63\x93.\xf9\xcba\xad\xa6I\xb9\x9c1\xe5\
\xe0c\x11^\xd5\xef\xf7\x0f\x0e\x0e\x16\xd7^[\xf4Z\
\xc7\x05\x14\x11\xd5j\xb5\xe6Rk}mmm}}\
}}}}emei)\xac\x05~\xe0c^\xae\
\xd303\x88\x12`\xc8\x0c\xb0X\x01@`\xa6\x9c\xe6\
\xcc\xc7V\xa0\xd0\xf5\x89T\xf9JT\x91-\xc6a\x12\
@\xb0\x96}O\xfbAH\x0a\xd3$\xeav;\x9e\xe7\
\x13\x11\x88C\xcbN\xfb%\xad\xb5\xef{\xda\xf7\x07\x83\
\xc1\xd5K\x97\x06\xfd\x9e\xef\x07~=\x0ck\xb5Z\xbd\
\xf1\xf0\xa3\x0f\xff\xd2\xa7?\xbd\xb3}J\xd8\x88\x08\xfe\
\xc9'\x8f\x19\xcdhfa\x16We\x1d\x00\xac5/\
\xbf\xfa\xca\x1f~\xf5\xab_\xf9\xf23\xcf}\xeb[7\
\xf7\x0f\x18Ay\x9e(_8\x11\xc9\xd666\xce\x9f\
=wrggii\xc9C\x15G\xd1\xde\xf5\xdd~\
\x1c\xa7IjL\x96\x98LD\x1a\x8d\xc6\xb9sgO\
lmz\x9eg23\xe8\x0f\xbb\x87m#V\x11\xa0\
R\x0a\xc8\xd1\xee\x88T\xc0\xbbQ\xc7\x0a\xd2bd\x9e\
-^\x8e\x8c\xdc\x0a\x04\x1c\x984\xcc\x89I\xfbQ\xd4\
\xe9u\x0f\x8f\x0e{\xdd^\xdc\x8f\x06\xfd\xeep\xd07\
\x99\x01$\xdf\xf3\x5c\xb2\x13a6\xec\x86\x1es\x93\x0f\
\x8e.^a\xbf\xc7\xdcd\xf2\x958^m\xa8\xba\x84\
\xabZJ\xf9g\xbe\xccsk\x12\x82ST\x5c&\xd2\
D\x94R'O\x9c\xb8t\xe5\xb2\xb5\x96\x10\xf9}\x16\
\xa1\xa5\x06EDH*'\x84\x18,\x8a\x22\xeav\xbb\
\x97\xdfyG+\xfc_\xfe\xcd\xff\xf2\xb5o}\xe3c\
\x1f\xfb\xe1\x8f>\xf6\xd8}\xe7\xcf5Z\x8d\x86\xd4$\
\x1ed\x02\x97\xf7v\xff\xa7\x7f\xfd\xaf\xff\xef\xff\xea_\
\xf5\xfa\x89\xb0\xfc\x85\x8f\xff\xc8O|\xfc\xe3G\x07\x87\
\x9e\x170\xce\x88\x9f\x1c\x0d\xcb\xe8k,\xcb8N\x08\
\xb1\xc5=\xbf\x9bm\xeb\xbd\x1d\xc6\xe3\xf4\xf9{\x7f\xaf\
;\xde\xd0\x8f\xb3\x85}\xcf\xda\xcc\xbb\xeb[\x9e31\
\x04wl\xd5\x9e\xfe\xf2=\xe4yn\xf7\xa7\xf7\xea\xee\
\xdf\xcfm\x01\x1e(\xb4\x08B\x10$!dM\xa8\x94\
\x22\xad\xd0\x12\x0aa\x91\x1f\xd2\xa5\xdf\x98\xb8\xe6\xb4\xcb\
h\xf9\xd3\xad\x09=\xd7\x0d\xa9\xb0\xe5e\xbf\x04P\xa0\
\xc8^\xbd\xe8\xd1*v\x17\x80\xca\x06S\xbd\xe3\x02#\
\xd0\xcc\xf1\x99\xfe\xe9\x96,\xd3\x02K\xcc\xb4\xcd\xe9\x98\
\x12\x19\xa6\xe0\xfa\x84j;v$\x00\xb0\xab\xef\x97\x8f\
\xd8\xbc#a\xd6Z>\xce \xcc\xbc\xdaL<V\xde\
}\x9e\xe0\xab\xd2G\xb7\xbb6\x17<\xd7\xe2\x03\xf2?\
\xb1p\xa7\x93\x22\x9a\xb5\xf2\x8a\x1d&t[\xac\x11;\
\x8a\xb4\xcb/\xb1\xb0t%\xe6\xee \x13d&\xdc\xb5\
\x849\xbe\x81c\xc1\xdc\x9e\xb0\xbe\xcddb\x8f\xff\x16\
\xc6\x1a\xe7\x8b\xcf\xd1\x0a\x0e\xbf\x95\xa7Xk\x81\xb0\xd7\
\xeb\x89\x10\x01\x92\x88\xe5\x0c\xbd\xda\xc1\xdeM\x01\x83\xe2\
\xad\xad\xad\xdds\xee\x9c5\xb9\xae\xe8\xd6}~2\xb9\
Q\x1f\xa57\x84q\xefb)Bt\x16c\xd7\x99\xc6\
\xacr\xac\x1c\x93\xa0\xb4\xe72%r\xee.\xc7\x08\xc8\
\x86\x8f\xf6o\xe4\xaf~|he\xd4\x0aE\x16I\xd8\
6[\xad\x93\x1bk7\xae]\x89-}\xec\x87\x7f\xe4\
\xe1G\x1e\xb9p\xf1\x9d\xb7\xdez\xf3\xfa\xf5\xddA\xaf\
O \x81\xd6\x16$\x8e\x93(\x8a\x1a\xcd\x86cNL\
\x96\xdd\xdc\xdbK\xd3\xd4\x0f\x83\xa5\xd6\xd2\xfa\xfaz\x10\
\x04\xa9\xb1l\x99\x10\x05Q*\xba\x1d\xb3E\x84\xe5\xe5\
\x15fv\xa1e\x22B\x84\xcc\x16Y\x90\x08\x01\x85p\
8\x1c\x1e\x1c\x1c\xb8 \xc6;\x98l\xe5K\xd4Z\xd7\
\x1a\xe1\xca\xf2\xf2\xe6\xfa\xe6\xe6\xe6\xc6\xda\xda\xda\xea\xda\
Z\xbd^\xf7u^\xe5O\xc0\x15\x93\x17fvkL\
$\x07\xd1H\x04\x96A\x80\x00\x18\x88\xc11\xc4\x88\x22\
\xc0\x8c\xa8\x04\x84\x85]\xcc\x80\x8b\xf6\x12!t\x00\x9c\
Ak-D\xf5\xb0\xa6=\xcdl\xba\xedv\x94d\x1b\
\x1bk\x98\xbf\x0f*\x16+i\xa5\xb5\xe7%Q\xff\xea\
\xa5w\x07\x83(\xac5\xea\xcd\xba\xf6\xfc\xd6r\xebS\
\x9f\xf8\x89\x9f\xfe\xa9\x9f\x0e\xc3\xba\x08#}\x7f\xe4J\
\x10\x10\xb1\xd6\xe6n\xeaD \xc2/\xbe\xfc\xd2\x13\x7f\
\xf0\x99/?\xf9\xf9\xe7_z\xb5\xdb\x1b\x04\xbeO\x8a\
\xacB\x93d\xcc\xb2\xbe\xb9~\xfa\xd4Cg\xcf\x9d\xdb\
Z['T\x9d\xde\xe0p\xbfm\xe2$\xb3&ck\
3\xc3\xccA\x10l\x9e<\xb9\xb5\xb9\xb9\xd4j\x895\
\xfd^\xef :\xb0,DJ)\xe5U*\xd09f\
\xb0Xm%\x8a\xa8\xf8\xe4`\xf1\xff\x98\xf3\xf3y\xa2\
\x18WC\x08%1io0\xe8\xf5z\xedN\xa7\xd3\
\xe9t\xbb\xdda4\x8c\x86Q\x16\xc5NU\xd0\xbe\xa7\
\x94b\x00a[\x8d1\xe4q\xb2\x08*\x0e\xa2\xd5\xa8\
\x81\x99\xccU\xb9\x04\xaa\xebw\xe2\xc3\x04h\xac\xf2\x8a\
\x88\xe8\x84\x95\xd6\xfa\xc4\xe6\xd6\xc1\xe1\x815&\x08\x82\
4M\xdfC%\xb0z\xc7\xea\x97\xd6Z\xa5\x94`\x9e\
\x1d\xaa\xb0\xf9\xa8N\xa7\xfd\xf2K/\x9f:}*I\
\xb2kW\xae~\xf3\x8f\xff\xe8\x9es\xe7\xee9u\xf6\
\xf4\xd9\xb3\xc6\x98\xaf}\xfd\xeb\xff\xf6\xdf\xfe\xdbW_\
~%l6\x934~\xe8\xc1\xfb\x7f\xf9\x97\xfe\xda\xb0\
\x1fk\xcfCg\x0aBD\x22\x05D\x80\x9e\xd6\xaah\
\xaed$\xe5\x16\x97\x02\x0f\xe2l\xa3\xf1L\x0b\xefL\
L8\x87\x0a;\xaeU\xfd8\x87\x1d\x07,-FP\
\x0b~\x9d~F\x98\x025\xef\x15\xcc+XB\x5c|\
\xf0\x88o_xu\xa8(\xc3\xb7\xcby\x1cg\xe4'\
\x0e\xd0\x8bG\xff8c}\xeb\x01\xba\x8bvL\x96c\
\xba\x03\x1f\x5c\xbc7o\xedU\x07a\xde\xd3M\xcf\xf5\
\x99\x17q\xe2\xbe\xd8\x02\x9c\xc7\x8e\xe8B\xac\x94\x99\xcd\
J+W\x91\xd5\x00\x00 \xcb\xb2\x92H\x99w\xfd\x09\
v~z\x22\x89\xf3z/\xba#e\x829\x80Iu\
|\xba\xf3#\x7fRW\xael\xee0\xce\x1c\xb1\x09\xde\
`\xe2\xf8\x99z\xf3-\xf9(\xb8\xd5\xcc\x9c\x89\xc1\x8e\
C\xfe\xdc\xcaz\x92\xa3\xc0\xbc\xdbp,\x13\xd4\x82\x0e\
\xcc{\xad3\xd1\xec\xc4\x88M\xa0>\x18\xdf\xe0\xab\xe6\
\xde\x89z\x15\xd3\xa0e\xe6>4\x816'\xe8\xc4\xe9\
iV~\xe9,\x06U\x0b\xc4\xf4\xb8\xbb\x10\x14\xad\xb5\
B5\x95\x84c\xf6\xd8\x17c^\xf4\xad\xf8|\xeb\xa5\
wG\x12r\xe6\x1e6\xfd\xb0\xf3n\xfd\x9e\x88\xe5\x99\
\x06 W\xfa\xb3\x04\x12\x92\x97\x12\x944I\xfb\xfd\x81\
+\xce^0_\xd0>< \xa5\xad\xb5;;;\x8d\
F\xc3\x98\xd4a\x82\xb28\x89\xcc\x11b\x0b\xde\xf5-\
\x9fn\xe2\x82\xc5\xac@\x01q\xf9E\xddTr\x17B\
\xed%q\xd4><\x84\x0a(-5\xa4\xe2\xe0\xb1\x0f\
V\xb8U\xaf+\xc4,M\xfd\xa0\x19\x0f\xa3\xc0\xf7?\
\xfc\xe1\x0f?\xfc\xd0C\x07\x87\x87\xef^\xba\xf2\xee;\
\x17\x0f\x0f\xf6e8\xf0\xb5\x06M\x81\xef\xb3\x08[\x16\
\x84Z\xadf33\x88\x87GGG\xbd^okk\
kyy9c\x01t5\x1e\x0bK?\x91\x88\x18c\
\xc2\xb0\xee\x1c7F\xc9\x99d\xe4\xd1\xda\xe9v\x8e\x8e\
\x8e\x16{\x8aV\xd3\x96\xba\xa7(/\xe5\xd0\xc5Rk\
i\xc3\xb5\xcd\xb5\xb5\xb5\xb5f\xb3Y\x0bCOkR\
\x0a\xc4\x01=G\xb9\xe7\xe5U\x9c\xc3\x9a\x08\x97l\xaa\
\x88\xa0\x22a\x16D\x17\x84)\xb9\xe5\x00\xc4\xc5\xfe9\
\xf8\x9d\xcboQJU\x84:h$\x22\x15\xd4B\x22\
\x18\x0c\x86\xd7\xaf\xef\x05A\x18\x86A\xf9>sgB\
\x10$L\xe2\xf8\xddw/\x0d\x06Q\xad\xdeh4\x1b\
\xda\xd3[[[\x9f\xfe\xf4\xa7\x7f\xe4c\x1f\x03\x00\x11\
\xfe\x13'\x06\xc59\xc1\x8a(\x22\x22M\x04\xd6\x9aW\
^~\xfe3O<\xf1\xf43O\xbf\xf2\xe2K\xddn\
?\x08\xebN\xb3OLF\xa86\xd67\xee9s\xf6\
\x9es\xe7V\x97\x97\xad\xe5(\x8avo\xdc\x8c\x93\x84\
\xade\x16\x9b\x19\x16\xd1\xa1\xbf\xb9\xbe\xb1\xbe\xbe\xdel\
6\x99y8\x1c\xde\xb8\xbe\x9b\xb1q\x81sZQ9\
u'\xd6B\xb1\x04r\x96{\xb4\x1d\x00\x8c\xd2\xbd\x0a\
c\xfe:Q\x00Rk\xa2$\xee\xf5\xfb\xedv\xbb\xd3\
n\xf7\xba\xdd^\xaf\x17\x0d\x87I\x9c\xb8\xc9\xa6\x94r\
\xb5\x04\x05\xc4%P\x11\x80j\x82\xe5\xe9nL\x84E\
\xc0\xb8l\x9c\xf8\x5c}\x90y\xa0q\xcc\xdcSuB\
\x91\xbc\x8c\xa1\x88h\xad\xeb\xb5z\xb7\xd7\xbd]\x8b\xc9\
1_\xf4\xf4F\x89\x05\x0b\xea\xba\xe4L9n\xc5Y\
c.\xbe\xf3\xce\xcd\x1b{\xab++\xbb\xd7\xaf\xbf\xf8\
\xf2\xeb\x04^\x96\x0c\x8f\x0e\xf7\xaf^\xbe\x82Z5W\
V\xba\xbd\xfe\x99\x9d\x9d\xbf\xfaK\xbf\x94\xc6\x09!\x05\
\xb5P)\xa5\xdd\xff\x11yJ\xbb\xa6*\x0d\x89\xd0\x15\
\x0f+\xd7#\x8e\xb9\x8c\xde\xf2\x11JLx\xc7#p\
\xcc\xef\xefr\x9c\xff\xa4\xda1\xf9\x86\xc5CQn\x22\
\xc7W\x09n\xeb\xe0;{\x16]\xfd\xe1\x96g\x1e\xe7\
\xea\xc7<\xf2\x8e{\xff'\xdb\x81\xf7\xa9\xe7\x8b\x11\xe0\
\xb4\xbd\xff\x96wYp\x0c\x96\xa5\xd2\xc0Y\xc6\x85H\
\x81\xb0V\xda\xf3<W\x11\xc8\xed\xb8N\x841s\x96\
eN\x90\x19c\xa6\xcb\x7f\xcf\xec\xc3\x82\x9e\xe4\x8a\x94\
\x94\x8f\xc3#K\xa2;`\x0aI\x8e-!\xc8\x0b=\
\xcf~\xaey\xcf;\xde\x81\x09S\xe2L6\xec\x96*\
\xf8\xbcw4\x81*gn\xc93/u\xbb\xeb|\xac\
\x92\x8d\xccD:\x0bO\x9f5\xbc\xd3}\x98\x86d\xd3\
\x8391b\xf3\xc0\xc9\x04\xa2\xab~\xc0\xa2\xc6\xc0D\
O\xa6?\xcf\x1c\xd8\xc5\x13f\xeca\xa1\x0a\x0d\xc7.\
\x9b\x99Li]\xe6\x98\xc9\x8f\x99oq\xc0\xd2:Q\
\x19\xfc\xc5+}&\x90\xbb\xe5\x89\xc79\xe6\xf8\x02\xfc\
\xee\xc5\xe3\xd8\x15$\xe7\xa8\x8b?\xf3_\x87\x83a\x92\
\xc4~\xad\xee\xbe&Rq<\xe8u\xbbB\x08\x00\xf7\
\x9e\xbf\x97\x14\x81)\xb3\xd6\x03\xc2\xdc=uz\xe6\xc0\
\xb8.8ab\x80\xa9U?\xfd'VpT\x81d\
\x05@H\xe9~\xe7h\xd8\xeb\x95Q|0\xb5\xa8\xc7\
^\x8d\x22`i4\x1a\xc0\x92%\xa9_W\x04\xc8\xd6\
&QL\x84[\x1b\x1b'Ol\xfe\xc0\xe3\x8f\x1c\x1c\
\x1e\xbc{\xf1\xddw\xdeyw\x7f\xff 3\x86\x88\x92\
4\x11\x90\xd5\x95\xd5\x8d\xed\x9d\xeb{\xbb\x83\xfe\x00\x00\
\xae]\xbb\xc6lVVVl\xd1\xad\xaa~\x9ceY\
\xb3\xa9&\x1eV)\xa5\x08\xb3,;<<\xec\xf4\xba\
\xd3\x86*\xf7\x98.ee\x19\xabV\xb5\xd4\xb8\xd9^\
\xab\xd5\xd6\xd7\xd7wvvvNn\xaf\xac\xac4\x9b\
M_+\xd2\xc4\xb9\x9bc\xe1\xdb\x8f9\x19\x8cDn\
\xc8\x0a\x02\x82\xca\xe5\x88\x88\xe2\xb2\x85\x89\x14\x05\xc3s\
\xc3\x01\xbb\xf4A\x88\xec\xa8E\x11\x80\xbc{na\x8a\
\xb5\x8a\xc8\xf7} L\xd2\xe8\xca\xe5\xcb\xfd\xfe\xe0\xec\
\xdazQ[\x1c\x89\xc8s\x1e\x89\x88i\x9a^\xbc\xf0\
v\x9a\xa4\x8d\xd6R\xbd\xd9B\xad\xee\xb9\xf7\xdc\xaf\xfc\
\xb5_\xbe\xf7\xfc\xbdy\x06\x9b?94(E\xf6\x14\
\x17H\x07\x00I\x96\xbc\xf9\xda+_~\xe6\xcb\x7f\xf0\
\xb9'^|\xee;\x87GG\xe0{\xf5ZCy*\
\x8a\xa2z\xbdq\xfa\xec\x99S;\xa7677\x96\x96\
Z\x1e\xa9$\x8e\xaf_\xdf\x8b\xa2\xc8Z\x93\x89\x880\
\x01k\xed\xaf\xac\xad\xad\xaf\xaf\x05\xf5Z\xa8\xfd(\x8a\
n\xde\xbc\x99f\x19)\x22\xad\xb4\xf2\x1c\x13[\xfa\xda\
\xc0,\xd4T\x15\xd1\xa3/\xc5%U\x02(\xdcD\x99\
%\xce\xb2~4<h\x1f\x1d\xed\x1f\xb4\x0f\x8f\xfa\xdd\
^4\x1c\xa6y-A@E\xda\xf3\xf2|P\x95\xcc\
\x02\x13\xe0m\xc1\xca]`\xc2\x9e\xfer\x1e\x14,\x07\
\xbc\xfa\xcd\xe8\xd6\x85\x1f\xacS<\x88\xa8^\xab\xc7i\
2\x9d\xaa\xf4\xbdz\xef\x13\xc8p\xa2>j\x91+\x15\
\x01@+\x95\xa4\xc9\xee\x8d\x1b\x87\x87\x9d\xb0\x16\x12a\
\x92fq\x12\xebZ\x0d\x11\xdb\xed\xce\xce\xc9\xed\x9f\xff\
K?\xaf\x902\x93-\x07+\xbe\xe7k\xa5\x14)O\
{\x9eK\xa6\xe4y\x9e\xe7M,\xed\xc9\xc1\x14\x01\x9a\
1t\xf3\xfa\xef\xfe-\xdd\x10n\xf7\xf1\xdfW\xb4v\
7/k\x01\x90\xbbm\xd5\xeb\xee0\xe1\xf4\x9f\xc7\xc7\
\x84\xef\xd1@\xce\xee\xa7\xbe\xfb\xf1\xbdK\x0c6\xadP\
~\x0f\xdam\xe9^\xc7\x01\xfa\xc7\xbc\xcb<Z\xe9\x98\
\x17\xb9\xb3\xf1\xa9\xf4_\xa0t\xf5\x12\x17\xd7c\xb2\xcc\
\x22*THZ\x9c\xb5\xc9\x18\xa3\xb5\xe6\xa29\xf9\xe5\
\xdcD'\x12@U_\xfd<\xc5}\xe6\xa0\x01\x00\x83\
\x14JB\xa9\xb8\x8f\x919\x93\xf0\xa3p\xfd\x13\x00\xc6\
\x19\x5c\xfb\xbc\xc1\x997\xe6\x85\xa2\x8f\x8bGx\x9ac\
Y\xbct\x17\x83\xf9\x99C\x01\xb7\x9ac0\x07\xd6\xba\
_\xdc\xcbtCT%\xa9\xa6\xdfK\xf5\xcf\x99\xf0\xac\
\xdc\xccf\xc2\xbc\xeaV\xb7\x18=\xce\x84g\x0bt\xfa\
i\x8ek\xfa\xe0\x89\x81\x9a\x1cX\x04\x06A\x1a\xb7x\
\x17\xaf\xae\xb0>\xe4\xf4\xd5\x5c2\x8d\xc1\x1aVZ+\
\x22\xcb\x99\xfbr\xc4\x5c\xc1$ha\xe1\x22(f\xc6\
#/\x10 \xb7\x5c\xd43\xc7g\x81\xed`\x81R\x05\
0w\xbb\x82\xe3\x89\xa0\xe97[\xfdR\x00X8\x1f\
\x18\x16\x17\x16\x0c\x00\x83~\x97\x9d\xa1\x9a\x99\x81Y\xd1\
\xe1\xb5\x9b\xa9\xc9\xbc\xd0_ZZ>{\xee\xacp\x86\
H\xe2B\xe6\xa4p\x13\x98\xa3\x17.\xde\xbc\xab\x84\xc0\
\xc4+\x98~#\x98\x03\x15AR\xa3\xe3\x9d\x13\xbb \
i\xefp\x7f/\xce\x98H-x\x83\x8e<\x01\x11\x05\
\x90d\xa6\xd1Z\xca,#\xf9Hd@H\xf2\xd9a\
\xd2\x0c@\x88h{k\xfb\xe4\xd6\xc9\xc7?\xf2\xf8\xee\
\xee\xee\x95\xcbWo\xdc\xb8q\xd8>\x1a\x0e\x07\xbd~\
\xb7\x16\x06\xcdf\xa3\xd7\xed\xf9\xbe\x1f\x86\xe1\xde\xee\x9e\
\xa7}\xbf\x16\xbaT7\x00@\x88\x16@)\xd5\xef\xf7\
[\xad%B`\xc9\xd3\x90*\xa5\x04`0\x1c\x1c\x1d\
\x1e\x0d\x86\x03\x97\xa2\xb24\xe7-\xd0\x11s\x0c\x00\xa2\
\x88\xc2 <y\xe2\xe4\x99\x9d\xd3'\xb7O\xaem\xac\
\xd7\x02\x8f\xb4\x12\x04W(\x1eE\x1c\xcf&\x92s]\
\xf9\x80\x8c\xb8w\xc6\x02\xcfKA\xbd\xe62\xbc\x18%\
\xc8=\x11\x05\x84\x08A\x84Q)\x00@\xa5\x04Di\
\x12\xf7P\x02,\x80\xe4)\xcf\x8f\xe3\xf8\xe6\xee\x8d\x9b\
{\xfbK\xcb+a-\xcc\xc7\x1c\xc9\xf3\xb4( \x8f\
4\xc2[o\x5c888\x5c[[\xaf7\x9a\xa8\xe9\
\xb1G\x1e\xf9\x9b\xbf\xfa+\x9b\x9b\x9b\xa5i\xe9{\xdf\
\x0a\x8a\x0c\x1d]\x03\x00\x83h\xf0\xdc7\xbf\xf1\xe5/\
}\xe1\x0bO=\xf5\xfa\xebo\x0f\xfa=&\xd0\xca\xf7\
\xeb\x0d\xe5ya\xa3\xb6\xb9v\xea\xfc\x99s\x1b[[\
\x8dfK\xac\x1dFQ\xb7\xdb\x8f\x87\xc34I3\xce\
\x13\xf3xa\xd0h\xb4VVV\x96Z\xcd\xc0\xf7\x93\
$\xed\xf7z\xed\xcc\x80\x88R\xda\xf3\x03\xcc#\x00\x19\
\x8bm\xd4A\xf4\x5c\xee\xb9W\x86\xe0<tE\x04G\
)\x8b\xf2\xf9\xe0\xb0=!\xba\x9a\xf2\xc3(:j\xb7\
\xdbG\xed\x9b\xfb7\xdb\xed\xf6p0L\x93\xc4a\x1b\
D\xd4Z\x8f\x0c\xbaf\x14\xa1=!\xde\xcb\x0fU\xcd\
a\xe6\x970%\x91& \xeb\xbc\x958=\xabg|\
f)\xbc\x90P@\xb4\xe7\xd5\x14\x0d\x06\x83yF\xe4\
;\x7f\xfbS\xdaBn\xecps\xb7\x10\x97\x0a\x89Y\
\x88\x88@\xa1B\x22\x04\xe1^\xa7-\xc0,\xc0,,\
`L\xb6}r\xfb\xe3\x1f\xff\xf8\xca\xdaj-l,\
-\xad\xf8a\xa0}/\x08\xc2FX\xf3}\xdf\xf3<\
\xcf\xf7\xb4\xd2\xe5L\x03\x00$,\x9d\x80Go\x17\x10\
\xe7;'\xceC\xdde\xd1\xc8\xe3\x0f\xd1bT?\x01\
\x16\xe6Y\x0d\x16\xbf\xe8\x09=d\xe6\x95a\xe1V\x08\
\xf3w\xe4\xe3\xd3t3:Vu[+\xfe\xbc-x\
|\xcb\xceWS\xd4,>\xf2\x96\xbd\x9d\xd7\xf4\xe2\xd3\
\x8ecu\xbe\x03\x93\xc0\xb4.r\xfciw7\x87\x95\
3o\x01\x9c;\xce7\xb7\xd5\x93\x05\x07\x1fS\x09\xab\
\x8e\xd2\xf1\xef8\xe7.E\xdc\xb8\x00(\x8c\x938\x8e\
\xe32\xd1\x99\xd6\xda\xf3<c\x8c\xb8X\x87\xa2M\x98\
\xb8\xca\xbeM\xcbkg\xf4\xad\xae\xcf\x09p2\xf1\xae\
'R\xefJ\x01\x0bgXM\x04@\x0a\x05c\xa1\xe2\
\x08\x00\xb3\xf8\x86\xe9q)O\x9b\xfd:\xa6\xdfN\xb9\
\x1d\xce\xd3\xfb\x8f\xb3^\xaa\x02\xb7\xbc\xda\x02`\xb6x\
\xaa\xcc\xcc]<\xcd\x8dL\xc8\x9a\xb2\x9aH\xf5^\xa5\
Wg\xf5x\x18\xdf\xc5a\xd6\xa6;\x01oJ\xbao\
b\x1aL<\xcb\xcc\x07\x9f\xf9 3o1\xd17\x11\
\x17\x12;\x9aW\x0e\x96\xe4X\xb4\xf2g\xf5R\xd5<\
\xa5\x00 \x02lY\xc4h\xad\x95\xd2\xd6\x9a\xeaLq\
O\xb2`4&\xb2\x9e\xc2\xad$\xdb\xbc\x9f\xe6\x81\xb4\
i\xab\xe4\x82\xf7~\xcc\x9f\x8e#\xc4\xa6\x9f\xa5\xb2~\
\xa14\xdf\x94\x03/ \xd6\x9a^\xaf\xa7=\x0f\x81A\
\x84\x01\x81\xe5\xe8\xe0\x00\x00\xb2\xcc\x9c8\xb9U\xab\xf9\
\x99I\x90\xf4L\x13\xc6\x84\xd9bb\xb8f\x8e\xc3q\
\xd0x\xfeY\x18\x09E@\x119\x1a\xb0x4\x06\x01\
\x85t\xb8\x7f\x13 \x17\x22\xd3\x86\x09\xf7'!\x02\xe7\
\xc6\x02c\xcc\xf2\xf2r\x92%\xceY\xcbu\x1f1O\
,ND\xc2\x90\xa5\x06\x01\xc2\xa0\xf6\xe0\xfd\x0f\xde{\
\xfe\xbe\xeb\xd7\xaf\xdf\xb8\xb9w\xe1\xc2\xdbo\xbc\xfe\xc6\
[o_\xd8:y\xc2ygx\x9e\x97\xa5\xe9\xfe\xc1\
\xc1\xf6\xf66\x80\x03~\xe0\xc2,=\xcf\xeb\xf7\xfb\xc3\
\xe1\xa0\xd9l\xb21D\x08\x02I\x92t\xba\x9da\x14\
!b\xab\xd5*-/\xd5\x04\xd10^\xfc\xb32h\
\xe8\xcafomm=\xfc\xd0#\x1b\xeb\xeb\xad\xe5\xa5\
 \x0c\x9c\xb3\xa1T\x18\x95\xd2)\x04\x00\x8bL6\x85\
\xe8\x18]y\x86\xd0\x80\x8a\xdb^A'\x02\xb9\x0ai\
\xe0\x92\xb5\x8e\x8a\xd1ai\xb3!\x1c\x0c\xfb\x077\xf7\
\xf6\xf7\xf6=\xed\xad\xad\xadz\x9e\xe7\xfa\xac\xb5&\xa5\
H\x93\x22\xbar\xe9\xd2p8\x5c^Y\x0d\x1b\x8dT\
\xec\x8f\xfd\xc8\x8f\xfe\xfa\xaf\xfcj\xab^\x97;M{\
v\x17-\xdf%\x01\xc0y\xf3\x01@\xb7\xdd\xfe\xea\x1f\
}\xf5\x99\xa7\x9f\xfa\xf2W\x9ey\xfd\xb5\xd7\xa3aL\
\x8aH\xfb~X\x0b\x02\xaf\xb5\xb4\xba}\xf2\xe4\xf6\xf6\
\xf6\xca\xcaJ\xe8\x07\xc0\x1cg\xd9\xd1\xd1Q\x96ei\
\x1c\xc7Q\x9c\x98\x14\x10kA\xd8ZY]]Yi\
4\x1b\x08h\xad\x8d\x06q\xfb\xa8#\x22\xae\x8cj9\
\xde\x00@.\x06\xbf\xc4\x00#+@AXA\xc5\xcd\
\xdd\xe5\x95\x11\x00\x067W\x00 3Y7\x8e\xdb\xdd\
\xce\xc1\xc1\xc1\xc1\xd1\xd1\xd1\xc1\xc1\xb0\xd7O\xe2\x84%\
\xdf\xaa\xaa\xc1#P\xbc\xf5iY1\x13\xf8\xc1\x1cE\
|\xa6L;\x0ew7\xbdiN_\xa7\xfag.X\
\x10@\xa0\x1a\xf62\xad\xdb\x80+iX\xa4\x09\xad\xb6\
r\xd8\xab\xdeR\xd37-\xaff\xad\x8d\xe3\xd8\xd1\xda\
Zk*\xa7\x0b\x16\x0a\x80\x08\x03\x98,K\xd2\xa4\x16\
\xd6-[k9\x0ck\xa7O\x9dz\xfc\xf1\xc7\xb7\xb7\
O\xae\xae\xac\xae\xaf\xae5\x9b\xcdZ\xa3^\xaf\xd5j\
\xb5Z-\x08\xf3\xab\x8d\xd7otv\x98\xaaB\x80\xe3\
\x9dY\xf0y\xba\x95\xc3r7\xb0y\x1e\xda\x5c|\xe4\
-;v\xcb\xfb\xde\xd2Bz\xcc\xeb|\x9f\xb7;\x06\
\x05\xf3Z.P\x16\xdb\xb0\x17w\x08\xeeT\xdb\xb8\xa5\
\x99\xfc\x0e\xfa\xb3\xf8\xe0\xe9;\xce\xd4G\xef\xdeh\xf4\
^]jR\xfd\xba\x8b\xab\x95\x96B)8\x0fD\xe8\
v\xbaQ\x14\x19c\x84\x99\x94\xca\xc3\xd0=\x8f\x99\xdd\
\x1e<\xd1\x9c\xd1h\x1aNL\x8b\xc2\x09\xddq\xe2\x11\
f\xea\xb2\xa3=\xa0\xb2\x19\x8cd\xae\x00\x16\x89\xb1\xcb\
\x80-\xcc\xfd\x5c\xc6'p\x01\x07\xe7\x89\x98<4\xa8\
0\xe1T\xbd)J\x22\xc9i\x830\xde\xcf\x1cM\xc9\
\xc8Q\xf3\xf8sx\xfa\xd71-\x13@\x84]\xb7'\
P\xca\xf4\x10\x1d\xe7\x9byP\xa4<`\xe6\x0e:\xcf\
\xc2\x0a\xc5\x1e\x06E\xc0\x18\xcd\x89\xcf\x9e\x1e\x93[\xe2\
\xbdy?\x8dmu\xb3N\xa9N*\xa7{\xcf\x1dv\
GhL\xf4y\xdc\xa8Q\x9e\xe2|\xa4\xb5GJ\xa9\
\xc9p\xd9<>n\x11\xb7V\xd53J\xb3\xc4\x82\xc7\
?\xceT\xa9>\xf2LUi\xf1\x18\xdeY\x9b\x078\
'\xc5\x11\x8e>;\xcf1\x04\x8c\xa2(I\x12/\xac\
\x01[\x00B\xd2\xc9\xa0\xdf\xe9t\xb4\xa7\x11\xd5\x03\x0f\
<\xa04\x1a\xe3r\x93\x08\xca\xec\xd4\xb5\xd3\x93y\xa6\
l\x99\xa0\x07\x17<r\xa1\xdf\xe4\xbe\xa0J\x11\x220\
\x97r\x0c\x00\x00\x8c=\xd8\xdbwG\x97\xef\xb1\xbcx\
)\xebX\x80\x10\x85Y)-\x02k\xeb+\x963\x8b\
\x82\x0c\xe0\x96G93\x0b\x13\x95\xc3\xc9q^\xafB\
\x82 X^^\xf5\xfd0\x89\xb38JD$\xcb2\
\xad\xb5\x17\x06q\x14\x9b4C\xad\x0an\x07\x8a\xc2\xe1\
8\x1c\x0e[\xad\x96\xd6:M\xd2~\xaf\x17\x0d\x87\x02\
P\xab\xd5fZ:f.p\xc8\x11c\xf18 \x87\
GGWw\xaf+_\x83\xa7DQ\xe0\xfb\x0a\x09\x01\
\x90r\xaf\xce\x89\xeb\x94\xdf\xcc\x96i\x22\xce\xad\x14\x0a\
A*%\x07;\xee\xc4\xc8\xcc\x96\x19\x11\x95\xd6\x5c\xad\
\xfc\x81\xbc\x7f\xb0wxsO\x18\x96\xd7\xd6\xdc\xd3A\
N\xb6(\x22\xf4\xb4\xbey\xfd\xfa\x8d\x1b{\x8d\xe6R\
\xa3\xb5$\x08\x9f\xf8\xd4'\x7f\xf5\x97\x7f\xb9\x11\x04\xef\
\xb9\x864g\x22A\xb9\x99\x8a\x88\x08\x9780\x8d\xa3\
\xef|\xfb\xdb\xff\xe6\xff\xf7\xef\x9e\xfc\xfc\xe7_{\xfb\
\xad8J\xc3\xc0\xf3</\xa85\x96\x9a\xf5\xd5\xcd\xcd\
\x13'O\x9e\x5c_\xaf\xd5[\x8a\xc82\xa7I6\x1c\
\xc6\xd6\xd8\xcc\xa6Q<\x8c\xe3\x04Djamsc\
see\xa5\xd5j)RY\x9a\x0e\x06Cc\xb2\x5c\
\x96)\x8f\x1c\xcb-\xb9y\xb7`\x02\x01\x81\x8a\xd4;\
X\x91\x9fX\xed\xb7\x9b\xcb\xf9a\x88\x0ch\x8c\x89\xa2\
\xb8\xdb\xef\x1d\x1d\x1d\xed\x1f\x1c\x1c\x1c\x1ct\xbb\xdd4\
\x8e\xad1\xce&BED\x22L\x09\xedy\x0bv\xde\
\xe7\x99\xabr\xde\x9737\xb8\xea\x9f\xd3\xf3\x1c\xa66\
\xa0\x89\x0bN\xef 3\xfb6\x15I>\xbac\x96e\
\x13\x15\xb9\x16H\x1e\x1cU.\xe5,\xcb\x14\x8e\x18{\
\x22bcQ\x18@P\xabf\xa3\x89\x08`\xa4\xd1h\
lo\x9f\xfa\xd0\x87>t\xdf}\xf7\x9d\xde9\xb5\xb1\
\xb5\xd9l\xb5\x1a\xf5z\xa3Vw5l\x5c\x89\xc5\x0a\
\xe0/\xfa0z\xd3\xb7F;\x13\xfb\xd7\x02\xecT\xbd\
\xd11\xdb\x9d\xe1\xc0\xe3t\xfb\xb6\xee{\xccg\x87\xf1\
9pL\x18\xb9\xf8\xcfyg\x1d\xa7\x8d+\xc3\x00\x0b\
\xc9\x8d\xf7D\xe2\x95\x17\xb9[\x97\xd1\xf7\xbc\x97\xb7\xa5\
9\xdd\xfd(T?\xbc\xb7f\x83\x05B\xca\xb5\xbb\xb1\
\xbbL\x5c\xf0\xf6\xf1g\xee\xd2\xd4\x1f\x0c\x934M\xb3\
\xccZ\xab\xb5B\x04\xa5\xc8\x01\xc2\xd2\xc8\x8a\x95V\xe6\
c\xac\x1awq<\x01\xe0\xf1{RU\xe3&\xfe\x9c\
\xb6K\xe5\x06f\xcc\xf5\x8a\xf2>\xc5\xce8bq\x00\
\xcajI\x95\x9bQ\xae\x9dc\xf5\xb8\xa2\x1f\xee\x1f\xa7\
\xcd\x14\xaa\xcc\xf4\x88\x15LE\xe1\x989\xfe:\xf3'\
\x9a\x90,\x8b1[ymD\xccq:\xce\x9e\x81\xd3\
\xf0\xec\x96\xa6\xbbykp\x01\x0c\x83)\x11Y=\x12\
\xa1\xb45\xcf\xc0'\xf3\xf4\x83y=\x9fp\xeb\x9a\xd8\
\x9bg\x12>3a\xe7\xd8,\x1a\x1f|,\xdf[\xc5\
dP\x84BA\x91\xd9\xa2\xda\xb1b\xa6\x09\x18\xc3\x8e\
'4&\xcb\x1fA\x80\x0b[\xc4\xc8\x22\x00\xd5n;\
\xe3Du\x8eUce\xa5\xdaI\x80[s\xd8c\xf3\
k\x8ebt\xcc}}zJ\xcc\xb3PT\xfe\x1e?\
\x17\x8ad\x83\x13\xf0\xa0\x10\x02\xc2Rp\xb5\xd0\xef\xf5\
\x05\x90\x88\x9c\xcf\x00\x11v\xda\x87I\x9az\x81\xbf\xb4\
\xb4t\xf6\xcc\xe9\xa2\xe0;\xe2\xf8j\x9b\xc6\x840K\
T\xe2\x14y8=\x09\xa7'^e\xbe!\x82\x10i\
\x193\xee0\x91N\xb3\xf4\xf0\xf0pzd\xc6:P\
\xb20D\x8a\x08Pmmm\x80\x18\x17VGU\x88\
<\xd6\x99\xfc\x0a\xd6\xd8,K\xb34\xb5\xc6\x083\x80\
dijL\xe6\x0e\xcb\xeb\x100k!7\xbdJ\xda\
G)\x15'I\xb7\xd7\xcb\xd24I\x12a\xd1\xbe\x07\
Secfj\xbdS3!\x9f\xf0\x22\xd0\xef\xf7^\
\x7f\xfd\xd5\xa3\xf6\xc1\xce\xce\xa9\xcd\xad\xad\x8d\xb5\xf5V\
\xb3\xe9{Aa\xfdq\xb1\x7fS\x12~|\xce8}\
\x94\x8bz\x06\xc2\x90\x97E\xab\xf4\x81\x00\xd9\xf9=!\
\x00 \x0b\xbb1\xf7<\xed\x1c\xad\x98\x19\x01\x08\xa0\xd7\
\xee\x89@\xa3\xd9X^Yv\xacT\xa1F\x83V\xba\
\xdb\xee\x5c\xbbr\xcd\xd3A\xbd\xd9\x04\xa2O|\xe2\xe3\
\xbf\xfe7\xfe\x86\xaf\x94\xb0TK\xb1\xbd\xe7M\xf2\xdc\
Q\x0c\xce\xb7\x0f\x90\xb4\x22\x00\x00\xd5nw\x9e\x7f\xee\
\x9b\x9f\xff\xc2\xe7\x9f|\xea\xc9\xd7^}\xb57\x88\x95\
\x22\x1d\xf8\xad\x95\xd5\xd5\x95\xa5\x8d\xd5\xd5\x13'\xb66\
\xd77\xbc\xa0\x86\x84\x9ceI\x1c\x89+\xe9\x9e\xa5i\
\x9aFQd\x85\xfd\xc0\xdf\xdc\xd8\xd8\xdc\xdaj6\xea\
\x84\x94\xc4\xf1`0\xc8\xb2L\x9c\xf9\x01\x89\x08\x0b\x18\
H\x80R\x18.\x05\x0a\xe2\xcf\x01y\x18\xb3F\xe5\x9d\
\xc6\xc2\x84\xea\xf2\xc40\x8056\x8e\xe3N\xbf\x7fx\
xxttt\xd4>\xeav\xba\xd1ph\xb2LD\
\x08\xc8\x01\x0f\x11q.\x97\xd3[\xdb\xc4\x94\x80Yb\
|\xc1\xa2\x9e\x1e\xe1\x89[Lo%\xd5\xdc\xc2PI\
U:\xf6\x8e\x0a:\x14D\x04sy[Z\xb1\xab\x0b\
\x04*\xa5\xed'\xae\xb0\xc0Z'\x05\x1b<\xf1\xd4\xd5\
G\xa8j5U\x1eOD\xac\xb5\x08\x98\xdb\x93\x98}\
\xad\x03\xcf\x03\xc4$N\x19dye\xe5\xfe\xfb\xef\x7f\
\xf4\x91G\x1f|\xf0\xc13g\xcfn\xae\xaf7\x9b-\
?\x0c<\xad\x0b\x8f\x86\x1c\xff\xe7\xc6\x93Bs\xc8\xf7\
\xaf)\xfda\xa6Y|\xde6\x81\xb3T\x1b\x19\xaf\x1e\
\x9c\x1f6\x05T\xe6^\xf36\xbf_\xd0\xa6\x1f\xad:\
\xc7n\xf7j\xb7\xbc\xc5\xb4\x8et\x9c\xbbL\x14\xa6\xbf\
\x03\xdfQ\x18AA(\xb4\xd1\xd1\xc9\x13\x19\xf8\xdfC\
\xc0\x82\x88\xc7M\xc7|[z\xe7<\xf3\xe1q\xdaq\
\x1e\xef\xbd\xb5\x02\xde\x12\xb9\xddA\x9b\x90\x17\xc7\xb9\xef\
{\xf8\x08\xf3\x8e\xa9\x0c\x9a\x08\xa00'I\x06@\x99\
\xcd\xe28A\x10_)\xed\xf9\xce\xbd\x01\x0b\xaf\xbf<\
|\xbcXu\x0e\x16\x96:\xfd\x18\x9c\x9b\x92\xd7\x13\xb7\
\x9exqUE\xbf\xba\xbbT\xe5\xf5\xd8\xe6\x91\xe7\xc0\
\x86\x91\xfb\x1f\xcf\xabO\x91c\xbc\xfc\x0f\x04\xb0.k\
\xdf\x186\x18)\xb23\x94\xce\xe9m\xa6\xb0\x7f\xe7%\
\xb3+\xe6V\x19\xfb\x5c^|\xfa\xedT\x87k\xd4\x0d\
\xc8wm\x18\xdf\x0bg\x9eX\xfe\xb9\x80H\x5c01\
&P\x5c\xf5\x9b\x05\xe8\xae\xb0\xf1CA3\xc3\xbc\xc3\
f>\xf5\x82\xcdu\xde7\xd5KM\xbbbN+\x0a\
\xe3\x09v*GJnA\x87r\xe4\xb1\x94\xaeR@\
\xf1\x8a\x0d\x1bJ\xc5\x17\x5c0\xad\x8b\xaa-\xf5\x06\x96\
<\xfd\xe3\xe8j#\x03m>J\xe5\xf5q\xea\xa1\x8a\
#\xaa\xf3\xf4\xf6\xdabyuKi\xb6X\x92W\xff\
\xe4\x1c\xdc\x16\x13\xcf-A\x99\x0c\xe1\x18\xadVq9\
\xaa\xc0\xd8\xac\xd3\xe9\x90\xd6\x08\x80y\xd6{{p\xb0\
O\x04\xc6\xda\x9d\xd3;\xf5z\xcdf\xc6alp\x97\
\xae\xc6~\xceI\x0e\xb4x\xab\xae\xb6\xea\x94\xae~Y\
~\x14\x11\xcc\xcba\x14\xe4\x15\x00\x82(?8::\
\xe8\xf5\xfb.dnz_\xcb]\xe2\x01\x00\x09\x8as\
\xb5\xf6\x96\x9aKl\xac\x22%\x00(\x02\x8c\xe2\xa0Q\
5p\xb1\x98s\x22\x22lA8\xcb\xb2,K\x11A\
\x84\xdd4+oj\xacq\x09Z\xcb\xe1\xcd#\x85\x08\
{\xbd.\x08\x10\x11*\x14\x00\x99\xb5\xd7L\xac\x97\x09\
|X\xf95?f8\x1c\x5c\xbet\xa9\xd7\xed\x1e\x1d\
\xec\xb777O\x9e\xdc^YY\xaf\xd7j\xae\x0f#\
g\x0a)d_\x816J\xbf\xf7\xfcr.\x14\x10\xdd\
 \xe7B\xd4E\x1e\x8eD\x1f\x80\x00\xb0\x801\x96\x10\
\x84\x94R\xc4\x5cD!\xb2$q2\xec\x0f\x9a\xcd\xe6\
\xea\xfa\xba\x1f\x86.\x96\xc1y\xa6xZgIr\xf9\
\xddK\x8c\xb8\xba\xbaJ\xbe\xf7C\x1f\xfb\xd8\xaf\xfe\xf5\
\xbf\xee)%\xf2\xfe\xa2A7\x0e.\xb0S)Wf\
\x0fn\xec\xef}\xfb\x1b\xdfz\xf2\xc9'\xbf\xf8\xa5/\
\xbe\xf1\xdakq\x9a\x01@\x10z\x9b[\xeb\xabk\x1b\
\xdb'Onnl.\xaf,yJ\xb1Hf\xacI\
\x8d\x13\x14,&\x8e\xb3\xc1phM\x1a\x04\xfe\xd6\xe6\
\xfa\xea\xdaz\xbd\xdePHY\x96u;]W\x14\xc1\
\x85\x84\xa2\xa6\x5c\x96piD\x91\xdc\x9e\x92C\x00\xa9\
\xca\x9d\xc2bZ\xf0\x87\x02\xe0\xec\x14\x88\x80h\x8c\x89\
\xb3\xb4\xdd\xef\x1d\x1d\x1e\xb6\x8f\x8e\x8e\x0e\x0f\xbb\x9d\xce\
0\x8aL\x9a\x95\x15\xe1\x09'\xcc\x1as\xb1\xc4<\x0b\
\xfeb\xc3\xd3\xe2\xc5;!\xde'v\xa8\x99xrz\
\x17\x83\x8aF=\xee\xd6\x0e\xd5eU\xedm\xc9\x87O\
\xe0\xc6\xd9\xda\xc8\xfc\xfe\x97\x9f\xab\x16\xcf|l\x01I\
\x91\xf64\xb9\xc2\x9b$\x808LR+\x1c4\xea\xe7\
\xce\x9d\xfd\xe8\x87?\xf2\xc3?\xf4C\x0f>\xf0\xe0\xe6\
\xe6f\xa3\xd1\xf0|\x1f\x0b\xf7\x96\xca4\x04\x00pX\
=\x7f\xdd\x90{\xbc\xc8\xfcX\x99\x05hpL+\x03\
\x80\x5c\xbf\x91\x99/\xa28\x0c\xa1\xb2}\xbd'\x0a\xf9\
\xf1\x07\xb6\xfc\xf3=\x04\x02w\xd9\xbd[\xb6\xdb\x86-\
2\xfa\xf0\xbdyJ\x119n\x1d\xc2\x05m1Mq\
[\x97Zp\xee\x04\xa9r\x97W\xbb\xcb+\xbc\xafm\
Z\x04\xcf\xfcu\xde\xc8,\xberU\xdarf\xe2\xe1\
\xd0\x95\x9au&g\x04T\x9a<O{\xca#\x22\xdf\
\xd7TJ\x01\x01(\xb2'\xbb4\x8c\xce\xe5\x81\x8b\xf8\
Cf\x16(\x12l\x0bTPR\xe5\xee4B_\x13\
Z\xfe\x02\x18\x09\xe3\x0a\xcd\xc4\xc8L\x9d6#\xa8.\
\xa7e$\xb7\x18\xca4\x13\x22\x93\xe2r4\xab+\xde\
\x86E\x1ff\xddw\xce\xdb\x19\xbb\xcf\xad6\xb6\xb2\xe7\
3O\x9c78\xb7\xd5\xa6;\x00\xb36\xbc\x99kd\
&t\x9c\xe8\x9e\x8c\x8fUuH\xe7]\xbf\xbc\xe0D\
%\xe2\x89\xfd{\x9a\x9b\x9a8\x8c\xf2\xec:\xb9U\xae\
J\x05\x8f\x01\x83)b\xb0\xfc\xcc\x15\xaf67'\x9d\
\x17_\x99om\xd1\xb0Ke\x87d)t\xb4\xdce\
n\x1c\xfcO\x16\xd9{\xbf\xdb\x9d\xcd\x16\xc7A\x00\x8c\
*\xc4L[j\xdcx\x96(\xd7\xa1\x9d(\x8a\xa3(\
\xf6\xeb\xa1\x88 \x03j5\x1c\x0e\xdbGm\xed\x05\xcc\
p\xef\xf9{\xb5G6\xc3<\xe8\xa9B\xe1NO\x9b\
\x99P\x10*s\x06`\xb6\xf69\xd3FY=\x9e\xf2\
x\xbf\xf2\x14\x14\x81\xc0\xf7\xbb\x9dNf\x8cR\xca\xb9\
\x92N\xdf\xbd\x10\xa1\x22\x00\x84\xc4\xc2\xca\xd7\x81\x1ff\
\xc9@\x93\x06\x11F \x97Q\x13\x84\xa0\x94\xb7X\x02\
Cv\xd4\x18\xb31\xc6\x18\xa3=\xcfZ\x1b\x86a\x99\
\xc4\x0b\x00\x8c1\xbe\xefW\xa3\x98\xd0Ep)\x22\x22\
\x97\x19l\xf1\xc3V)\x91\x89\xd77s\x1b5\xc6\xec\
\xef\xef\xf7z\xdd\xfd\xfd\xbd\x9b7o\xee\xec\x9c\xde\xda\
:\xb1\xb4\xb4\x14\x04\xa1\xd2cV?\xce=\x15'M\
W\x0e\xea\x14\xa4\x8d\x1b\xdb*\xe9PfYD$\x14\
fk\x0d\x112\xa3V\xba8E\x00 \x8a\x22\x00X\
__o\xd4\x1bZ\xa9\x12\x0d\xba\x94\xfa\xd7\xae]\x1f\
F\xc3\xb5\xcd\x0d\xaf\x16<\xf8\xf0C\xbf\xf6\xd7\x7f\xa5\
\x11\x86<\xf2\xd2}\xef\x1b3\xbb\x90\x0a$T\xa0\x00\
\xe0\xf0\xe0\xe0\x0bO=\xf9\xd9\xdf\xff\xbd\xaf<\xfb\xec\
\xa5w/\xb9Q\x0c\xc2\xda\xc9S'\xb6\xb6\xd6N\x9d\
<\xb9\xb1\xb1\x1e\xd6Z\xc0\x02\xcc\xd6\xda8\xcb\x84\x08\
\x09\x05\xed`8\x1c\x0c\x06Y\x9a\xfa~\xb8\xbc\xbc\xbc\
\xb9\xb1\xd6h4\x989M\xb2n\xbbc\xac\x11\xc8\x8b\
,RQ-@\x0a\x1a>\x7f\xdde}\xf7\x82\x98\x1d\
y-\x14~.\x00X\xa4\xd9BE\x08\x80\x96y\x98\
\xc4\xddn\xaf\xd3n\x1f\x1e\x1d\x1du\xda\x9dN\xa7\xdf\
\xefgI\xc2\xec\xacd\x98\x0b\xba\xa9\xf4N\x8b\xf1\xdb\
\xe2\xef\xa7?T\xf9\x8e1Y\xed\x0c\xca%\xc0\x19\x1d\
\x84\xe57\x22R\x06\xf7N\xdc\x0bso\xd9\xca(\x95\
0\x06\xc7;P\x91!U\xecWm\xa5\x0fT)\xf6\
GU7\xc7A\xe3\xc4\x83O\x88\xafR\xe3rc[\
\x98{\xac5)\x0b\x83\x88\x1f\x04\x1b'\xb6\xce?p\
\xdf\xc3\x8f<\xf2\xb1\x1f\xf8\xc1\x07\xef\xbd\x7fk}\xc3\
\x0b\xfc|\x1d\x95\xd7\x1a\x7f\xdey\xe4\xd8\xc4vs\x9c\
\xf72\xfa\xb3\x02<\xe6\x81\xfc\xe3h\xfb\xb7\xdckf\
\x1ep\xcb\x89t\xf7m\x1e\x12\x9e\xf7D\x0b6\x91y\
ml\xa3\x19-\xcb\xf7\xb1-\xc6\x0b\xc7\xecv\xd9\xbe\
?\x0a\xb6\xfey+\xdaL\xd3\xf8\xbc_\xe1\xf8h\xbc\
P@K\x1b-\x11E\xc3\xe1p8`\x11\xa5\xb4\xf6\
\xf4`0\xcc\xb2\x8c\xd9\x80XMJk\xcf\xf3=\xa5\
5\x12iO#\x22Y2\xc6\x10\x91\x22\xc5\xca\xbaT\
4\xd6\xda\xaa\x88df\x07\x0a\x99]&<\x912\x95\
\xb5\xbb5\xe5*\x98\xab\xcb\x0bS:\x9f\xccQ\xd6g\
\xb6b\xe1\xe5j\xb7\x8cJc\x8d)\xfd\x0c2*t\
6\x8e\x07\xa0\xb21\x94\xb2{Z\xd4\x96?M\xefC\
y\xffK\xd8\xe9~Z\x88\xa6&\xbe\xccw\xc8R3\
\x9d\xf2\xd5\x5c`p\xbd\xad\xd5>\xf3D\x99\xc5\x84T\
Q\xf1\xc460\x01\xce'0\xde\xbc\x8dj\xfa\x94\x89\
\xb3&\x0c\x04\xd3\x9f\xab\x5c\xc4\xa41xb\xae;s\
\xfa\xfc\xbb\xcf|\x89R\x84aL\x9cU\xe5\x09\xdd\xf5\
\xab2>\x9fQPTn.\x12+B\xc9\xa8\xcd\xd1\
\x18\x04\xeed[\x9d\xbe\xdaL\xdelBP\xdcRJ\
\xcc\xdd\x8c\xdd#\x14\x88\x0fa\x94\x0b\x94\x1d\x014\x8a\
\x10+\xb8/\xe1\xfe\xa0\x0fn\x813[\x11T\xde\xe1\
\xc1~j\x8cF\x5cYZ\xdd>y\x22K\x8d\xd3u\
\xab\xd9\xd2f\x9a\x0f\xa6\xe7\xd8Lp8\xf3)\xaa\x8f\
\x5c\xba\x96\x95\xd6\xab1we\xf7\x9e\x84\x89\xa8\xf4\x17\
\x9d\xb8\xdaTL\x11\x22\x02)\x12\x800\x0c\xb5\x17\xc4\
\xfd\x8eR^\xee\xc2W\x0cW\xd5\xbe\x90{\x8e9\xb1\
\xc8l\xacM\x92\x84\xadu&,7\xbd\xab\x95W&\
TO\xe7\xb8!e\xf0\xf4\x94\x01\x0b\xa7\xbe\x9c1\xeb\
\xc6\x1b\x14\xac\x88\xfb\xc0\xcci\x9a\xed\xed\xed\xb9X\xb2\
\xd3\xa7\xcf\x9e9}fcs\xa3Q\xaf\xa3*\xc5\xd7\
\xd8\x1d\xaab!/\x1dQ^[\x80\xc8\xd9\x13r|\
8:S\x04\x01\x9d\xd7\xa5R\xca\xf3}\xcby\x0d\x00\
c\x8c\xe7{g\xcf\x9duE\x05\xb5V#)Dx\
\xb0\xbf\x7fxx\xd0Z^\xf6\x83\xf0\xd4\xf6\xa9_\xfb\
\xeb\xbf\xba\xba\xd4z\x1fr\x8a\xe6\x1e4\x96\xd9e\x89\
\x04\x22a~\xeb\xe2\xdbO\x7f\xe5\x99g\x9f|\xe6\x1b\
_\xfb\xe37.\xbc\xedf\xdf\xf2\xf2\xca\xe6\x89\xf5\x13\
'Nlml---y\xbeO\xcc\xd6\x98t\x18\
\xb1\x88\xf2\x14\x82\x18\x93\x0d\xe2\xa8\xd7\x1fdi\xeai\
ouuucm\xad\xdeh\x22b\x96&\xedN\xc7\
\x1a+\xce\x01\xd9\xd3\x00\x88\x85\xdfqn\xa4rD`\
\xb9U!\x16!\xdc0\xaa\xdd\x09\xf9ZuV1\xa4\
\x1cB2\xf3 J\xba\xbd\xee\xc1\x91k\xed^\xb7;\
\xe8\x0f\xb24c\xb6\x0e\x04j56y\xaa\xe9\xd6F\
\x1e!\x95/\xcb\xb5\x89P\xdas`\xf4gI\xd0\xe1\
\xf8U\x8a\x02$\x808\x8ay\xac\xb8\xff\x94\xd3#\x07\
'\x84P\x9cT\xca\xf3\xea6,\x02X\x04\xd7\xfe\xff\
\xd9\xfb\xd3h\xdb\x96\xeb,\x10\x9c3\x22\xd6Z\xbb9\
\xfb\xf4\xe7\xf6\xf7\xbe{_'Y\x92eI\xb6l\x19\
7\xd8\x06\xcb\xc6\xc6\x0d\x86\x01\x83&\xcbd:\xffV\
\x0d\x12\xf8A\xd6\x1f\xb2\x06\xd4\xa8\x22m\x0a\xaa\x0cd\
b\x9ar\x91T\x9aA\x92\x99\x8c\x02\xe3\x06\x18V/\
=\xb5\xb6%K\x96\xa5\xa7\xd7\xbfw\xbbs\xce>\xbb\
[]\xc4\x9c\xf5#b\xc5\x8e\xd5\xec}\xf6\xb9\xef=\
\xd9\x06\xc7\x1b\xef\xdc\xbd\xd7\x8e\x15+V43\xe67\
\xdb\xa5\xe3\xa4\xdf\x11!l\xecB\xa7!\xa2\x0bwG\
\xfb\x83?\x80<\xc3\xe3\xc1\xa1\xff\xccd\xff#\xa7M\
\xa7\xe5\x16\xab\xba\x87\x88\x80R(\xa5\xfa\xfd\xfehw\
\xe7\xf0\xe0\xf0\xf6\xed\xc7\xde\xf2\xd4\xd3O>\xf5\xf4\xad\
\x9b7\x0f\x0f\x0e\xb6\x87[BJ`\x06\xd14\x89\xdf\
\xe4\x88\x0f\x8f\xdd5\xa4\xa0\xe3\xae\xa5\xd0f9\xc5]\
\xbb\xe2|\x7f\xc2\x0e\x9c\xf9\x9fqA~\xfdm|]\
\xcb2\xca\xe8\xa3\xdd\xbf\xd9\x8d\x9eX\x07J\xd0\x0b\x1a\
K=Z\x0fW\xdd\xf5\xc8\xef\xbb\xf9\xb3^\xcf\x90v\
2p\x9d\x0c\xd3\xaagup\xf9.\x0e\xb8]\xa3\x82\
\x18&\xd3q\x91/\x90YJ\xd9\xef\x0f\x8a\xa2\x9c?\
\x98\xe9\x22G\x80\xcc\x18M\x86\x98\x85\xc4(\x8e\x92\xa8\
\x17'\xbdH\xc5RJ\xad\x0di\xd6\xa4\x91J2,\
\xa5\x22\xa2\x8a\x7f\xb1\x94\xd18bH\xcc\x5c3\xc3\xf0\
\x98\x8d+\x1933\xb3\xb5-\xaa\xa8\xa7'\xbe\xfee\
\x97\x84\xd5\xbf\x0b\xb6F\xdb\x9b\xc7\xa0c\xca\xabh\xaa\
\x00\x00\x82C\x03\x92f\xcc\xc0\xceQ]\x85\x7f:i\
\xee\xf2\x0a\xb8\xb3\xc7\xbe\x89\x7f\x96\x9f\xd00\x92\xe7\xf2\
\xaf\xbd\xa3\x0a\x92\xd9\x09\xa8\xce\x15b\xb5A\xd4*\xf0\
\xd0\x8e\x00\xdeF\x95\x9d\xb0\xbc\x03\xca\xb6\x01U\xcb\xfd\
/l?\xbc\xa5\xf3\xdc\xea|D\xe7FX\xbf\xe6\xbd\
D`\x0d\xac\xea\x06\xdb!\xdbj/\x12\x19\xd6J)\
%\xa45\xea\xab\x81\xb9\xa5\xf6\x8c `2\xd6\x08S\
7=#\xb9\xc6{mr\xef\x9aj\x1b>\xf4\x9cQ\
\xad~%\xe6*\xb8\x0e[\xaf9\x1b\xa2\x93\x98\x89\xf5\
l6A%\x05 \x13\x18\x042\xe6\xf4\xc1\x03\x14\x82\
\x89o\xdc\xbcz\xb0\xb7\x97\xe5\xa5\x00h\x86lj\xcd\
x{!5\x16X'\x5cl\xac\xb1\x86\xec\x00\x9d\x92\
J,\xc5@U\xb0*`b\xc1\xa7'\xa7\xed\x9e\x84\
$(Xc\x0cRhS\x8e\x06C)%\x018W\
!\x02\xa8l%\x972\x82ju!\x00\x1b\xc3\xc4e\
i\xb2,\x13Rz\xec\x87\x886\x07\xac\xcd\xa1b\xc8\
T\x0e\xaf\x00\xde\xfc,\x90G\x84\x80\xb3\x93\x225\x18\
\xb8\x86\xa0\xc7Me\xa0\x06\xb19\x09m\xf4\x8b\x87\xc7\
\xc7i\x96\xcd\x17\xb3\xdb\xc5\xed\xeb\xd7\xaf\x8f\xb6\xb6\x00\
\xd10Y\xf6Q8\xe7F\x0e\x17<\x07\x0av\xeb:\
`A\x0b\x02\x12\xd9\x88Yv\xe1\x10\xa0`b\xa3\x0d\
\x11)\x15\xc7qd\xacA\x1dBQ\x96\xa3\xed\xed\xc1\
`\x00\x00q\xac*\xb4\x80J\xa9\xc5|\xfa\xdak/\
G\xb1\x8a{\xc9\xceh\xe7O\xfe\xc9?u\xe3\xcae\
M\xa4\xdePKQ\x22\x226B(k\x0bCL_\
\xfd\x9d\xaf|\xe8#\x1f\xfa\xd5_\xfc\xa5\x0f\x7f\xf8C\
\xaf>xh\xe7bgo\xef\xd2\xe1\xd1\xb5\x9b7\xae\
^\xba\xbc=\x1aJ)uIEQ\x14i\x0e\x80R\
\x09T\xc6\x14zv6\x9dM'\xc6\x98$\x89\x8f\xf6\
\x0e\xf6\xf7\x0f\x07\x83\x01\x00\x97\xba\x98\xcf\xe7\xd6\xd0\x06\
QH%\xac\xcd_\x05\x97\xfc\xf4\xc9\xe6\x16\xae\x84V\
\x88\x8e\xdfDQi\xc3\x18\xd0f\x7f\x14\xc8\x88e\xa9\
\xcf\xa6\x93\x93\xd3\xd3\xe3\x87\x0f\x8fON\xa6\x93I\xba\
H\xcb\xa2\xb0g\x90\x94RE*\xcc+\xb0\x94,@\
S\x05\xc7\xe7)\x9d\xd6\xd0\xa8U\xe7f3Bf \
\xd4h\xc88\xfc\x17\x7f\xb1\xd6\x143V\x06\xae\xb5\xe0\
\xba\xc10\xc2\x0a\xda\xd8\xee\xb9_\xc9mi\x94\xff\xbc\
\x8c\x98\xb0\x0c)\x5cY;0\xa0\xcf\xfb\x82B(\x89\
B\xc4I/\x8e\xe2^\x9cl\x8fF\xa3\x9d\xad\xbd\xbd\
\xbd\xcb\x97.]\xbaz\xf5\xf2\xd1\xd1\xc1\xce\xeehk\
$edyd!\x1ck\x04\xad\xf1l\x13\xe1\xf5G\
\xe7\xaa\x89\xe8\xbcw)\xb7Z\xeb\x82\xe8W\xc2\xd2Z\
\xb5\xb3\xb5\x15\xf7\xae\xba\xb8R\x1cy\x9e.ns\x90\
\xbc\xfe\xa7Uk\xe3\xdc\xc6k\xfd\x09\xc92\x84\x83\xfa\
\x88\x0d\xae,\xb4\xe2\xc5\xd76\xdf^6\x9dE\xc1j\
^\xf3\xdc\xa67\xaf_\x09\x8f\xde\xc8\xa7l\xde\x8d7\
\x10\xfe\xado\xaa\x93\x8d~C\x9e\x12Ng\x9b}\xef\
FM+:@\x00\x80\xccFO\xce\xc6LF\x0aT\
B\x90\x12\xc3\xc1`\xfb\xce\x93\xa5\xceON\x8f'\xe3\
I1_\xe4YFd\x98I0H%\xa3$\x19\xf4\
\xfbI\xd2SQOEJ\xb0\x22c\x88H:\x1fk\
&b\x08$c\xcc\xe48\x1db\xaek\x11!\x90U\
{\xe62,M'\xe6\x00up]\xd5\xd3\xe9`\xd6\
\xe4#\x03\xcdFcX\xda(\x08[\xda0\xa8\x1f\x15\
\xd0\xe5\xd5\xd6h\xcd\xca@k\xaa\xa4\xd5\xd2>/l\
\xf7\xd7\xdb\xfe\x81\xe7\x92\xbf6\x0b\xbbj\xe5t.\x8f\
5\xe8\xa5\xf3\x05\xdb\xe7\xe5*h\xda\xb9h\xfd,\xb7\
\x99\xf8\xb0B\x03\xb3\x85R\x83\xf6\xec\xfb\xafa\x83\xab\
\x10N{(\xd6\xe0O\x17wT))\xa56&\xf4\
\xda\x0a\xfb\xec]j7y\xe8\xb9\x93\xe8E\xef\xf6\xfe\
\xd5\xf7\x04ww\xcdlgW;\x11{\xe7\xbb7D\
\x06\xaef\x05\x9d\xbds\x8e\xdd\xc9\xc4T\x14e\x9af\
Q\x1c\xdbN+\x15-\xb2\xc5t2I\x92\x9e1\xfa\
\xd6\xcd\x9b6\x5c0\x04\xd1d\x1al\x19\xacX\x9c\xed\
j\xb0\xf6\x08o\xe3\xc0p.\xfc\xbb8Y\x12\x19\x10\
QY\x94\xf7\xef\xdd\x85\xba\x13\xf8\xca\xd3\x97A\xa1X\
\x14e\x7fk\x8b\xd0\x18\x22\x89\xa2\xb6\xdd\xeaV\x03\x95\
\x85\x82\xc3]Z\x97E\x917\x1ea\x7fua?\x88\
j\xde\xa6\x81\x876:\xdaR\xbd`\xb0A\xc20\x1b\
\xab\xc6\xcag\x11`b)dgNW\x22*\x8a\xe2\
\xfe\xfd\xfb\xb6\xe6\xcd\xc7n\xf5\xfa}b\x10\xcc\xe8\x22\
3\xb1\xe7\xd9\xab\x17\x0c\xb5\xe7\xe82P\x06\xa3-\x82\
\x1b\x1c44\x14\xf5U\x1c'.\xe1-\xb0\x10\xc2\x1a\
\xd7\xc5q\x5c)\x92\x10\x05\xea\xb2\xb8\x7f\xef\x81\xd1\xd4\
\x1f\x0e\xa5R\xdf\xff\x03\xef\x7f\xfb[\x9f\xd2D\xea\xf5\
\xea\x06\xadP\xc0\xca2@\x08\x14B\x08\x10\x00\xf0\xdb\
_\xfa\xf2\xaf\xfc\xca/\xfe\xd2/\xff\xf2o|\xf6\xb3\
\xf7\x1f\x1c\x13@\xac\xa2\x83\xc3\xa3\xcb\x97\x8e\xae]\xb9\
zp\xe9pk\xb8\x85\x00Z\x9btQ\x80\xcd\x01(\
\x05JQ\x96\xe5\xf4l1\x9bM\xb5\xd6I\x92\x5c\xbe\
|\xf5`\x7f\xbf\xd7\xef1AY\xea\xf9l\xa6\x8d\xe1\
*|\xe7r\xbc*5 \xd4\xc9i{\x12\xabz\x95\
\x08\x92AX\xdbP\x14\xc8\xa24f\xb2\x98\x9f\x8c\xc7\
\xf7\xee\xde\xb3\xf1B\xf3\xc5\x22w)\x04\x85\xac\x02\x04\
\x84\x8f\xa8\xe3(g{\xdf\xc6f\xe1\xc6iGs\x81\
\x15G\x9b\xaf\xe6o\xf1\xd5\x1a\x81\xeb\xdc\x07!\xb0\x05\
\x0e}d\xce\xf6\xed\x8d\x9f\xfcE\x0f\x08\xc3\xc2\xf5\x10\
/\xcb^U1\xe7BUsX\xc1\xdf\xe5\xbf\x0a!\
0X\xb1\xf6\xafRJ\xaaXEQ\x1c\xc7I\x12\xf7\
\xfbI\xaf\xd7Oz\xc9\xa0?\xd8\x1a\x0c\xb6\x86\xc3\xad\
\xa1\xcd\x1d1\x88U\xac\xa4\x14\x88(\x80Q\xdb7\x07\
\x10\x00\x1d\x9b\x17\xd7\x0erc\x9d\xacG\x5c\x17\x82%\
\xeb\x89\xed\xb9b\x82s\xaflx\xe3\xb9\xb7_\xf4Y\
\x1b\x22\xd5M\xca\x86\xb8\xf4\x9cF<\x98\x5cq\xceo\
\x82&\xde\x90\x9e\x5c8\xca\xe8#\xd5\x7f]\xe14\xdf\
\xecr\xa1\xbemX\xf9\x91\xdbl3.\xbeB(\x8b\
]s\xd7\x9aG \x002\x122\x01g\xf3\x99\x05\x84\
\x02!R\x92H\x5c\xbd|\xe5\x07~\xf0\x87\x84\x12'\
\xe3\xd3{\xc7\xc7\xf7\xef\xde\xbf\xfb\xeak/\xbf\xf4\xe2\
\xbd\xd7^\x9d\x9d\x8d\xf3,\x9b\xcd\xa7\xc7\xc4\x021\x8a\
\xa2\xb8\xd7\xef\xf7\x07I\xaf\x1f\xc5\xb1\x94R\x0a\x09\x0c\
B\xb2w\xbca\x22\xab0 \xaeB\xb1\x07FP\xa1\
\xc5\x85\x974{\xe3\xa5\x104B`\xd4\xb4\xea\xbd\x98\
*C\x19\x866g\x89\xde\x22\xa2>\x86\xd8Rg5\
\xa6\xa3\xf1S\x18/\xa7\x81:Vt\xacf\x5c\xb8\x12\
\xacv\xb9\xe4A\x1d\x11\xadZTk0L\x03J\xad\
\x1a\xbd\xf6X\xb5%\xa6\xed[\x1a\xe3\xd6\x00`m\x0c\
\x19.\xe0\x8e\xe9[12\xed\xd5\xde\xbe\x8ek\x85\xd3\
k\xdew=\x08i#\x10\xaelG#\xa5\xca\xb2l\
\x8f\xc0*\x08\xb1\x1em\xb6{\xb8\xec\x15\xae\xb7\xdf\xf1\
\x8d/\xa3\x09\x9e\xdb\xf8\x86\x17\xc3\x12r'\xcb\xca\xe8\
6m\xb3)\xe64M\x8d\xd1\xb1\xe811\x03\x08\xc0\
\xe9\xe9\x89.u\xa4\x92\xed\xd1\xe8\xb1\xdb\xb7M\xa9\xab\
\xe8N+e\x84\xe7\x92\xb8U,N{\xc1wn\x81\
p\xff\xbaB\x1c\xf7\xfb\x8b\xc5|6\x9b:\x88UG\
\x1a\xed\x15\x8e\x00\x02\xc0\x14zk4\x12\x02\xa8\xbd\x97\
\x99\xc3\x049\x15\xab\x87\x86\x8c1\xdahS\x14e\xa3\
\xf3K\x91\x87\xed94_sY?\xd0\xe7\x04f\xa4\
5-J\xe3\xc8\xa8\xe6\x0d<\xe3Qk\xd3a/\x97\
\xd1\x1e\x00\x06\x83\x81R*\x8ec\x04\x04M\x12\x85T\
\xc2J\xf70\x98\xbe\xf0)\xdc5w\x95\x10\x01\x00+\
\x86\x1bm\x1a7f\x80~\x7f\xd0\xeb\xf7\x16\xd9\x02\xac\
\x8e\xd6*\xaf\x94\x12Bx@-\x10NN\x8f\xa7g\
\x93H\xc6(\xc5\xb7}\xfb\xfb\xfe\xc8\xf7}/\x01\xcb\
\x8b\xeb\x06\xbd~\xdf\x8e\xad!\xab\xa5\x94BH\x9b\x8d\
\xe4\x85\x17\x9f\xff\xf0\x07\x7f\xed\x97\x7f\xf9W\xfe\xfd\xaf\
\xfe\x87\xfb\x0f\x8f\x01 N\xe2\xa3\xcb\x97\x8e.\x1d]\
\xbdze\x7f\x7f\x7f\xab?\x12\x88\xa5\xd1Y\x96\xa1!\
\x12(\x85@\x04m\x8at\x91M\xe7YY\x14\xc3\xe1\
\xe0\xf2\xe5\xcb{{{\xfd~\x1f\x18\x8b\xbc\x98\x9c\xcd\
\xb4\xd1\x95\xe1\xa0\x8d}\xe9\xf6\xad_\x18\xabV2\x82\
\x0b'\xba\x5c\xbd\x95.\xd6#\x1dMz>\x9f=<\
9y\xf8\xe0\xf8\xe1\xc9\xf1\xd9\xd9\xd9b6\xcb\xd2\x8c\
\x89\x84\xb080i\xe4*\x08\x17@\x0d\x1fZ\x8d[\
\x0b\x805\xaa5>4\xd6^\xbbr\xfb+t!\xbd\
N\x1ch\x97\x8d\x8d7\xeb\xaf\xf8\x85\x8a\x95\xf7\xa3S\
\xcdY\xff`\xe1r3\xf8\x8bP\xe1=\xef\xce\xe7\x9b\
bf\xdfB\xa3W\xf6\x8aO\xfag\x1f\xaa\xa4\x94J\
I!\xa5\x14RH\xa9\xa4\x8a\x22\xa9T\x1cEQ\x1c\
I)\xe38\x8e\xe3\xb8\xd7\xeb\xf5\xe2\xa4\x97$Q\x1c\
\xc5J\xc5Q$\x94K\x9d\x22Q\x81\x0b\x10\xcahC\
\xf9\xae@\xa4\x1b\x96U\x14r\xd5\xe1\xb8\xfe\xeb\xfa\x0a\
\x9e\x83\xda\xb03\xff\x19\x967\x04\x9e}\xfd\x1f\xfa\x06\
D\x19]Q\xac\x14\xd8\x9e\x91a3K\x93\xb9\xf6\xc9\
\xb1\xb6\xb8\x94\x9e\xb6q\x00k\x9fuN0\xcf5\x8d\
\xaf\x82\x01\x9b\x97\x0d9<\xd8\x98\x1d\xec<JWi\
\x1b\x1aWV\xf1\xdc\x00\xcb([h\x99L\x92 `\
<>]d\x05\xb1d`%\x05\x09q\xe3\xfa\xf5\xd1\
\xd6\x80\x99\x87W\xae\xde\xbcr\x15\xde\x0e\x0c0\x99L\
\xee\xde\xbd{\xef\xee\xdd\xe7\x9f\x7f\xee\xb9\xe7\x9f\xbf\x7f\
\xff\xfe\xd9\xd9Y:\x9fN\xe7sf\x10\x88J\xa9\xb8\
\xd7K\x928\x8e\x12\x95DR\xaaX\xf6*r*\x11\
\xa5\x00\x00i\xe5\xc4\xc0\x0c\xe4\xc1!\x1bgt\xefS\
]1\x1b2\x15\x98\xf2f\xfa@B2[\xabTf\
v\x81\xec\x96\x90\x0b+\xbb%k\xa2\xd9\x093*9\
\xbd=Um5\xe4&\xcc\x081Fx\xa51;\xab\
\x98\xd1\xc6\xafKLX{\x8a\xedrG\xe8\xb3\xf6\xd3\
\x1bK(\x9cQ\xd7\x16\x06n\xe0\x14\xf8O\x06&\xb5\
\x9d02\xecm\x88mV\x09\x1d\x1aH\xb5\xf3\x95;\
+\xafZ\xaeag\xc2\x0exN}\x15\xcc\x0e\xaf[\
\xadB\x03\xbc\x85\xf3\x1ezd\x85c\xdb\xeej'8\
\x0c\xaba\x95N\xca\xfa\x13\xda\xfc\x84\xf5\xb9^\xb9\x18\
\xdas\xba\x1eB\xbb\xe3\xb6>o\xab\x80\x8d[S\xe0\
v\xc1\x1br\x08\xad\x99A/a\xc1J\x90\x03V\xdb\
c75\xd0|>G\x10B\x08\xd0\x04\xc0\x9a\xf5\xc3\
\xbb\x0f@\xca\xbc\xc8\xde\xfa\x96\xb7\xec\xecng\x8b\x05\
b\xc4\xc8\xb0\x84K+K\xf8\xdc\xf6\x80oR:\x07\
d\xa9\x9a`\x97N\x83\x18\x22\xa5N\x1e\xde\xcf\xf3\xdc\
2\x88\x9db#\xbf\xd4m\xa6>)\x84a>\xd8\x19\
%\xf6\xb8\x0bue\xe8h\x8c\xb0\x1f\x5clR\x12\x88\
d\xca\xd2\xe8\xbc\xd4E^ZJ\x87\x95b\xd9\x16!\
\x84\x00\xb4r\xae\xe5z\xa8\xafO\xc1\x159\x12\x02Z\
\xb8\xc8\x8f\x8f@\x14\x15\xad\xf1gg\x95\x88u9\x88\
\x0c\x8c(\xc8\x9a\x1d:z\x89*R\xc3\xc1`gg\
\xb4\xb55\x88b\x15K)\x840\x86\x08\x89\x88\x0c\x13\
\x06\x8f\xb3\xfdC\x02v\xe9%\x00\xd8\x8a\xea\xd0:\x05\
\x80@bR\xc0\x92Y\x09\xcc\xf2\xd4\x18\xc3\x04\xdb\xc3\
\xad\xc82\xe8\x00F\x17,\xa0\xd7\xebY\xee\xdc\x92\x03\
)U6\x9f\x8fO' \x05\xc4\xf2\xf6\xed\xdb?\xfa\
\xc3\x7f\x5c\x09A\x8f\xc0\xfd\xb0;&\xd8\x10\x00H%\
\xa5TR\x82\xd6\xe5W\xbe\xfa\xdb\x1f\xf9\xd0\x87\xff\xe3\
\xaf\xfe\xea\xc7?\xf9\xcc\xe9xZ\x96\xa5\x94\xe2\xda\xed\
[G\x87\x87\xd7\xaf\x5c=\xd8\xdd\x1f\x0c\xfa\x04\x5c\x14\
E^\x14h\xa7\x06\x09$\x00\xd3|\xb1X\xcc\xe7\xc6\
\xe8\xfe`x\xe5\xca\xe5\x9d\x9d\x9dA\xbf\x8fLy\x9e\
O'\x13\xa3\x19\x10l\x94\xeajQ\x82\x5c\xae\x96\x1a\
I\xf3\x00\xdf\xce|\xfdlr\xb3\x83\xe0\xd6\x03\x01\x16\
\xba\x9c-\xe6\xe3\xf1\xf8\xf8\xe4\xf8\xf4\xf4\xf4\xecl2\
\x9bL\xb34\x15(\xb4\xd1RJ\x95$\x9d\xc6\x99\xfe\
C\x03\xc2Ae\xde\xe2\xe0P\xf0\xd9\xfe\xe6\xd5\xbc\xed\
\xdb\xa1\x12(x8\x07\x81\xfa\xd1\xe3\xae\xb0\xbe\xad\xec\
\x91\x1e\x04\xa0\xae\x81\xfd\xac\x16\xce\xa9\xe6\x02@\x18b\
\xc5Z\x05\xb9D\x84(*X\x88h\xc3{\xa2\x10\x80\
 \xa5D\x00\x97\xd6\x0f\x10\x04\xda\xa4\xf3\xbe\x11i\xf5\
\x80RH!\x97\x9a@k+b\xa5\x08R*\xa5\xa2\
(\xf2\x1f\xec\x01\x11E*Nb\xa5\x94\xb2\xdd\x96\xc2\
[\xe1\xda\xbf\xe43\xcc9\x93_\xe8\x9c\xa0e8\x1c\
^)\x19\xecDn\xab\xb8\x94\xce\xc3h\xf3\xaf\x8e\xaa\
T:d\xef\xbc\xe3\x92\x9a\xc0R\x8eyn#\xfe\x80\
\xabiB\xd7\xa8\x07\xb9\x95q\xba\xcb\xc6\xb5\xf3q\xcb\
\xc3\xb4n\xb7\xb5\xa6{\xe7\x8e\xf3\xfa{\x9b\xfd\x84\x0a\
\xf1\x07G^;D\xfe\xb9\xaa\xc2\xce\xc2\x17\xa4\x82k\
\xca\x12\x106x\xa6\x0b\x91\xda\xae[\xacb\xb0Y1\
\xac\x7fQ5Z\x80-W\x9e\x04o\x86\x06\xef\x11\xee\
msT\xe7Vkp\xab!\x93\xbd\x09&\x04X\x89\
\x01x\xb9b\x98\x19\x19\x81M9\x19\x9fim\x08\x80\
\xaa\xa8\xd5\xdb\xdb;\x8d{\x11ag{{g{\xfb\
-O?\xfd\x9d\xdf\xf5\x9d\xc7\xe3\xf1\xab\xaf\xbe\xfa\xdc\
\xd7\xbe\xf6\xec\xb3_\xbd\xfb\xea\xab\xa7\x0f\x8f\xe7\xb3y\
\x9a\xa5g\xa7c\x8b\xd3\x84\x94J\xc9HEq\x12G\
Q\xa4T\xcf\x92G\xa9\x94\x97\xf4!\x08\x10\x88\xcc\x02\
\x04J\x87\x0d\x01\x98*\xbbQk}j\xb5\x87\xc0l\
\xb8R\x18\xb23A%\x22\xe1\x80!\xb8t\xc6h\xbd\
\xe2*\x7f\x18\xe0\xf6\x98@e\x1e\x86>\xc6}\x90 \
n)9\x0f\xce\xec\x90rt2\x88k(QP\xc7\
\x89.\xdcubD\x1f\xcd\x12C%\xe2\x1a2\xdd\xc4\
\xa8\x0c\x0e\xe2V\x01{<\x8f^\xf1~\x1bi\x8c;\
\x17\x98;\xae\xea\xa6\x98\xeb\x97}{\xe1y\x06\xd7\x8f\
\x18\xb4hK\x1b|\x86w5\xc0X{\x1c\xb8Z-\
\xeb\xef\xaa\xa9/V\x03\xd1\xceA\xe8|5\x8b\x09m\
\xa0\xdd\xb6\xb8\xa7s\xab\xb6\x17L[\xe8\xb3\x0a3\xb7\
\xdf=|\xafUS\xd39Yk\x90vg\xaf\xda+\
\xc4\x07>\xf1\x17\xfdu;\x17\x86t\x96fR)\xb6\
\xb6\x82B\x14E1\x99\xcd\x84\x92\xa6\xd0\xb7\x1e\xbb\xc5\
L\x81\x8b\x05\xf2Z<\xd8\x98\xb2FJ\x9bN)[\
\xf8\x8e\xabP\xfaRF\xe05\x5c\xcc\xc4,\xa5<\x1b\
\x9fic\x1c\x1ai-\xce:#\xec\xc2\xd5\x12\xf0\xde\
\xce\x0e\x10Y\x86\xdf\x05\x95@'\xad\x00\xefG\x87h\
\x0d-\x19\xc1h\x22bk2\xdax\x03;\xbc\x96\xbb\
]%yi\xaf\x8a\x95s\x8a\xc8\xec\x13o.\xd7\x8f\
\x08\xc0\x89\xe3\xc2\x9d\xd2\xcajN,\xfd`\x81\xa2\xdf\
\xeb\xef\xee\xec\x0e\x06\xfd8QB\x01\x00\x09!Y\x83\
\x9b\xc7JQ\x1c\x08&\xdcQc\x09\xaa\x10\x82*\xea\
\x8aN\x09\x06\xcc\x14\xabh<\x99h&`\xee\xf5\xfa\
n5 \x18\xa2~\x7f\xe8\xe1\x81\xc3\x96Z\x1f?<\
\xce\xf2\x5cF\xd1\xee\xfe\xfe\x1f\xfb\xe3?r\xe5\xe8\x92\
\xa1\x0b\xab\x07\xad\x0c\x12\x10\x95\x10\xa0$\x00\xe4E\xfe\
\xcc\xa7?\xfe\x8b\xff\xbf\x7f\xf7\xc9\x8f|\xecK_\xf9\
\xf2\x22\xcd\x01a4\xda~\xec\xce\xed\xed\xed\x9d\xa3K\
G\x07\xfb\xfb\x89\x8at\xa9\xb5\xd1i\x96ic\xac\x17\
\xa5\x94\x02\x88\xb24\xcd\xb2\xcc\x18\x93$\xc9\xd1\xa5K\
;;;I\x92\x18c\x8a\xa28;=\xb5'\x1a\x22\
\x82\x85%\xb0dv\xc3~\x07S\xb9\xbc\xb8\xb4\xe0t\
rL\xa8,o\x81\x11\x09\xd8h\x9d\xe5\xd9d>;\
>>~\xf0\xe0\xc1\xd9x<\x9bN\xf3\xbc\xd0F\x93\
1\x91T\x00,\x84H\x92\xa4M\xf7\xc2\xbfmh\xd7\
\xfe\xda\xf8I\xe2\x12\xe0a\xa5@\x0b?\x84\x00\xaf\x81\
\xeb\x5c\x0b\x15&l`\xbf\xf0\xae6\xf0CD\xa5\x94\
\xbdbk\xda\xbf\x16\xc25>/\xeb\x08\xc1\x08\xa2j\
y\x99\x17^ zO\xbf\xea\xe9P\xe1F\x87\xe1,\
\x16D\x94U\x01\x80\x0a\x0c*\x8f\x0fUU,n\xb5\
a\x90\x94RPAQk]\x0dv=\xa3\xb0\x9c\x87\
\xa8V\xaf\x15\xe0VqsZ\x1cE\xc5\x86`]x\
\xb6\x1e\x9c\xac\x22\x14\xab~\xbdPi\x8a\x81\x84 \xa6\
p\xfdn\xd2,vW[\x07\xae\xd0\xff\x07\x81X\xeb\
Q\xd1\xdd\xd7\xbb\xe0\x06l\xd9\xc6\x85\x1fA\x16\xb6Y\
Q\xedS\xa7\xf1aU\x876\xb8\xd8F,\xe7\xb7\xbc\
\xfaqm\xb7\x9f\x95\xe7\xe5\xeb/kt\x14\xe7>\xa8\
\xc1-\x9d[<S\xdb\xe6w7\xef\xe19\x13\xc7\x96\
\x15A\x02\x04\x81\xe9d:\x9bL\x0cSA\x9a\x01\x05\
\x08\x14j{w\x17\x021a\xa35\x81\xe2ho\xff\
ho\xff\x9do\x7fG\x9a.\x1e\x9e\x9c\xbc\xf8\xd2K\
/\xbe\xf0\xe2\xddW_}p\xff\xfex|:\x9fO\
\x8b,/\x8a\x22\xcf\xd2\xf9lV\xe9+\x84RR\xa9\
8\x8ac\xa5T\x14\xc7*J,E\x15\xe8\xe5pP\
\xa5=\xc2*\xcb\x19\xa1\xe50\x99\x150;w\x1a\x1f\
\xc8\xabRGx\xc6\xd4i\x1b\x89Q\xb0\x8dn\x01\xe0\
\x11f\xc8\xd1\xb27^\x82 \xc1\x1a,\xb1_\xc8\xdc\
\x84\xd1 \x96\x1f`i\xa3\x15\x16\x0fK\xc0\xcb\x81\xba\
\x00O\x18\x95\x11\xd0)4\xa1\x8bmm\xcf\xb5\xbb\x88\
\x80\xecZ\xac\xa8\x0c2s \x03\xeb\xee[\xe7\xcaY\
\x85\xa0\xd6\x80\xab6\x87\xd1H\x17\xd1^\x8dkn\x87\
\xfa\x9ejc\xa7\x06\x8b\x1f~mc\xe6\xf6\xd2]5\
\x92\xe1\x90\xae\xeaX\xe3\x11\xbe\xb2\xc5\x84RJ\x1bw\
t\x15\x1e\xee\x04\x8a\x8dW\xe8$\xbf\x9d\x1bp\x15\x98\
ltx=n_O\xb8\xda\xd3\xd4xhg\x1f\x96\
\x93\x08\x5c\xe6\x85.K)\x05\x90\x06\x90\x00r\xfc\xf0\
$-\xf38\x8e\x0f\x0e\x8e\xee\xdc\xb9U\x96\x85\xd5D\
q\x05\x06\x1b]\xea\x9c\x85U\xd5\x1a\xab\xa2Qs\x0d\
\xcf\x84`#\xd1\x07\x89\x19\x98\x85\x10\xe3\xf1\xd8V\x82\
\xd6\xe2_\xbex\xf5\x1d\x1d\xce\xc3\xed\x9d\x9d\xa2,\xa4\
\x94~\xefq\xe7\xa6\x03f\x04\x22.\x0b\xcd\xcc\xda\x14\
\x86\xdc\xfai\xb8L\xc7q\xdc9Y\x5c\xd9Y\xb4g\
\xa7\xb1\x17\xdc\x07\x9b\xa0\xc2\x02\x09\x06Y!j\x02\xb6\
~\xb0\x9e\x84\x22\x22P\x95n\x1b]4E\x00\xb1H\
\x17\xb3\xf94I\xe2\xfd\x83\x83\xfd\x83\xfd\xe1p\xab7\
\x1cnoo\x0f\x07#D$2E^\xe8R\x931\
\x16U\xa3\x93S\xd9\x10\x91\xee_\xe2\xa5\x86\xd2Zp\
DJ\xe5yn\xc8(!z\xbd\x9e\x8d\xbf\x0f\x88R\
\xc9(\x8e\x97/\xc2\x80B\xcc\xce\xc6\x93\xc9DEQ\
\xd4K\xbe\xe3\xbb\xbe\xeb\xbd\xef\xfdV\xc3,7\xf6\x1c\
\xf4b#!\x84\x02I\x00\xc7g\xa7\x9f\xff\xec'\x7f\
\xed?~\xf0\xd3\x9f\xf9\xdc\xc7?\xf9\xf1\xd3\x933\xa5\
\xa2\xab\x97\xaf<\xfd\xd6\xb7\xed\x1f\x1dn\x0f\x86\x91\x93\
\xf8P\x9efs=C\x00!%#\x94F\x13\xb1.\
\xcb\x22\xcb\xca\xbc\x88c\xb5\xb7\xb7\xb7\xb3\xbb;\x18\x0c\
\x8c\xd6i\x9a.\x16)\xbb\xbc\x1a\x02\xc0\xe9\xa2l\x90\
U\xb4\xb4\xde\xcd\x0dzx\x1c\x08\x1e\xa9\xfa!\xb0\x0e\
\xa8\xf6\x08\x223\x92&J\xb3\xe2\xf4\xec\xec\xf8\xe1\xc3\
\x93\x93\x93\xc9t:\x9fN\xd3\xf9\xa2(K\x00\xb0\x16\
\x8cq\x14\xd9\xf4'^y\xd2\x06\x81P\xf7\x1b\xec\x04\
~\x0e\xe3\x85\x8exN\x90`Mdk`\x0f\x01\x85\
\xec\x80p\x1e\xb6A\xa8v\x93\x12*\xd8f\xbfr\xa5\
9\xf4\x98\xd0c-\xaf\x1e\x84\xc0d\xd4\xbaA\x86\x9a\
C\x8b\x15=f\xab\xb5\xaf\xa4\x15\x03K)-\x9a\xb5\
\xd8\x0f]\x92G\xab\x1fD\xa5\x14!Kaa\xa4\x94\
\x81\xea\xb2\xa6\x9d\xb4&\xa3\xd5\xe3|\xc7B\x15\xa5\x1d\
*v`\x13l\xc4\xd4:g\x85\x8c\xecg\x17\xac\xa6\
+P\xf4`p=\xb8\xd6\xdc\xe6m*\xd1M\x07Z\
\xc7\xe5\xb9_WQ\xcepYB\xa5\xf8\x12URV\
\xecb\x8eV>\xa8%\x0b\xeb\xd4t-\xeb7\x1b\x0a\
|\xec\xcf+KR\xf9{\x12->By\x930\xe1\
\x9b\x9av\xa2\xcd]\x01o8\x81+\xb4g\xab\x1a\xef\
d\xfe\xa0\x8bE\xde\x10\xa4\xad\xe2K\xba\x1f\xb4\xa2\xda\
\xaa\xd7iTX\xc5\xeam\xf2\x94U,\xdaR\xc3\xc3\
\xcc\xe8\x0d\xa3\xac5\x90\x19\x9f\x9e\x16ya\xb1\x955\
\xe2Lz\xfd\xed\xd1\xa8s\x1c\x9a\xaf\x008\xe8\x0fn\
]\x1f\xdc\xba~C\x7f\xdb\xb7\xcd\xe7\xf3\xe3\x87\x0f_\
~\xe9\xa5{\xaf\xbdvrr2\x1e\x8f'\x93\xe9l\
>_\xcc\x17\x8bt\x9e\xa6iQ\x14Y\x96-\x16\x0b\
vG\xbe\x90BZ\xab\x0a\x15\xa9\xb0H)\x85\x90\xa2\
\xa2\x9d\x80\x12-hBf\x96PI\xf4\xd9\xa6\xbf\xae\
\xecI=gc\xd5\x87\xde\xe0\x94\x97\x91\x9f\x99}P\
\x1b\x22X6\xb34YX~\xf6jCw\x9a\x06j\
\x04t\xe6F\xf5\x01q#DVm\xe7\xa2\xce\xb3S\
\xe0Y\xd4\xe7\xa2\x9e:A!Td\x94\xa9R\xa0u\
\xcfn\xf8\x0f\x86=\xac\xe9U\xb82\x94\xf5\xbfb\x87\
\xc1A\xe3\x9c\xe8Lj\xdf\x09\xfc:qKX\xa7\x11\
7\xd5?\xabS\x85\xd5`\xdc\xc3x\xf1\x9d\xb0\xaa\xfd\
\xe8\x10f7@\xdd\x9a\xe7\xb6[\x08kb\xe5\x01\xd8\
9&\xbe3^Ce3\xc8Y&\xc0\x1b<o\x82\
E\xdd\xde\x04F\x9b#\xac\x8a\xdc\xb0\x89\xf4\x07\xce+\
\x0d\x80\xf4\xc8\xed\x84\xebd=\x0d\xac\xf4C\xec\xd5\xef\
\x8bt\xa1\x89\xe28\xa9\xe2\x96\xc0\x83\x87\x0f\x04\x80.\
\xf5\xed\xc7n\x8f\xb6\xb6\xd3t\xee\x8c\xb3\xf8\x1c\xf5`\
\xa3'\xb0b}B\xc0\xda6&b\xad\xea\x0c\x10\x80\
\xc0\xd9v2\x11K\xa9\x89\x8f\x8f\x1f\xda;\x1b\x8fn\
t\x06\x9d9\xa8S\xc8G*\xd2Z#\x22\x00YW\
\x89\xcaT|\xa9\xbdw\xb6a\x0cdtV\x16Ei\
\x8a\xac\xb0(4\x14+\x10Q\x92$\x96\xa3\x0d\xdf\x22\
\x98\x08\x01\x95\x8c\x9c\x98\x5c\xe8\xaa*\x8bth\x96\xc8\
\x0c\xba,\xcb\xb24\xc6h\xad\x8b\xa2 \x97\x22\x08\xac\
P\x0d68e\xee?x\x10\xbex\x92$\xfd\xc1`\
\xb4=\xba|\xf9\xca\xd5+W\x0e\xf6\xf7\xf7\xf6\xf7F\
\xa3\xd1p8D\x81\x86Hk\xc3F\x83am\x8ca\
6\xc4\xd6\x00\x04\x10\x99\x18\x09H\x8a,\xcd%\xe2l\
zF\xc6\xc8(\x19\x0c\xfa\xd6)Q\xa0@\x15\xcb\x80\
 H!t\x9e\x1f\x1f\x1f\xabHEI|\xeb\xce\x9d\
\x1f\xf8\xa3\xdf\x1fY\xe4\xb4~/\x00\x00\x19r\x19\xfd\
\x1cNxp\xef\xb5g>\xfe\x91\x0f~\xf4c_\xfd\
\x9d\xe7\x16\xd33Fqp\xe9\xd2\xbb\xdf\xf5\xee\x8f~\
\xfc\x99?\xf4\x1d\xdfu\xe7\xe6\x0d)\x90\x05\x96y\x91\
/R\x222\x95\x01\x1b#\x14y\x96ey^\xe4L\
\x14G\xf1h4\xda\xbd\xb1\xbb\xb55`\xe6<\xcf\xcf\
\xce&v\xfc\x85P\x1e=-S\xaa\xf8\x01\x14!\xdf\
\xcc\xee|F\xbfJ\xd1\xef\xa30\x90,1\x1b\xa3\xd3\
,\x9dN\xa7\xc7''\xc7\xc7\xc7\xe3\xd3\xf1t:M\
\xd3\x94\x8c\x01\x00\x81\x22\x8ec\x8f\xbb\xc0\x9d\xfe\x80\xd8\
\x84|\xcb\xcd\x02\x1e\x8f\xa2\xc7*\x18\xacm\x0b\xfdD\
h0jE\xb7\xb8DzB\xf8\xb3\xda\xaa\xe3@T\
8*\xd4\xefyt\xe7\xef\xf2\xc5\xa5\xf4\x00\x08\x95~\
!\xf8\xf2\xba\xbe\x10.z\x05]\x08\xcf|\xfd\xb0\x9a\
\xef$\x00X\xa4W\xeb\x98\x8d\x0bS\xbd\x91\x94\xd6}\
f\xa9ol#X\xd7\x8eXjG\x97f\xab\x08\x15\
b\x16\x95E\x00\x08a\xe9\x12rE\xe7\xab\x95`e\
4\xec5\x7f\x9e\xdd\x80\x0a\x1aU\x82\x83\x06\xd1\xaa]\
\xed\x84\x7f\xab\x08\xd7&\xa5\x93\xdcu\xec\xafJK\xe7\
\x09\x14\x88\xa5\xc0\xfa\xd1\xbb\x11(\xd1\x96\xef\xb8\x94\xe1\
\x07\x01\xbaZOi\xcbR\xdd\xbd\x95\x8a}\xf3W^\
Y\xa1m\xb5\xbb\xf1\xcby\xe7\x1e\xae_|\xc3\xcb&\
\xfa\xaa5\x15\xceOL\xdf\xb8yC\x094\xb74x\
\xe7\xde\xbe\xaa\xcd\xae\xbbBAmw\xb3\xe1XsW\
\x9bojY\xa5\xbe[\xff\x9ak\xea\xafja\x15\xcb\
\x8e\x0de\xa3\xcb\x18\x06,\xb8\xc8\xf2\x93\x93\x13\xad5\
\x02DB\x0aAd\xccp8\xec\xf7{\xb0v{4\
\xc0'\x02(\x14;[\xa3\x9d\xad\xd1\xe3\xb7\xef\x14Z\
\xcf\xe7\xf3\xb3\xf1\xf8\xe4\xf4\xe4\xe4\xe4d:\x9d\x9e\x8d\
\xcf&g\x93\xe9t2\x9f\xcd\xa6\x93\xe9t:M\xd3\
E\x9e\xa7\xda\x982\xcbRJ-+\xc9\x88(PJ\
\x19)\x15\xc5q\x14EQ\x14)\x15\xdb\x94\xc4R\x0a\
Y\x99\x9aXK\x1a\x00DB!\x91\x99D\xc5\xd2H\
 `\x22b\xf0\xa6\xa7\xcclC\xdb\x04l\x8f1\x86\
\x89|\xf4S\xfb.T\x81C&w/\x040\xc3\xca\
\x14\xc1\xd2\xa0\xa58\xd7GP\x00\xef\xca\xe2\x90\xa3\xcb\
Dg\xa9}\xc5\xa7\xba\x90\x8cn\x18\xed\x84\x09O!\
\xb09\xd0\xc2\x86\x11\x07\xf0\x0b\xb9\xb1\xb9\xd83\x9a>\
\xc3BM~\xd7\x14\xbd\xb4a\xd2*\xba\xd0\xc6W\xab\
\x96D\x08\xc6\xdaj+\x7f{\xa3\xa9\x10\x025>\x88\
z\xe4\xba5\x1a\xaaN\x10\x15>\xa8SY\xd7)R\
\x0d+\xb7\xef\xf2\xcd6\x1eg\xedE\xad\x9c8\xa4Q\
\xe7\xeam\xb8z\x13\x08\xa0}\xe7~\xef$\xbc\xeb\xe7\
%|\x11<O\xe1\xd9yc\xfbz{\x9a\xfcPx\
\xdf_ 6d\x88)\xcdRF\x00\x16\x00l\x80\xcb\
t19;\xeb\xf7\x93,\xd5\xb7\x1f\xbb\xc5\xcc\x08\x82\
\xd7\xf6p\xd5\x1ak\xbf\x05\xaf\x95\x8e\xafo\x13-\x08\
\x04\xaf\xa2g!\x956\xc6j\x08\xd7\xf4j9\x89V\
\x8e\xc0\x0c\x80B\x8a\xb2,\x01\x00\x05\x80\xa9\xee\xae\x1d\
@>\xc81\x12Q^\xe6y^di\xce\xcc\x96\xab\
\xe4*\xbfY\x14Eq\x1c\xaf\xd1\x03,%M\xc0\x08\
h\xb9]F\xb0\x91K\xcb2'\xa2,\xcb\xcbR\xdb\
+\xaf\xf3\xb0\xab\x1b\xceC\x96eY\x96\x8dOO_\
{\xe5\xd5\xcf1+\xa5\x06\x83\xc1h4\xda;\xd8?\
<<\xda\xde\xdd\x19l\xf5w\xb7F\xc3\xde\xa0\xd7O\
\x22\x19Y\x89\x1d\x00\x94e\xa9I\x03\x00\x0a\x95f\xb3\
D\xa9\xd9lb\xfd\xaa\x86[C&\x12\x80B\x08 \
\x16A\xe4I\x008==\xcd\xcb\xb2\xd7Oz\x83\xc1\
\xfb\xdf\xff\x03\x97\x0e\x0e\x88I\xa0Xe\x80E\xccD\
$\x85@!%\x00\x03\xbf\xf4\xca\x8b\x9fy\xe6\x93\x9f\
|\xe6\x13_\xfc\xd2o\xcf\xa7\xf3\xb8\x1f\xef\x1f\x1c]\
\xbfv\x9d\x05\x18\xa6\x83\xc3\xfd\xe7^x\xb1\xccS\x04\
\xb4\xfa=\xab\xae$\xe6B\xeb<\xcf\x8a\xbc\xb09\x12\
G[\xa3\xc3\xab\xd7\xb6\xb7\xb7\x93$\xb18p6[\
\xd8T~\xe8\xd2\xe1\x01\xa2\xb0\x8cOs\xef\x03x\xd0\
\x0e~\xf7{\x11\xb9#\xf4\x8e0Z(I\xc8\xa51\
\xba,\x17i\xfa\xf0\xf8\xf8\xf8\xe1\xc3\x93\x87\xc7\xe3\xb3\
q\x91\xe5^z\x15D\xdf\x01\x08\x88\xa4\x90\x95Pu\
\x95](,\xf5~P\x19\xb4\xda\xb5\x84\xd6\xcb\x0e\xab\
\xc0*\x00\x18@\xbb\x10\x08Y\xe7U\xb1\xfc\x8aRH\
;\x8f\x0d\xb0\xe4\xafx\xbc\x07\x81a\xa7G\x80\x0d]\
_\xa8|\x0bk\xb6\xaby\xcc\xe91a\xf8A\x04q\
b\xa4\x94vM7|\x05\x1b\x08\xb6\x06z+A\x8b\
\x0c\xda\xb1\x83\xa9\x94r*2)\xa0:\xc2\xbcm4\
\xb6\x8e-o\x08\x80\x96\x8f\xf1\x7f\x1a\xf4\x0b\x9b\x94\xcc\
\x9e\xf5\x1b\x9aG\xae\xa7\x8ao\x14n\x0c=S\xb8\x8a\
\xc2\xda\x10\xe6^\xa8\x9fPi\xcc;I\xd6\x9a^\xfa\
\xe9\xe8\xfe\xf5\xf5\xa1\xc1s\xfa\xc0\xb09&\x84\x8d\xf5\
\x99ovY\xc3\xd4\x9d\x03\x08;\xc1F\xa3\xe9U\x17\
\xd7\xa8\x17:;\xd7\xe6\xff\x00j \xa4.\x06h\xf2\
\xa0nY\xb4\x1e\xc5\x174\xacZ_m\xf3\xf3u\xbd\
v\xa2\xfdR\x8d\xa1\xdb\xfc\xb9k\xc6\xd9\xb5\x06\xe0\x93\
\xfe\x01\x8a\xb3\xe3\x93\xe9lf\xa3\x8dJ`\x85X2\
o\x0d\xb7\xa4\xb4\xa12\x00\xbbLM\xc2\x12\x8aL*\
\xb1\x10\xc6J\xc5;;{;;\xb7\x1f{\xac4z\
\xb1X\xcc\xe7\xf3t\x91N\xa7\xd3\xd9l6\x9bL'\
\xd3\xc9\xe4l2\x9dM\xe7\xb3\xd9l>_,\x16i\
\x9a\xa6i\x9a\xe7yQ\x14eY\xe6Y\xbe\x98/l\
\xc3R\x0a\xab3\x8c\xa2(\x8ab\xeb\xa6-#U\x1d\
'r\xe9#.\x04\x03 HGI\xd8F7tI\
0\x98\xed\x05g\x1b\xa6\xa2\xc8\xae\x1c2\xe4Ca\x90\
\xcf\x89A\xce\x92\x8a\x99\x8d\x8fWD\x1e\xf38\xabu\
\xcf\xdc\xf9\xd1X\xbf\x0bVL\x1b8T\xe9\xd1]p\
\xa7\x15\x12Zl\x89\x15\xc1ml\x8a\xda\xa4c\xed\xa1\
\xed\xb5\xb1\xe6k\x1b+\xaeZ\x9f\xab\xde\xd4\xf3\xac\x8d\
\xac\x0f\x8d\xbb\x1aB\x8a6x\xe3JI\x12\xeez\x11\
\x84\xda_\xd3N\xe3\xf5\x1b\x94$\xec^[t\xd2\xbe\
\xb7Q\xb3s\xdc\xbc\x9e\xd0\xfb\x13\xb6O\xc1N\x9a\xb6\
\xfc\xbc\x94\x12\x5c`\xe5\xac\x7f\xf7\xce\xc7\xb5[Xs\
\x10\x86\x83\xdc\x00\xfc\xe1\x07\xf0\xe0\x10\x9c\x86PkS\
\x14\xd6r\x92\x99Y\xc4\xea\xf4\xee\xdd\xbc(PD{\
{{7o]\xd3:\xaf%Kh\x8dUcF:\
W\x1at\x91\xcdv\xb5\x86\x14\xa0\xe35\xed\x1f&\x00\
f0q\xdc/\xf2b>\x9f7N\xf8\xc6\xa8\xfa8\
F\xee\x22\xb3\x14\xa2\x17'@\xacP\xfa\xf0XaO\
<\xfb\xce\xce\xa9\xb2,\xf2\x22\xcf\xf3,\xcb,\xd1\x81\
\xcat\xd3G\xa7\xf0\x1c|(O\xa9\x8a\x01@\x22\x02\
DD\xa1uA\x86\xd2,\xb5$4\x0cu\xbbjx\
/T\x1a\xe6\x08\xbe\xb5\xc1``\x11l\x9e\xe7\x8b4\
\xbdw\xff>\xf2o\x03\xb0P\x98\xc4\xbd\xfe\xa0\xbf\xbd\
5\xd8\xda\x1a\xf5\x06\xc3~\x7f\xb0=\xda><<\x1c\
n\x0d\x19@(Y\x1a=\x18\x0c\xe7\x8b\xd4Z\x83\x0c\
\x06C\x22B\x81\xc4d]\xbc\xa0\xda\xf8\xf3\xf9|\x91\
\xa6Q\xbfg\x80\xde\xf1\x8d\xefx\xd77\xbf\xdb\xb03\
\xc4l\xf6\x93\x98\x98,S/\xa4\x04\x80W^~\xe9\
\xd3\x9f|\xe6\xb3\x9f\xf9\xd4\xe7\xbf\xf4%]\x94I\x9c\
\xec\xec\xee_\xbar\x13\x90\x98\xcb\xbc\xc8-\xf4!\xe0\
o\x7f\xef\xb7~\xed\xb9\x17\xf2\x22\x07\x00Cf>\x9f\
Of\xd3\xb2,%\x88\xe1`p\xe9\xf0\xc8\xe6ET\
\x91\xb2\xef;\x9dN\x9d\xb3:\x0a\x10\x96\x83b\xac\x14\
\x11\x16<@m1\x07\xd8\x8f\xc1F\x00\xb2\xf0\xcfq\
\xf9\xe4\x8cB\x9d#\xa5\xa1\xb4(\xa6\x8b\xf9\xe9\xd9\xd9\
\xc9\x83\x87\xc7\x0f\x1f\x9e\x8d\xc7Y\x9a\x911\x16\xa2x\
\x85X\xb8\xd4\xdb\xf0/t\xea\x0b\xed\x9cQ\xa0\x0dC\
d\x11\x8f\x0f\xfd\xea\xb1\x9c\xbd\x8eu\x1f\xbf6vB\
D\x94\xb5\x900RJk\x81\x19\xe2@\xef\xdd\xe7a\
\xdb\x12\xda\xd9\xff\xba _\x03%6\xd0`\xf8k#\
\x9c\x8cPV\x8f'\x84\xd7\x10\x22Jov$jW\
\xc2\xd8\xa4\xc0 \x95\xb4\x1a>[\x8d\x99\xa5\xb0Qg\
\x10\xd0_$kjjw\x87\x14\x92\x9di4B\x98\
\xbd\xc3\xdb\xdcV\xe6\x01\xe1u\xbf\x91\xc2\x0bK`\x18\
\xc8\x8e\x97\xdb\xb6n\x1f\xd9\xe6\xcd\xce\x15\x90ut\xa0\
\xeb\xeb\x9a\x8b\xb5F\xeaN\x8f\xe1\x22\xdc\xb4\x91\x15\x04\
\xe9\x02\xe8\xf1\xbc\xf2hp\xf7\x8d\xba\xbdQ\x1aL\xd1\
\xef\x9d\x8e\x85e% l\xf3^\x9d\x1d\xf3\xd5\x1b\xdd\
]\x7f\xe4\x9f\xfbn\x9d|\x1b\xafUVT\xfd`\x0c\
\x82u\x87\xecr\x1b8\x9d\xcbR\xac\x82X\xd8\xd2P\
7\x98\xe6U-w\xc2\xbf\xc6\xc5\x86\x0d\x1e\x06\xe2\xf9\
\xce\xce\x00\xacc\xf4\xd9\x0f\x011K4e~\xf2\xf0\
\x98\x99\x9d\x8d;\x93MA\xbf\xb7\xb7'\x042\x8b\xce\
\xa7\x18\x22\x7f\xa4\x84\x1c?.W\x80\xcf\x0c\x81\x00\xa8\
\x84\xdc\xde\x1am\x0d\x07\x86H\x1b]\x14\xa5\xd6\xa6,\
\xcb,\xcf\xb3,\x9b\xcf\xe7\x8b\xf9|1\x9dY\xac8\
\xb7e6_\xa4\x0b\x8b\x12\xb3,\xcb\xb2\xb4(\x8a\xa2\
(\xd2,s\xa2|\x14B\xa0\x92\x16\x19\xc6\x16+*\
\x85Q\xa4\xa4\x94\x91\x8c\xa4\xa8<\x07\xc0\xf6p)7\
e2P\xc7\x1e\xa4\xd8!=b\xc3\xa6\xe2l\xab?\
\xf5\x7f\x81\x81\x82D\x8a\x10\xb0\xec\xe1\x95\x06\x03\x1aN\
_H+\x1d3\xc7U\xd8\xa5\x8ay\x08\xd6p\x15~\
\xc2\xa72\xf3\xaa$\x00\x00\x1b\x94\xa7{\x8da\xdd\x10\
\xdf\x1f\x1bk\xd0Ec\xc6\xb9\xa5\x19k\x0be\xda\xeb\
\xb3\xbd\x1a;7\x88\xfd\xeac\x93\xb4\xedE}\x1d_\
\xbf\x81\x0fq\x85\xbd+\xb4N\xc7\xf6\x8e\xb3\xb3Pc\
\xd0\xbb\x22.\xb4%M\x8dw\xf1u<\x1f/\xa5\xf4\
\xda\x98\x06\xb0i>\xc5\xaa\x94\xa1\x92^\xbd\x0e\xca\xbe\
\x89\xb8mUYs8\xad!\xd45\xbc\x11\xd80\xdb\
\xaf\xba,\x8b\xb2\x94*Ff\xcdF\xa2:;\x1d+\
%\xb3\xac|\xea\xa9k\xc3\xd1\xa0\xccr\x81\xc2\x84\x86\
7\x17\x94\xb0vv\xb8\xf3\xd75\x08\xd3\x06\x1a\x06v\
F\x13\x08\xc8 \x84P\xd3\xf9Y\x9a\xa5RJ\xab\xf6\
i\x0cW\x83\x03\xb3\x5c6\x01\x0b!c\x151\x15\x02\
%8\xe7\xc1P\xa1Z\xe9\x7f\x00\x80\x99\x0c\xe5EQ\
\x94:\xcf\xb34]\x18c\xec/\x96\xaf\x8d\xe3\xd8:\
G\xad\x992\x1fYk\xb6\x98\xa7\x8b\x0c\x117Y\x01\
\x8f\xb6HV\x8e\xb0@)e\x9e\xe7.\xc0\x06\x82\x92\
\xaa\x8at\x05B\xc8\xb2\xd0'\x0fO\x8f\x1f\x9c\xc8(\
\x8e\x225\x18\x0c\x9fz\xfa\xe9\xeb7n\x08)P\x22\
\x086D\x93\xb3\x09\x02\xf7\x93d{{\x9b*\xffj\
)\xa5\x15\x87\x09!\xca\xb2\x9cL&(\x05\x99\xf2\xe8\
\xd2\xa5\xf7\xff\xe0\x1f\xebG\x093{\x86\x14\x00\xa9\x8a\
$,\x04J\x90@\xf4\xd2K/|\xe4\xe3\x9f\xf8\xf5\
\xcf~\xf6\xb9\xe7\x9f-\xb2b4\x1c\x1d\x1c\x1e\xf5\xe2\
\x84\x0c\xe4EF:C\x90 \x10\x04Z\x0f\x0a\xad\xcd\
\xe1\xe1a\x14'\x0f\x8f\x8f\xc9\xe8\xf9b!\x85\xdc\xd9\
\xde9\xbct\xb4?\xdaI\x92\x18\x10\xf3,\x9b/\x16\
f\xe1N\x00/\x11\x08WB}\x81\xd5\xb49\x88\xc2\
\x12pk\xbbXi\xe7\xaa\xc5\xcf`\x9d\xc9Kc\x8a\
\x22\x9f\xcf\xe6\xe3\xc9\xe4\xf8\xf4\xf4\xe4\xe4d|z\xba\
\x98\xcd\x8d\xd6\x02\x85TR\xc5qh\xc2\xb9|z\xdd\
(\xb4\x0d\x0e\x11\xc0\x19\x86\x0aw\xdd&\x96\xb0\xaa?\
\xf0\xb9\x19\xc0\xe52\x14K+\xd2\x1a\xd8k\x82Ca\
\xcdJk\xc5B\xfa\x86\xd6\xae\x81\xeb,8TJY\
/\xbe0@\x8b\x0f\xdf\x22\x82\xeb\xd80%\xb5XR\
\xa0\xf31\x11\xe8MU\xd1\xfd\xea-Y]l\xcf\xca\
.4\xd0v\x02.\x81m5\x14^'\xea\x07\xca\xc1\
gf\x14\x82\x98\x85@\x00Y)\x84\x91\xc1\xeaU\x97\
\x815Q`\xcd5\x1amD\xd8Z\xba\xc5\xba\xc4h\
\x89\x0a\xc1\x0b\x86\x9bf%n\xbdoD\xf7j\xd5j\
@\xf3\xf5\x9c\x17p\xde\xd3\xa1%\xb6>\xb7,i\xff\
yG\xc0E\xf1\x0f\x9e\xf7\xd3\xef\x11M\xdd\xef\xc1\xe2\
\x00\xe1\xaaY\x0c\xe3\x9d@\x07\xa6\xc2\xc6\x087\x98\xe0\
\xb6\xc2\xc1~h\xe3\xa8\xf5_\x83\xf3\x95W\x1d\xf3\xae\
>/%\x9a\xf6\xf0\xe0J&\x0d\xb0\x12A\xb5;\xbf\
^U\xb2\xfe\xc3\xfa\x13\x1d\xea\xcc1\x04I\x90\x1b\xbc\
u\xa3~\xe7\xe0\xb4\x87\xba&\xc2wH\xd8E\x03G\
\x01\xd3\xe3\x93\xf9|.\x85\xd2\x04L\x1a\x01\x93\xfe \
W\xe5o}\xf1\x8b\x9f\xff\xfco,\xb2too\xef\
\xf0\xf0pk\xb4=\x1a\x8d\xb6\xb7\xb7G[[\x83\xfe\
@Ua\xf7\x00\x80\x18\x8c6.}\x88=\x17\x9c\xd3\
C\xb5\x12\xd8\xd8\x9a\x02\x19\x05 J\x1bU\xdc\x86~\
\xd1\xd6%\xa2\xd4\x16\x1fZIyj\xb1\xe0|nu\
\x86\x0e!\xcefi\x9a\xce\x16sk\xa7\x94\xa5i\x91\
\x15\xa5.\x8b<\xa7\xf9\xa2\x92\xd1\x1akQjU\x89\
6\x80\x8d\x8a\xe3\xc8\x06~\x96\x8evKQ\xb9\xa4/\
\x97*\x9aj\xdc\x94u>\x04`\xb6vdN\xa9h\
\xe5\xf7\x5c\x19\xf5\x11\x13T0\xb1\xaaL~q6T\
(a\xf1(h9\xe9\xcc\xdel(\x5c\xd8K\xa6\xb3\
:o\x98\x09\x10\xbdR\x85\x1dZl\x1b\x99\xd6AK\
Ka\xd8y\x18p\x97ny\xcd\xbe\x80\x80 \xb4\xdb\
l\xe3\xa5\xb6\xf8\xa3\xf1D\xafQl\xef\x916\x9a\xe2\
\xba\x96\xaf\xb1\xf2W\x89\x90\x1a/\x12J[\xce\xdd\xa7\
\xedQ\xea\x14*i\xad-\xe3b\x9d\xc1\xc2\x97m\xb4\
\xe0\xfa\x15,\x83NQN\xe7P\xac\xe9\xe1\x9a\xb2J\
n\x05-j\xd3\xa8\xb0\xeaC\xc7R'\x97K]\x17\
93\xa3\xb0\xba\x1e0iz6>M\xfa\x09\xa5\xe5\
\x93O=\xc9\x02\x99m\xec(w\xbf#\x19v\x7fa\
\xc7|\xad_\x99\x9d\xc3\xb2\xaaN\xb8N\x9cS\x8a\x0b\
\x07*\x80\x98\x09Q\xc8\xd9\xf44/\xcbHFm-\
[c\x95V\x5c6\x18k\xe4)e^\x9aHE\x15\
\xf5\x08F\x0c\x81A\x0a\x87\x95\xd8\x18\xb3XdyY\
dyV\x14\x05Vj\x0a\xcb\xfbFQ\xe4y\xd9\x06\
\x04\xf5cn\x0c-f\xf3\x1f\xf8\xfe\xf7\xef\x1f\xec}\
\xf8\xe3\x9fx\xe9\xc5\x17\xf3<5\xe6\x5c\xaf\xba7\xa6\
X\xfc\xa2\xa2H\x08\xa1\xb5\x1e\x0c\x06\xccl\x8cA\x85\
RI\x81\xa8\xa4c\xe2\x95\xc08\x8e\x86\xc3\xe1`k\
\xb8\xb3\xbb\xbb\xb7\x7f\xa8\x94B\x81\xc6h\xa5D^\xa4\
\x93\xe9\x0cQ\x8c\x06\xc3^\xbf\x97\x17\x99RR\xa0\xf0\
\xa0\x9a\x99\xd34e\x00@\x22\xad\xbf\xf7{\xbe\xef\xc9\
\xdbw\x88H\x0ag\x1cd\x88\xac\xc3\xb9\x90\xd2\x90\xfe\
\xda\xf3\xcf?\xf3\x89g>\xfd\xcc'\x9e{\xf6\xabi\
Q\xee\xec\x1d\xeem\x1f\xa8}\x05\x00L\x9a\xb5\x91B\
\xc4Q\x5cj\x03\xc0\x08\xc2\xcbb\x10EV\x14\xa3\xed\
Q\xd2K\x88h8\x1c\x0e\x87C\x89\xa2,\xcb4M\
\xa7\xb33c\x0c\x00\xa0\x90\x1eaA\xb0\x7f+`g\
\xed\xe5\xa0J\x85\xb5\xbc\xe8W\x8c]\xeb\xe8\xc8\xba\x97\
i\xa1f\x93f\xf9l6;\x1b\x8fO\x8e\x8f\xc7\xe3\
\xf1t2]\xcc\xe7eYZ\xe8\x12\xc7\xb1\xc5a\xf6\
L\x0f\x8b_\x99\xa1\xd6\xba\x0d\x08\x97\x89\x22\xbc\xfe\xaf\
\x8a\xa4\xe2A]\xd8\x8e\x0f\xbc\x19\xe2\xc0\x86\xf1\xa75\
\x19E)\xb0\xeeq'\xd1\xe5\xe6\x13\xb8R\xf5'\xa5\
\x94J\xa2\x94JJ\x81B-\xafv\x99\x86\xda\xe0\x9f\
RF\xd2\x85\x18u:\xc0\x00(\x02\xda*K\xc8\x1a\
\xf6\x19*e\x1d\xd6C\xa1\x0a\x1fn\xb4\x12\xcaX\xf2\
%j\x9b}9\xb0\xb23\x9e\x99\xc3\x83\xec(\x02\xb0\
\x90\x82\x88\xa1N\xd0:\x0e#\x10B\xb8\x9cX^\x8b\
\xcc\xce\xeb-\x90\x0d\xa3\x83\x8a\x1d!X:\xcf\xbb\x8a\
{\x08\x9f\xd4\x96\x11\x03t\xa3\xac\x06\x95[I\x07\xba\
\x8e\xfe\xf5\xccy\xc7E\x5c*B\xd7\xd1\x9c6\x9d?\
\x87F\xadk\x0e+\xedP\x98\xe2b\x0d3\x00p1\
O?\x7f\xbe\xfc>-j\xfdX\xc0\x0ap\xb2\xbe\x84\
Y\xc5\x1b\xedt6\xb2\xa6\xcd\x0b\xdd\xc5\xce\xfe>\xc0\
\x84\xd0a\xf5\xb2\x06_\xb5\x9f\xd8\x06i\xe7\x0aZ\xfc\
\xc6h\xd7l\x7fns\xcc+\x01\xdey\xb3\xd3f.\
}t7\x87j\x0c\x9c\x9c\x9c\x96\x9a\x18\x00\x94\xd8\xdd\
\xd9\xc9\xb3\xf4K_\xf8\xc2\xa7>\xfb\x1b\x9f\xfb\x8d\xcf\
\xdf}\xed\x95\xf9\x22-\xcbR)\x15I\x99$\xc9p\
kk\x7fo\xe7\xb1[7\xbe\xed=\xdf\xf4\x96\xb7>\
y\xe3\xf1\xdb\x8f\xddz\xe2\xe8\xd25\xa5\x12\x00\x07\x11\
\x0d@I\x04\xcc6\x9c\x9d\xc0%\xbf\xcb\x84\x0c\x8c\xcc\
L\xc6\xf2\x7f\x02X\xa2\x01A2\xc2H\xf5\xfa\xfd\x1e\
\x19\x17\xe8\xc0\x86=(\xf3\xb2,\xcb,\xcb\xb2<\xcf\
\xb2t\x91\xa66 M\x9a\xa6Y\x9aei\xeaU\x88\
\x8b\xc5\x22\xcf\xf3,K\xf3</\xcb\xb2,\xcb\xa2X\
\x18c#Y\xa0\x10(\xa5R\x91\x8c\xa2HI\xa9\xa2\
H\xcae\xf4\x1aD\x94R\xd9\x04]`O=\xe1$\
\xd3\xd583\x93\xf1\xf3HuS0\xf7\xb5\x9a\xb0j\
\xb5\x03@\xcd5\x11\xea$\xd2\xc3\xfe\xf6\x02[~\x05\
\x17\x85\xaf1\xc7\xab\x96h\xb8\xc0\x82v\x02\xd1[\x97\
\x06\xacs\xb9\xb6\x85\x97m8\xd7\xb9\xf6\xda=\xe9\xdc\
>k\x9e\xde\xb8=\x8cY\xda\xb9\xec\xd7l\xd5N\xf9\
H\xfbE\xb0\xa6\xc3Y\xe9\xb5\xd8\xe0\xc5\xbb\xa7\x8c\xd9\
\xfb\x1360\xe1\x8a\xb1\xe2e\xb2\xf2\xe0\xa76a\xe9\
\x04l\xed\xe1\xed\xecmX\x1e\x01\xf7\xae\x22\x5c\x9dk\
\xc0\x97</\xecE\x02\x8e\xa3\xf8d\xfc \xcb\xf3D\
\xc4\xa3\xd1\xd6\xb5k\xd7LQ\x82Mr\x13\x0a\xc0\xeb\
\xc4y\x13T\xbf\xa6\xb4e\x04\xddM\xd5\xc7\xdf\x16\xa5\
\xd4\xf4t\x1cd\x09\xed`\x8cD-z\x8dc.\x84\
\x94%\xb36\x14)i]\xd8\xb8\x8a\x02*\x9c\x93\xa1\
c\xe7\x188/\x8bE\xba\xb0&\x10\x00`\xdd\x05C\
\xedGcG\xb7O\x070t\xf3\xe6\xcd\x8f~\xe2c\
I\x14\x1d^\xbar\xe7\x89\xc7\xa7\x93\xf1\xf8\xf4l:\
\x9dn>P\x8f\x5c\x84\x94L\x9c$\x89\xf5\xf5\xb1Y\
\x16\x10\xd1\xea6\x95\x94\x91\x8a,\xacU\x02z\xbd\xde\
`0\xe8\x0f\x07\xfd~\xdf\xbe)\x11\x15\x05\x1b\x83\xba\
H\xb3\x22#\x94\x83\xd1\x08\x04\x12\x00\x0a\xc1\xcc\xd6\xf9\
\x8d\x01\xacy\x08\x22\xe4E\xfe\xc4\x13O}\xdf\xf7|\
\x9f\x1d\x02c\x18\x90\x85\x90JJfz\xe1\x85\xe7\x9e\
y\xe6\x99\x0f|\xe0\x03/\xbf\xf8\x22\x19\x1a\x0e\x06{\
\xfb\x87\x07*2\x86\xadE\xb7RJ\xa8\xc8\xa2)\xa1\
P\xb8\xe8\xa9\x95F\xb2\x12\xb4\x95e\xd9\xeb\xf5\x94R\
Z\xeb\xe3\xe3c\xe7\x11j1\x94T^\x1e\xe7fd\
\xa9\xf5m\x88r\x04@\x00\x18\x18\x91}\xb4U\xbb\xef\
\x19\x11P \xa1\xd0\xda\xe4y6_,\xc6\x93\xc9\xe9\
\xc9\xc9\xf1\xf1\xf1d|6\x9f\xcf\xb466\xcfA\xe8\
J\x8a\xd5\xf2k\xc0\xbf\xc6\x87\x10\x0a\xd6\x90Oe\x0b\
\x0a\xf6h\x14.\x04\xaahh\x08\x97\x80\x10+\x05Z\
3j\xa8\x08\xd29\xa0\x5c\x9ae.\x0d6E\xcd\xcd\
\xaf\xf1\xd9\xeb\x06\x85M\x00i\x7f\x12M\x1c\xb8\xacf\
\x1f'\x9d\x91\xa7kM\x8a\x86[\xa3ld\xa5\x0f\xfc\
\x06\x97N\x80!B\x0e\xf0\xb3\x08\x92%\xfa\xfd\xeeG\
\xd5\x19\xf1\xd8\xcaB\x80\xdb\xf7\xd5\x81US\xfayL\
\x08\x16\xe95\xa0W'\x12\xab\xa0'c\x150\xbc\x9b\
\xb2Ud)\xbc7\xecs\xbb\xe5\xe6E<\xa7f\x07\
\xee\xea\x82\x06\xe1\x19\xe1\x07\xaa\xd1B\xa7\x9ep\xd51\
t>\x1a\xe4\xf6\xc5\xf5\x965K\xea\xddN\xeb\xd7I\
$\xd7\x1c\x91\x1dc\xf7F\x94sa\xd7\xb9\xb7\xc3y\
'\xfb\xb9\xb0\xae\xb3\x82\xe2\xb5,\xd7\x1b\xf8\x92\xab\x1e\
\xd4\xe6D;\xcb\xb90\xcc\xd5\xd9\xac\xe7k\xde\x1aW\
(@\x1em@\x1a#s\xeeD\xae\x92\xd9\xb7\xc7v\
\x15s\xb6\xe4\x11\x83\x81a\x06@L\xd3\xf4\xe4t\x22\
\xa38\xe9\xc5\x93\xb3\xd3O}\xeaS\x9f\xf9\xd43_\
\xfd\xcaWfi\x91\x1bB)\x94P*Q\x16\xe6,\
\x16\x8b\xe9d\xfa\xf2K/}\xe1\xf3_\xf8w\xbf\xf8\
+R\xa0Rb\xef`\xff\xa9\xa7\x9e|\xc7;\xdf\xfe\
\xf4[\xdf\xf6\xf8\x93O=~\xe7\xf1\xdb\xb7\x1e\xeb'\
\x83e\x1f\x80\x89\x84!b\x22\x16\x12A\x08\x04!\xa4\
\x0dh\x8a`$[\x010I;YJ\x12K\x06\xe0\
(\xe2\xfe\x80\x1c{\x0d\xa5\xd1\xc6\x98\xb2,\x9d\x87\xa1\
\xd6E\x96\x95EQ\x14e\x96gi\x96\xe5y>\x9f\
\xcf\xb3E\xbaH\xd3t\xb1\x98\xcf\xe7Y\x96\xe5y\x9e\
\xa5Y\xe1n)\x8d)\xd3E\x01\x00\xc4K\xcd\x9b=\
y\x22\x15EQb\xe3\xd7\x08\x89\x96\x89\x11B\xa2\x0b\
\x5c\x83\xa2\x0a\xdafYVr\xc9,\x96s\x14\xaa\x07\
]\xeeD\xe7\xaf\xe8'qY\xdf\x17\xa8\x8bK\x9a\xd3\
m\xcf\x1b+r\x5c\xcd(;%\x0b\x02\x04\xf1L\x9d\
\xd6\x05\xd1\xa7\xb2\x08\xefm\xfc\x0d\xf7TcA\x9e\xbf\
\xc5\xea\x1fV\x01\xce\xce\x03\xa6\xb3\xa9\xce\xebmD\xd7\
\x06{\xabvD\x1b\xb3\x85\xbf\xb6\xa5-\x8dF:Q\
e\xbb\xcf\x8d\x0a\x8d\x9c\xf5\xed\xa1c\xcf\x85n\x5c:\
\x01\xd2\xaa\x97j<h\xf3\xa7t\xb6\x0f\x00\x9d\x03\xde\
)G\xb3[\xa0(r\xb4y_\xc8(V\xa7\xc7\xc7\
(\xb0(\x8b\xdb\x8f=>\xda\x1e\x99\x22e\x10\x0dO\
\x98\x8b\x84\x1a\xdd\xb4l@\xb1\xd1\x834`\xb6B}\
`\x1e\x1f\x9f\x00\xd4\xd2x\x86\x0a\x87\x1aw\x8e\xe8w\
\xb6R\x11\x01\x12#\x82`\xd66\xc3\xbb\x1b\x16\x9b\xa4\
\xbdz\x10\x03\xe5E1K\x17i\x9a\xcef3\x9fo\
\xd0gW[?\xf5\xb6\x0c\x06\x83\xad\xad-M\xe6\xe4\
\xe4x\xfe\xd2\x8b\xbd$\x89\x95\xd8\xdb\xdb\xeb\xf5z\xd6\
\xa4\xe2M\x85\x85\x02\x91%\x0e\x06\x832/\xa4\x94(\
P\x82\x8c\xe38\x8ec\xab\xe1\x8c\xa4\x8a\x5cX0\x91\
\xc4q\xbf\xdf\xef%\xbd8I\xa2(B\x04\xa3M\x96\
\x16\xbd^\x7f<{\x90\xe7y\xdc\xeb\x8fvv\x08\x1c\
\xd1\xb4#M\xc4\x86\x8c\xd6\x9a\x98\x81M/\x8e\x7f\xec\
G\x7f|8\xec\x13\x19\xeb\x1cH@\xcf\xbf\xfc\xc2\xaf\
\x7f\xf2\xd3\x1f\xfa\xf0\x07\x9f{\xeey\xd2:\x8a\x93\xdd\
\xfd\xfdXELl\x0cQ\xa1\x01\xd1\x9a\xe1Z\x1f9\
\xaa\xf4\x812R\xd5IT\x09L\xab\x92\xa6\xe9\xd2\x13\
\xb8JU\xeejTR\x0c\x0e\xcc4\x00\x00\x97|\xbf\
[\x14\x95\x98\xa0\xb2\xf1\xb0\x9c(\x12\x03\xdb\x16Kc\
\xb2,\x9b\xcc\xe7\xa7\xa7g'\xc7\xc7'''\xf3\xe9\
4K3]\x14\x8c(\xa5\xec%IhH\x8f]\xc5\
Z<\x06v\x9d5T\xd3D\x83\x95\xba\xcf\x1by:\
\xd4\x04\xd5\x8d\x15 \x5c\x02Nt\x81\xdc\x1a`\xcf\xfb\
\x04:\xe8%\xa5\x90BIe\xbd\x10-T\x93(C\
+\xd0\x86\xa5\xa8\x83\x85R\xa2\x94R9\xe0'Q\xf8\
D\x11V\xac\xd60\x13\x05k\x1dZu\xd8>\xb7\xf1\
\xe2M%g\xa0\x1b\xb4\xaa\xbf\x062\xf4\x83,Z\xe9\
7\x98\xc3\xc8F\xc2\xdb1\xd8\xd6\x89h\x85\xf5fS\
\xfc\x14r\xb6\x8d\x93\x17:Z@\xac\xa5O_B\x19\
g\x0a\xca\xb0\x09Q\xef\xac\xd2@U\x8dG?\xc2a\
\xb1\x09\xd88W\x12}n;\x8fz\x8a\xbd\x91\xf8-\
\x14\x0dvp\xef\xaf\xe3Q\xaf\x13\x13\xbeI\xa5\xe6C\
\xb8\xc9YR\xafc\xd6\xfc\xba^\xa5p\xd1j\x9d7\
\xb6\x99\x95n6\x9a\xcfo\xbf\xcd\xfc\xadb\xb96\xe9\
\xf0\xfa+k^pM\xdf\xd6\x0fK\x9bQc\x97\xe7\
\x0e\x9c\xaeN\xa0.5aT\xe4\xe9'>\xf4\x81\x8f\
\x7f\xfc\xa3\xf7\x1f<\x14B\x11\xa8\xbc\x98\xdf\xbf\x7f\x7f\
1\x9f/M\xe1+\x09\x99Rj\xb45\xea\xf5\xfb\x00\
P\x96\xe5d\x9a}\xf4c\x9f\xfa\xc0\x07?\x06\x00\x80\
\xb0\xb7\xbd\xfd\x96\xa7\x9f|\xf2\xc9\xc7\xef<q\xfb\x89\
\xa7\x9f~\xf2\xe9\xb7\xdez\xec\xf1\xed\xed\x9da\x7f\x10\
)\xe5tm\x86\xc8\x90&C\x08\x12\x00Y12H\
k%F\xcc\xa6\xf2\xaf\x07`V\x0c\x8c\x12\x11\x09\x14\
[\xf5\x0b\x936\x86\x99\xb46d\xa8(\x0b\xad\x8d)\
M\xa1\xcb\xb2\x8a\xa5\xae\x8b2\xcd\xb2,\xcf\xd24M\
\x17i\xbaXX\x15\xe2|1\xb7\xc6\xa8Y\x91gY\
V\x96\xa5\xd1Fkm\xca\xa2\xc8R\xa2\xa5e\x8c}\
S\x15)\x15E.\x98\x8d\x8bj\xa3\xd0\x09\xefee\
\xd7f\xe3\x7f\xba\xc5F\x0cU\xc4\x9ae\x92\x8b*\xb4\
i0\x17\x01\x1a\xf4x\x11+\x9c\xd9\x01\x11]\x9a\x90\
Ja\xc8\x95N#\xa4\xb3de\xce`%\x87\xb6\x1b\
\xe0\xfd\xd3\x82\xe5\xbajIw\xec\x94\xae\xfd\xb5\x1e.\
\xb6\xebt.\xce\xf5\x00\xb2\xfd\x94v\x97\x1a\xd6\xaa^\
\xfc\x81]\x0a\xc0v\x9b\x9d\xf2\x1d\x7f\xd17\x15~\x85\
\xd6\x19\xd0\xde\xc5\xe1-\xd6vT\x049\xeb\xc3\xf1i\
\x93\xa3\xb6\xc1\xcc\xaa=\xce-\xad]\x83.u\xe2\xb4\
p\x1c\xd6L\xba\x1f\xcc\xce\xe7\x86\x95\xc3\xa7\xd7nA\
0T\x16\xba\x14(\x04\x03\x89H\x97\xfa\xf4\xe4D\x09\
\xa1\x0d=\xf5\x96\xb7F\x89\xd29\x82\x146WC\xb8\
\x02\xceE\x84\xeb\xdf\xa2\xb3r\xe7+@(\xce\xafv\
\x19\xda\xd4\xe7B0\x99\xd9l\x01\x96{\x0f*7\xdb\
\xb7\x9c\x99\xfd,\x90\x98T\x14%J.\x8cA\x85X\
\x90`\x00\xb0\x09\xd0\x09\xac\xc3(\x18\xb2W\x18\xb3,\
\x9f\xcf\xd2\xc9\xd9d6\x996T\x19a\xe7\xfd\x9b\x86\
\xb2v\xcb\xa72\xc0\x8b/\xbe(\x84\x88\xa2\x18\x11\xb5\
.\x81\xa5T\xaa\xd7\xeb%I\x92e\x99\x85\x85\xf0&\
\x14D$f)e/N\x16\xb3\xb9TJI\x85\x0a\
-\x1a\xb4\xdc|\x1c\xc7\x91TJ\xa9(\x89\x95\x8a\xa2\
\xb8\x17\xc5\x89\x12\x91\x14R\x1bbf\xad\x8b\xd1\xe8\xd2\
\xb3_=c\x00\x85bww\x17\xad\xb1\x89\xb5\x9bc\
\xd2\xc4\xc6\x18\x83\x0c\x02\x17\x93\xd9w|\xf7\x1f\xfe\xe6\
oy\x8f\x15\x90}\xf1\xb7\xbf\xf8\xd9O\x7f\xea\x0b\x9f\
\xfb\xdcW\x9f\xfdZV\x96[\x83\xad\xdd\x9d}T\xd2\
\x9d\x13\x86\x85\x10R\xb9\x91\xb4c\x8eU\x8ewk\xd4\
'\x18\xa5T\xa6\xae\xc6\xf7TQ\x84\x91\x12\xed\x09j\
o\x0cL\xee\x18\x18*#C\xe7X\xef8\xf5\xca\xa8\
\xc1\xb5I\x88\x95\xfd\x1eB\xa9M\x9a\xa5\xb3\xd9\xe2\xe4\
\xe4\xf4\xc1\xf1\xc3\xc9d\x92\xce\xe6\x8b4\xd5U\xfe\xc0\
(\x8e\xbd\x082\x5cuM[P\x81\x02\x84\xa8\x14V\
(mW\xdcO\xee\x1f\xa8\xbc\x04\xb1\x99-p\x09\x93\
\xaa\x8c\x11\xb2\x9eA\xdeY]\x22\xbat|\x1e\xfbu\
\x15)m\xe2C\xa7\xc4\xf3@\xce\x81:!\x94P6\
fL\x95SJ\x84:\xc0F\xd8\x98\xf0\x83=\x8e\x01\
@H\xe9c\xd44;\xb9\x02\x01Zma\x0d<\xaf\
0\xa6\xf5\xfb\xab\x1ap\x14\xc2\xde\xeb'\xd4\xe2{w\
\xe8\xd7(\x8c\x9f\xf2\x96\x02\xb0Q\xfc\x16\xae?+\xa4\
W\x01\xe0t\x17\x97y;\x1d\xd5\xf1\x86\x0bu*\xd7\
}H\xd5\x1a\xaf\xb5\x5c{t%\xbc\xe8$\xa9\xebA\
\xe3\xb9Hf=K\xb0\x09\x10\x12PC\xb1\x8d[\xda\
}F\xee\xa8\x86\xd5V\x86\xce\xfe\xfb\x83xEw\x1a\
\xd5l8\xa8\x0e\xd0\xfe\xa8\xa5C\xcd\xd3RinR\
\xdck6,\x857\xb3\xfdl\xd4Y\x86M\x07\x80s\
\x8f\xdb\x0d\xeb\x9c[\xf3\x5cl\xb3\x06}\x85\xd5:\xd9\
\xa0U\xbf\x9e\xdb\x81M\x10\xd7\x1a\xd9\xff\x1afq\xc3\
\x11[so\x9b#\x5c\xd3COX\x00\x80\x88\x19\x8d\
f\xbd=\x18\xbd\xfc\xdc\xd7~\xf5\x17\xff\xf5\xe7>\xfb\
\x99\xc9\xf8T\xf5\x06\xfd\xd1V\x9e\xe7\xd9,\x9b\x9eM\
\xd2\xf9\xa2&\xb9g\x06\x00c\x8cR\xca\x90\x99\xcd\xa6\
\xd6\xd2\x06Q\xc4ql\xe3n\x03C\x9a\x17\xcf|\xfa\
s\x9f\xf8\xd4g\xed]*V\x97\xaf^\xbdy\xfd\xda\
\xe3\x8f?\xfe\xd6\xb7\xbe\xf5\x1b\xde\xfa\xf4\xad\xeb7\xae\
\x5c\xba<\x18\x8e\x06\xa3\xed\xa4\x97\x08\x10\xda\x80\x8b\xb0\
\xce\x84(\xc1z Z\xc5\x98 \x04R\x84@\xc4`\
\x9c\x10\x17!R\x82\x19\x95\x90\xc0\x90\xc4\x11\x19\xb2\xee\
\x88\x86\xc8\x18\x22C\x00@\xcc\x86\x8d\xd1\xc6\xea\x15\xad\
\xc5Q\x9e\xe7i\xe6\x0cM\xad_b\xbaXd\x8b4\
M\x17Y\x9af\x8554-\xac\xc5\xa9\xd6:\xcbs\
\x00&f\x04P\xd5!U\xa5\xc1PJ\xc9\xea\xa4\x93\
J\xc6\x0c\xecO@\x00\x00\x10v\xc5\xf12\xc7\x170\
/\x03\x8d,\xf9\x8c\x0a\xe3U\x11M\xa9\x8a\x8b\xea~\
j\x00\xc8\xc6z^~\x80\xe5)\xd1^{\xed\xc8+\
\xd8R\x126>\xb4\x09\xc4*p\xb5f\xf1\xaf\x07~\
\x8d\x85\xed\x9b\xed\xe4\xe3\xb1\xa5\xa1j\xbcc\xa3c\x18\
x\x18\xb6\xf6\xc2r[\xb5\xa3\xd4@\xc0\x82\xfb\x8b\xed\
\xfc\x8aPq\x8d\xed\x17\xb4%\x8c1C\xe4\x1cS\xdb\
\x01K\x81\xb9\xf2B\xab5\xb2&\xdaMXs=\xff\
\xb1j\x94\xda\x13\xe1qo'\xfdoC\xf4pT\xc3\
w\xb1\x7f\xcb\xb2d\x22D\x97cz6_,\xd2\x94\
\x19z\xfd\xc1\xe5+\x97\x8a,w\x11\xf9\x01\xc2\xd3|\
C\xd9D\xf8\xd6\x9d\xef\xb2f\x04:\xd73U\x19f\
l\xceP!\x04\x193_\xcc\xc1\x86s\xea\xba\xd77\
Q\xe3-\x18\x94RRI\x04\x10R \xf9ERI\
\xb9*\x8e\x02\x01\x8d1\x8b\xf9\xec\xec\xf4\xe4\xf8\xe1C\
\xae2qC\x17\x1a\x84.\x9e\xcfr\xb7\x85.\x85\x92\
d\x96\x09\xe5G\xeb\xc3\xa6\x00\x00\x80\x00IDAT\
\x0d\x11\x18c\x19\xdf\xc1`\x90$\x89\xd5@\xe6y~\
\xee\xf8l^\xec\xc8\x1bc,\xfc\xb3\x1f\x92$a\x86\
^\xaf\x87\x95\xb7[\x1c\xc7J*\xeb\xc2\x1dGQ\x1c\
\xc7I\x9c\xc4q,\xa4 ]\xb2%\xadQt||\
b\x05o\xbb;;\xdah\xb7\xf2\x01\xed\xaeabD\
\xa0R\x1f\x1c\x5c\xfe\xc1\x1f\xfcc_\xfa\xf2\x17?\xfe\
\xb1\x8f}\xe9\xf3\xbf\xf5\xdc\xf3\xcf\x1b\xa3\x87\x83\xc1\xee\
\xde\x9e\x90\xaa$\x06fA\x0c\x00(\xa5\xdb8A\x9f\
\x8d1\xde\x9e\x10+\xd9\x83\x14Bo\xec?\x0c\xd0\x0a\
j\x8a\xc0\x08\x5c9\xcd\x8bJYl\x950\xc2f\x5c\
A\xab\xd6am\xcc<K'\xd3\xf9\xe9\xe9x|z\
z69\x9bM\xcf\xf2y\xaa\xb5f\x00\x1b\x17-\xc4\
6\xd0\x85[\x1a^p\xe81J\x85\xfe, \x82\xa5\
^\xd3\x19\x83\x86\xd1a\x1a\xf0\xc9'\x8bh\x00\xaa\xca\
dT\xc8zN?o\xed\xe9\xa1ZM\x07(\x85\xaa\
^\xc4\xc5\x19R\xcaj\xf1\xbc\xc6\xaf\x1d3\xc6\x7f\x85\
 \xb7\x04\xd6C\xd1X\x05\xafl\xa5\xb6\x0f\x91\xa1\x1f\
+\xffkm\xb8\x02\xb1N{T\xa1\xd2\xfb9#b\
\xacE\xb4\xb6 \x9b[\xf7\xb6\x97M\xdbz\xb3\xb1s\
\xab{\x97\xb4\x9f[\x00\xa6\xfe\xb9f\xa7P-\xbd\x8e\
\x9akz\xb5\x9ec\x0c\x9bm\x8b&W5\xb8\x8a\x13\
h\xdck\x0f\x0bq\x91\x183\xf5M\xf6(Xk\xa5\
\xc1\xedy\xef\xf5F\x957\xb5\xf1G(\xe7b\xc2v\
Qm\xce\x09\xea\x8c \xb4V\xf6\x9a\xc7\xfbqY\xc5\
\xc3\xb5\xd7\xcd\xfa\xa66\x7f\xc3P\xae\xbf\xa6\xcdU\xac\
\xe7\x86wu2\xd3\x8d\xbf\xed\xb7\xd8\x9c\xef\xe9\x1c\x81\
U\x8f\xe8D\xa1A\xdf\xac\xea\x8aJ\xa3\x93\xd1\xf03\
\x9f\xfa\xec\xff\xf3\xa7\x7f\xe6\xd9\xe7\x9e\x1d\x0e\x06\xc3\x9d\
]m\xa0,\xca\x22\xcfNO\x8e'\xe3\xb3 \xfbg\
\xb3\x1bEQ0s\x14E\xcc\xec\xf2\xbf\xdb\x18\x06\x88\
\x029\xe9E\xc0\xd6\xd4\x9e\x8d\xd6\xaf\xbc\xf0\xd2+/\
\xbc\xf4\x89\x8f=\x03\x00J\xe2\xc1\xc1\xfe\xad\x9b\xb7.\
]\xbe\xb4w\xb0\xff\xd6\xb7}\xc3SO>y\xe5\xca\
\x95k\xd7\xae\xed\xed\xed\x0dG;\x91J\x88\x81\x8d)\
\xcb\xc2h\xc3\xc0\x02@[\x0e\x13%WP\xc7\xaa\xde\
\x90\x19\x98\x04[RN\x12%\xb1`\x01\xa4\x80\xc0\xc9\
\xfc\x9d\xfe-p\xf13F\x1bC\xa5.\x8d1E\x9e\
\xa7y\x9e\xe5y\x96\xce\xd3\xf9<K\x0b\x1b\xc3&]\
,\xb2<\xf790\xf2</\xcbB\xebRk]\x96\
e\x9e-\x8a\x1c\x99\x18\xbcs\xbe\x10R)\x81B)\
\x19)i\xe3\xd7\x08\xe1T\x8b\x88X\x89Y\x81Y\x85\
\x80-\x00t\x8cPYJ\xd5R%\xba\xa86\xfeC\
\x07\x0el\x14l.\x0fv\xd9\xb6\x9b\xdc|c-\xb5\
\x11W'\xb4[\x15\xd2\xb3s\x8ftR\xde\xce}\xd7\
@\xa7k\xb8\xfcU\x00rC\x12\xd1\xb9\x7f\xb9K\xe4\
\xd4\xc9\x917\x9e\xd2)(\x0dI\x013\x1bml\xa4\
\xbb\xc6\xb0/\x9f\xdb\x85\xc6\x1b\x1d\xd8\xe4\xdc]\xf3\xd6\
\xe1\xc5N\xea\xdd\xae\xbf\x06\x82\xaea)*\xb58\x14\
EA\xcc\x02\x81\x88\xa4\x84\xd9dB\x86P\xca\x9b\xb7\
\x1e;\xba\xb4_.rdQ%l?\xa7\xac\xa7\x8d\
\x9b\xc8\x0aW5\x18.u\x1f\xb6\x17\x01\xa4\x94e^\
\xccgs@\xe8\xd4X6\xe4\x0e\xe1\xf5j\xd7\x0b)\
e\xa9\x043\x10\x811\x86\xb84\xc6\x18\x0dEY\x16\
e1\x9d\xcf\xc6''\xf7\xef\xdf\x7f\xf5\xd5W\xcbR\
7\x90\x80-\x9d\x07\xa8\xfd,\xa5L\xd3\xd4\x10!\xa2\
\xc59U\xaaS\x00\x00\x17\xf8\x04\xb1\xca\xd3\x13\xf5z\
\xbd\xc5b1\x9b\xcdll\x92\xda\x8b_\xbc\x84\x9b.\
I\x12\xab\xcb\x1a\x0c\x06\xdb\xdb\xdbeY\xdawQJ\
\xc5Q\x1c'\xb1\x142\x8e\x22\x15G\x91\x8a\xacc\x9e\
\xc5\x90\x0c`U\xe8\x08p\xfc\xf0a\x9c\xc4\xfd\xc1`\
\xb4\xbdm;OD,\x9d\xa8\x10,\xee&\x16\x82\xff\
\xc1\xcf\xfe\xbf^y\xf5%\x02\xe8\x0f\xb6\x8e.\x1d\x19\
\x22\xad\xd9\x90a\xadQH\xf0\xdb\x09*\xb1b}\xd6\
lb\x98\xc6\xd29\x97O]\xbbS\x02e\x91\xe5\xe9\
\x9dJ\x87\x04\xa2\x12\x82\x81K\xa3\xe7Y6\x99\xcc\xce\
\xc6\xe3\xf1x|:>;;;+\xb2\x8c\xb4f\x22\
\x14B\x05\xd1\x83\x1aHCty\x03V\xe8\xcf\xa2>\
\x5c\x02\xc2f\xce@\x0cs\xa67\xfez \xe4P\x93\
\x14\xa2\x81\xac\x04\xda\xd0,\xd6\xca\xb43F\xa8W\xdf\
a\xe0\xe3g}0Dh)\xaa\x94\x12B\x8a\x967\
`e\x08Z3\x0aE\x97\x1e\xbe\xa1\x90DD\xab!\
\xec\x00\xb4\x8dw\xa9\x03\xb6\xf6\xc0\x866\xb4\x8d%\xed\
\x88\x92Et\xbc\xbc\xee\x16Iu\x03\xd6\x05\xa6kD\
\xa5\x8d\x83\xa3\x8eRj\xe0+\x5c\x83\x1b2\xee\x17:\
\x14:\x7f]~\xf56G\x8d.\xae5\xef\x5c\xd9Z\
W\xe5s\x0f\xf7uM]\x90P\xbd\xe1`\xec\xa2\x0d\
~\xfd\xd1`\x93\x88\xad\xe0\x9d.Tj>\x84\xd8\xd2\
\x124`\xe1\xe6d\x14\xeb\x22\xf6\xceS|\xcd\x11\xd5\
\x80[\xedQX\xc3\x185\x1a\xe9\xe4r:\xf8\x83\xd6\
]\xb8Zv\xbe\xea\xc3\xca\xa9Z\xdb\xcf\xc6\xf5\x0d[\
\xeb\xac\x095\x83,2\x8c\x9a\xcdh{\xfbc\x1f\xfa\
\xf0\xdf\xfc\x1b\x7fc6\x99n\xef\x1d0qY\x1a&\
\x222\xd3\xc9\xf4t|\xa6\x8d\x86\x15\x1b\x90\x88\x8a\xa2\
PJ\x11\x11\x1b\xb2Y\x86\xbd\xf1\x83.-#\xe2\xd4\
\x04R\x888\x8a<\x0d$c\xee\xdd?\xbew\xff\xb8\
Z\x130\xe8\xf7\xb6\xb7\x07\x07\xfb\x07\xd7\xae_{\xea\
\xa9\xa7\xae]\xbb~\xe7\xce\x9d\x1b7n^\xb9v\xed\
\xe0\xe8\xf2\xd6p\x84\x95\xd2\xc1\x94F\x1b\xf7Lc\x0c\
\x03+\xc1\xc8$\x00\x11\x05K\x94\xc4J`\x09\xc0D\
\xd2\x86\x91'RR0\x00\xb3A\x00d4@\x88\x11\
\x11\xb3\xcd\x8a\x81\x92\x80\xc9f\xda(\x0di*\x8a\x22\
\xcb\xb24\xcf\xb3,\xcdl\xa4\xd3\xc5\xa2\xf2EL]\
\x04\xd4,-\x8a\xb2(\xf2</,F$\xa6Rk\
\xe7pB\xc6\x9e\x226\x14\xbb\x94R)\xa9\x94\x03\x87\
\xca:\xce\xab\xca\xb4FH!\xa4\x07OP!A\x1b\
l\x94\xc8BC\xf7\x8d\x99\xec\xc4\x13\xd0\x12\xe7Us\
\xee\xf5\xa2\xfe\x92\x8fg\x03\xdcrz\xf4Yd\x03\xd7\
D\xac\xb8\xa2\xf6\xda^\xbf\xeb\xd7\x88\x87\xd6\x1c\x00k\
rE\xac\xa7\x0f\x9d7vn\xedU\xbdm\x93\xb8U\
\xc0\xb5a\xa1\xb7^z\xd5D\x08\xce\x8e\x0c\x0c\x10\x90\
s\xaa\xf1z\xc2\xf6i\x8a\xe8\xa2\x96C\xd7\xde;\x97\
\xbe\xad\x02\x93\x9d3\x05+J\x1b97\x86w\xcdX\
\xf9\x8b\x86\x89\x81\xf3\xa24@\x12\x18\x84\xccI\xdf\x7f\
p_F\x0a\x00\xef<\xf1\xb8\x92*\x87TV\x86v\
\xdc\xd5\x81Uk\x0c.R*\x03\xf9\xeeT\xcf\xae\xb5\
\xd0\xf2\x0a\x00\xc0XUOQ,\xb2,E\x1b\xe5\xb2\
K\x81\xec\xbe\xfap\x05\x16\x06\x90QRJ\xa1@\x09\
\x11\xc9{\xf7\x1f>x\xf80\xcf\x8b\xa2\xc8\xac\xe8)\
\xcf\xf5\xdcfdMS\xab\xb2C\x84^\xaf\x07-\xc5\
\xa0\xffL\x88\x02\x04Z\x12\x86\x00\x046\xbf\x85\x94r\
:\x99l\xef\xec\x22\x0a\x22\xf6\xfc\xbcm\x93+\x9b\x0e\
\xcb\xcb\xf6{\xfd^\xdc\x1b\x0cz\x93\xb3\xc9b\x91\x19\
26\x1a\xf4\xb9\x87\xf8\x9aUg\xbb\xb7\xb3\xbd\xddS\
\x0a\x11\x06\xc3\xad\xfe`+1\x06\x11,R\x88\x94\x8a\
\x93\xc4j\x88\x92(v\x0a\xc38\x8az\xb11d\x8c\
\xd1Z\x83\x8c\x8e\xcfN\x8fON#\xa5\xb6\x06\xa3$\
\x8esS8zWY\xce#\x031\xa3\x10\xc7\x93S\
D\xb1\xb3\x7f\xc0\xcc\xa5.\xb3,\x03\xacr#\xa1@\
kP_%|\xe7jF\x19@\xa0\x88\x22ec\xc3\
4\xd6\xb07\xean\x8b\x09\xda\xb4b9\x02\xd6\x0c\x13\
\x1c\x0a\xac\xc2\x919e\x9d]\xd7\xa5\xd6g\xd3\xe9\xd9\
\xd9t<\x9bL&\x93\xf1\xf1\xf1d2\xc9\xb3Lk\
M\x86l\x14\x15\xa1\x22\x9b\xc4\x1c\xaa^\xb5}\xdb\xb0\
\xabxSO\x01 `\x99<0\xb4\xf9\x84\x96\x0e\xad\
\xf1\xb5\x06\x11E\x95\x8c\xa1\xca\xd3`-E\x85\xa8\xf2\
\x03V\x10\xae\x91\x16B\xd4]\x04\xbd\x7f\xa0\x90BJ\
e\xedg\x5c\x1d\x5c\xa6Ll\xe8\x00m\xa6\x08\x14B\
I\x85\x08\xee\x8b\xed\x9a\xac\x22\x9dJ\xa7\xcc\xb4A\xc2\
\xdb#\xd36\xb7n\xe0\xc0\x90H\xfa\x12\x8a/\xd9\xaa\
\x01\xed\x15\xb0v\xc5\xd5\xccZ\xeb\xf6 he{\xab\
.\xaf \x80\xbfw\x99\xe7\xa1\x228\xb0\xcc2$\xaa\
\x88\xc3P\xa9\x01+\x82\xe4\xfa\xe0\xc9K\xd5\xb0\xab\x85\
USk\xc8fXj'\x02W.\xad\xa1\xc5\xfbf\
\xd8\xd2\x8fa\x9b\xf1^U\xb9A:V\x82F;\xba\
\x95`k\x15v\xd9\x04\xd5 b'\xff\xdai\x0b\x8a\
k\x7f\xdd\xb0\x917\xa9\xbc\x9e\x08\xa5\x8d{\xbd\xaa\xe0\
B\xb0pi2z\xae\x04\xf1\x11D\x8c\x9d\xb7\x9c\x0b\
/;1[\xbb\xce\xaa\xeb\x9d_\x1f\xa1\xf2\xaa\xce\xb7\
\xd9e>Ow\xba\xa6\x03\x17\xbaq\xfd\xecx\xc6\xb4\
\x02\x0dl\x88\x92\xc1\xe0C\xbf\xf6k?\xf3\xdf\xff\xf7\
\x800\x18m\x15E)\x85\xb0~kY\x96\x8d\xc7g\
EYv6\xe8i\xee\xe5\xcb\x97\x11Qk\xad\x8b\xd2\
hS\xeaR\x93a\x1b\xae\x0d-Fq\xae\xa4\x86\x8c\
\xb0\x04\xaf\xd2\xd1Y\x7f\xeej\xa0 K\x8b\xc5\x22\xbb\
{\xf7\xe4\xb7\xbe\xf8\x95\x7f\xff\xef?\x88\x00q$\x87\
\xa3\xe1\xee\xee\xde\xf5k\xb7\xee<\xf9\xf8\xb5[\xd7o\
\xdd\xbcy\xfb\xf6\xed\xc7\xae]\xdf\xdd\xddK\xe2^\x9c\
HD\x85 \x89\x88J\x0d\x0c\xc6&\xe8u!\xdb\x85\
}\x02\x01\xd9\x10\xd8\xc8\x8c\xe4(\xa0dA\xc8\x02]\
\x0c/b\x10\x80\x0c\x90\xc8\x84\x15\xdb4\xb2\x16G\x91\
!]jmtQ\x96\xba,sko\x9a\x176\xdd\
E\x95\xf6\xc2\xc58u?\xe6yQ\x96.\x80MY\
\x96\xba\xd0ei\xb5\xa9D\x5cIk\xb1\x92\x98J\x1b\
$-\x89\x12\x15\xc5*\x8e\x94\x92Quv\x22J\x00\
\x17\xf9\x14|\x9cQ\x06kK\xcaPY\x8d\xfa\x15@\
\xe47\x00\x05al\x1c&\xa4 \xb8\xcdR\x1f\xe2\x96\
N\xb8\xc8m\xa6\xc6\xb6^\xa2\xc1F7\xce\xd1\xc6\x92\
k,\xe0N\x1a\xb4F\xc1\x12\xae\xb7\xce\xcf\x8d\x8b\xe1\
\xbe\xdb\x5c\x5c\xd5)\xd0m_ld\xd9\x81`\x83\xfb\
jk\x88\xac\xef\x80\x97\x9b\xac\xc1\xc0l\xd9\x82\x0a\xac\
ck\xf4:\x1f\xd4\x96U=B9\x97\x92\xafb\x91\
\x1b\x8d,\x17\x1e\x93\xd6F\x08k]&\xf3\x22\x9b\xcf\
g\x00\xa8\x94\xba~\xedJ\x99\x17\xc2\xc6\xb5\x82\xf3\xc9\
\xdd\xe6ee\xdf*X\xd8\xae\xdf\xfd\x22\xc0\x0c8_\
\xcc\x8a\xb2\x10(\x99\xcaUK\xd4\xb6\x12\xdcI\x02A\
I\xa1\x8d\x06)\xd2\xbc\xf8\xe4'?\xb5X,\xa4\x94\
\x86\xb41\xba(\xcaR\x97E\xa1\xad=\xad\xbd)\x8a\
bK\x5c}\x97B.\x96\x99E\x15\xc7\xc2\xb2\x96\x5c\
E\x89\x8a\xa2\x88\x19\xb2,\x1f\x8dFy\x96\x13\xb1K\
\x03\xeeP\xa4\xcb\xb2ma\x95\x10BJ\xb15\x1c\x0d\
z\x83\xf9|qvv\x96\xa6i\x95\xff\xae\xeb\xbd6\
\x1ap`\x86\xad\xe1\x10\x81\x84\x10\xfd\xc1`0\x18\x10\
\x91RR [\x1d\xa9\xf7\x10\x8b\xa2\xc8\x02\x85(\x8e\
\x01\x856\x851\x04\xcc\xbd~\x7f6\x9b\x14e1\xe8\
\xf7\xb6\xb7wP \x156\x9es\x10\x8e\x8b\x1c8\x8c\
d\xc4\x00Y\x96\xd9q\xc7\x8a\x83\xc6\xa5^\xd0q\xe2\
\x5ceg\x05D\x81.H\x98\xd5\x10\x12\x91R*\xa4\
{\x0d\xb2\xe6%\x05\xe1~\x0b\xe9@\xf5\xd7\xf95\x85\
\xc6|D\xa4\xb5I\xf3l6\x9f\x9f\x8e\xc7\xc7'\xa7\
\xe3\xd3\xb3\xf9t\x9a\xa7iY\xe6`\xedBU$b\
\x11\x92J\x04\xc0\xd5\xc0\xaf\xf3\x0ax\xb8\x086Vh\
\x0b\xe0\xb5@\xa0\xff\xdc\x09\x0e\x1d\xde\x0blG\x95\xa8\
\x85ri\x1by\xfa\xfc(\x1d\xd1b\xa4r\xd9&V\
T\xc3\xc0\xdc\xd4\x02B\xa1\x84\xcd<\xd9\xe8g\xf8\xca\
>|\xa8\x9d\xcd\xf0\xab\x1d\xc9\x06\x1a\xf4\x13'+\x13\
b_G\xb4\xe2\x88.gdI\xed\xfd\xbcW\xea;\
\xec`\xd2\x1a\x18\xa9\xba\xc2\x9e\xee,\x11\x0e6\xef\x0a\
\xd6\xac\xcbS\x02\xc1R\x0e\x8f\xc0\xaa\xee:\x8a\xd9\xd9\
\xb1\xcej\x9b\xeb\x007\xfciCJ\xbe\xf2Ym\x89\
\xea\x1f\x94\xdf\x03\xa5\xdbd\xb4Q6\xc1-\xed[\xb8\
e\xa4\x14VX%\xf8\xe7\xd5\xba\xc1UM=\xc2\xf5\
G\xd0\xe9uV[\x058\xbf>\x1a\xc2\xf0\xeb\x92H\
Y7\x18\x22\x04\x8c\x87\xc3\xfb/\xbf\xf2\xb3\x7f\xe7\xef\
\xe6F+\x15\xe5\xf3y,cD\xc1d\x8c1\xa7\xe3\
\xd3\xd9l\x06]\x8d[\xa2lm\x93\x86\xc3\xe1`0\
X,\x16y\x9a\x15E\xa1\xb4\xb2!@\xb5\xd6\xd6\xda\
\x87\x83b\xa7\xd5\x12_\xabC\x0b|\xae\x88\xabP\xce\
\x96\x143s\xa1\xb98\x9d\x9e\x9cL\xbe\xf6\xb5\x17>\
\xfc\x91\x0f\x03\x00\x02\xf4\x93\xf8\xd2\x95\xcb\xd7\xae]=\
::\xbc\xf3\xf8\xed;\xb7\xef\xdc\xba\xf5\xd8\xad;w\
\xf6\x0e\x0e\xfa\xc3A\xdcK\xb6\xe2\xbe@\xd4ei4\
\x1bc\x8c6L\xc4\xc0\x12\x05\x10\x00H\x1bm\x05\x11\
\x85\xd5`0\x02\xb0\x002d\x04\x08\x01\xc0\x806\x95\
\xa2\x10\x88 @J\x88c\xaa\xd2\x94X%\xaa}E\
]\x96\xba*\x16\x0afY\x96[\xd5b\x9a\xe6y\xb9\
H\x17\xb9\x03\x8ei\x96g\xd9\x22\xd3eU\xb46F\
\x13\x11\x15\xba \x06\xe6\x05/l\xb4n@\x10\x08.\
\x00\xb7\x8clD\x1b\x1599\xb2\x0b\x0a`O~\x90\
\xcd}d]e\xec\x5c\xa3\xd3.\x82\x05\x84\xc0H\xb5\
\x19q+\xcab\xcc\xea3\x00\x18f{\xda\x85K\xae\
\xfd\xa1M\xb5\x1b\x98\xa4\x81[B~+L \xd1\xb9\
b\xdb\xbf\xba\xcf\x9e\xab\xef2\xa7lt\xa3\x0dJ\x1b\
=\x14+\xa2`7\xdal\xd4o\x03\xc8\xa6T\xb8\xd1\
 ,\xa3\xd8C\xc0\x97\x87qG\x1b\x18\xa6\x0aEX\
\x13c7vt\xe7\xde\xdc\x5c\xf2\xd7xb\x03\xfc\xaf\
\xa1\xcf\xe1\xeb\xd7\x84\x08\x9db2\x022$Q\x02\xa2\
\x14\xa8\x17\x8b2\xcf\x0c\x88\x1b\x8f\xdd\xb9~\xedJ\x9e\
f6pH;\xfd\xcf\xebd\x05\x9a\xe2\x89M1\x8e\
\x7f\x1d\x0b\xc8\x91\xa5\x9a\xcd\x17d\x08\x85\x22\x00Qw\
4\x85\xc6\xe2d\x16\x95\xfa\x00\xc0*\x184\x13\xa7\x8b\
\xfc\xecl\xc2Lq\x1c\x1b\xe2RSQ\xea\xc5\xc2)\
\x06\xed\xd0Yod\xbf \xc3\x19'\x22+o\x1a\x0e\
G\xc3\xe1\x16\x0b\x04`\xa7\xffc\xb0F\x10\xbdA\x7f\
r6UJ\xf5z\xbd\xb2,\x89\x0cVZ&\xcf\xf5\
\xda+\x86J\x00\xa90\x8a\xa2dw7\x1e\x0e\x87\xd3\
\xe9\xf4trV\x16\x85\xcd\x8e\xf0H\x02\x05D\x04\xa5\
T\x91\xa5\x00\xb0\xb5\xb55\x1c\x0e\x01PI\x81\xe8\xe8\
<3W\x91$+L(%\x22\x901V\xab\xd7\x8f\
{/>\xf7,\x0a&\xa4\x9d\xdd\x11\x03\x182\xc0\xa0\
\x8d\x11Xe\xdd \xaa\xd6\x86 c\x96i\xc2\xed\xdc\
\xb5y\xd3\xfaz\xf0\xe9\x1cm\x1a\x986\xa7\x11Jj\
\xb0\xf2<dpQC\xa12\x0a\x0d\xf7\xbb@@ \
a\x156\x88\x0cP\x1a\x9d\xce\xd2\xc9t:\x1e\x8fO\
\xc7\xe3\xb3\xb3\xb3\xd9d\xbaX\xa4\xba\xd4\x08 \x85\xb0\
\xd6\xb3\xed\x1d\xbdJ\x07\xd8F\x83\x9d5\xad_\xddz\
\xd3\xd06\x02\x0cMCk(QJ\xb4\xbaf)\x95\
\xcf\xeb\xd0\x999\xb0\x82y\xa1\xa3\xa0\x08\x22\xc4\xa0\x10\
\xaa\x9e7\xa23Z\x8c\xeb\x89RV<\xe1\xd5\x86\x15\
\xdcE\xa7!\x0c.Z.\xc2\x93\xe5\x10\xe0\xd5\x5c\x01\
\x11\x1b\xb4\xd1\xdf\x1b\xceBx\x8b\xc5~\xbe\x81\x10@\
\x22\x82\xe5\x10\x1am\xfa\x8d#l\xc4Q\xactn\x81\
)f\x853\x1d\xa9i,\xb6\xc6\xd2\xaa-N\xae-\
\x15\x08\xd4>\x9b\xa3\xb5\x8e\x9a\xbc\xb2\xda*\x22\xbc\x9e\
2o\x88\x0f\xcfA\x9e-\x0aT\xcb\x97\xc8\x1b\x1dp\
\x17*\x88\xbf\xbf\x93\x04\xbe\x19\xa5\xc1K(\x7f\xe9\xf5\
\x1f\xcf\x8d\xb2\x86\xdb\x80.\xf9n'\x14\x5c\x8f\xf1\x1a\
\x8fhp]\xb8Z\xbb\xb8\xaa\x915\x0fmp\xc0\xeb\
\xebwR\x905=Y\x7f}\x93\xc3\xdb\x81\x1e\xfb\x5c\
b\x1bcm;\x8e?\xfe\x91\x8f\xbev\xf7\xee\xce\xe1\
AQ\x14R*\x15)c\x8c\xa6r\xb1\x98\x8fO\xc6\
LMm\x83\x10\x22I\x92\xb2,\xb46\x97\xaf^=\
=>\x9e\xcd\xe7\x97.\x1d\x09\x81JJ\x99\xa9\xb2,\
\xa4\xd6\xd6\x1b\xc4\x1e\xb7m\xf8a\x81b8\xadKG\
\x0e\xf0\xc8\xb1Z$(\x10 V\x91\x94\x92\x11\x8c\xd6\
%\xd1\x8b/\xbe\xf2\xc2\x0b/\xf9n)\x89\xdb\xdb\xa3\
\xc3\xa3\xc3k\xd7\xaf_\xbdv\xed\xc6\x8d\x1boy\xfa\
\xe9\xc7n\xde<88\xd8\xdd\xdf\xdf\x1a\x8d\x86\xbd^\
\xa4\x22\x00&\x02\xcd\xa4\x8d6\x86\x8cfc\x03]\x00\
\x22\x18\x14\x10\xa1d\x83\x02\x18\x05\x10\x22\x13\xd9\xbc\xaf\
\xc6\xe6\x89\x05\xcb \x02\x08T\xb1$V\x00@L\xc6\
f\x95  b@6\x864\x911\xa6(\x0a*\x8d\
\xd6\xa6,\x0b\x1b\xac&]\xa4\x8b\xf9<\xf3\xc5:&\
f\x99E\x92\xba\xd4EQhc\x0c\x93a.\xb4\x81\
2\xb7\xa9\xe6\xb1\x1a|!\x85\xb2\xf1\xdb\x94PJ)\
\x15YO\x8c\xeaL\xb5\xc7\xa7\x00@\x14\x02\x01$\x02\
\x00H%\xed\xb1\xe4,C\xa9R\x18\xba\xe1&pQ\
l\x08\xc0\x99\xe5\x9a*\xf8M\x98?\xc3\x7f\xe8\x84\x88\
X\xd7\xcbu\x9e\x0a\x0d\x06\xa8q\x127\x8e\xc3\x10\x05\
9\xd9A`\xd6\xd7\x09\xc0\xc2\xc3\xb5\x0d\x0e\x1b\xd5\xc2\
\xb3\xbf\xdd\xc2\xfa\x06\xc3\x0f\xed\x13\xbd\xf1\xd5U\x03\xc7\
\xbb\x86x\x18\x11m~\xb3F\x83mb\x05\xadC\xba\
\xf1\xac\xce>\x87=Y5)\xe1\x0c\xae\x1a\x87\xce\x91\
\x0c;\xe9y\xa30\xf8\x8d\xfd@\xa4\x0dif \x81\
\x8c\xf0\xf0\xe1\x03\xeb\x09\xfb\xe4\x13\x8f#\x02\x13\x0b\x94\
\x04\x04\xbc\xf2\x8d^\x7fi\xf49,\xad\xa5\xbb\x14\xe1\
3#\x0b\xb0\xd6\x98%q\x1c\xa11+\xf13\x00\x10\
\xb0\x14X\x85\x1bF2\xa4\x94d F.u\x91\xa6\
\xa9\x90X\x94%1\x11\x91\xb5#\xf0q\xa1\xa0\x0a\xac\
\xefy\xf2Pe:\x9dN\x17\x8b\x05\x22N&gQ\
\xa4\x92~\xdf\x86,\x11hy# \xe4\xfe\xa0\x9f\xa6\
\xd9x|\xba\xbb\xbb\x9b$=k\x90,+\x93\xbf\xda\
\xaa@\x01\x88\x9aH\x22\x08!\xe28\xde?\xd8\x1fl\
\x0dNOO\xe7\xb39\x00\x8aX\xd8\x18\x5c\xcc\xe7\x9c\
/~)Z*4\x1c\x0c\xa7\x93\xb1\x94jw{g\
k4\xb4\xa6\x7f6\xd1\xba=\x14\x1c\xa5\x02\xb4\xde\x8c\
q\x1ckc\x88H\x0aABJ\x89\xf7^{UE\
\xb1\x10r\xef`\x9f\x98\xac\xeb\x9f\x07\x81\xecM\xdf\xc1\
*E\xed\xb2\x86\x8a\x7f\xec\x10\xfd\x84\xdb\xc7\xa2P\xff\
k\xe7\x11\xdc`x\xd0\xc5\x80\xa9n\xb1O\xa9F\xb3\
\xaa\x03\x00l\x8c)\xb5Y\x94\xc5t6;;\x1b\x8f\
\x8fO\xc6gg\xb3\xe9t>\x9f\x9bR#\xa0\x142\
\x89\x94\x90\x12\x85\xf0Fl\x1e\xab\xc0Z4\xb8\x1e\x10\
\xd6\x94~v\x82\x9d\xdc\xb0\x0a!S\xd7\x0a\xfa\x08\xa3\
\x15\x06\xab\x00\xa0\xb0\xc6\x98K\x9c\x86\xcb\x8c\x115/\
\xc1\x86uh\x18\x1e&\xc4\x87!Jt\x00/\x08\x1c\
\x03\x80\xb22@\xad:&\x04\xa2P\xd2\xee\xa0v\x10\
\xd1\xceqhL\xa8\xff\xdb\xc0\xf6\xed\x83@tEl\
j,\xf0\xa5\xf5\xe2\xf2\x8a\xad,\x1b\xf7\x84\xf8p\xd9\
\x1f\xbb8\xb9FZ\xbd\xf6\xafZs>\xf87V\xf0\
\xac\xa3\x1f\xc1\x1am_:\xaf\xb4o\xa9l2\xabD\
U\xdd\xbb\x9b\xb9\xf9 \x0c#|v\x84jyt\xdd\
`E\xa3\x9b\xdd\xec~\xa1\xae8\xe7\x8d\x1e\xac\xe7\x8c\
q\xcd\xb7\xffl\xca\x85\x90\xddRC\x08-\xba\xb9\x0a\
\xd1m.\x5c\xbch\xcd\xf6\x01\xbc\xbe\xcdv\x87\x1b\xbc\
l'2\x5c/\x1a\xdf\xf0].\xd4\xf2zL\x88]\
R\xfc\xcd1!b\x15\xcb\x9d\x9d\x97\x0b\x12\x83\xb0\xae\
x\x86\x88\x18P\x97f\x10\xf7\x95R\x1a\x0c\x96@$\
&g\x13\xa3\xb5\x14\xa24\x8eU\xb5|\x83\x10\xa2\xc8\
s\xa9\xe4{\xde\xfd\xde\x1f\xf9\x91\x1f\xfa\xd9\x9f\xfd\xd9\
\x93\x93\xe3\xf7\xbe\xf7=\xc9$\x9e\x88\x99T\xaa(\x22\
k$i\xe5\xaf\xb68\xc3\xcb \xa0\xa2\xffk\x7f\xd2\
Z{\x22n\x8b\x17o[c\xaa\xbc\xc8!\xa0\xf8B\
\x0aDi%:\xb6\xa1\xf1\xe9\xf4\xe4t\xf2;\xbf\xf3\
5\xf7\xd6\x00\xc3a\xef\xd2\xe1\xe1\xc1\xa5\xc3\x83K\x97\
n\xde\xbaq\xf3\xc6\xf5\xeb\xd7\xaf_\xb9rm\xef\xe0\
\xe8`\x7f\x7fgww0\xe8Y\xa5M\xa9K\xa3\xc1\
\x18.\xb5\xcd4e!\x87\x90\x22\xb2$E\x80\x8dL\
\x03\x0c,\x01\x80\x19\x88\x14:\xdb\x0e)\x85aB)\
\x00\x90\x90#F2\x0c\xc0<\x18x\x0ce\x00\xb4\xd6\
\xa6(\x8d\xd66xi\x9e\xe7y\x91\x97E\x99\xa6i\
\x9agi\x9a\xce\x17\xf3\xc5<\x9d\xcf\xd3E\x9e\x16E\
Q\xe6E\x99\xe7\xba\xd4Z\x17\xc6\x18]jM\x864\
eF\x13\x19b\xeb\x9f)\xa0:2\x95\xf5O\xac\x8a\
\xb4\x0aE!Q\x09\x14\x22\xaa\xfcB\xb0\xc2\x8aB\xca\
\xb6N\xc6\xaa\x08\x9d7b\x80\xfdV}\x85z\xe2\xc4\
U\x1bp\x8d\xa0q\x15JafkQ\x1c\xf2\xb2\xa2\
\x95R\x16V@\x9a\x90\xd5\xf3\x8b\xaa\xad\xael\xf4\xa1\
\xd1\x9f\xf5\x10\xb7\x8d\x03\xdbGT\x0316\x00\x0f\x11\
yn\xa9\xe1O\x08u\x02\xbb\x1e\xef\xad\xda\xf8\xfe\xb3\
\x07\x9f\xe1\xc8\xac\x1a\xf6\xc6\xe8A\x8b\xd1i\x83\xde\x90\
\xb4\xb6\x98lf\xa3\x89\x09P\xb0\x90\x1ah|v\x86\
\x02#\xd5{\xfc\xf6\xcd\xd2\xca\x86\x98\x00\xd7Q\xf5\xf5\
/\xf8z\xeej\xf0\x8b\x00\xde\x06\xdbi\x83\x04b$\
\xe5b6g\x00+!\x0a\x87%l\xd62\x7fd5\
\x84L\x00\x0a@H!\x98HH\xa9\x8b2/r\xa1\
$\x19CD6\xdcq\x8b\x8c[{9)\x84\x14(\
\x00\x88\xc8\x00\x80\xf5^\xb6LvQ\x14\xf3\xf9\xb4\xdf\
\xef\x81\xb5\xe7C\x9b\xe7\x86\x05b\x1cE\xa3\xed\xad\x87\
\x0f\x1eL&g\xfd\xbe\xde\xda\xda\x12B\x10\x19\x9f\xd2\
0\xc0\x1e\x08.\x8f\xb6\xb5(@D1\xe8\xf7\xfa\xbd\
+\xb3\xd9t|z\x96f\x19\x0a\xd1\x8fc\x00,\x8a\
Bk\xdd>\x89\x82n;:\x10\xc7\xb1@\x98\xa7i\
\xd2\xeb\x1f\x1e\x1e\xec\xec\xed\x08)%\x83M\xe7c\x97\
\xb73\x0bD!\x10#\x15I!\xca\xb2$C\xc0\x04\
\x8cF\xeb\x87\x0f\xef+\x11E\xaa\xbf5\x1ai]\xb2\
\x85\xbbU\x1ey\xa7\x80\xad\xc8B\x14E.'\xa1p\
\xba\xd9F`\xa2p~C4\xe8/\x86\x98\x81\x03\x9b\
\x82\xe5F\xc6VS\xe0\x98i\x1b\x9e\x8b\x89\x8c\xa6,\
\xcb\xce\xce\xceNNO\xc6\xe3\xf1\xe9\xe9\xe9t2-\
\xf2\xdco\xf0\xb8\xdf\xafc\x15F\xacY3\x86*\xdc\
6\xec\x81\x80\x88\xb5\xe1P\x03/a\x88\xf0,\xb4\xab\
pb\x08\x08\xed\xc3\x8458\xa9\xc0X V\xac\xb9\
\x05\xb6\x15\x80\x0de\xa0\x07\x81\x0d\xe5a\xd8\x02\x22J\
e\xfbR\xd7\x0a\xfa4\xf7U\x04\x19\xacd\xc4>K\
D[\xbd\x19\xce`\xb8\x07\x1b\x98\xb0s\x9f\x86\xc7J\
\x83\x1e\x86\x8b\x5c\x08a\xbdC\xa126\xe6*`\xec\
\xb2A;\x9d\xab\xf3\xf7\x22\xa2\xd71/\xcdB\x83E\
\xe5\xe8P\x88\xb2\x18\x1a._\xae\xa9\x06)\x83\x8e\xc5\
\xd9M\xf4l\x05vm\x87\xcb\xd8\x0b6V\xb6\x83\x1d\
\xd71\xecj\xeb\xd7\xe5#6\xb3>]\xea9\xc3\xa1\
\xa9w\xa0vsh\x07\xd0\x0d,\xfd\xb8X\x9b\x7fF\
X[\xad\xd1\xef\x8b\x94eR\xfb\xdf\xb7\x88\xf2\x5cL\
\xe8+,5\x84\x9d\x95\xc2\x0f\x1b\x82\xb4s{f?\
\xb4e-\xeb1\xe7\xfaGl\x02\xbd\xce\x1d\xa0\xf5\xea\
\xc4\xc6P\x84_;\xf9\xa4\x0d_a\x0d'\xdd\x88\xa1\
\xdfY\x5c\x85\xc0\x1c\xab\xe2\xf9\x11\x01\xcb,\x7f\xfa\xc9\
'\x06\xbd\x04\x88\xa5\x10\xc0\x0cL\x12\x05\x1b\xca\x8b\x9c\
\x114\xd1`0\x88\xe3x6\x9b\x01\x80\x95j3\xf3\
O\xfc\xc4\x8f\xfd\x97\x7f\xee/\xfc\x9b\x7f\xf3K\x0f\x1e\
<\x90Q\x94\xce\x17\xd7.]\x06\xc3\x91\x94\xa9R\x96\
kQJY\xbbHo\x99c\xd9\xa0\xb0c\x9d\x03\x15\
\xaa2\x1a\xe87|S'\xdb\xab\xa4\xb6R\x0a\x096\
v\x8bB!\xca\xb2L3\xf3\xdc\x0b\xaf|\xed\x85\x97\
\xc3\x01\x89b\xb5\xbd\xbd\xb5\xb7\xb7w\xe5\xca\x95'\x1e\
\xbf}\xe7\xce\x9d[\xb7n]\xbdv\xed\xe8\xe8\xd2\xe1\
\xfe\xe1pk\x0b\xa4D!\x09\xa0,K\xa35\x13\xa0\
\xb5feF+\xd8%\x16 X8\x93\x05\x01\x88\xcc\
\x864\x11\xd9@,eQ\xeaBK)\xa4R\xdec\
\x0f\x01\x22)T?FN\x04\x08\xab\x22\xb0\xb6\x82Z\
kM\xc6\xa6?,\xca\x22\xcf\xf3\x22\xcf\xb3,\xcb\xf2\
<[\xa4\xe9\x22M3\x17\xe04+\xf2\xa2t.\x8c\
6\xc6\xa9\xaeLs\xb5\xd6y\x99\xa7\x94\xfa\xa3\xce\x9e\
\xeb\xd6\xc4TFJy\xc9\xacTJF6\x88M\x8d\
g\x088\x8c\xb6\xbao\xb9r\xea:\xc36>\x5c3\
e\xed\x85\xddX\x03\x9d\x10%\xfcP\xf9\xe1#W\xf1\
\x1ek\xfd\x04\x97\x01\xb2f\x05j\x1b\xa8\x9b\xd6\x84\xdc\
m\xe3\x83\xa8\x87\x08\x0f\xe1h\xa8\x07\xeb\xec^\xa3\xb5\
\xce\xfd\xd8\xd8\x9b\x00@l\xdd\xbd\xdc\xc8\xdb\xd2\xa9\xbd\
\x5c\xd5Z{\xe8V\xa9\xfb\xb0\xae\xcd\x0b[\xf0\x06T\
\x9b\xccE\x03K7\x96Jm\xca\x00\x0d\x11\x11K%\
P\x88,\x9d/\xd2\x94\x88\x0f\x0e\xf6\x0f\x0e\x0eLY\
\x22 ]\x10\xd4\xbd!\xa5=w\xd5\xd2\xadq\x06\x88\
\x02\x10\xe7\xf39Tf\xed\xd8\xd5Hc\xf0\xaba$\
'|ad\xbbK\xc9\x901v\xe3{\xdd`0t\
,\x10U\x14Y]\x0d\x91\x11\x02\xe7\xf3\xf9\xd9\xd9\x99\
\xaf\xa3\x94J\xd3,\xcf\xb2\xde\xd6\x161Ha\x83^\
\x10\x222B\xbf\xdf\xef\xf7\xfb\xe9\x22e\x9e\x13\xd1\xee\
\xee.Z\xfaD\x04\x96\xbdf\xb6\x96\xf9\xc8\x8c\x95\x9b\
\xb4\xb0\xc4\x1fP\xa0\x1cm\xed\x0c\x87\x83\xf1x|:\
\x9eei\x0e\x88Q\xa4\xac\xfd\x9b\xd6ZHa\xd3?\
,\xfb\x8c\x08\xccRJC\x14\xa9\x08\x18\x8c\xd6\xa3\xed\
\xfd\xfd\xfd\xfd\xad\xed\x91PJ2\x9bRkCeY\
\x86Vv\x02\x85\x0d,\xc4\xcc(\x04\x1b\x8e\x938M\
\xd3\xc9\xd9D\xa8\xa8\xdf\xef\xf7\x92\xc4h\xe3\xb7\xbc\x15\
\x1d.\xd3\xa82\xd8\xd4>\x88X\xea2\xb4\xb4\xee\x9c\
kk)\xda\x98\xa65\xe2Z\xa8B\xfe\x22\x80\xf0\xfa\
\x15kO[\xd5\xca\x8b\xd2\xa6v<\x1b\x8fOON\
\xc6\xe3\xf1t2)\xd2\xdc\x90A\x14R\xc9(v\xde\
\x81\xcb\xed\x80\x8e9\x17Ad\xcb\x06\xc0\x83\xf3T\x85\
!.j\xfc\xf5\x04]\x04Ae\x1c\xfa\xb2U*\xf4\
\xe5%\x89\xed\x22\xa5T\xa2f\xcf\x19\xaa\xfb\x1a1c\
|B\xf9*\x9f\x84\xfb-T\x0f\xfa\xa6\xec\xb1\x14\xe2\
X%\xa5\xf7\x15D\x81\x80hE\x06\xed\xf7j\x00c\
\xa8\x13\xe7\xb62\xd0\xef\xc46Bk,\x83\xf0\xd4\x83\
\x80\xf9\x14\xc2\xa5\x1duza\x0c(\xdej:Pa\
<\xbb3\xac\x95\xa9\xbfR\x93UT\x0b\x16\x19\x9a\xa4\
5X\xce\xb8\xd4\x7f\xaf%;\xeb\x08]\x97F\xb1M\
\x00\xbbo\xefT\x02\x9e\xdb\x81\xd55\xba0g\x97f\
v\x09\x9a;\xfaT\x0f\xfd\xb5\xb2%\xe4\xeel\x13\x17\
\x1a\xc0\xce\xbb\xda\xc6\xa5\xcb+\xd8\x0dS\x7f_\x17\xbb\
,\x15\x9f\x07\xb4\xfc\xe6y\xb4\x13\xbd\x13\xf2\xad\xf9\xb0\
\xbe\x91\x0d\x9f\xd5\xbe\xd2\xe6\xf0\xdao\xb4\x1e\x106\x18\
\xcd\xf6I\xb3\xfe\xf8Y\xd3x\x1b8\x85#\xb6\xea\xa5\
\x9a\xfc\x99u|\xb0\x0dV\xf8\xb0\xd4\xe5\xd5k\x97\xf7\
\xf7w\xc7\xd34MSD\x00\x89T\xea\xd3\x93\x93\xa2\
(\x08xwwG)U\xe4E\xa8\xbe\x88\xa2\xe8\xe3\
\x1f\xfd\x18\xe4\x85\xeao\x81\x90J\xcaO|\xec\x13\xef\
\xff\xbe?rtxx6\x9b\xc9\xf9<\x95\xa9\x08\x1c\
\xca-84U\xa1\xaa@\xc0\x86:\xb9\xfbE6\x91\
\xf3\xc2\xb2\xf6\x0b.\x050\x0b\x14eYh2.\xc0\
[\x15*MI\x05hA\x18\x9d\x9dL\xc6'\x93g\
\xbf\xfa\xfcG>\xfcq\x00\x10\x08\xbd~ooo\xf7\
\xea\x95Kw\xee\xdc\xbe~\xf3\xe6\xa5\xabWo\xdez\
\xec\xf6\xed\xdb\xfb\xbb{\xfd~_%JF2\x96\x0a\
\x18\xd8\xb0\x01S\x92!\xe7\x00)%\xd8\xb8\xa0\x0a\xd1\
0\x93\x8d&jS\x0f\xda\x80aLl-B\x0c\x99\
\x00\xd6\xb0=\x0dm\xd0\x05d@\x14\xccT\x92f \
6\x0c\xc0\x0e\xed\x95\xba(\xb5\xd6\xba,\x8a\xb4(\xb2\
<\xcb\xb3l>\x9f;g\xc5,\xcb\xf3,wF\xa7\
Ea\x13'\x16eQ\x14\x96\x81+\xf3\x8c*o@\
\x8f\x12\x9d\x8b\xbf\x10\xf6\xbc\xb6\x13U\xf7\x07\x91\xfe\xc0\
n\x1f\xc9\xab\xb6gc\x9d\xd7V&;\xa3\x99\xd0\xfe\
\xa4^\xa1\x16\xbc1\x9c\xe8pgU\xe9Oj\x9eB\
\xd8<.\x9d&\xdcGM\x5c\x0aq\xc1i\x94\xfd-\
\xbe\x1aTX`\x89v`\x85\xf4\xb1\x0bRB\x9d\x82\
\x89\x15Y\x86\x1bj\x167\xa4\xccL\x0eB\xd8\xad\xb1\
\x06\x8c\xb5w:\xb4\xacm\xa1\xc5\xa04*C\x00Z\
B\x0a\xd3`\x98\xd6\x9c\x9a\xa2\xeex\x89u=!\x11\
\x01\x02\x90\xe5|\xd1\x1a\xc4\xda\xd5sr|\xaaK\x0d\
\x00\x8f\xdd\xbe\x1d\xc7\xf1b1\xb7[\xf5\xd1\xa4\xb3o\
T\xf13\xee\x8c\xa8\xab\x15m\x11-\x19\xb3\x98/\x00\
\xc2T\x14\xeb\xda\x116\xb8gU\x15\xed\xbc\x1a\xa3\x8d\
f\xe3b;\xb519\xda\x845\x91\x0dA\xac\x10\xc0\
r\xb3\x8b\xc5\x02\x82\xd5\x15E\x916f2\x99D\xfd\
\xbe\x8abK6%J\xb6$%\x8a\xf6\xf6\xf6\xcb\xe2\
\x9e1f\xb1X\x18\xa3wvv\xa2\xc8q\xd8\x86H\
\x8a\x1a\xd4`f!\x85\x85d\x08\x8e\x84J\x95\x1c\x1c\
\x1enmoO&\xd3\xf1\xe9\x191\x09!\xa5]6\
D\xd6\xe1\xd5\xa6\xd5AD\x9f\xcf\x90\x89._\xbe\x94\
$\x09\x11\xef\xec\xec\xec\x1f\xec\x0f\xb6\x86Q\x1c\x0b\x06\
2\xa6\xb01U\xb5FD{\x10\x00\x80T\x8a\x89\x88\
H\x09i\x18\xb6vv\xee\xbev\xd7\x10EJmo\
o\x0b!\x8a\x22\xb7\xc3\x0a\x88V\x82\xa6\x94\xb2\x8e\x0c\
~\x0f\x0b!\xe2$)\xca\x12\x02\xe3\xdbp1{{\
\xc5\xda\x80#z?^\x7f\x83\x8fj\xb8\x04\x06\xe0\xd2\
\x09\x02\x22!0\xb3!\xd2Z\xe7y6_,N\xcf\
\xce\x1e<|xzz:\x9fL\x8a,\xf7\xa8;\x8a\
\x12\xbb\x06B\x80!\xea\xb9\x0d\xd6#\xbd\xc6-!J\
\x14A\xbc\xd0u\x80\xb0J3X\x83z\xde\x06S\x0a\
\xe8L\x1d!\xaa\x8c\xf2-G\xc1\xf0L_c)\xea\
\x93\xd1\x87\xcdz\xf5c\x03\x85\xa2\xf3\x86w\x15|\x86\
\x8cp\xacB\x13_\xff\x8eP\x1f\xdb\x06\xd5\xc2\xca\xfe\
\xb6A\x84\x83+\x0dh\x16pb\xcb\xed\x8dDP\x9d\
9\xcd\x83\x0f+\x9d_'\x19p\xbfB\xf3D\xabS\
\xe9j\x05/\x9d\xc5\xc3\x17\xb9\x08A<\x1f\x9d=\xa2\
\xfa\xab\xb3\xf1M\xd84\xbc\xc8\xf5\xdfw\xe0\xe9<W\
\xc3\xdfw/\xb4iQ\x9dW;\x95u\xeb\xd5\x8e\xab\
PMX\xa1\x8dd\x1az|\x5c\xab\x84|4\xd0\xdf\
~\x9dU\x10\xabS\x0c\xdf9\x0e\xeb\x1f\xd1\xe0\x03\xd6\
T\xdeD'\xe9\xc7\xc4\x8f^\x13\x0a\xba\xdb\xea\xeaJ\
F@(\xa8\xdc:\xdc\xbdr\xe3F\xfa\xec\xf3q\x9c\
\x90)\x88\x99\x08\xfa\xfd\xe1\xcd\x9b\xb7\xe6\xf3\xf9x|\
\x92\xa5i\x96\xe5\xa1\xd6\xc5\x18\xf3\xda\xbd\x07\xbf\xf2k\
\x1f\xea\xf5z\xc0T\x96e\x96e\x1f\xfd\xd43\xef|\
\xe7;z\xc9\xb0\xa7\x8d\x1dD\xacLJ\xac\x8bTY\
\x96\xa6\xb2\x95\x0a\x91!\xb3\x15\xbb[\xb9<.3'\
t\xbdc\xbb\x90\xb3\x08p\xd5\x04H\xa9\x94)\x9c\xa1\
NY\x96\xb6\xdby\x91;\xc5\x0b\x0a\xe9\xdc\xf0$\xd8\
\xc4\x0cDy^\xbc\xf2\xca\xddW^\xb9\xfb\xe9\xcf\xfc\
\xa6@`\x06!poo\xe7\xf0\xf0\xf0\xe8\xe8h\xf7\
h\xff\xf2\x95\xcbO>\xf1\xc4\xb5k\xd7\xaf\x5c\xbe\xb2\
\xbb\xbf\xb7\xb7\xb3\xdbOzQ\x14I!Ps^\xea\
B\x13\x19\xc3\x16\xc9!\x0b\x81\x82\x01l\x06e!E\
\x95\xde\x1a\x10\x89\x19\x04\x0a\x12\xc0\x0c\xc2\x9b?\x01\x00\
Y\x9fy\x02`\xc1\x00(\xe3\x98\x8d\xb1&\xab^5\
gK\xa9K\x87\xfb\xf2\xbc\xc8]$\x9b4\xcf\x8a\xa2\
\xc83\x07\x15-^\x9cgYiMxs\xa7T$\
ct\xa9\xf3<\xb7\xe3\xe6\x04\xa8\xc2\x05\x1e\x14h\x99\
\x01\xd1\xe0\x00\xdc\x07\xafU\x94.\xe9\xa2\x9f \xfb\xa1\
!\x83\x07\x06\x04\x7f\x06;\x01\xffR\xb9\x07\x1d\xa7\xd4\
2L|\xa5(\x0e\xb5O\x1d`\xcc>\xa5s\xcdW\
\xfb\xe5\x5c\xea\xd1\xac/\x1a\xa2\xd4\xc0\x96\xa7\xa5$\x84\
:uZO\x85\xac\xa6e)\xb4\xaeX[; v\
\xa74pf\x9br\xfa\x0a!*\xeb\x14~\x87/\xd5\
\xd6|v~n\x5c\xe9\xdc\x8c\xab\xbez\xf5&\x22\x12\
0#\x110\x1023\x08I\x8c1\xf0\xecl\x8c\x00\
\xbd\xc1\xf0\x9d\xef~\x97\x00\xb6\x1e*\xab\xd2\x9cnX\
\xd6\xcc\xfeE\x1b\x09\xf5\x83\x0c$\x80\x01\x84.\xb34\
[\xf8\x1f\x1b\x86\xd6\xa1\xac\x04\x97\x9b\x02\xfd\x14\xa2@\
\x01,\x80\x85\x106U -\xc3\xa2@8\xc5RJ\
\xe1\xa2\x0bK\x04`B\xa5D\x12\xc5\x00\x8e{TJ\
\xf5\xfb}k\xa9\x91\xceg{\xfb\xfb\xect\x08\x8e\xfd\
\x17\x08[\xa3\xadB\x97'\x0f\x1f\x0a\x80\xa2\xc8OO\
O\xb6\xb7\xb7{\xbd\x1e\x11\xa1\x14^\xa1\xef:/\x05\
/\x07\x10\xa4@\x81 \x111\xea\x0d\x86\xdb\xa3\x9d\xdd\
\xe1\xd6\xf0\xd5\xd7^K\xe7\xa9}\xe9XE\xb1b\x02\
d\x06]\x96\xcc,\x10{\xbd~\x9ag\x00\xb0=\xdc\
Z\xa4s@<8\xd8\xbbtt8\x1c\x0ez\xbd\x1e\
3\x94\x85\x9e\xcf'\xd1Bj\xc36S\x11iC\xcc\
*\x8a\x85\xe0\xb2(\x04`Q\x98\xad\xed\xd1\xd9\x97~\
k0\xd8\x1al\x8dn\xdd\xb8\x15E2M\xd9#4\
D\xb4\x89\x22\xa4\x94N\xc2%\x96\xf3\x9e\xc4\xb1\x17F\
\xf8\xd0e\x0dI\x96\x9f f&&\xb2\x80\xdb\xa6y\
\x00\xf0a\x1f\x9d\xda\xd3\x19 \x00\xd80\xb9\x86\xb2\xb2\
L\xd3t1\x9f\x9f\x9d\x8eONN&\x93\xc9l6\
\xcb\xb2\xcc\xe6\xa8\x90R\xc6Q\x84u\xc4\x12>\xbd\xad\
\xe9\x0a\xe1M\xa7b\xb0S$\xd7\x06\x81an\x09\x9b\
$0\xc4\x8a\x16\xfe-\xadB\xfd\xafU\xccOYE\
\x8bi\x18y6\xf2Ix\xf5`\xc3Q\xb0i\x1a\x1a\
u\x07\x8c\xc1.\xb3\xcf\xc6+4\xc6\xa1S\x89\x0aP\
\x83\x82!g\x22\xea\xf1`\xa0\xc6k!\xba\x93\xc5F\
\xad\x83\xcav*\xdc\xc8\xc2N\xb8k_T\x0boI\
\xdf\x5c>O\xaf\xda\xe3p\xdd\xb8F*\xb8\x88\x0c \
\xa1Jj\x0fM4h\xc5M\x95\xd4Qpu\xa9B\
\xbf\xabA\x05\x22r\xcb\x8c\xd3\x1a\x99\xae>}\x82_\
0\xb8\xa7U\xbc\xf6{USXWXvF\xb5\xf1\
5:[\x0b\xd1T\xf34\x01'\xba\x0d\xef\xed,\xed\
_\xd7\x07\x5cm\xd6\xc7fOV5[\xffy\xa34\
\xb9\xe1\xd8\xfe\xde\xb1#m.\xbf\xd6\xaf\x9b\x00(\xb5\
\xa6\x955\x0a\xb7\xce\xeb\xe7\x1e\xd8\x9d\x0a\xb4n}\xd7\
\xeaw\xe8|\xcaz$\xb9\xe1\xc5\xf0:\xae\xd5\xce\xad\
\xb9\x0b.\xa2{\xec\x04\xdb\xeb\x1f\xba\xeas\xd8\xa6?\
\xfe\x99)\xea%\x7f\xe8}\xdf\xf6\xd9O\x7fvw\xf7\
\x80uQ\x96\x19\x1b\xb8u\xeb\xf6\xf1\xc9\xc3\xd7^{\
\xb5(\x0a\x97O\xaf\xae\xbf\x95*\x8a\xa2\xe8\xf4\xf4T\
\x0ai\x93I\xbcv\xf7\xde\xd9\xd9\xd9\x95\xabW\x0f\x0f\
\x0e{\xbd~\xaf\xd7\x93\xba\xd4RZHf\x89{\x88\
\x06=8\xb4\xa9\xec\xc9\xb8\xd83a\x08\xcc\xcd\xe7\xcb\
\x8fmQ\x14\xf6k\xa8\x84\xf4\x92`f\x06\x06+\xea\
.\xca\x82\xbd\xbb\x5cp\x0e)\xe7\xec\x0e\xf3y6\x99\
\xbc\xf0\xec\xb3/\x18cl\x9e\x00\x15\xa9\xc1\xb0\xdf\xef\
\x0f\xae\xdf\xb8~\xed\xfa\xf5\x1bW\xae>\xfe\xd8\xed\x9b\
7\xaf\xee\x1f\x1e\xed\xed\xefo\x0dG\x83\xe1P)\x05\
B\x10#3\xe9R\xeb\xd2Xw\x22\x04\x01\x00\x80\x02\
\x90Y\xa0\x14\x02\x81\x91\xc9\xa6\x85@\xd2\xc2\xbaC\x0a\
\x89l\xf1#\x10\xb0\x10\xb2\xea$\x00\x80\x90\x08R\x02\
\xa8^/\xa9\xa6\x13l\x80\x1c\xadK\xa3\x8d\x93^\x17\
yQ\x96\xb9\xcdw\x969\x80\xe8\xa2\xd8di\x91\xe6\
y\x96-\xd2\xd4\xea\x12K]:\xabSbm4s\
\x89\xd5x\xb6Y\x10gv\xaa*>\xc0\x82Hg\x95\
\xe4c\x18\xd8s\xdb\x9f\xdc\xe4d\xe5\xc1A\xeb\x82n\
\xd4S\x1e\xb9e\x86\xcb\x05\xbf\x91@\x04\x96n\x0c\xe7\
.\xfe\xc6\xd7\x06G\xce+N\xee\x86Br\xf3\xd2\x00\
\x8a\xb6\xd9P\xe0m\x15\x96\x08.2\xbe\x8f\x80OA\
\xe4\x8c\xb0'k>\xc0Z\x9a\xdeFqk\xa8qC\
m\xb5j\x18;\xc0y@\x15\x053\x83@@\x12d\
5\x15 \x04\x19\x9aO\xa7\x040\xda\xde\xde\xdf\x1d\xe5\
y\x81(6\xc1q\x1b\x82\xf9\xd7S\xdab8\x06d\
@\x01P\xe6Y\x9ee\x88\xe7G\xa3\xad3\xae\xc0\xcc\
\xc6\x10J!PDRI)u\x15x\xb9s\xca\xc4\
2\x92\x07\x0a\x14\x8c\x08\x02U\x1c\x01\x80\xd5!\xc7q\
\xdc\xeb\xf5\x989\xcf\xf3\xf9|>\x1a\x8d\xe28\x01g\
!a\xb7*0\xf3\xe1\xfe^\x91f\xd6\xcc\xd5\x183\
\x1e\x8f\xfb\xfd\xfe`0\x88D\xecB\x07[\xdf6D\
d`\x04\x81(Q\xa0@)0V2\x8e#mL\
\x9e\xa5\xc9\xd6\xd6;\xbf\xf1\x9b\xfe\xe8\x1f\xfe\x9e\xed\xd1\
\xd6\xd9|\xf6\xe0\xe1\xc9\xf3\xcf\xbd\xf0\xca\x8b\xcf\x9f\x9c\
\x8e\xe3\xa4\x87\x08Y^*\x14Zk\xa9\x14\x15E\xbf\
\xdf;\x1d\x9f\x0a!v\xb6w\x0e\x0f\x0f\xb6\xb7\xb7{\
I\xa2\x89\xa7\xd3YQf\x09Q\xccHLJ)\xa3\
5\x01\x08\xa1\xf2\x22% \x10(\xa54\x86\xee\xdd\xbb\
+\x84\x88\xa2\xe8\xe0\xe0@\x08\x19\xc71\x99%%\xb7\
\xaf\x13\xe2(\xbf\x0e\xdb\xb8\xab=\xb3\xe1\xacYO\xce\
8\x8a\xa4\xcbX\x08^=\x8c\x08\xc21\xeb\x9c\x1b\xca\
\x8b<\xcf\xf2\xe9b6\x1e\x8fO\x1f\x1eO\xc6\xe3\xd9\
tfM0<R\xc2\x8a\xe6a\x13\xbf\xd4z\x05u\
\x1c\xb8\xa6\xb4\x95\x81k\x00U\x0d\xfe\xa1\xb3\xf5\x0c\x7f\
\x0a\x00!J\x94B\x0a\xeb\x7f*\xeb\xca\xc0\x06\x1a\x94\
\x1b\x97\x1a\xf6\x93V\xb2\xd8,X\xe9\xfa\xc2\xcf\x9dX\
\xb7\xb6\x85Z\x99\x18C\x8a\xea1axW\xdbV\xa2\
\xbeZ\x04\xb4(|\x0d-\xe12%<\xd6MCC\
8\xea\x95\x84^\x9e\x12bB\x00F\x14\x5c!\x9cF\
\xe7[\xd4-\xb45\xec\xa6~5r\xe1#\xc1\x84u\
\x1e\xd5\xca\xa2\xd9\x1f\x5c\xe6\xc0<\xbf\xf2\xeb(\xdd\x98\
\xc2\xa1\xba\x8b=\x05\x01\x197\x0f\x22\xfd(o\x81\xb6\
o\xbf\xabf,\xbf\x17\x8aZ\x85|\xd6\x94U|U\
\xbbB\xa3N\xa3f\x08#\xd7\xb3\x86\xeb{\xd8\xae\x16\
vos@\xd8\x89W\xd7\xbc\xe6&\xbf\xae\x19\xc06\
\x83\xbb\x0a\x13n\xa8\xf7\x80\xca\xcc\xd2\xb5\x8c \x00\xf3\
E\xfe\xa3\x7f\xfc\x8f\xdf\xbb{\xff\x03\x1f\xffdo\xb0\
/\x98\xbf\xe3\xbd\xefe\xd2\x7f\xe3o\xfe\xdf\x9c-[\
\xe0\xe8bI3\x11\x15E\xaeu\xaf\xd7\xeb\xa5y&\
@\x00@\x14\xc5E\xa9\xbf\xf6\xdcs\xaf\xbc\xf2\xf2h\
k{\x7f\x7f\x7fk{;\x8a#\xeb\xf4_\x06\xb9\x19\
\x98\xd9\x01\x10_\x0c\xd9\xe3\x99\xac\xe0\xb6\x1e\x98\xb4\xb1\
\x18V\x9d\xf4\xe1\x12j8\xe74Z(\x8a\x12=h\
A\xeb8\xee\xec\xb8\x8c1Z\x1b\x00G_\xed)\x1a\
\xf7bOi\x8b\xac\x9c\x9e\xdd\xbf\xf7\xda\xbd\xcf~\xea\
\xb3\xf6\x8a\x140\x1am\x1d\x1d\x1d\x8dF\xa3\xa3K\x97\
\xde\xfa\x0do\xbdr\xf5\xea\xe1\xd1\xe1\xde\xfe\xfe\x95\xab\
W/]\xba\x9a\xc4I\x12\xc5h\xad\xc6\x98\xb41d\
\xc8\xe8\x12\x08\x04\x08k\xc8\xc9\x00d];\xac&\x97\
\x88\x81]HM\xa2P\xb9k\xa7\xd1\x1a\xda\xd8\xa3F\
*{\xc2%`UoL\x86\xd9\x90!b&*\xcb\
\xd2\xc53,\x0b\xeb\xd2Y\xe4\xd6\xba\xb4H\xd3t\x91\
\xa5\xf6\xbft\x91\xbb\xdc\x89E\xa6\x0bk\xa3\xea\xe6\x88\
\x99m\xf4\x0b\x9b\xb5\x02\xaa\x14Y\xd2\x85\x1e\xb0\x9f\xa4\
\xacB\x96[\x06AV\xbaD\x14\xd6\x8fE\x08\xae$\
\xbeUBa\x01\xce\x91\xc9\xf3LP\xf1\xb6~\x0b@\
K\xbb\xd5<\x1d\xd9\x0bek[\xa6\x13\xae@\x9d\xa5\
\x08\xf6\x87W\x08t\xe4\x9efp^D\x0d\x05\x9d\xaf\
\xd3\xd6anX|\xb8\xa7\xf00\xb7|U#T\xcf\
\x1b^\xd6\xd0\xab\xf5\xaf\xd0A\xcf\xc1\xa5\x11\x84p\x9f\
20\xb2@4@BH`\x96J\xcd\xc7'\xe9|\
\x01\x007n\xdd\x8c\xa5\xc8rm\x03\xf81\x9f/I\
\xfd:`\xc2\xf0\x15\xec3\x81Q\xa2\xc8\xd2Y\x9ee\
\xd8\xb2\xbb\xea\x84\x82\xcbF\xd0Zi\x1a\x14\x02\x05\xda\
 \x8dk\xa4\x81\x88\x0e\x10\xa2\xe5\xd5\xad\x0d:s\xd2\
\xebI\xa5L\x15\xd6E)\xb5\xb3\xb33\x9f\xcf\x8b\xbc\
\x98N\xa6GG=\xe6P\xaf\xc2\xc4<\x1c\x0e\xbe\xf1\
\x1b\xdf\xf1\xd1\x8f~,\x8ec]\x96\x80\x98\xe7\xb91\
\xa6g\xfa\xfd^/R\x91\xcf\x9c!\x98%\x0a\xb4\x12\
y)\x95\x92\x80\x90\x96\xe5\xcd[\xd7\xff\xe8\x1f\xf9#\
\xdf\xf3}\xdf\xfb\xd4\x93oU*\xf6\x9d]L\x1e\xbe\
\xf0\xe2\xcb\x9f\xfb\x8d\xcf\x7f\xe63\x9f\xfd\xdc\xe7>\xf7\
\xdcs\xcf\xbd\xf6\xea\xbd\xbctb8)\x95\xd6z0\
\x18loo\x1f\x1c\x1c^\xbe|\xa9\xdf\xefgE\x11\
\x1d\x9f\x18S\xc6\x8b\xd4\x18b\xe6\x22.\xa6\xb3)\x10\
\x09\xa9LND\xcc\x00q\x12k\xad\x8fON\x84\x14\
\xbd^o0\x18h]\x0a!\x94P\x0cl3\xb8\xda\
\xe1\xb5\xd1eD\x97\x93\xed*qp\xa3\x9a\xd6\xda\xe2\
R\xa5\xd42e!\x03 k2\x86\x8c\x01(\x8a2\
\xcb\xb2\xc9dzrrzzz:;\x1b\xcf\xa7\xd3\
\xac\xc8\x99AX}`\x1cc\xa5Z\xf48\xb0\xb1\x18\
B\xa8\x03]\x0a@\xb0\x0ad\xec\xce.\xb8F\xa5\xd6\
\x84|UM)d\x18Q\xc6-'\xe5\xe8\xb3%\xd9\
JJ\x17\xdc\xd3\x99\x89JUGw\x0d\xed\x9f\x5c\xf1\
\xab\xc7\x81\xa1\xe9)\x0a\x14\x81\xe3\xa2\xef$\x04\xc86\
\xfc\x1cn\x1c_\x0d\xea\xea\xbeplEW\x5c\xd0\xc6\
N\x84:\x9d\xaf\xff\x0a\xd6\x104$c\x15a\x17X\
\x17\x9a\xb7)\xc3\xf2D\xf0\x9b\x96\x9b\x86l\xe0\x93\x0d\
\xb6\xce\xa36&\xc4*.\x9ek\x8c\x9a\xecb\xfb\xb3\
\xb5\xb2i-rX\x8b\xa3\xba\x0c\xdd\xdb/\x89^e\
y\xb1\xb2\x12@\xae\xd0t\xae9b\x02K\xdb\x0b<\
\x1a7\xbe\xe7Q\xd0\xe0#\x80\xd4\xdfoe\xc3aY\
\xe9C\xb8\xe6l^\x83\xebV\xdd\x1e\xd6\xc1\xba\xb5\xd8\
\xaa\xa7w\xf2\x7f\xab:\xf9\x08\x08\xea\xdc\xf7m\x1c\xed\
k\xe0e\xe7\x8bl2 \x0d4~!ef\xbb\x9f\
\x8dp\xf0\xc0Py\xba\xe0_\xf9\xcb\xff\xcdO\xa5\x8b\
<\xcdd,\xfbI\xf2S?\xf9_\x15E>\x18\x0c\
\x8a\xa2\xc0\xcaW\xc4\xda\xfa3sihwg7I\
\x92,\xcb\xfaIO\x1bm\xb4\xb1~&\x89\x94Z\xeb\
\x87\xc7\xc7\xc7''\xbd^o4\x1ammm\xf5\xfb\
\xfd$\x8e#\x15\x91\x83C\xa6\xc2\x87%\xb9\x14\xf6\xc4\
\x1cyU\xa1!k\xce\xc3K\x9bR\x00\xb69\x12\x1a\
f\x1e\x810\x0fj\xacU\x8d\xde\xd709:\x9b\x04\
\xf2\x03k\x9a\xc4\xda3\xf76\xfe\x83\xb5S\x0a[\x96\
BZ\x85\x97\xf5/\x1a\x9f\xcd\xc6g3[\xe1W~\
\xe5?\x08\x81\xdb\xc3\x01 \x8e\xb6G\xb7n\xde<\xba\
tx\xf9\xd2\xd1\xe1\xfe\xfe\xe1\x95\xcbWn^\xdf\xdb\
;\xd8\xdb\xd9\x1b\x8dF\xbd^/\x89{\x00(\x85(\
\xca\xeaE\xd9\x00\xd9\xc8\xf6\x8cl\x10\x04J)\xd0 \
\xa3\x00a\x98\x09H\x80\xd5\xa3\xba\xf5/mH\xc3\xa5\
(S(@\xc4\x98\x99Q \x03Y\x1d\xa36d\x8c\
\x0bh\xe1\xecNK\x9d\x15eY\xba\xe4\x89i\x9aZ\
t\xb8X\xa4\x8bt\x91\xa5Y\x96\xa6eQj\xad\xf3\
\xa2(uis.\xbaV\xb4\x1b\x19\xd7\xba\xb3\xd7\xad\
1:\x01C\x80\xceA\xca\x85\xaeqH{\xc9\xfd\xd4\
9\x22\xa8gN\xf3\x7f=\x1b\x04\xc1\xf9Z;\xc2*\
\x9e\xbd\x16~\xadZ\x16\xd5Y\xee\xf4\x00.\x92\xac=\
\xd1-G\xecwE\xd5D\x95w\x0cl\xe0I\x04\x04\
\xb1<\xd110\xdd\x0cw\xfa\x1a\xda\xda$\x05\x9e\x9f\
\xb4\x90\xb4\xa2!\xb2\xca\x9bLu\xb7\xa8U\x1b\x1c`\
%[\xbc\xe9\xf9W\xdd!\xc2v\xb0\x1b\x1f\xba'\xf2\
\xf2V\xf6*\x16\x04\xeb\xf1U\xad\x0a\x96(\x85P\x04\
,\x94\x9a\xcc\x16%\x11 >q\xe7\x09\x04\x04$\xb6\
\xaaD\xac;\x08\xb8\x99X\xe9V\xba\xd1\xd8^\xa4\xb8\
ud=~\xab\x10\xbbh\x09\x8e\x8c&\x8bEZ\x96\
\x88\x92\x88\xe0<\xd3\x5ct\x22v\xcb\xeb\x0bm4\x22\
\x0aB\xa9b!$1\xd5#\xd6\x84\x96\x17\x80\x02\x85\
D\x97\x9e\x0e\x01\x91\xc9\xd0h{{0\xe8O'S\
;#\xc4\xdcO\x92^/)K\x9a\xcef\xdb\xdb\xdb\
\xfd~\xcf\xab\x22\x00\xb8\xd7O\xc6\xe3\xc9_\xfb+?\
\x15+\xf1k\x1f\xfcH\x1c'Z;s\xfd<\xcf\xb3\
^o\xb45\xec\xf5\x06BJ\xa3\x89\x14H)\x11\x10\
\xa5@\x80,\xcfn\xdd\xbc\xf9\xe7\xfe\xec\x9f\xf9\xa1\x1f\
\xf9\x91\x9d\xdd\x03\xdb\xaf*O&!ro\xb8\xfd\x0d\
o\x7f\xfb7\xbc\xe3]\x7f\xee\xcf\xff\x05=?{x\
|\xfc\xec\xf3/}\xf9+\xcf~\xed\xb9\xe7_{\xf5\
\x15)\xc4\xf1\xd9\xe9P\x88\xa3\x83\xfdox\xf2\xa9\x83\
KGB\xa9R\x97\x87\xfb\xfb[\x83\xde\xd9\xf8,\xcf\
\xf3t\xb1\x98M\xa7E\x11\x1b\x03\x8cL\xda\x80@$\
\xee\x0f\x06\xa7\xe3\x93\xf9l\x86R\xed\xef\xec&\x89J\
\xf3\xa2\xd2\xc1@\x1c\xc7V\x9e\x08\x00Ddc\x95\xd9\
\xe8#m\x0e\xbb9)\xce\xc3\xdc\xd9\xf8\x19c\xb41\
\x120\x8a$\xda|\xb3\xc2\xfa*@\xa9\xcdt1\x9f\
,fg\x93\xe9\xec\xecl||:\x1e\x8f\xe7\xb3Y\
Q\x96\xc0,\x85T\xd6j\xbe\xca\x88\x08-Y@\x03\
\xd7A\x00\x02\x9bh\x10\xdc%K\x0d\x01Q@E\x05\
}\x08P\x0f\xf3\xa4\xb3\xd1wV\x9f\xde\x13\x0f\xb0\x86\
\xc4*\xba\xeai\xafEk(\xd0\xe3\xbf%x\xb3\xfa\
A\xb1\xc4x\x9d\xb6\xa0\x0d\x1c\xd8t,D!\x95\x14\
B\x80@)\xa4u\xa1\x87\x96V3|\x11\xac\x22\xb8\
,\x95\x84\xe0\xde\x8baIZ\xa1~\x8e\x87#\x0c-\
\xff\xc0\x0e\xd4T\x97\xd0\xf9\x8d\xc6L\x22\xf0\x08\xb0\xca\
%G\xef\x05\x90\xf3\x5c\xb1\xbfYl\x82\x96\xa4\xd5\x9e\
RqP6#\x093\xa3\x8d\x18P\x89(\xab\x17\xa9\
g\xces\x84\x9a\x01\x97VZ\x16\xdc\xa1\x13\xa05\xcd\
\x1eW\xe2Rh\xbdx\x8b\xf2\xd5\xc6\x04 \x0c\x8f\xec\
\xaf\xf2\xf2E\xa1\xa1\x00\x0b[\xaeY\xa6\x9eKH\x9b\
\xdd\xed\xeaM\xd7-\xfe\xb0\xdd\xb4\xe5\xa0\xf3\xe7\xde\xb5\
\xfe\x15j\x8d\xaf\xd1\xe0\xae-n\xb2/\x08\x80\x97\xf7\
\x9eg\x8fz.k\xd1\xae\xbfQ\xbf/R\xd4\xaa\x1f\
\xf0<\xa3\xa3\xc6\xd7s\x05\xcfk`O\xa7\xc9\xc7*\
\x04\xb5\xc9#6\xafs\xfe-\xc1\x1a\xe6\x15\xe0\xa4\xf3\
\xd5\xda\xba\xcaU\xef\x8e\x95\xfb\xfb\x86\xaf\xd9n\xb0\x13\
Ub%\xdc\xd2\x00\x0fOO\x93H\xedD1\x09\xfc\
\xc2g\x7f\xfdS\x9f\xf8\xd4pk\x94.\xe66Nw\
eu\x22\xbc\x1d\xe0\xfe\xfe>X9+\x91\x05H\xda\
hm\x0c\x80S\x1c1s\x9e\xe5i\x9a>x\xf0 \
N\x92a\x7f\xd0\x1f\xf4{\xbd^\xd2\xebEJEQ\
d\xedE]R\x0a&\xa3k\xb6\xa3\x14\x14\x0e4\x86\
\x16~8\xb8\xc8K.t\xfd\xaah\x0f\x1dvY\xf6\
\x87z\x9e5\x92\x08f&\x08\xd9t{P!VR\
b!Di\x08\x00\x1e<8~\xed\xd5\xd7zI_\
\xca(\xcd\x16\x86\xa9\xd7\xefm\x0d\x07\xbb\xbb\xdb\xfb{\
\xfb\xfb\x07\xfb\xd7o\x5c\xbb~\xed\xfa\xd5kW\x8f\xae\
\x5c=8<\xdc\xde\xde\xee'\x83^\xdc\x1f\xf4{B\
\x086\xa4\x8dU\xf4Y\x04[21\x82\x04f)\x10\
@T\xfd1\x12\x19\x80\x80\xa0\x0a\xb7\xc06\xba)\x82\
`\x9b\xa9\x01A\x08\xc9J\xb9\xfeWx{\xcbP\x85\
\x0f\x8d1\xba(\xca\xa2pY1\xb24]\xcc\x17\xd6\
\xdc\xb4(\x8a\xbc,\xf2\x22\xcf\xd2\xac(\x0a\xeb\x93h\
\xffj\xad\xb5\xd1\xe4\xf4\xbb\xec-\x81\xbd^\x11\xbcO\
\xceR\x8a\x8e\x12\x85\x0ff\xed\x8bE\xb0\x81\xf1[\xd3\
\x81$\xfc\xda6\xc1\x82\x86\x1f\x8e7L]N\x8f\xeb\
\x02\x83A\xe7w(<t\xb45\x81\x19\xb1\xcauQ\
\xcd\xefr\xf2\x01\x00A\xa0\x08\xd7\x8ch9\xf2\xad\xa2\
u\x9d\xeb\xb3->\xb3\x10\xdaZ\x0b{\x99H\xed^\
{xl\x86\x7f\xd6\xf4\xa4\xd6[nx\xc6\x01\x22\x12\
p\xbb\x91\xe5C\x97\x96\x95\x01\x89[&\xb8\x01\x04\x02\
f\xcb\x88\x22\xa2&\xbdH\x17\x08\xb0{xt\xf9\xea\
\xe5B\x97\x00k_a\x1d{\xf0\xc6\x17vo\x17P\
Z\x14\x08,\xa4L\xb3T\x1b\x96\xb2\xd6\xa7N\x91\x93\
[\xa8U-\x14Bk\x8d6b\x90\x12*R\xe1\xc4\
5\x889\x22\xc6q\x1c\xc7\x91\x8d\xc4i\xb3\x8f2\xf3\
p\xb8\xb5\xb3\xbd=\x9dLQ`\xa9\xcb<\xd7\xd7\xaf\
\x1f\x8c\xc7'i\xaa\x8b\x22\x1d\x8fO{\xc9et)\
\xce\x11Q\xc4Q<_<$\x11\xfd\xa3\x7f\xf2O\xde\
\xf1\x8ew\xe6\xc5\xd2\x08\x9c\x99\xb3E\x9a\xb9\xec\xf6\xc3\
^\xaf\xa7\x8bR\x00\x888!\xe0\xad\xad\xe1\x9f\xffs\
\x7f\xf6\xcf\xfe\x99?\xbd{p\xc4\xcc\xc6h\xac\xbc\xcb\
\x00\xd8\x11\x1c\x00\x22`2\x80\xa0\x86;W\x86{W\
n=\xf9\xed\xdf\xf5]Y>\x9bMg\xbf\xfd\xc5\xdf\
~\xe77\xbe\xe3\xa5W^~\xea\xc9\xc7/_\xbb\x8a\
R\x12q/\xe9\xc7\x07Q\x14E\xb3\xd9\xec\xf8\xf8\xf8\
\xe1\x83\x07dL^\x94\xa5\xe6\xbcH\xc9\x18\x01H\xc8\
q/>~\xf0\xc0h\xa3d\xbc\xb7\xbf'\x84\x80\xba\
\xb6$\x8a\x22\x00\xb0\x0e{\x96\xd4p\x95\xe6\x1e\x82\xcd\
\xd8^\xe1U\xa8\x18\xb2\x86\x13\x86\xc8\xaab*\xc9\x10\
\x14\xdade1[,\xce\xce\xce\x1e\xde\x7fpzr\
2>\x1dg\xf3EY\x14\x0c \x95\x8c\x94j\xdby\
B\x9d:\x85\xe4\xa8\xfdS\x13\x0db \x03\xb3\x00S\
\xa0\xe0J4&\x10\x02t\xd7\xc0~\x18\xa6\x89\xa8\xd4\
\x80\xbe^\x08\xbad=\xd4g\xd3\xd9\xaf\x0e\xf3D+\
\x94h\x1b\x0a\xd6LC\xab\x9a\xedh1P\x19?s\
\x952\xbe\xa1\x0f\x0c?\x03@\x95\x0d\x09-\x22\x0eQ\
\x5c\xb8\xcb:u\xc2\xed\xa9\xf7\x84\xa8\x06\x17\xab/M\
zkM>\x05\x06\xb7\xd4\xb1\x013\xb4`E\x03\x88\
b]pf\xdf\x06\xeawT\x8e\xee\x0d\xae\xbf\x92R\
\x80Om\xe9ohB\x94\xcd\x95`\xd0A\xf6\x031\
V\x0b\x8f\x85\xc6\xaemr\x8c\xe7\xb4\xbcY\x7f6\xe8\
'\xc2\x12\xa3\xfe\xae\x957\xe1\xc4\xd9t\xc4\x10\x1e\xf9\
\xe5\x1fmR\x1e\xa1\xa8\x0b\xd5\xde\x5cm\xb8I#k\
tn\xab\xf8\xfe\x0ba\xe2s\xb1_\x0dN\x04\x22\xfc\
f\x05^yW\x03\xef\xad\xe9\xf0z$\x83X\x8f\xf4\
\x1d0\x97\x9d\x8f\xf0\x90f\x15\x16\x15U\x80{\x00`\
b\x10X\x16\x85.\xf5k\xf7\x1f~\xf8?~\xb0,\
MQ\x96\xbd$\x91\x81\x98\xd0\x9eI\xb6\xed~\xaf\xb7\
5\x1a1\xf3b\xbe\xd0B\xbb8\x19R\xebR\x13\xbb\
~\xa2D\xc9\x12\x00\xac\x02\x0a\xc7\x88\x88Q\x1c\xc7Q\
4\x18\x0c\x92$\xe9\xf5\x12[\x84@c\x98\xc8h\xab\
\x80\xaaTX\xa1\xd5\x22W\x0e$\x156\xac\xfc\xac\xac\
\x89\xa5\x8dKSA\x8f\xf0\xdd\xb9\x9e|gC\x8dw\
]j\xb5\xc9:\xaaU\xb4\x9e\x8c\x88(\x84$@)\
D\xdcK\xb4\xd1Z\xeb\xb3\xb3\xb3\xd3\x93\x93\xaf\x98\xaf\
\x09!#\x9b\x92KJ\x01\xd4\xef\xf7G\xa3\xd1\xc1\xd1\
\xc1\xb5\x1b\xd7\xaf]\xbdz\xfd\xfa\x8d+\xd7n\x5c\xbd\
zywwgk0\x1al\x0dG\xdbC\x11'L\
@\x9aLIVGg\x88\x98\x05\x1b#Q\x82D\xb6\
\xa9\xc5\x90\xbc\xd5J\xa5L\x04\xeb\x06\x19\xae\x19o\xdd\
\xc3D\x0c\x113\xf7\xfbL\x04\xd6\xa6\x95\xb4)\x1d\xf0\
+K]\x16e\x99\x15Y\x9e\xe5y\x96\xe5\xb9\x8df\
Z\x94e\x99g\xb9.K\x9f\x00\xa3\xd4\xa5\xcd\x82\xe1\
g\xd0\xa7\x1b1\x15\xcc\x07bC:D\x11\xe0\xa6\x0d\
<6\xf3\x07|\x00\xb5\xa1\x93\x17\x87\x06\xf3g\x8b\xc0\
\xd6\x99]s\xbc\xa8\xb0b\xe0\xf4^\x89\x8d\xb1\x02\x83\
\xe8\x1c\xac\x10\x03\x9da\xbb\x03\x01r\x5c\xe9}Qm\
Ro\xd8\xd3\x11\x1d\xa7\xf1\x22\x9e\x85\xb2[ $\x05\
!\xe4\xe0\xba%\xf9\xb2\xe7+\x94\x84\xfe\xd0i\x8ea\
\xb5GB\x15+\x07\xd3\x01\xc1\x0b\xb8\xaf^=\x8f\xcb\
\xbdfM\x9e*\x0d\x1b\x03\x13\x80L\xd3TH\x91\xe7\
\xd9\xd9d\xcc\x00\xb7o\xdf\xd9\xde\xdd.\xd2\x05\xf2\xf2\
\x0c\xe4\xaei\xa5\x0b\xca8;\x07\xbfA0W\x15+\
w\xaf\x0c\x07\xd0\xaf=!D\xbaH\xab\xe9\xdd\xc8\x9c\
\xca\xd3(D\xd0\xa5\x16\x80B\x0a\x02P*\xe2\xbam\
\x8b\x10\xa2\xd7\xebY[n!D\x1cGRJ\xc3\xe4\
t\xfdB0k)\xe5\xce\xce\xce\xcb/\xbfb\x1b7\
\xc8\xef~\xef{z}\xfc\xf0\x87\x9e\x89\xe3x2\x99\
lo\x8fF\xa3\x1d\xfb8\x81\x12P\xa2\x8a\x9f\x7f\xe9\
\x95'\x9ex\xfa\xbf\xfb\xeb\x7f\xfd\xaf\xfd\xb7\xff\xe7(\
\x8e\xad\xe9\xb8\x85\x13D4\x9f\xcf\xe6\xf3\xf9p8\x1c\
n\x0d\x8a\x22[\xc8\x05(9\x99\xce~\xfds\x9f\xfb\
\xb1\x1f\xfe\xe1\xdd\x83#c\x8cRa\xca>\x5c\x8e\x89\
\x00\x00Q\x9ab6\x9f\xcf\xe6\xd3\x93\xd3\x93\x87\x0f\xef\
\x1f?8~p\xef\xe1\xf4lV\xe6Yo8|\xe9\
\xeek\xff\xe6\x17\xff\xed\xf7\x7f\xff\xfb\xfb\xfd\x01\x11\x01\
\x88\xdd\xdd\xfd\xed\xed\xdd\xd1h\xc4De\x9e\x97\xdaL\
\xe7\xe9,5F\x1b\x81h\x18P\x8a\x17^|\xae,\
\xcbx0\xda\xd9\xdd3d$ \xd9\xa4\xb9\xd5\xde\x8c\
\xa2\x08\x11\x8d\xd6P\x8d\xa1U\x15\xca \xcb\xa2\xef\xb1\
\x97\xd4 \x831\x9a\xb4a\x22@\x94V\xf7\x8e\x90\x97\
\x05\x00/\xb2\xfcl2\x1d\x9f\x8dON\x8e\x1f\xde\xbb\
7\x9bL-\x0e\x14BDq\xd4m\x00\xda*P\x97\
U\xf9\xaf\xa1\xff[\x03\x119\xb5X\xa5!\xac\xa1D\
Q\x0b\x10\xea\x5c\x03AHQ]\x95K@\x88\x95\x1a\
0t\xd5\xc3JIX\xd3\xe6I\xa9\xa4D\xc40o\
D\x08\xff\xc2\x0fm\xaf\xc2\xe6\x07D\xa1\x94\xcf!\x81\
-e\xe0\x9a\x0f\xe1\x88\x09\xefS-\xd0\x87\x8dm\x10\
X\xbfe\x1alOx\xbdI\x0a\x02\x08\x84\x88\x84\xce\
$\xa4k\xfbrU\xbf[\xcf\xcc-\xd9\xf1\x1a\xc2\x83\
6\xed\xf3J\xfd\x07Z\xfe\x84\x03[$\x87\x13\xbb\xcc\
\x12mk\x01\xba\xbc\xb0\x02\xcd\x8d\xd2\xb9j\xb1\x15p\
q\x93\xf6\xcf\xfdu\xd3\xbb\x82s\xed\xf54\xfbu+\
\x0d\xde{\xcd\xd1\xbfQk\x17\x1f\xe45\xe7\xdd\x9bT\
T\x83\xe1h\x8f\x02\xb4\xd8\x9a\xce\x9e56U\xe7[\
=\xda\x9b\xac\xd2\xaa\xadA\x92\xb8\xda1\xd2\x9b\x07\x04\
\x9f\x1b\xa8/\xd0H\xc1R\xc4\xb3J\x8d\xd9\x94H\x05\
*;l)\x0f\x1bd\xa8\xddZC\xe3\xd7\x10\xf3\x87\
\xadu\xaa+\xc3_\xab\x1b\x89\x19Y\x1b\x82\xf2\xd9\xaf\
~\xed\xf2\xa5+_\xfa\xd2\x97J\xa2\xdd\x9dmS\x96\
\x2283\xb0\xca\xae\x12\xc54\x99\xcf.]\xb9r\xf5\
\xea\xd5{\xf7\xef\xa7i\xaau\x89Z\x08\x12\x12\x85\xd6\
\xa6\x02l\xc6\xb03R\xc5\xcaZ\xcf\xe6H\x98N\xa7\
\x88(\xa5\x88\xe3\xd8\x86I\xe8\xf5zI\x92\xa8H\xc9\
8Bg\xd2\x09DFkm\x91O\xc3\xed\x90\x01\x99\
\x8d7\xfct\x1f\x80\x1dx$\xa8\xe3\xb4\xe5x\xf8\x8c\
\xeb\x8f\xb0\xd2.T\xec[\x13\xf1\x22]@\xba\xf0\xd7\
\xa5\x94\x00\x08 \x01\xd1&#+\x8df\xe2\xb40\xe3\
\xe9\xe2\xa5W^\xfb\xccg~\xc3\x18\x12\x00\x91\x12\xbd\
A\x7f4\xda\xda\xd9\xdb\xd9\xdf?\xbct\xe5\xca\x9d\xc7\
n\xdc\xbay\xe3\xe8\xd2\xe5\xfd\x83\xc3\x83\xc3K;\xdb\
\xdb\x83\xc1\x10\xa3\x81\x00D\xa2B\x1bCl\x0c\x91!\
]f\xc6\x18)T\x05\x0a\x01+3'f\x03\xc8\x02\
%\x83\x046\x92\x81%\x1030\x12\x10\x10\x80bb\
\xc3\xcc\xa6\x17[\x1cgA^\xa9-\x0a,\xb4\xd6e\
\xa9\x8d6V[\xa8K]X\xffD]T3\x15\xf8\
\x87.\x83\x08\x19m\x8c6F\xbb\xffm\xaej&\x1b\
\xf0\xcf\xba<V\x08\xb6\xda\x0fn\x17.\x8d*\xab\x13\
\x15\xac\xdf\x1d\xfbMh\xad++\xa1\x0d\x85\xa6\xc4\x81\
\x90\x96\xadI\x90\xa8.\x9a*j\x00\x83\xf3\x83\x0b\x14\
e\x08T?\x1f\xabG7C\xba\x05\x07i\xed@\x0b\
m\x86\xb0\x85\xdf\x1a\xab%TE\xda\x7f\x84\x10R*\
\xb0\xaaxgA\x89\xbe)\x84\xe5\xc6o\xfbj\x04\x1c\
\xca\xf2\xf1\xb8\xecH\x8d\x1a\xb8\xca\xd5\x9b\x05\xad\xf8\x0e\
-\xady\xb8R\xff\xf9\x9f\xc0\xc3UW\x95\x80\x81\xc0\
\xcd%02\x1b)\x84Y\xa4\xc5\x22\x05T\xb7\x1f\xbb\
\x89\xcc\x18\xd8N\xd6\xe2\xce\xbd\x09;\xd1\x7fX'\xb2\
\xb4#c\x01-P\x85-\x10\x01f\xf3ysT\xeb\
S\xb9$qU\x8e\x13\xff\x1aeY\x02\xb0\x00\x81\x12\
\xe28\x82%e f\xee\xf7\xfb[[[\x93\xc9\xa4\
,K\xcb\xe9\xdb\xd8\x83\x0c`\x13\xd3#\xa2D\x18\x8d\
\xb6\x00\xec\x92\x17R\x88\xf7}\xeb\xb7|\xeb7\x7f\xc3\
G?\xf2I)UQ\xe4\x93\xc9t8\xdc\x16B\x00\
T1\x9d\x94\x02!\x00\xe0/\xfd\xe5\xbf\xfc\xcb\xbf\xfa\
+\x1f\xf8\xb5\x0f\xf6z\x83<O\xb5\xd6\x96\xcb7\xc6\
0\xc3l6-\xca\xbc\xc8\xf3\xa4\xd7#`\xd2\xfa\xe7\
\xfe\xf1?\xf9\xe0\xaf}\xe0\x1f\xfd\x93\xff\xcfw\xfd\xe1\
\xef\xd0F\x0b!}\x02\x0d\x9f\xc4e:\x9b=\xb8\x7f\
\xef\xe4\xe4\xf8\xf4l|zv:\x9f\xcc\xa6\xd3\xe9l\
>K\x17YY\xe8\xb2,\x0d\xb0\xd1\xe6\xdf\xfc\xe2\xbf\
\xfd\xdc\xaf\x7f\xee\xc7~\xf4\xc7\xdf\xf5\xaew\x01\xa0\xd5\
\xec\xedl\xef<v\xeb\xb1t\x91\x96\x86\xb3\xa2,\xd2\
L\xeb\x92\x0c\xa9$)M\xf9\xd2K/eE\xb1\xa7\
\xd4`\xd8\xcf\x8b\xdc[\x83\x87\xa7\x9b\x8a\x14 j\xa3\
\xedj\xb3\xf9\x09\x89\xc8\xda:[\xf3\xd7p\xae\xc9\xc6\
\xed\xb2yP\x10\x0c\x19M\xa4\x8d\xce\xd2\xf4l<>\
=\x1d/\xb2l6\x9d\xa5\xf3y\xbaX\xe4y&\xa4\
TQ$\xa4\xf4\xbb\xac\x13\xd15\xd0\xe0\xaa\x9fB\x88\
X\xc3E\x95'\xb6\xfd\x8c\x95i\xfd\xd2P4\x08\x12\
\xe3\x0dBE\x15\xe1\xd9\xe6\x93\x0f38\x84 \xb0\x81\
\xdcV9\x01\x86\xa6\xa1\xed\x9a\x0d\xa5b\xad\xb8\xfc\x14\
\xceW\xb0a\x1d\xda~\xdf\x10$\x87\x08\xd9}X\xda\
p\xa0\x10\x1dI\x5c\xc3A\x0e5\x81B\xd4,5\xfc\
]\xbc\xa4qAx\x18^\xee\xd5\xf5tf\xb9\xa9\xb9\
F<\x1b\x94$$\x1c\x9eI\xf4\x1a6\xdf\xe7`\xf3\
x\x03T\xc4:\x0d\x0e\x90 \x87j\x22l\xf6\xf3\x8d\
!\x8d\xcb\xa7\x07Ok\x5c\x5cR9\x80\xf6\xe1\xd2\xd1\
\xd4\xeag\xbd!\xbc\xd6\xa3Es\xd9\x10\x8c\xd5\x16\x9b\
\x97Qo&\xf8\xab\xd5\xecJ4\xf5u\x88CS3\
\x1d\x82\x8d\x82\xdf<r\xec\xd3\xa5\x8d\xfez]\xd6\x1a\
`\xd3\xdd\xf5\xd5-4~\xdaD!\xb6\xa6W\x8d#\
\xbc\xf3YK\x88\xcf\xa1\xbc\xda\xfd\xe6+9\x95\x7f\x0d\
g\x05X\xb1K`\x1f>tM\x1f\x1a\x17\xd7\xaf\xe3\
\xf5\xca\xc0\x0dU\x8eK@Hd\x00\x10\xe9\xf4\xf8x\
{w\xff\x9b\xbe\xf9\x9b\xaf\xdd\xbc\xb1\xb5\xb5\xd5\xef\xa9\
\xa2T\x88Ko\x05\x06@\x90\x08\x10\xf7h6\x9f\xdf\
{p\xef\xc6\xb5\x1bQ\x12\xdf\xbd{w>\x9fKi\
\xd8P)J%\xb4\xb6\xfa>t)\xa9\xc3\x11\x10\x95\
\xad 3\x1bC\x8bE\xbaX\xa4\x00g\x88 \xa5P\
JY\xada\x1c\xc7Il\xffF\x10\xc7\xcc6j(\
[\xf75mHkcH3\x13x\xbdSu\xfc\x13\
3\x10\xf8\xe04\xc0\x01\x08d``\xc2\xe6\x10\xadc\
\x13\x1fUZ\xb1\x0avzm\x8f\xd1`\xc0\xd8\x01\x11\
 \x80\xd9\x94ZH!\x95\x8dT*\xa2H1\xe2\xc3\
\xd3\xc9\xfd\xfb\xa7\xba\xfc\x8a\xf1\xf6{\x02G\xa3\xc1\xde\
\xde\xee\xc1\xc1\xc1\xe5\xcb\x97o^\xbf~txpx\
px\xf3\xf6\xed\xfd\x83\xc3\xfd\xbd\x83\xdep8\x18\xf5\
\xfaq\xcc\xa4r\x02]\x16\xc6\x90\xd1\x85.5\x030\
#\x80$b\x06!P)dFFdd\xa5\xd8\x90\
\xb0I\xc2\x053K\xc5\xccl\x8cQF\x19\xa3c\x13\
\xf5\x93\xb8,\xb5\xd5LZcQ\xad\x8d\xd6dmG\
\x8d)+cT&\xaa\xa5\x8ep#)\xac\xcb\x05\x22\
`\x18j\xc8\xda\xa8\x16ea\xb4\xd1\xa5\xb1N>\xba\
,\x9d\x16t\xa9\x5c\xa4@\xffT\xa17\x0b\xf1\xaa\xe9\
\xaa\x9c=\xfc\xe0/\x81\x16\x92\xa9~\xa8\xf4u\xd6\xca\
\x96\x9d&\xab\xb9g\xd1c<h\xaf\x14\xac\xf6?r\
\xc0:\x84*D\x9fzq\xc5\xfa\x09h\x0cC\xa00\
\xb5^\x8eB\x08\xad\x0d\x11+\xa5\x84\x14\xa45[p\
\xe5\x09~\x97n\x10\xdaDo)\xff\x0e\x85Z\xeb\x94\
f\xcc5\xbe\xa4\xbe\x1f\xfc;r\xf0\x02\xb5\xb7r\xa1\
9\x81\xac\x1d\x98@$\x006fq:\xe6R_\xba\
~\xf3\xe6c\xb7LQZ\xb7\x19\x7f{3\xd3\xf3\x9b\
S\xd60(\xcbc\x1d\x99\x81\x80\xb1\xca\xd2h\xd2\xc5\
\x1c`\xdd\xe1\xe5[F\x5c\xc6(\xb1\xc3\x9e\x17\x85\xcd\
\xca(\x84Jz\xbd\xc6\xed\xce\x11\xd7yw\x0b\x81\xd2\
\x8a\xb6\x84\x10\xcc\x80\x80R\x08%\xe5\xf5\xebW%J\
f0\xda\x0c{\x83\xc7n<\xf6\xdd\x7f\xf8}\xff\xec\
\xe7\xff\x97\x0f|\xe0\x83Q\xa4f\xb3\xf9|\x9enm\
\x0dQ\xb8\xb4=\x04`\xc8\x00@\x12'\x7f\xfbo\xff\
?\xbe\xe7{\xbf7[\xe4Xy\xa5\x12\x91\x05\x13D\
\x94\xa5)\x22\xa6\x8b\x85\xe5\xe8{\xbd\xdeW_x\xe1\
O\xfc\x89\x1f\xff\xbb\x7f\xf7\xef\xfe\x85\xff\xc3\x9f7D\
N]\x0c\x8c\x88EQ\xbc\xf0\xc2\x0bw\xef\xde=9\
9\x99L\xa6\xf3\xc5t1\x9f\xdbl\xa8E\x9e\xe7E\
\xae\xb56\xe4\xec9\x11\xf0\xd9\xaf>\xfb\xb7\xfe\xd6\xff\
\xfd\xdd\xefz\xf7\x9f\xfc\x93\x7f\xea\x89'\x9f\xb44\x7f\
wo\xef\xe9'\x1f/K}\xf7\xfe\xbd4M\xed.\
\xda\x1e\xed\xde{\xf0\xda\xe9x,Ut\xe9\xf00\x8e\
\xa3\xd9l&QH\xa5d\xc3P\x10!\x8a#\xd4X\
\x96\xa5W\xe6;\xffO\x00cC\x82\x05\xb3\xe3`!\
\xb0\xd1\xa6\xd0z\xbe\x98O\xc6g\xa7''\xe3\xe3\xd3\
\xd3\xf1i\x9a\xa6D4\xe8\xf7Q\x08bJz\xbd\x10\
\xab T\xb8\xadn\x9d\xbe\xbetj\x08\xdb\xf7.\xcd\
A+U!\x0aa\x83\xbdvZ\x8a6l/]\x84\
\xe7:\xfck@\xb8N4\xb8*|\xe8\x1aS\xd2\xda\
s\xa5\x5c\xda\xac\xb6\x12\xc7\x87\x9fe\xa5\xfak\xa8I\
=\xa8\x0bG\xc3k\xccD+\xa5j8\xfb\xe1\xdf\x95\
\x9a\x99z\x1avl\xc8\xe5\x9bb\xb7&\xd9\xe1 \xe1\
\xedz\x7f3f\x17\x86\x01q\xbd9\xe7\x12Q!\xf0\
9U\xab\xf3\xaa\x167\x86\xcf\xe1\x09\xcfE>\x9d\xc4\
\xd5\xd3\xa9\x1a\x22j\xd5yd4x\xa1j\xebZ\xf8\
z\xa1\xc1\xc6C_g\xc6\x88\xd7\xff\xe2\x17-\x1b\x8e\
\xd3\xeby/g2\xba\x89>\xb0\xf6\xc8.\xf5\xd4\xb9\
,u\xb7\xca\xeeQ\x03\xabt\xe2\xae\x0d\xef\xed\xbcq\
\x0d\xc4j\xbff\x83f5>\xac\xc1\xc0\x00`\xadC\
\xd7@\x91\xceG\xb7A;\xd7\xb5\xb2\x9d\x10\x14\x18\x80\
M^\x96\x07\xfbW\xae\xdf\xbaitALI\xbf\xd7\
\x1f$\x22\xcf\x89\x19\x99\xadi?\x03H\xa9l\x22\xf8\
R\x17\xaf\xbd\xfaj\xbe\xc8n\xdc\xbcy\xeb\xd6\xad\x87\
\x0f\x1f\x8e\xc7c]\x94RI\x97\x0f]k,K0\
@\x95mj\x03\x19r`2a\x8b\xd6\xa4u\x91e\
\x05\xc0\x14\x00\xa4D%\xa5R*\x8a\xe2$\x89\x938\
N\x92\xbeRq\x92\xc4\x88h]\x0b\xb5!6\xce\xca\
\xd4\x901\x95\xf7\x1a\x83U;Q\xfd\xc9\xcc\xcc\xc4$\
\x02\x9b\xae\xceI\xe9\x5c\xde\xed\xe9X%\x9bh\x97\xf0\
\xde\xc6iGL\x08\xc8\x02\x11\xd1\xc2X\xabo1\xa6\
\x80\x14l&\x07)d\xaf\xd7\x8b\x22\x05B\x94eI\
\xda\xe4\x8b\xfc\xa5\xc9+/<\xffJ\xf8\x94H\xe1\xd6\
\xd6p4\xda\xda\xdb\xdb\xbb|tx\xf3\xc6\xb5\xabW\
\xae\x1d\x5c\xb9\xb2\xbf\xbf\x7fxx\xb8\x7fxiww\
\xb7\xd7\xeb\x81\x1a0*&\xb0!ql^B& \
\x03\x06\xc0\x00\xa0\xb3=\x03\x04B\x06\x14\x92%I\x13\
i\xa3\x99\xa2(fc\x96F\xa1\xc6\x90!\xb6\x8a\x5c\
\xa2\xd2\xbd\xa3;e\x96\x9c\x81T2N\xa2~\xaf\xbf\
=\x1amo\xef\xf6\x07\x03)\x84q\xd9\xbaMY\x14\
\xf3t1\x9b\xcd\xb4\xd6q\x141\xb3\xd3$\x96\xba,\
\xcbR\x97\xa5\xd6eQ\xe4EQj\xed\xd2i\xe4E\
\x9e[\xbdda\x5cL\xd4\x0a32\x83\x8bVk]\
P\x01\x80-N\xad\xad|;!\x95\xcf\x1b1\x85\xf3\
e\xc5\x07!\x22$\xa7\x1a\xab/\x1bn\xee\xee\xa5M\
A\x80$\xab\xab\x18 \xc0e}\xc7\xd3\xbat\x9c\x95\
\xf6\xcd\xf99\xb1\x15\xc9'Qb#\xf4\x86\xdb\xde\xeb\
L\xa1\xb1\x08\xbd\xcd\x82\xe3l\x1a\xe4\xa2\x99I/\xe8\
\xcf\xd2\xe2:\x1c\x8a6O\xe0m_\xfd\x17\xa8\x98\x09\
\xab=@\xb1d.\x01L\x96\xe6_[\xbcP\x18}\
\xf3\xf6\xad\xc1\xd6\xd0\xa4Y]\x91\xda\xc1\x96-[|\
s\xca\x9a\xfd\x8b`-\xcc\x00\x99\x108\xcb\xd2v\xcd\
\x90\xd1\xb4T\xc6\xb2\xb9\xa1\x12\x03\x05\x96E\xa9\x0d\x13\
\x90Pq\xaf\xd7\xf7\x95m\x85,\xcb< \xb4m\x1a\
c\x88\x99\x88\x10@ +\xa5T\x14\x1d\x1c\x1e\xf6\x86\
\xbd\xf9lnJ\x18\x0e{\x97.]EH\xfe\xeb\x9f\
\xfa\xa9\x0f}\xe0\x03Q\x9c,\x16\xe9x|\x9a$q\
O\xf6\xc0\x8a\x9c\x18J2\x00P\x14\xe5{\xde\xfd\x9e\
\xbf\xfe\xd7\xff\xfa_\xfd\xcb\x7f%\x8ab\x00]Q>\
\xb4Ju\xac\x12\x02\xd9I\xcc\xb2L)5\x9e\x8e\x7f\
\xf2/\xfe\x17\xaf\xdd}\xe9\xaf\xfc\xd5\xbf\x0ah\xa3w\
\x88\xf1x\xfc\xfc\xf3\xcf\xbf\xf6\xdak\xa7\xa7\xa76\x05\
\xdf|>+\xf2\xac,\xcb\xb2(\xb5!c43\x18\
\xefKl4\x00\xc4q\xfc\x99\xcf}\xe6s\xbf\xfe\xd9\
?\xf2\xbd\xdf\xf7\x13?\xfe\x13\xfb\x97.\x19\xd2;\xfb\
{\xbb\xfb{\xd3\xf9\xa24\xda\xea\xc8vww?\xfd\
\xc9\x8f\xe7Y\x9e\x0c\x06\xfb\x07\x07\xf6\x15\x88\x89\x8a\x02\
\xa2\xc8\xe6bYNY\x95\xbb\xc5h\x1d\x18\x81\xbb\xa8\
\x18\x5cY\xcb\x1bg|`\xb2\xb2\x5c,\x16\xd6V\x7f\
<\x1eO\xc6\xe3t\x91\xfa\xe4\x81J)\xc3,\xab\x18\
'\xab\x8c<7)\xa2+\x94(\x9egK)\xb1\xfa\
\xb5\xd2\x03.\xd1` \x90m\x97\x06\x0e\x14u/\xc1\
N\xf8'\xea\x8e\x82\xa1\x86\xb0\x01\x08\x1b\xed\x87\x98\x10\
\x97\x1e\x8bM@\x08A<\xb0\xf6\xf8@\x00\xaa\xa1\xce\
1{\x1c\x18\x80\xb7\xcar\xbb\xd3>\x7f\x85\xac\x16+\
b\x88K\x05\x7f\x9d5\xa7\x96\xec\x8c[\x8fYq\xa4\
\xb7Y|\xf4\x16*\x1d4d\x15\xddYK\x918\xf8\
\xbc\x99\x86`]k]W\xf8\xbcj\x8fv}\xf3:\
kZ\x0e\xb4\xbbo\xc0\xfb\xbe\xce\xca\x17\x02\xa2\xbe\xc1\
\x8b\x02\xd1\x8bj\x1a\xc2\xf2\x08\xf7.%\xe5\x8f4\xd0\
\x8f\xe8C\xd8V\xcd\xb5\x1f\xcf\xab\x8dH\xdf\xf0\x01\xba\
\xf0\xf5\xcaD\xaa\xa6\x1d\xa8\xfd\x1e\x5c\xa9\xf3.\xbcB\
\xa1\xdaV\x15\xae\xe9\xc9\x86c\xd2\x09i\xc2\xaf\xbe3\
!h\x5cV\x03\x06@m\xb4\x92\xea\xce\xe3\x8f\x03\xa2\
)\xb3w}\xf37\x7f\xf27>?\x9fO\x00Q\x1b\
\xc3\x86<u\x17B\x0a\x86X\xc4Q\x19\xe9R\xdf{\
p\xffl:\xb9v\xed\xda\xa5K\x97vwvN\x8e\
Of\xb3YQ\x14\x08 \x850R\x16V\xc5C\x86\
\x0c\x09\x14^S\xd7\x8e\x9d\xb8\x5c!\x15A7\xc4\xc6\
\xe8\xbc\xd0\x00\x99\xb5U\x15R\xd8\x804q\x1c\xc5Q\
\x12\xc7\x89Rq\xa4\x94\x88\x22\x00`\x04k\x7fXa\
C\xb2\xf9\x03\xc9\xa5\xb4\xa8\x0cY+\x9e>\x84\x89\xd0\
\xf8\x03\xc1\xc4\x87+\x00l\x07\xcf_\xd8\xabf\x0aW\
XV\xdb\xe8ya\xfb\xb8\xb4\x03DM\xa6,\xcc\x22\
\xcflu\xcb\xfa\x08!\x15:_\x0eb\xd2LF\xd3\
\xe9xv:\x9e\xbd\xf8\xd2\xdd\xb0}\x89\xd0\xeb%\xdb\
[\xc3K\x97\x8e._\xbe\xbc\xb33:<\xdc\xbf~\
\xfd\xc6\xe1\xe1\xe1\xde\xe1\xfe\xc1\xa5+\xdb[\xdb\xbd\xde\
H%=\x95(\x8c\x86H \x88\x8d)5\xe9R\x93\
)K 0\xcc\x80\x8a\x05\x11\x1b@!\x85@]J\
\x15E\x00v\xac-\xf3\x05n\xe3\xa0\xe3dP\x08!\
\xa2(\x8a\xa3(\xe9'\xa3\xad\xad\xc3\x83\x83\xe1\xd6\xa8\
\xf3T\xb4:\x0d)$t\x17;}`'\xd6*'\
K\xad\x8d.\xcd2\xa9\x89\x8b}\xaa\xcb\xd2\xa6X,\
\x8aR\x97\xa6(\x8a\xb2,J\xad\x8b\xa2\xd0Z\x976\
\x9a\x91\xd1\xc6\xb016\xf0\xad\x06 g\x80L\xc6\xfb\
::\xf5B\xb5h\x8d6\x00>\xa4Q\xb5\xf5+\xa7\
\xd9j\xf1\xd8u\xe4\xaf@u\x05\x00\x96[\xa0\xb6\xf2\
\xec\xb4r\x15h\xd6\xaa\xce\xaa\xa6\x88\x08\x05\x0a!\x01\
\xa0,\xcb\xcaav\x05\xc5\xb0\xfb\xbd\xa2``\xb1\x5c\
k\xcd\xb9\xa8\xaa^\xf0\xec!\xe2\xb2&su8\xa3\
\x8f_\xb4\xd4\xe3U\x1c\x9e\xdd\xb26\xad\x88\x0bw!\
E$\x85\x8a\xa3\xb8/#)\xa4RB%\x0auV\
~\xee7\xbf\xa0\x92\xf8\xd6\xad[l\xfc\x80,Ae\
\xad{\xe7\x12\xbe7\xa9x\xa8\xe4\xba\xc6\x00L\xa4\xf3\
,\xeb\x1cpl\xf9\x7f\xfa_\xade\x98\x90\x22\xcd\xb2\
y\x96\xc7\x91\x04\x86A\xbf\x0f\xad\x93\xd8\x22\x13p@\
\x02\xb4.\xed\xfaB\xc4$VI\x12\x03p\xbf?\x18\
\x0c\xfa\xf3\xd9\x5ck\x9d\xf4\x92\xa3\xc3C\x00\xf8\xe1\x1f\
\xfe\xa1\xa7\x9ez\xf2\xab\xcf\xbd\xa0\xa2h>\x9f\xcdf\
\xc3$Il\x08C`B\x1b\xe9W\x08c\xe8\xaf\xfc\
7\x7f\xf9\xd3\x9fz\xe6_\xfc\xc2\xbf\x8c\xe3\xd8:+\
\xda\xae\xda\x0f\x14\x08J\xdcO\x88*R\x7f\xed\xaf\xfd\
\xb7\xcf>\xfb\x95\x9f\xf9\xe9\x9f\xe9\xf5\x87\xaf\xdd\xbb\xff\
\xd2\x8b/=xp\xff\xecl|v6\x99\xcdf\x8b\
\xc5\x22\xcf\xd2\xb2,MY\x1aC\xda\x10\xdb\xcc:\x15\
\xa5e\x22b\x12R\x0eG#m\xca\x7f\xf3\xef\xfe\xed\
G>\xfa\x91?\xff\xe7\xfe\x8b\xef\x7f\xff\xfb9RI\
\xbf\xb7H\x17\x86H\x22$\xc3\xe1`\xd0\x7f\xf1\xf9\xe7\
Q\x88~\xafwtt\xa4\xb5v\x8eU\x00Zk\x04\
\x14\xd2\x85\xb4\xf1j\x1f\xa5\x94\x00\xb4\x94\xd3\xda\xfaZ\
u\xbf7@/\xcb2M\xd3\xf1\xe9\xe9\xc9x||\
|<\x19\x8f\xd3\xf9\x82\x99\x85\x92JE>i\x84\x9f\
\x0e\xd1\xf2p\xdb\x1c\x10v\xd6l\x00\xbfU_\xa5\xf3\
\xc3\xf3\xf4\xb2\x06\xb7l\xb6\x12\xac{\x06v\xdas\xae\
\xd1\x04\x86N\x83\x9d\xa1bj\xd8\xaf\xfa\x82\x95>0\
\xb0V\x95\x22\x00\x84P!s\xac\xdb\x82:\x93\x22\xe6\
\x86\x81h\xf8\x17\xeb1\xbd\xa1\x19\xaby\xa9w[o\
l\x0f-^|sN\xb7\x06//N-p\xf5\x93\
pE\xfd\x8b?\xe4\x8d\xb8\xabi\x1f\x12^_\xd1\xf8\
\x9b&\x89;\x0f+\xfen\x07\x95\xb9\xf0\xfb\x9c\xffR\
\xff)\x95\x0e\x0d\xe1\x86_7A8m\x9d\xd5z\x88\
x\xa1\xeb\x1b^\xac\xf5a\xf9!\x90\xf3\xfb\xb4\xb5a\
M\x0c\x84\xec\xd8\xdd\xf8*x\xbc\xa6om$\xe9\xa5\
\xcek\xbaMu\xd5\x87o\xa4\x8d\x12\x97Wl\x9e;\
f\x00\xd6\x9a.\x1d\x1eH)\x80\xe9\xee\xbd\xfb\xbd\xe1\
\xe8\xe8h\x1fY\xe7Ea\x8c\xd3\xc01\xb3\xb0\xa9\xef\
\x88%\xe3p0\x9c\xcf\xe7(\xb0\xd4\xfa\xf9\x17\x9e\xbf\
w\xef\xb5+\x97.\xef\xee\xec\xef\xee\xeeN\xa7\xd3\xc5\
l\x9ef\x99\xd6Z\x18i\xc8\x94d\xd8\x10\x1b\xa7\xbe\
1L\xa2\x8ar\xd9\xee\xb3\x1f\xa6\x06\xb1\xe2J\x85\x98\
f\x05\x00\x08\x00\x81B)\xa5b\xabE\x8c\xe2(\x8e\
U$\xa4\x10(\x95J\xac\xa2\x83\x10\x96\xbel\xd6K\
\x8d\xaa|\x87\xec\x10\x80\xd5\x22U`\x80\x1b,{m\
\x00\xc19'\xfa^\xe1\x0a]\xe2\xe6+aMab\
SetX\xb6\x0c\x955$\x91\x01*tYi\x89\
\x02F\x04]\x88\x02@\xab\xd9\xe2,/\x16i\xfe\xda\
\x83\x13\xf8\xad//\xfb\x09\xa0\x10\x86\xc3\xfe\xfe\xfe\xce\
\xee\xde\xde\xde\xee\xdeh4:\xbatx\xe5\xca\xe5\xa3\
\xfd\xfd\xbd\xfd\x83\xed\xbd\x83\xc1p\xb4\xbd\xb3?\x1c\xf6\
\x85\x8c\x01Q\x13KdiP\x1bN\xcb\x22\xd3Z\x1b\
\x06$\x06-\xc8\xd8\xf3\x9c\x05\x0a\xe5\xf2#G*\x8a\
\xe3(VQ\x1cEQ\x12\x0d\xb7\xb6\x92\xa4\x07]\xb1\
%\xad\xbaR\x08\x09-\xfdU\xc8EH\x04)D\xa4\
\x00 \xd9p\x18\x1b\x13ae\x03\x95\x02\xd1\x85L\x0c\
\xd4\x1a\x86M\xe9\xc1\xa5\xd6\xda\x82\xddR\x13\x19Sj\
\xad\xd9\xc3\xcf\xca\xaf\xb5R\x962\x83!\xbb\xde\x0c\xf8\
uW\x85q\x05\xf7P\x0b\xf8\xd8\xe6\x89d\xd2N\x9b\
\xcdL\xc4>fR\xa5\xdc\xf4\x9f\x8d\xe5\xc7\xb8j\x0e\
\x00\x02\xbcJ\xde*\xba\xb2\x9dc\x00S!N\x0c\x01\
\xa4\x83\xac`*}\xa7\x0f\xcdG\xde\x89\x12yI\x00\
\x97b\x09?MP\xa5\x0d\x11\x12\xa5D!\xa4TR\
\xa9$N\x92$I\x06\x83\xd1\xde\xee\xfe\xe1\xc1\xd6p\
\xbb\xd7\xef\xf5\x06\xfd^\xac.\x1dn\xfd\xf2/\xfe\xd2\
\xf8\x1f>\xb8q\xfd\xe6\xf5\x9b\xd7t\xa9\x91\x81\xacB\
\x87\x96\x94\x16\xbd\xa5/\xbe\xe9\x1cIS\xab\xe0\xc6\x13\
\xaa\xceT\xf2@T\xa56Y\x96\xb5oo\xe8\x19j\
*,\xcb\xcf\x0a\x04\x00CfQ\xe4=5$\xa3\x07\
\xbd\xa8\xb3?\xf6\xae\xbd\xbd\x1d)\x85\xd6\xa5!\x83\x80\
q\x14+\xa9\x06[\xfd\x9d\x9dm\xa5zI\x14\x03\x00\
\x01\xa88\xe9\x0fz\xcc\xbc\xb3\xbb\xf7#?\xf6\xe3?\
\xfd\xd3?=\x1c\x0e\xe7E>\x9f\xcf\xb6\xb6\xb6\x06\xbd\
\x04\x18\x85a*l\xb2\x1cg\xf9\xfa\xf7\xff\xfe\xff\xf0\
\x95\xaf>\xfb\x99O}F)i\x0cAe\x87\xd2\xb9\
G\x98\x08XH\x15\xfd\xa3\x7f\xfc\xf3T\xd0_\xfa?\
\xfd\x1fO&g\xc7\xa7\xd3\xc9d<\x9d\x9e\xcd\xe7\x8b\
\xc5b\x91\xa6)iS\xe4\xa5\x95\xbb\x99F\xa2\xa0\x8a\
|FJ\x81a\x09\xf2\xf0\xf0\xd2\x22K\x7f\xf6\x1f\xfc\
\x83g>\xf6\x89\x9f\xfa\xaf\x7fj\x98$E\x91\xc9(\
\x8a\x05\xec\x1e\x1e\xcdg\xf3\x97^~QJ\xb5\xb7\xb3\
;\x1ameE\x1ez\xe8\x16\xba\x880\x16J\x023\
\xa3\xf3\x07C\x00!\x153\x17E!\x00\x99\xb9$S\
\x18]\x94e\xbaXL\xcf\xce\xa6g\x93\x93\x93\x93\x93\
\xe3\xe3<\xcf\x01@H\x19'I\x1b\xf5\x85S\xd0\xd0\
t\xb5\x01\x1e\xd4)m' \x5c\xa5\x09\xc4\x96Vm\
\xf9W,\x93L,uq6\xc7{]C\xd8V\xe2\
u\xea\x06C\xff\xc0U>\x84\x1d\xca@);5\x92\
\xce\x01=\xe8\x7f\x03\x01b+\xd1<t\x01\xec\x06\x02\
l\xccB\xfd\xa2K\xfa\x83\xd5\x8el\xac\xd5\xf6\xd2m\
\xec\xc1557\xf9\xb5\xbd\xcd\xcf\xbd\xf1\x11\x1etn\
#\x9b?e\xcd\xd3q\xc5\x8f\x9dh\x10\x11\x97\x83\xde\
\xac\xff\xba\x9c\x09\xd7\xfc\x1a&l\xb8\xa8\x81\xe8E\xc1\
\xd8\x1b\x05\xde\xb8\x11\x166|\xc4\xc6\xaf\xf0\x06*\xc3\
.\xf4\x5c\xe8R\xdam2Jj}\x8f7y\x9f\x0d\
Q\x5c'\x8c<\xf7\xf6\xf0T\xde\xbc\x03\x17\x06\xab\x8f\
tW\xf8\xb5\x917\x02V\xd8s\xb6\x07\xc1\x1e\xdb\x0d\
\xe4\xec?p\xcbe1|V\xf3-\x1a\xc8\xd0F5\
'&\xe2^\x7f\x00\x00\x80B\xeb\x0c\x88n\xdfy\xb2\
\xcc\xb3E\x96\xe7\x99\x8d!\xa2\xadg\x1eV9\xa6\x95\
\xea\xed\xef\xec\xdd\xbf\x7f\x8f%K)\xd34\xfd\xda\xd7\
\xbe\x16\xc7\xaf\xec\xef\xef\x1f\x1c\x1e\x8cvo\xa4\xb6\xcc\
gY\x9a*\xad\x8d0$\xab\xcc\x04a2\x09\xf2\xe1\
D\x9a\xaf\xd99\x8c\xfee\x09\x98\x98tY@\x95#\
P\xb8\xb4\xceBI%e\x94$\x89\x92JE\xca\x1e\
\x8a*J\x9cy>\x13V\xcf6L.\x7f{en\
\x18\x065m\x14\xa8\x14=Ns\xe3\xc3xv\x890\
\xf0<\x9b\xeaM\xd6\xedryx-RgeDo\
\xaa\x08\xceV\xca\x04\x02\x8d\xa5\xd9\x8cUAX\x9a\x1e\
\xa9\x08Q\x18\xe2E\xae\xd3\xbb\xc7/\xbdr\xdf\xca\xf8\
}\x89\x10\x06\xfdhkkt\xe9\xd2\xe5\xdd\xbd\x9d\xe1\
h\x14'\xc9`\xb4u\xe5\xe8\xf0\xda\xc1\xd1\xf6\xf6^\
4\xe8\x0dwvz\x83A\x92\xf4\xe3\xc8\x8a\x92#\xb0\
V\x1fR!\x80BTRF*N\x92XI\x15'\
\xbd8\xee\x0b\xa1\xa0Mn\x18\x00!/r)T\xd2\
\xeb\x9f\x1b_{\xfdf_sdZ\xc6E\x02\x03\xc8\
7\x0as0\x00U\x96\x185}\xcb\x92E\xaed\x1f\
P\x09\x1d\xecW\xbb\xeem\xdaM\x22\xe3b(\x99\xd2\
\x18m\xb4\x8d\xb8K.5Ki\xa84\xc4N\x05S\
/\xf6\x01\xa6\x1e\xca\x95\x9d\x92\xbc\xf2\xa6\xad\x8b`\x98\
\xc9\xe1A\x0aW71\xd8$\xf1\xe0\xc4\x1e\xe8h,\
\xb1w\xa6\x12\x0c \xa4\x94\x91J\xe2^\x92$\xbd^\
o\xd0\xef\x8d\x86\xc3\xdd\xbd\xbd\xfd\xfd\xbd\x9d\xdd\x9d\x9d\
\xdd\xdd^\x7f\xa0\xaa\xb0\xad\xd6\x96\xf2\xb9\xaf=7\x9b\
e\xdf\xfa\xbe;\xfd~\xac\xa7\x99`\x02l\xba\x0dz\
0\xf8\xe6\x09\x89y\xb5J\xbf\x92\xfay\xed*0\x83\
P*\xcd\xac\x9fs\xbd\xf2\x0aX\x18\xac\x0a\xb6Y_\
\xd8p\x96\x170\x1a\x81\xd6\xdb[[\xd0\xf5vD4\
\x1a\x8d\x06\x83\x81\xd5[\xb3\x80$\x8a\xa2HI\xa5\xf6\
\xf7\xf7\x0f\xf6\x0fx\xe9\x88\x0bq\x92\xd8PC\x00\xf0\
c?\xf6c?\xfd\xd3?m\x89g\x9e\xe7\xb3\xd9l\
\xd0\xef\x03p$!\xb3\x81\xac\x10\x05\x0ac\xcc\xfe\xde\
\xfe\xbf\xf8\x85\x7f\xf1\xfe\xef\xff\xfe\xe7\x9e{^J\xb9\
\x06\x0d\xfa\x0fVu\xf9\x8f~\xfe\xe7\xa3X\xfd\xc0\xfb\
\xdf?\x9e\xcc\x16i\x9a\xe7eY\x96.\xaf\x8c.\x8d\
\x85\x82\xc0\xad\x05VQ$\xa7\xe8C\xd64\x88\xfb\xc3\
K[\x9f\xfe\xdcg\x7f\xeb/}\xe1\x1d\xdf\xf4\x8e<\
+\xa2\xa4\x07D\x8f\xdd\xb8\xfe\xccG?>\x9e\xce\x94\
T\x87\x87\x87J)\xcc\xf3  ?\x00b\xa9\xcb\x08\
@)\xc9\xc4V\xbf\xc9\x00\x84dCs.\xb2</\
\x8b4K\xc7\x93\xc9\xc9\xf1\xf1\xe9\x83\x87\xd3\xd3\xb3\xbc\
\xc8\xadq\xa9\x8a\xa2\xd0L1\xc43~*10\xf8\
\xf4\xd5D\x10\x0a\xa5}q\x15\x0e\xc4\xd5*\xc1U\x80\
\xd0\x9bY\x86\xf0\x0c\xab\xf4\x83\x9d&\x9d\x9d\x08\xb0a\
\x05\xda\x80\x85m\x04\xd8\xf8\x8a\xb2\xa3\x87~\xa0\xac\x8a\
\x12\xa0\x96S\xbe\x01\x92\xfdp\xb1K\x9f\xd3\x11/4\
\xdc>\xb0\x82\xf5\x5c\x9a,\x5c\x84L\xafB\x89\x8f\x8c\
\x19\xdaxu\x93\x87n\xd2\xa5\xc6O\xaf\x13PA\x17\
e\xab\xb3\xfb\x81\xa8=\x88\x1fs\x81G\xacV\xde\xbd\
Q\x10\xeb\xd1\xca\x85\xe7\x977\x0b\x15\xbd\xbe\xe0\x9b\xf1\
\xd6_\xd7a<\x07\xa2\xb7Xn[\xd4\xb97l\xd2\
\xe8\x9a\x9d\xbfa\x0b\xab.^\x14\xaf\xae\xbf\xf7B\x18\
\xefB\x15\xd6\xa3\xdfN0\xec/6\xc6\xcd\x8b\xd9j\
@eu\xaf\xda\xaf\xcc\x95\xee\xc0\xb5\x06B\x0a'\xba\
\xbe|\xf9\xf0\x95\x97^~\xf7{\xde;9\xb9\xf7\xe0\
x\xcc4\x03F\xc4*\x92\x1b\x18&g\x84\xb6\xb3\xbd\
\x8d\x00\xaf\xdd\xbf\xa7\xb5\x8e\x94D\x81y\x91\xbd\xf2\xea\
K\xaf\xdd}u8\x1c\xee\x1f\x1c\x0c\x07\x83\xc1\xd1\x81\
6F\xe7E\x96fi\x96\x15y\xae\xb5\x16\xc6\xb0\x94\
\x8eu\xb0\xec2\x90\x09D\xcb\xed7\xf2\xe7G\x13w\
\x05\xc2C\x06\xd0\x86\xb4\xa1\x1c4@\x06\xb3)\x22J\
\x81RH\x15\xa9X\xa98\x8a\x94RJEJER\
\x0a\x94J\x01\x90Z\x8e|\xe5\xbcC!\x03\xdd\xc1L\
\x13U\x90\xb02@\xed\x9a\xca6\xa7\xd8\xb9\xba\xd6\x9c\
X\xe1\xae\xc1\x0d\x04+\xab*8\xbe\x9c\x19m\xec\x8a\
\xcaH\xd5\x1e\xe8\x00\x0c\xc0\x80(\x95D\x00)\x15\x03\
k\x22C4\xcd\xcc,=\xbd\xff\xe0\xd4\xf0\xd2\xc1N\
\x0a\xd1\xef\xc5\x02Q\x08\xde\xd9\xda\x19\x0c\x87\xfdA\x7f\
oo\xf7\xf0`\x7fkk8\x18\x0e\x86[\xc3\xa7\xde\
\xf2\x96\xa3\xcbWw\xf7\x8e\xf6\x0f\x0e\x06\x83\x81R*\
R\x91R=@eX\x80!\x06\x16\x08`S\xd9W\
>\x1cq\x14oH\x13\xd7IC7 2A\x88\xcc\
\x0bC\x0f\xc7\xe5\xd6\xedq\xa4\xbf\x84\x00\xe2\x0d\x83\x9a\
\xf5>\x03@\x15U\xd7A:2\x16GV\x82\x0cc\
t\x95\x8c\xc4hml\x9a\x13*\xb5\xae,j\xad\xc5\
\xec2\xffg\x15\x036T\xecP\xe5\xcaX\xc57p\
\xf2z+K\x18\xf4\x07\x83\xfe0\xee\xf5\x06[\xc3\xd1\
h0\xec\x0f\x86\xfd~\xbf\xd7\xeb\xf5{Q}\xfa<\
BFdm\xf2\xe7\x9e}uk\xef\xe8\xa9\xb7>\xcd\
\xba\x00\x22\x86G<\x11^\xd7\x18\x9e7\xddv\x00\x1c\
Q\x01\x00\x00!UQ\xea,/\xfc\xabu\x9e\x94\xe1\
\x16\xc6\x8ak\x06\x00!\x10\x98\xa7\xf3\x05^>\xc2R\
\xef\xef\xec\x02\x00\xb4\xf8\xb6^\xaf7\x18\x0c\x8c1B\
X\xad\x90\x14R\xf4z\xbd\xdb\x8f\xdd\xbeu\xfb\x06T\
\xa1.mmk\x06\xdd\xeb\xc5\x00\xf0\xeew\xbd\xfbm\
o{\xdb\x17\xbf\xf8E)%\x19:\x9bL\xb6F[\
\x83~O\x0a\xce\xb3\x14\x1c\x85d)E\xa9\xf5\x93O\
<\xf9O\xff\xe9?\xfd\x91\x1f\xf9\x91\xd9l.\x82\xe4\
\x99\xbc\xc2\x80\x05\x11\x89\x09\x10\xfe\xf9\xff\xfc\x0b\x0a\xf0\
\xed\xdf\xf4\xce,/\x8a\xd2hm\x93\xf9U\xa6\xd5>\
\xacWE\xa2\xbdD\xb22o\x01\xf0\xf0N\xeb\xed\xbd\
\x1d0\xfc\x85\xdf\xfe\xf2\x95\xeb\xd7\xb7\xfa\x91T\xe2\xe8\
\xf0\xf0\x0b\x9f\xffM\x16B)u\xfd\xfauc\x0c\x10\
32 \x029\xaf0\x04\xd0E\x01\x1c\x09\x14\x9a\x89\
\x11\x08@\x97\xdah\x9de\xd9\x83\x87\x0f\xef\xde\xbd{\
|||6\x1e\x17Y\x0e\x08J*\xab\x0f\x5cNJ\
P\xa0\xee+\x18\x029\xa8\x83\xc36\xd4\x09\xdbi;\
\xd1\xf9+\xd0\x02N\x9d \xb0\xf3s\x08\x08%.\xaf\
\xac\x02\x81\xaa\x9e\x1dj\xbdV\xb0e\x19\xea>#\xda\
H5\xcbn\xf8\x11h\xbf\xb5\x1f\xb4p\x84\xfd\xf5\xc6\
\xf0\xc2\x0a\xf0\x13V\xa8\xd5aF\xf4\x81\xa0\xb9]a\
C\xbd\xca\xa3\x91\x97\x0b\xdd\xf5hXq\x0dr{\x93\
\x0a\xben1[\xc5\x85\x5cl\x04\xbe>\xe5B\x98\x90\
\xcf\x957\xffAY]\x9a\x80p\x13\x00\xb6\xa1Jp\
}9\x97\xcd=\xb7\xe55\xd8\xef\xa2\x18o\xf3\x8b\x9d\
\x87\xeb\x1al\xd6\xf8\xd0\x10<\xb7AQ\xfbb'\xda\
l^\x01{\xa4Z\x1e\xad:\xb9\xc1\x09\x8e\x0ci\xcb\
\x9f\x19\x93\xf7\x86\x07O=\xf6\xd8\xf1l\xfa\xde\xf7~\
\xeb\xbf\xff\x8f\x1f\xec\xf5\x8c\xb57sf\x96\x84\x06\x0c\
\xb3uA\x82\xbd\xbd\xbd8\x89_}\xed\xb54M#\
\xa5\xacS<\x13\x8f\xc7\x93\x93\xd3\xb1Rj0\xe8\xef\
lo\x0f\x06\x83\xd1\xf6\xd6\xf6\xce\xb6!*\xcb2\xcd\
\x8a4M\xcb\xb2$\xad=S!\xd9Ytz\x96\x97\
\x80*O-/\xc1\xaf\x11\xa4\xe5;\xaeX\x22\xcc\xac\
\x0dkCyY\xda\xb0\xf1\xd6,G)\xa9\x94RJ\
FQ\xa4d$e$\x95\x92R\xa0\x14\x02\xa4\xaa\xa2\
\xf9\x13\x11\x80\xd5g\x1a\xab\xc91@\x86\x09\x8c\x0d@\
BU\x92\x04\xaf\xf7A`\xa8B\x8fx\x05\xeer\xa8\
\xc39\xed\x9c\xd9\xf6\xf4\xbd1\xd4\xb6\xae`\x5c\x9a\xe7\
\x81\x8f\xd2\xe9\x9e\x8a\x08LF \x22\x03\x11\xdb\x80~\
L$\x98\x95\x90\xcc$\x10%b/I\xb4\xd6y\x9e\
\xbf6\xbfo\xdb\xd2\xc4\xc4<H\x92\xb2(\x88\xb97\
\x88wv\xf7\x0ew\xb7\x1f\xbby\xed\xc6\xad[7n\
\xde\xbcu\xeb\xf6\xe3\xb7\x9f\xbay\xfb\xf6\xe1\xc1Q\xb4\
5\xf4\xcb\xd2\x1aF\x02\xb2D\x942B\x04p\xb9\x1e\
\xf8\xcd3\x1c\x0cy\x90\xd7qsk\x98;~\xe67\
D\xdb\xb5D\x03\xe2u\x0c\x08\x83\xa1\xa5&\xdc\xf9N\
\x96\xda\x85{5\xda\xf2\xf8\xd6\x01\x17\xc0\xadX\x17_\
^\x08f\x96R\xee\xed\xed\x0d\x87C\x9f\x0d\xbc\xf1\x80\
p\xdd\x06l\x9fx\xf9\xd5\x97\xbe\xf4;_\xbes\xfb\
\xe6\xee\xde^\xbe\x98KB\x16\xe0\xd2u\xbd\x9e7\xba\
\xf80\xb6w\x16W\xbej\xc18!\x80\xb0x\x18\x05\
\x96y^\x96\xa5\x10\xd8\x8e\xf5\x85U\xc2\xcc\x86\x8e\xc8\
\xb5N\xd6\xe2\x8d\xd3,WB\xa4E\xb1\xb3\xbb\xaf\x94\
$\xab1\x03\x06\x80(\x8a\xb6F[\xc3\xe10\x8e\x13\
)\xdc\xa8\xf6\x92\xf8\xf0\xe0\xe0\xce\x9d;GGGR\
\xc0<]\x10k\xe7\xc8I<\x1eOf\xb3\xc9hk\
X\xear0\x1c|\xf7w~\xf7\x17\xbf\xf8E\x14\xc2\
\x18\xcd9\x9d\x9c\x1c\x8f\xb6\xb6\x92d\xab\xcc4XW\
F\x10\x00\x10)\xa5\xb5\xfe\x9e\xef\xf9\xde\xbf\xf7\xf7~\
\xf6/\xfe\xc5\xff\xcai\x81\xd1eO\xf1\x08\xd0+v\
<\x15RRMf\xf3\xff\xe9_\xfe\xab\xbf\x98\xf4\xaf\
\xdf\xb8V\x14\xa5\x0b%e\x0cT\xc4*$x\xa1D\
\xcc\x16\x17\xae\xc9\xba\xad\x1a\x06\x86$I\xb6{q?\
\x91\x91\xc4\xa3\xcb7&y\xf1\xc5/}I\xcahg\
g\xef\xe0\xe0@\x97%\x22\xa1\x8d\x01\x0c\x00\xc4\xc2\xe9\
\xaf9\xcd3T\x12\x88\x0b\xa3\xe7Y:=\x9b\x8c\x8f\
O\xc6''\xd3\xc9d>\x9b\xa7i\xaa\x94\xea\xf5z\
\xa2\x1e\x98\xb4\x81\xfa:\x81\xcd\xaa_;\x0dGW\x01\
\xc2\xb6J0\xbc(\xab$\x0d!\x08\xac\x95z\x08\x99\
v\xf0\xcf0*L\x1b\x10\xd6\x90\xa1\x90B\x0a\xa5\x14\
\xd6\xb3\x14J%\xb1\x11\xa4\xb4\xde\x9bN4\x08u\xf8\
\x17\x82j\x08t\xaa\x10\xf8\x01\xfaj\xcc\xcd\xe8q\xb0\
\x02\x1f\x86\x9f\xb1\xbb\xae\xdbw\xed}\xbd\xf9\xd7U\x17\
7\x04o\xeb+_\xb4\x1b\xe76\xb5\xe1\xaf\x81\x05\xc1\
\x06\xa2\xd2\xf3\x14\x83\xc8]\xd7/\xa4N\xbc\xe0pU\
\xa1\xe7\xcfig]x\xccz\xae\x85e\xb6'\xee\xb8\
\x97\xab<\xc0\xebm,\xd7G\xe3|\xe4s+\xe4\x03\
C!\x08\xc0\x1b\xa1\xba\xdc\xf8E\x1eAs\x0e\x17\x0d\
*s\xe1\x8en \xb2\xdd\xf0\xfa\x1b\xa5\xee{\x9d\xdd\
8\xb7M\xee2\xf2l\xdf\x1b\xfeT\x05%G\x5c\xed\
\x1c\xb8\xfe\xd5\xac\xdb\x90\xd3f\xe1\x12s0\x91\xe5$\
\x16\xe9|gg\x88B2\xeb\x1f\xfe\x89\x1f\xfb{\xff\
\xe0\xef]\xbdy\xe3\xe6\xe3\xb7\x9f\xff\x9d\xaf\x02\x11@\
^\x96\x1a\x00\x19\xc1\x9a\x1b\x911\xccl\x88\x86[[\
w\xee\xdc\xb9w\xef\xde\xc9\xf1\x09\xb0\x96R\xb9\x80'\
 \x88xr69=9\x11B\xc4q<\x18\x0c\x06\
\xfd~\xdc\xeb\xc7\x83\xe1`4`\x06]\xe8\x22/\xca\
\xb2\xd4\x85\xd6Z\x1b*\x8c\xd1D\x95\x01\xa7\xcf\x1ba\
\x81\x83\x05_\xbc\x8c\x90\xe1%\xb7\x9d\x0a\xd2\xceb\xad\
C\xb51\x90\x17P\xa9?\xec\x81kOR%\x84\x92\
\xd6\xc6T\xa1T\xf6\xccT\xd2%_\xb1l\xb25\xce\
#0\x95M W\x9aB\xa0\xb6\xdd\x14,A\xad\xef\
\xa4\xb7\xd7\xea\x5c\x00\x9d\xbb\xf4B\xc2\x94\xe6\xbd\xdd\x17\
\xd9\xc9\x09\x5c6?'/\xd0\xac\xad\x95\x8f\xfd\xbf(\
J\xdb\x1fcJ\xdf\xda\x22/\x00\xc0\xc6\x1a@\x00%\
E\xac\x84\xd6\x06\xa5\x8a{\x12\x10\x01\xe8\xec\xf4\xec\xe1\
\xfd\xe3\xcf\x7f\xe9+\x80\x82\x89b)\x0e\xf7v\xae^\
\xbet\xfb\xd6\x8dox\xcbS\xefx\xf7\xbb\xde\xfdm\
\xdfv\xfd\xd6c\xc3\xfe.\x04<\x84a\x06Cv^\
^\x17\xf8y\xd3\x0a^\xec\xa77Y\x1ay!Q9\
\x82e\x0d\xdf\x8c'\xbb%\x83\x1d\xd5\x10\xf1K\xbf\xfd\
\xd5\x93\x93\x93\xf7~\xf3\xb7 \x01k\xc3 \x11:\xd2\
L\xff\xae\x97\x10\xcf\x08D\xcb7\x94eiL\xf7Q\
\xbd\x0a'0WN1\x88\x08\xf8\xda\xab\xaf\x9a\xb7\xbd\
5\xcb\xb2\x9d\x83\x83\x9d\xed\x9d\xd3\xf1\x18\x05F*\xea\
\xf5z\xa3\xed\xd1`\xb4e\x03))\x94\x83\xc1\xe0\xe8\
\xe8\xe8\xc6\xb5k\xbb\xbb\xbbQ\x14\x19ct\xa9\x99\xd9\
\x90&2\x00\x80(\x1e\xdc\xbd{||z\xf5\xcaU\
\xdb\xd5o\xf9\xb6o\x86\x9f\x03t~\xb9<\x9bN\x8f\
ON\xb7wv\x1f<<N\xb3\xb4\xdf\xeb{\x92\xa2\
\x942F\xff\xe4O\xfe\x97_}\xf6\xd9\xbf\xf97\xfe\
\xafR)2\xcd$\x0d\xed\x99\xd5Z\x0b!N\xc7\xa7\
\xff\xdb\xbf\xfe\xdf\x7f\xe2\xc7\x7fl\xef\xe82\x91A\x1f\
\x9b4\x80\xd9\x1c\x94vkv(\x18Y\xa2\x90V\x07\
\x0a\x08\x02\xef<q\xe7\xab\xcf\x7f\xf5\xfe\xc3\x07\x02\xc4\
\xd5+\x97z\xbd$\x9d\xcf\x04\x22\x13 \xa2\xf5\xf8\xd5\
\xc8\x00`\xc8\xcc\xd2\xc5l>\xcf\xb2lzvv\xf2\
\xf0x>\x9d\x95e\x89\x80J\xa9\xad\xad\xad^\xafW\
\x14E[\x01\xd5\x861\xe1\xc4A]\xf5\xb7\x09\x02l\
\x7fm\x18X6>o\x84\x06\x85M\xec\xe7\xa0\x9b\x14\
B\x06\xc0\xaf\x0d\x08kv\xa1J*\xa9\xfcg\x81B\
*%\x10- \x0c!%\xb60`\xbb\xdb\xabF\xa3\
=\x86PG}PG\xe0\xb6\xf8\xc1\x0f\xf3\xdf\xf8e\
\xd3@\x83\xd60A \xae\xa1k\xfe\x11\xdce$\xb9\
\x9e\x22^\x94\xce<\x1a]\xfa\xfaP\xb3\x0b>\xe5\xf7\
\x04\x81}\x93\xca\x9b1\xe0\xaf3\xe7\xc4\x7f\xaae\x9d\
\x0f\xe1\x1a8\xb4\xdeL\x0e.\x08\xa5\xd6\x83(\xa8C\
#\xec\x0a\xe9\xe1;\xd3\xeeX\xe7-\xed\xeb\x1bv\x98\
W\xfb\xa8\xb4\x87\xa8\xf3\x96UZ\xc4U\x86=\xedS\
\xbcCah\x01\xa1}\x16;o=\xe7:\xccLL\
\xb3\xd9\x14\xe0\x12\x80`0*\x8a\x7f\xf8\x87~\xf0\x9f\
\xfd\xf3\x7f\xfe\xeeozWz6}\xf8\xe0\x01\x03\x22\
\xe6Z\x97(\x9cD\x9c\xa5tq\x1a\x0b\x83\x88\xd7\xae\
]\x1b\x8dF\xc7\x0f\x1e\xa6iJ\x86|\xcb\x08B\xc9\
\x18\x18\xf2\xbcL\xb3\x93c\x06DTR%I\xd2\xeb\
%I\xbf\x9f$\xbd~/\xc2~l}\x97\xca\xd2\xc6\
\x804\xd6\xac\xcd%9\xd7\x86\xc8\x00\x19\x94\xe4\xd2\x01\
0\x13\xa3g>\xec\xc9\x85\xe8\x87\x02<\x08:\x07\x9c\
\x0323\x19\xad\x1dB\x04\x00\x10\xe8\xf8\x03)\x9c\x03\
\x86\x8a\xa2\xc8\x9e\xbeJE*\x8e\xa5\x04\x8e\x08*\x95\
\x0b\xb0!\x02`\xb0\x8e[\x15?DAa\xabd\xf4\
\xbcf\x10b\xbb\xe2\x9fB\xebWg\xe5\xdeP\x15\xb6\
\x83\xadp\xe0\xa5\xb3a\xa9-\xa1\x8ai\xb5\xaf\xcc\x95\
\xaa\xd0g\xce]\x0a\xd2\xaa\xbblf9\x02\xe6\x0a\xd3\
\x0a\x14\x021+\x0a@\x9c/\xe6\x95\x95\x0f\x8ez\xf1\
\xb0\xd7\x9b\x17% j\xadK\xa2W\x1f\x9e\xbe\xfa\xf0\
\xf43\xbf\xf5e\xf8\xa5\xff(\x85\xd8\xdf\x1d>v\xf3\
\xe6\xd3O=\xfd\xeeo\xfa\xc6oy\xcf\xb7\xdcz\xec\
\xf6\xd5\xeb\x87\xbd\xedC\x94\xb1\x9d?Cl\x03x\xb6\
\x05\xcc\x7fP\x5cy\xd4qY\xb3/\xd64\x19\x82\xb7\
\x0d\x9fl\xab\xfd\xfa\xaf\x7fa4\x1c\xde\xb8q]\x17\
\x85p\xc9\x19\xdf<?\xc1\xf3\xfb\xd3@\xa1\x95\xf7\xa0\
\xdfn\xde\xc6\x11Q`\x9e\xe7\x5c\x85\xebl\x8fR\xc8\
\x16#V!]q\xb9\x85#%NO\x8eA*\xad\
\x0bL\x92\xa3\xa3KF\x97\xbd\xc1@J\x15\xc7q\xd2\
KT\x1c'q\xb2\xbb\xbbstpptt\xb4\xbd\
\xbd\x8d\x80L6\xb9\x8b\x012\x00`\x83\x18\x01\x80\x94\
b|r\xf2;\xbf\xf3\xd5w\xbc\xfdm\x08\x04\x00\xef\
}\xcf\xbb\xb7\x87\xfd\xac4\x00`\x0c3\xeb\x93\x93\x13\
\x11\xc7\xcf\xbf\xf2\xf2K\xaf\xbc\xfc\xf4\x13O\x85\x07\x87\
\x10\xd20\xfdw\xff\x97\xbf\xf1\xe5\xaf>\xfb\xbf\xfc\xc2\
\xbfPJ\x19\xadW\x89\xa59\xf0M\x10B\xbe\xf0\xd2\
K\xff\xee\x17\xff\xdd\x0f\xfd\xc8\x8f\xf6\x06\x03+\xd2\x92\
J\x91\xa3jP\x09\xef\x9a\xabe9D\x0e\x12b\x05\
`d,\xe4\xf6\xce\xce\xf5\x1bW\xff\xe5\xff\xfc\xcf2\
]\x0c\xe3\xc1\x8d\x1b\xd7ljP\xc3l\x98\x81\x88\x10\
P`^\x94g\xe3\xf1\xc3\x07\x0f\xee\xdd\xbbwrr\
\x92.\xd28\x8e\xa2(RB\xf6\x93\x1eHa'\xd1\
\x0b;\xda\x98\xadqqMYe\x05\xba\x0a\x1f\xae\xc1\
\x84X\x05\x05\x85\xc0|\xb4a\xabY3\xda\x14\xe84\
{RIlj\x02\xa5\x90R\xb5,B\x85\x90\xdeE\
\xb0\x82}BV\x90RH\xff\x5c[\x03]<`\x9f\
\xf5\x1e\xb1\xd5\x7fX\x91oC\xb4\xeco\xfd\x5c\x87\x83\
\x0cu\xb4fU\xd4\xec\x8d\xed\xeb{\xd07X\x9d\xe5\
\x80\x08\x5c\x93\xa8t\xfbY\xc0\x0a\x12\xd4\xbe\xf8\x06\x82\
\xba\xf5M\xadz\xf4*!\xef\xaa\xd66\xe9p\x83c\
\x5c\x7fD\xfa\xe3\xfc\x91_d\x93_C\x04\xf5h\x09\
\x1b\x1e\xad\xbc\xb1\xbc\xc1\x9b\x8d\x03qE@\x90\xdf\xb3\
\xa5qV\xaa\xf6o\x8d+\xed\xed}.DY\xf3\xbc\
UJ\xb3U\xd7\xdb\x98m\x15\xa0Zsq\x15\xea\x0b\
9\xf2\xc6\x9b\xae\xeap[\xe0\x1d\xb2\xfe\xab\x10f\x88\
m\xd6t;<\xa1}M\xef\xbc\x81m\xfd\xa1\xe5\xf0\
\x03'\x8eP;\xc8\xe4l\x1d\xa5\x80\xc5|R\xb2\x9d\
li\xca\xe2\xa9\xa7\xde\xf6\xdd\xdf\xfe\x1d\xbf\xf1\x9b\x9f\
\xff\xb6o\xfd\xd6\x8f|\xf4\xa36D(\xb8\x5c[\xce\
|\xd4J\x1f\xadcRY\x96\xa3\xad\xada\xaf\x7f6\
\x99\x9c\x9e\x8d\xd3\xc5\x02\x80\xa5\x04bd\x02b\x02D\
\x81n-\x11\xd3l>\x9f\xcdf\x0c`\xcdZ\xe2H\
\xc5I\xdc\xef\xf5\xa3(QJ\xf6z\x09\xa0\xb0\x0e}\
Fk\xeb\x11\xa5MiQ\x22\x19\x02&bm_\x88\
\xd8x\x07\xc4\xa5\xd5\x1e\x03\xd8(\x18A\xea\x10\xe7\x80\
\x15L\x96\xf7\x92\x0eM\xc6\xac\xcd\xa7!S\x82\x09j\
\x02\x0a\x8c\xa4\x8cl\x9c\x9a(\x12\xd2\xa9\x12\x11\xa5D\
!\xa5\xb0\x0fA\xff\x92vp\x09*\x7f\x1bc\x8c\xb6\
\xcaDom\xb5\x9c\xd6P\xbc^M\xbb\x00\xe1Y\xe7\
J\xca\x02\xde\xe4s\x99M\x80\x03\xff\xa6\xd5{m\xd5\
\xe1\xc4DP7\xeca\x9fT\xc1\x8fI\xa5\x0a \x97\
\xb0\x00\x05\xa2\x0b\x11\x04\xa64v,C\xe3|.\x8c\
\xd1\xcc6\x07\x89\x9d\x15\x0b&\xc1z\x87 \x1e\x9f\xce\
\x1e\x9c|\xf1\xd3\xbf\xf1\xc5_\xf8W\xff:\x96xt\
\xb8{\xf3\xda\xf5\xa7\x9e|\xfc\xbb\xbf\xe7\xbb\xde\xfb\xbe\
\xf7=\xf6\xc4S;;\x97\x00\xa4}?mU\x19\x08\
\xd2\xb9\x1d\xfeAy]\xe5\xeb#\xf9\xb6\x8b\xea\xfe\xf1\
\xe9o}\xe1\xb7\xaf\x5c\xbd\x9a$\x8a\xb2\xd2\xae\xa2e\
\xaae\x97\x0a\xec\xcd\xb2\x96\xe9\xecR\xe3\xb3\x93\xc7\x08\
\x04\x03\xe8L\x96\x11\xad\x8d&@Vd\xd0\xf0\x1a\xad\
kK|k`-M\x11\xad\xfb\x1b\x22\x12\xb3\x10r\
>\x9f\x09\x151\xf2\xa0\x1f\x1f\x1e\xee\xdf\xbf\xfbJ\xaf\
\xdfSQ<\x1c\x0c\xf6v\xf7\xae^\xbd|x\xe9\xd2\
\xf6\xceN$\xa4MBh\xb43\xd4\x07Dm\x18@\
X\xc1\x18\x00 \xa0\xa6\xf2c\xcf|\xe2'\xfe\xc4\x8f\
\x0a\x94\xcc\xfc\x8ew\xbc\xed\x9d\xef\xfc\xc6\x8f|\xfcS\
2\x12l\x88\x19\x16\xd9b2\x19\xf3\xf8\xf47\x7f\xfd\
\xf3O?\xf1\x143U\xaf\x02\x88\x08\xc4R\xe0\xdf\xf9\
;\x7f\xfb\x0b_\xf8\xcd/}\xfe\x8b\x91T\x9a\x0c\xae\
\x88\x96\x1c\xbc\x1d\x09!\xbe\xfc\xb5\xaf\x0d>\xf8\xc1\xef\
\xf9\x9e\xef\x96R\xa2\x93\x9d\xb1@k\xf7+\x1ad\xcd\
7\xc2\x81\xf9(FJ J%\x84R*\x89n\xdc\
\xbeY\x96\xd9G?\xf6Qd\x1c\xf6\xe2\xcb\x07\x87e\
Y\x12\x90&$\x10\xa56\xe3\xc9\xe9\x83\xfb\xf7\x1f\xde\
\xbbw\xf2\xf0x\xb1X\xd8\x00EJJd\x8c\xa2X\
.\x8d\x0b\x98\x88\x8b\xa2p\xbep\xad\x02u\x90#\xba\
\xe2\xc74~j_Y\x83\x1b\xdb\xda\xb6\xc6\x87\x0e\xf8\
W\xc1E%\xa5\x8b(\xea\x14\x84h\xd5}B\xcaZ\
\x90\xd0%\x1aT\xca\x9b\x92J\x87/\xdd-\x95Q\xa8\
\xfb,\xecS|\x22y\x14\xd5\xf8\x88.\xa3\xd6\xf6\x0b\
B\x1d\xfe\xb5?p\x90e\xde\xce\x84\xa8\x12Nxy\
\xa5\xddM\xd5\xd1\xd8\x81\xe5<\xd7\x84^\x85\x88\xe0\xef\
\xc074|\xe8\x9a_\x1f\x19\xa1\xad\xefX\xf8u=\
l\xbb\xe8Ok\x8014\xf7oWP\x99\xd7\xdd\x81\
Z\x1dO?\xb0\xe9\x8b\xd1FY\xce\x03bm\x83\xe7\
Xlr\xb5\x94x]\xfd\x0d\x01\xde\x85p\xe0\xeb\x1c\
\xa8\xce\x9am\xf0\xf2F\xb19\xab^\xed\xd1\xda\xef\xd6\
\x10\xae\x02{\x17\xaa\xbcf86\xc7\xcd!f[\xf5\
\xd0\x0b\xf5d\xc3\x0a\x1b\x82O\xdf\xc3\x90\xfb_\xd3T\
\xa7\xf2\xb0\xf1\x93\xc7\x84\x5cY'\xb6\x1f\x04! D\
pBy\xe2\xb0)b\xb4\xca6)U\x9e\xa6\xb3\xd9\
lo\xb4\xa5\xc9\x08\xa9\xa8(\xbf\xff\x07\x7f\xe8\xe1\xc3\
\x87\xc7\xe3\xb3\xb7\xbf\xfd\xed\xbf\xfe\xeb\xbfAL)\xb3\
\x8dA!\x84\xf4G\xbc=\xaa\x8a\xa2\x98-\xe6J\xaa\
\xed\x9d\xed\xad\xad\xad\xe9l~6\x19\xa7\x8b9\x13G\
*r\xaeI\xf6\xd1D\x95U\x080\x22\x00\x97\xa5.\
\xf2\x92g\x0b\x80\xb1\x94(\xa5\x8a\xe3$Izq/\
VRI!\xa2D\xc5}\x97\x8c\xde0S\xa9I\x1b\
c\x0a\xab>\xb4\xb1B\x1d tp\x8a\xac+\x9f\xbd\
l%\xd3B \x80p\xbf{\x18\xb6\x9c\x8c\xf3\x16\x03\
\x00\x13\xe7\xa4\xf3\xd2%\x0cD\x00\x14 \xc5\xd2V\xc7\
\xaa\x14]LS\x15\xdb'J\x89V\xaaB\x95KQ\
\x18\x0d\xc4\xc5\x99d\xf6\xc9\xed|\x06\x0c2\x04\x95{\
OsZm\xff\xd1w\xbc\xfai\x83-\xdeY\xa5\xcd\
\xc3un\x04fw\xac`e}\xec[m\xafj;\
P\x01\xa3\xc9\x0chS\xc3S\xf5\x14\x9b\x87\x19\x00\x0d\
\xc2+\x0f\xce^\xb9?\xfe\xc4\xe7\xbe\xf0\xff\xfd\xdf\x7f\
i\x7fwt\xf3\xda\xe1\xfb\xde\xf3\x8e\xefx\xdf\xfb\xbe\
\xe1\x1d\xefy\xcb;\xdf=\x18\xedW}\x00\xa3\x09\xc1\
&A\xc1\xff\xb4-a\xfe\xd3(w\xef\xbe\x9cf\xe9\
\xd1\xe5\xabFkg@]\x1d\xe6\x5c%\x86v\xe5\xeb\
5\x99\xd8eE\x02\xa2\xb2\x22\x11\xce{\xd5\xf2\xa6Y\
\x9e.\xbbz\xee9\xca\x80\xc0\x80\x95\xc3!\x80\x94r\
>\x9d\x16\xba4\xc8\xa0\xcb'n\xdf\x16\xcc\x97o\xdc\
\xd8\xde\xd9\x19\x8dF\xc3\xc1\xa0\xdfK\x0c\xb9\xbc\x9aD\
T\xed\x16ff\x9b\x99\x13\x01u\xa9\xf3\xa2\x00\x002\
FI\xf1\xc1\x0f| \xcd\xf2~/)u\x11\xa9\xfe\
\xf7\xff\xc0\x0f|\xe4\xe3\x9fL\x92^:\x9f#\x22\x19\
]d\x8b\xb2\xd0\x1f\xf9\xf0G\xfe\xd4\x9f\xfc\x89F\x07\
\xa5\x10\xc6\x98\xeb\x97\xaf\xfd\xdc\xcf\xfd\xdc\x0f\xfd\xe0\x0f\
\xcd\xce&X\xc5\x84<\xf7\xc8C\xc4\xdf\xfa\xe2\x17\x0e\
\x0ev\xdf\xf9\x8d\xefd\x02\x01 \x85 4\x8d\x11\xf1\
M\x85\xf1\xae\x11P\x08!\x94\x14\x00B\x22\x00\xc6I\
\xff\x89;\x8f?\xf7\xfc\xf3/\xbc\xf2J\x8c\xea\xce\xcd\
\x1b\xdb\xdb\xc3YiHEi>{\xed\xa5W_{\
\xf9\xd5\xd7\xee\xdd\x9b\xcfg\xcc\xac\x84\x94R\xc6ql\
\xe1\x07\x03gi:\x18\x0c,\xb2\x22\xa2\xbc\xc8\x1bH\
\xaf\x8d\x00\x1b\x9f7Q\xfd\xb5\xdbi#\xc0N\xf8\x87\
UjN\x11\x84\xeelDvq\x80PT\x86\xa0X\
)\xf5:3\x07\xaa\xcavTH\x15\x98\x80\xba\xa3\x07\
\xa5\xb4\x8fRRT\xe6\xa9\xed.a\x97\x0e\x13\x02l\
,\xea\xe6\xb5\xe1\x08p\xe5_\xea\xa7\xb8\x8d\x0f\xdb;\
eY\x13\xd6\xa1\xa6\xd6&\xb2u6\xa8\xfcH\xdb\x7f\
\xc3\x8bo\xec\xa3\x1f\xad\xa97\xe4\xae\xd7\x13T\xe6\xe2\
\x1d\xd8\xc0Q\x027r\x1a|\xdd\x8f\xf9\xba\x967v\
\x95\xaeR,\xff\xeev\xaf\xdb\x87\x10\xeb\x9a.\xdc \
a\x00l\x06\xb1`\x03,\xb7\xf9]\xe7V{\x84g\
\xado\xa1S\x7fhO\xacs\xbb\xd4\xa9em\xb7o\
\xa5\xa4\xbe\xcdu\xe0\xbc\x12\xa20\xb3\x95{\xd7\xb1\xa5\
s##@c\xf4d|\xba;\xda\xaa\xf4lLY\
\xfa\xa7\xfe\xf4\x9f\xf9\xb9\x7f\xf8?\x22\xc0c\x8f\xdd~\
\xf1\xc5\x17\xd8\x90\xcd\xc7E\x86\x84\x14\x00\xc2!.D\
\x1b\xda{\xb6\x98\xa7i:\xe8\xf7\xf7\x0fvw\xf7v\
\x16\x8bt|z:\x99N\xca*W\x9e\x10\x88BB\
\xc5+T\xa1+QH\x9b\x0f\x0d\x99\xa1(tQ\x94\
\xb3\xd9\xcc\x8a\x99\x84\x14*\x8a\xe38\x89\xe3X)\x15\
\xa9X(\xa9z\x91\xc4\x18\x00\x98\xd8\x86R4\x86\xc8\
\xb8\xb8\x18\xe4R\xcd9\xed\x99\x8b\xa2A\x9a\xdd\xabY\
\x05\x15 \x22\xfa\xf8/P%^;GLP\x09/\
m0\x16\x02\x22S\xea\x9a\x1f\x8e\xcb~!T\x15\xef\
[(\x1b\xc1\xa6\xc2\x8d($*\xe5|\xf4\x80\xd9\x1a\
\x972\x18\xe7\x9a\xe84\x9e\xcc\xccZW\x8e\x9f\x1e\xed\
\xba\x10\x88L\xe0Sa\xfaE\xe2\xe3C\xb6\xd0# \
\xae|5/\xe8=w\xfd\xdb\xdf\xa0E\xc6\xd7\xd4_\
\xd3\xac]\x9f\x8c$\x844\xda \x02\x0a\x14B%J\
\x9e\x9e\x8c\x1f<<\xf9\xeco\xfe\xce\xff\xf0\xf3\xff\xdb\
0VO<~\xeb}\xdf\xfem\xdf\xf2\xdeo\xf9\xae\
\xef\xfc\xee\xa7\xde\xf6N\xa5b\xdf\x172\x06\xab,Y\
\xf0\x07\xe5\xf7\x5ca\x00zp\xff\xd5\x83K\xfb6\x8d\
\xa3\xa8d\x0ea%'\xf5\xa8,\xa2\xbf>SY\x7f\
\x0a\xa3M\xb7Q\x11\x0df\x06\x9b\xf3\x13\xd8\x14\x19\xb8\
t\x89\x00+\x0c\xb4\x96\x877\x82\xd3\xb7WR\x12\x14\
\xa2Xd\x93\xe9\x14\x95\x9c\xce\xe6O\xbe\xe5\xadO=\
\xfdV\x10h*\x11P\x96\x15\xc86\x09b\x95}\x87\
\xfc\xbe\x06\x22B!\xb2<\xb3\x19\xd8\x0dQ/\x89\xbe\
\xf2\xdb_\xfa\xc43\x9f\xfa\xde?\xfc\x9d6`\xcc\x0f\
\xff\xb1\x1f\xfa\x99\xbf\xf53\xda\x08\x04\x81\x00d(K\
3\xa5\xd4\xaf\xfe\xfb\xffprr\xb2\xbf\xbf\xdf\xe0-\
\xa4\x94\xda\x98\xef|\xdfw\xfc\xbd\xbf\xff\xb3?\xf9\x17\
~R\xb4\xcc\xd1W\xc9\x86\x10\xb1(\xcaO|\xe2\x13\
\xa3\xd1\xf6\xe3w\x9e 6JIc\x0c\x11\x87\xbc{\
CF\xe9\x80\x81@!D,\x153I\xc0X\xa9\xfd\
\x83\xcb\xd7\xae\xdf\xfc_\xff\xd7\x7f\xb5X,\xb6\x06\xc3\
\xdbw\xee`\x14\xcf\xc6'_\xf8\xad\xdf|\xf9\xc5\xe7\
\xceN\xcf@3\x0a\xd9\x8b\x12\x14>\x1d\xa6{\x84@\
\x01\x00EQ$I\x22\xa5,\xcb\xd2\xe7\xc1\x0b\xb5[\
kL\x1f;-$E\x97\xfdd\xe7\xf5\x10\x5c\x09\xe1\
s\xb7W\xb9\x22\xba\xd4\x83^+X\x8b\xf2\x22\xa5\x0a\
\xcdB\xab\x8bK\xbd\xa0G\x86J\xa1@g&\x8a\x16\
\x07J\x9f(bi *\x97\x81i\xda\x08\xd0\xe3R\
h\xc5P\xf5_\xfd 7\xf0^\x03%\x86+\xe4\xa2\
*\xac\xc6Y\x10>\xb4]\x9f\xbb|\x05\xdfLj\xf0\
\xe8\x0f\xdaDw\xb4\xa1\xb6\xf3\xd1\xba\xf4\x08\xca\xab\xf5\
\x92\xa0G\x18\xea\xd7\x81=\xbfN\xe5\xcd8b\xc26\
\xb9\x1e\xe1f\xfd\x5c\xbf\x19Z\xc17\xaf|]\x83\xca\
l\x82*7\xac\xb0\xeaH\xdb\xbc\x85\xc6Ok\xa0#\
\xb7|\x14y\x85uh\x83?n\x9f\x9d\xd0e\x04\xdb\
\xbe\xd2\xc8j\xd8n\xdfUpNaTE\xbf\x84%\
\xe3\xe5\x8cG\xc9\x02C!\xe4t2-\xc9%\xb4\x16\
\xd6=\x85\xcc\x9f\xfd3\x7f\xfa\x1f\xff\xfc\xff4\xda\x19\
]\xber\x85\x99\x8f\x8f\x1fj\xad\x11\x81\x99\x1aD<\
\x8e\xa2\xbd\xed\x9dE\x96\x9e\x9d\x8dab\x92\xa4\xb75\
\xd8\xda\xbe\xfd\x986\xfa\xe4\xf4t<\x1e\xa7\xb3\x856\
\x1a\x98\xd1\xc5#A\xe9\x02\x0d\xc2\x92Ad\xb4.\xe5\
\x00.\x0c\x9f1lt\x9e\xa7\x19\x03X\xf7\x07\x1b!\
4\x8aT\x14Eq\x9c(\x15\xf7z={\xd8\x11\x91\
\xd1\x86\x99\x8d\xa1R\x97d\x88\xa8\xb4\xd12\x99\xb45\
.\xb5)\xc1\x89l\xdez\xeb\x09X\x85\xb3\xac\xdc\x17\
\xc0\xf6\x0a\xdb\x0b\xc3\xf1\x8b!\xc9\xf3l\x8a\xfd\x8d\x18\
\xc9\x906\xcb\x04\x89\x08`3<UB^%\xa3\xc8\
\xa6\xbf\xa8|=\x84\x12J)a\x1c2e\xb2V\xb1\
d\xd8%\xe6\xb0=gC\x9a\xadY\x98\x0f\x0fT\xbd\
\x00\xbb\xf4\xe4U\x8c\x1b\x08Me\x9d\xfd\x99\xd7\xd51\
\x04\xf7\xbaWZi\xb3\xfd\xe6\x15\xb6\xc9\xc0\x89\xd8\xa1\
A$MsC\xc0\x1c\xabHF\x82\x89K\xe6\xdf\xfc\
\xf2s\xbf\xf1\xe5\xe7\xfe\xe1\xff\xfb\x17\xf6F\xfdo\xfe\
\xc6\xb7~\xf3{\xde\xfd\x9d\xdf\xf3}\xef\xfb\xf6?t\
x\xf5\xa6T\x8e@\xd9\x94!\x96\xdb\xa9\xa6\xa4\xb2\xad\
\xfd\x83\xf2\xbbR\x98\x11!M\x17\xaf\xbc|\x9f\x10\x84\
3\x14\xed\x88\x14T;\x11\xbf\xbe\xf3U=\x18\xad%\
4\x83\xdf\x1a\xceV\x9b\x0c\x15\xde\xbd\xb8\xdegl\xc5\
\xd2\xb0-:\xcf[\xef\x85+\x84N\xb3\xb3\xc9x\x18\
\x89\xa2\xd42N\xca<GD\xa8\xc2\xea\x18\x22\x05(\
\x01t%:\xfc\xff\xb3\xf7\xdfq\x96\x1c\xd7}(~\
NUu\xdf;qw\xb1\x19\x9b\x17\xbb\xc8 A\x10\
\x91\x00I0\x80\x00\x18$R\x92\x95(K\x96\xf5s\
\x90e\xffl\xd9\xfe\xf8\xbd\xf7\xb3\x9f\x83d+\xcb\xb2\
$K\x94\xf4\x9c-\xca\xf2\x13\x95(\x92\x22)\x91\x94\
\x18\xc4\x00\x06\x80\x00Id,6\xa7\xc937tW\
\x9d\xf3\xfb\xa3BW\x87{\xe7\xce\xec\xec\x12\x94X$\
f\xfbvWWWUWU\x9fo}O \xa2H\
\xe2\x06@\xe8t:6(\x85\xd5\x85X^\x5c\xfa\xfd\
\xdf\xff\xbd\xd7\xbd\xf6>)\x851\xe6\x95w\xde\xfd\xea\
W\xdd\xf3\x81\x8f|,m\xb5t\xd6\x17\x88&\xd7i\
\x92<\xf9\xe4W\xff\xf8\x8f?\xf8\xcew~/\x11U\
\x9c\x09))\x8d6\xdf\xff\xce\xef\x7f\xfc\x89'~\xee\
\xa7~V)e\x0c\xad\xae(\xc1,\x84X^\xe9~\
\xea\x93\x9f\x1cK\xdb;v\xed0 \xa4Rv\x85\xaa\
\x7f\x04\xc3\xb1\xbd$\xa5\x942\x11@J@\xd2RW\
\xef\xdb\x9fe\xf9\x9f|\xf0\xc3\xc8\xb0\xe5\xaa\xcd;\xaf\
\xde\xf3\xc2\xf3'\xfe\xf4#\x7f:7;\x93&J\xaa\
D\xb4\xa4[\xe6\xac\xf6?\x03\xd6\xfc\x82\xda\xe8)C\
,\xdf\xeaH/\xbc\xaf:R\x1ar0\x88\x0f\x0c?\
\x9d7^\xf4?\xc2\xb1\xf5\x15\xe3\xd5Hb\xd0'd\
\x89\xee\x0b\xd8/`\xc2\x98'\xb4\xffX;C\xc7\x14\
\x22\x0a\xe5@&\x02*)Q8\x9b\xc0\xd8\x87\x0d\x0e\
P\x10\x85Z\xec\x8d\xb8s*\x7f\xb1\xac\xb7\xd9x\xbe\
2\x1d\x1a?%\xe1R\x05U\x0e\x11\xd8.\xb7\x94|\
)\xe5\xaf\xda^\x97-Z\xd6\x84{\x1c\x86=\x98R\
W\x5c\x8e\x06\x0e(\xb8\x22\xc2mL\xcf\xe0 \x05\xd1\
r\xe2\x0dhj\xa5\x0c\xe4\x914?\xaf\x00\xe8Z\xab\
\x09e\xe3\x1e\xc1\x86\xa4\x0d7\x89TuL\x02e\xa0\
\x12\xef\x02\xc2\x00\xcc3\xba\x949\x1c\xda\xadB84\
\xe5\xa9\xdc>\xa4\xfc:\xd5Yi\xe6\x90\x0a\xc7\x84^\
E\x95\x22\xdc\x1b\x7f)\xed\xbdu\xda\x10F\x88D?\
\xe4\xe9\x0d\xed\xe2j\x1e\x0aa\xa7}\xc8\x04`B!\
\x97\x16\x97;\x9d\xee\xc4X+\xe7\xdc\xb2sy?\x9f\
\x9c\x9c\xfe\xee\xef\xf9\xae\xdf\xfc\xed\xff===\x99\xe7\
[\x01\xe9\xe2\xc5\x8b\x80\xcc\x06\x82\x02\x89\xfd\x1e\xdb\xb6\
\x8c\xb7\xc7R\x95\xcc/-\xce\xcd\xcd\xcd\xcc\xcc\x8d\xb5\
\xdbS\x93S[&\xa7\xaf\x9a\xde\xdc\xcf\xf2\xa5\xe5\xe5\
n\xb7\xdb\xef\xf7\xf2<\xd7\xb9&\xf2\x8e\xd1Q\x14a\
\xa1\x03\xdf\x15\x0c\x8d\xfc\xa7\xc7\xeaW\xea,\xeb\xf5\xfb\
\xee\x94\xc0D()e\x92$\xedV\xcb\x06 \x96J\
\xa5\xad\xa4=\xd6\x02`mH\xdb\xc8\xdd\xc6\xd8h\x87\
hl\x10-`\xce\x99\xc80h\xc3d4;eV\
@v.\x0a\x06\x0d\xc8\xca\x8b\xab\x05\x16\xa8\x0d0\x00\
Cl\xc8\x806\x00\xb9-\x5c8\x0d*\xb4\x86\x22\x89\
\xb2\xca\xa7\x0aQ()\x11\x13+,\x08\x14\x1e\xe4\xd9\
~a\xc3\xce\x98\x93\x8c\xf6\x88\x8f\x0c\x01+Td\xf5\
R\xd9P<b\x5c\xacD\x02?\x14\x89\x8b\xb8\xbf\x8e\
9\xc4\xc2\x0f\xd0\x00\xffFCz\xa3>\xefFOl\
7,\xd0\xfa\xa3\x17\xd6[\x221\x1b`\xca\x1dSj\
\x85\x1f\x06\x5c\xe8\xe4\x1f\xf9\x8b/\xfd\xe9_<\xfa\xef\
\x7f\xe5\xbf\xec\xbfz\xeb\xcbo}\xd9k_\xfd\xea\xd7\
\xbc\xfa5\xd7\xddt\xcb\xd8\xa6\xedv\xf7J3\xb3\xd6\
n\xbf\xbe0\x10\xfbf\xba\xd2\x89\x81\x11p~ni\
vnY\x9b\xbcE\x06\x84\xb4f\xbb8\xe4\xe3w\xa5\
\xdeU1\x5c=Soi:B+\xd2X\xab'F\
\x80~?w\x0d\xaa\xdd\x8b\x91n\xa4]\x0c9H\xc9\
\x00d\xcbA\xa1\xc9\x9c8q\xfc\xc6\xa3\xd7\xe5\xb9\x1e\
G\xab\xea,\x1c\x93\xc8\xe4\x94\xa7\xa8\xd0f\xb7\x1d\xa4\
smU\xa4\x01\xb0\xbb\xd2\xb1\x0c!\x00hC\x89\x94\
\x7f\xfa'\x1f\xfc\xfcc\xdfw\xfb\xcboc\xce\x00\xe4\
_\xfb\xce\xef\xfc\xc0G>\x8a(\x00\x00\x84`\x22\x9d\
gL\xe6\xdd\xef~\xf7;\xdf\xf9\xbd\xa2!F\x08\x08\
)\x98\xf9\xc7\xff\xcd\x8f\x7f\xees\x8f|\xfc\xa3\x7f&\
UBf$\xf5\x19\x14\xe2\xfc\xc5\x99G>\xf7\x99\xfb\
\xee{\xf5\xc4\xe6)\xeb&\x05\x0d\xc5\xb8\xa2N\x01I\
\x0f\x83\x12\xa9$\xd2\xe6\xe9M\xd7\x1e\xb9\xf6\xa9\xaf=\
\xf5\xe5\xc7\xbf\x92\xa4\xc9\xc1\x03\x07N\x9c8\xf1\xc7\x1f\
\xf8\xe3~\x96\xb5\xdamp\xbbEd\xc1\x13\x00\xd8P\
\x09PF\x83\xa3\xa4:\xc0\xab\x5c\xaa\xd0\x80u\x0e\x10\
\x07\xe8\x85bL\x00b\xd0\x0c\x15\x01\xf1\xc5\xdc`5\
\x80\x84?[A\x80\x01\x04\x8aZx\x09\x0b\xe9\xa5\x90\
\xc2\xea\x96F\xe5#\xa2\x90RD\x15\x8em)+v\
\x95u\xa5\xd08\x85\xf7\x15\xff\xadC\xc1J\x09\xf5\xbb\
\xa0\x82sj$I\x05D\x8d\x22\x0d_b\x9ez\x1d\
6\xa4\x9c!\xe7K=\xc0\xb5\x93M\xf5),\xe26\
\xa2\xed\xcd\x01$.\xa1\xedC\x12c\xc3\xbd\x83*\xd0\
\xd0\xc2\xb5?\xceZ\x1b\x94\xb88.\xae\x0e\xbc1F\
+\x1b\xfa\xb9Y\x13\x0e,\xdd\xb8\xd1P\xf0\xf2\xb9\xc6\
q\x1b\xf0C\xd4\x1aW\xdd\x1d\x19X\xe9\xdagux\
!\xab\xa2\xc1A\xf5\x0cg\x06]\xad\xa9\xd85\xa8}\
\xd6K[\x15\xebV\xaeV\xc0a\xe5\xe91\xae\x0e\x98\
0\xc4'\xa8\xe4\xac<z\xe0\xdba'\xf1\x97 \xa5\
\x87\x5c\xe89C\x02F`\x9d\xf5\x16f.L\xec\xdd\
\xeb3!H\xd9\xedg\xdb\xb7m\xfb\x967?\xfc\xee\
\xdf\xfa_\xd3\xd3SV\xae\xb8x\xf1\x22{\x13 f\
6\xc6\xd8\xf5\xdd\x18\xa7\xa899>\xdeJ\xd2\x85\xc5\
\x85\xc5\xc5\xc5\x99\xd9\xd9D\xc8\xf6\xd8\xd8\xd8\xc4\xf8\xf8\
\xd8\xf8\xf4\xd4\xa4!\xea\xf7\xb3\xac\xdf\xef\xf7{\xb9\x0b\
\x99\x9d[\x97\x09\x0c\xcc\xc8\xc2F\xe9B\x19\xf7!{\
\x0c\x16\x7f\xb7\x988\xa3\x1c\xf2\xac\xd3\xeb..\x01\x22\
87kJ%*I\x12\x1b\x83^*\xa5d\xd26\
\x80\xc4$\x08\xad\x05\x1fCn\xcd\xfa\xb4a\x1f\x8d\xc2\
\x05\xf5&\x22\xf0\x9d\x03\xe0|\xcf\xd8z(\xa5\xd24\
\xcd\xb2Lk\xc3\x85\x92\xd9\x9a\x122\x80a\x00C`\
\x00r\xa7q\x8a\x00\xd2\xced'<\xc9T9\x93D\
!\x95\xf5/`\xdb\xe6\xa7\x1cy\x19\x92\x88\xc0X\x99\
\xd2\x06u\x046\xec\xdc\xda\x08\x1f\x18\xd1q \xec\xbd\
\xcd\x96\x87\x22A\xe9'\x17-\x86\xba\x0eHEo\xb4\
>_\x86\xa3\xca\xa6\xa9\x02a\xd8\xdb\xb7k\xb4\x0e\x92\
\xa5C\xf0\x00\xc0,\xa5\x00L\x00\xe0\xf93\xf3\xcf\x9d\
\xfe\xd8\xef\xbd\xffcS\xed\xe4\xf0\x81}\xb7\xdf~\xdb\
\x03\x0f\xbc\xe1\xf6\xbb_\xb5\xff\xf0uI\xd2\x02\x00\x02\
\xd0\xc6H`\x14\xf2\x0al\x0a~35\xa6\xd9\xb9\x0b\
KK\x0bY\xb7\xd3N\x13~\x09\xc4\x04\x1e2\x12\xbc\
\xc9\xb5[7\x99\x19\x04j6\x0b\x0b\x0b\xee|\xd3\xc0\
\x8eOZ\xf5N\xbbn\x83s\x9f\xe4\x8a\x9d\xbbp\xb1\
u\xd3-\xfd^\xcfjf\xa0\x03\xccn\x22i\x22\x81\
V\xdb\xd3-\xa1vQuv\xde\x86\xba\x9e!t\xad\
\x10\xe2\xdc\xb9s\xef}\xdf\x07\xae=r\xfd\xf4\xc4\x18\
\x00\xbc\xfd\x1d\xdf\xfa\xe3?\xf9\xef\x9e?vRJa\
\xdb\xa95\xb5Z\xed\x8f}\xec\xa3\x7f\xfe\xe7\x7f\xf6\xda\
\xd7\xdeo\x8c\xa9\x90\x84\x88h\xc8\xb4\xd3\xd6/\xfe\xd2\
/\xbf\xf1\x817\xce\x9c9W\x07rq\xe6\xe2\x123\
\x22>\x7f\xfc\xf8\xd4\x13_~\xe5+_\x99\xb6Z6\
\x10\xbc\xf1A,\xe2\x05\xc1>\xd7\x02\x11)\xa5@\x90\
B$*\xd9\xbe}\xf7\xf6\x9d\xdb\xdf\xf5\x1b\xbf\xb2\xb8\
0\xbfg\xcf\xde\xc9\xf1\xf1\x8f~\xf4\xa3\x99\xd6\xadv\
\x9b\x80\x054sq\x8d\x18&Fn\x10y\xbc\x8c\x11\
`E\x7f\xd2R\x9d\xa3\x90\x81\x154\xe8N\x8a\x22`\
\xa0E\x5cJT\x1d\x87\x96bE8\x03\xf3j\x14\xc1\
\x18.\xd6\xa3\x0b\xd6\xff:x\x8c(\x95\xc4\xb2>j\
\x05\xf1\x0e\x82\xc1\xa2L\xb1\xc2`\x14\x17\x9f\x17\xde\xca\
\x14\x22y/\x86\x8b\x95K\x8d\x13\xad\x82\xfd\xe2}s\
\x1e\xc1\x5c\xea\x123\x5c\x22\x1a\x5c\xc7\x17\xa4\xe1\x16\x5c\
\xa7\x06\xc4\xfa\xdb\xdetac\xd1\xe0\x10\xf9\x1f\xd7\xd1\
k\x1b\xd8'\x1b\xa7nr9\xf0\xf3\x15H\xf1\xb4\xba\
\xc4J\x86\xa2T|j\x1d\xf5\x18\xe5\xae!\x88k\xc4\
\xcc\xab\xde5\xe8\xf6A s\x18\xe7\x16\xfd\x1c\xc2\xe3\
\xd5\x97H(\x1b\x13\x0e\xc1\xd8\x15\xa8\x8c5\x95\xd1A\
\xb74p\x89\xec\x8f\x11\x81\x88\xfd\x09\x00\x08\x96*\xc4\
\x84\x08\x02h\xee\xc2\xf9\xed;w\x92sC\x03\xcc\x02\
\x85ZYZ\xde\xb5s\xc7C\x0f>\xf8\x87\xef}\xef\
X{l\xdb\xb6m\x000{q&<Hx\x19\xc8\
\xe2)kG!\x84\xbcj\xeb\xd6\xc9\xc9\xc9\xc5\xc5\xc5\
\xf9\xc5\xc5\xf9\xa5\x85\xc5\xc5y\xa9d\x92$\xe3cc\
\xadV\xab\x95\xaav{\x13\x11im\x88L\x96e\xc6\
\x90!\xd3\xcf\xfa\xa4\x0d\x10\x13\x93\x95\xa5\x84\x10\xf6\xbd\
\x06\xb6\xa7\x8a\xdb\xd1\xda\xe2!3h\xc3lr\xc8\xf2\
.t\xc1\xee+\x0ba\xf53U\x9a*%\x95\x902\
I\x85R\x88\xc2\xf6\x88L\x04\x13\x09\x04\x01\x82]\xa8\
B\xa3u\xee\x9c\x9b\x1ac5\xb8\x10\xd9\xc6\x94\xc8\xb2\
\xbe\x95\xfc\x1c\xa9V5\xdc+\x0d\xc0\xa6\xe1\xda8\x80\
\x05\x03k\x1f\x1b\xd0\x90\x010\xbd\x22\x12\x06\x0aDk\
\x98h\xe5\x8aD\xd9 \x89R)%\x85\x22D\x85\x82\
=\x07h\xfd\xf6X2\x90\x99\xadE\xa5a\xcdN\xd9\
\xd4\xe9\xc31S1\x18\x1c\x9bH\x81\xf0\x8cL\xaa<\
qQ4\x87\x01D\xa0\x19C\xe3\xdd\x1b\xba\x04%\xed\
0w\xc2\xceHx\xcbv\x98if0N\xe3N\xa0\
D\xa5:\x1a\x1e{\xea\x85\xc7\x9ez\xfe\xbf\xbc\xfb=\
[6M\xddq\xeb\xcb\xbf\xfdm\x0f\xde~\xe7\xed7\
\xdf~o26ekd\x88\x99\xc9v\xa3s\x8b\xf3\
\xcdt\x99\x13\x22\x1a\xea\x9d={\xba\xd3\xe9\x80\xd6j\
\xac\x05\xd0\xc0\xd7\xd6Q\xd6\x15\xf8\xbe\xd6\xc7\x9e5\xf9\
\xb3\x5c|!H\x08\xd1\xcf\xf3\xc5\xa5\xe5!\xe5T$\
Z\xbb\x99\x866\x90\x9a\x9fY\x02p~fV*\xd9\
\xeb\xf7\xad\xd2c\xd8vq\x8d\x15h\x98\x0a;Ep\
]\x05v;\x04`yi\x19\x22\x19\x9d\x88t\xae\xbf\
\xfc\xf8\x13\x8f\x7f\xf5k\xf7\xdeq\x9b\xd6z\xf3\xf6]\
\x7f\xed;\xbe\xed\xa7\x7f\xee\x17\x95\x94\xb9\xd6B\x08\xf2\
\x8b\xd5\xaf\xfd\xda\xaf\xbd\xf6\xb5\xf77\xf6\xaa\x14\xd2h\
s\xebM7\xff\xcb\xff\xfb\xff\xfe\x87\x7f\xef\xef\x0b!\
LSd\xc2\x0aSd\x13\x01?\xf5\xcc3\x9b\xa6\xa6\
\x0f\x1f=\xa2\xdam$#\xa5\xb4\xb7\xc7_\xbdP\xa0\
E-\x02Y*\x95\xb4\xc7\x0e\x5c{MO/\xff\xd9\
G>$P\x10\xd1g?\xf3\xd9^\xb7\xd7j\xb5,\
\xd6\x92C\xc1\x8c\x18\xe0\x15\xa6\x0e\x11!\xb2\x15l\xbc\
1>\x88-\xeb\x0af\xb2\x8c\xb8\x8a\x03K\xcaE\xac\
\xa0,c\xc2R\x9c@\xd9\x80\x06+\x01\x06\xeb\x10\xb1\
\x82\x03#2\xb2!VD\xdc\xc0:\x94\x85&;\xc0\
F@(\x22\x0fC!\x0f\x94W\xf5F\x0c\x89\xabi\
\xbe\xc5\xf9\xeb\x04\xf2\xf0\x09\xfb\x92\x95\xb9\xd7\x94.\x13\
\x1a\x1c\xfa\xc4+\xd5\xb4`A\xbd\x11\xd5\xde\xa0:}\
\x9d\x9f\xffuO\x97\xe3\x15\x0c\xb3!\xaco\x91\x0e\x01\
9\xf5\xe3A'\x87\x80\x9fU\xef]\xd3\xa3\x87\xd0\x89\
Cj5\xfc\xf6U\xdb\x82\x03\xc8\xbd\xc6\x9e\xf4D\xce\
*@t\x10\xdfX:Y@\xc4\xe0 \xd2\xfaQ\x00\
$$\xd6(\xc5\xca\xe2\xd2\xd2\xd2\xf2\xc4\xa6\xc9\xdch\
\xe9\x22\x1e\xb0TI\xb7\xbbr\xed\x91#oy\xf8\xcd\
\x7f\xf0\xde\xf7\xa5i\xb2\xe5\xaa\xcd\xc0\xb00?\xcf\xc4\
\xe0C\xd53\xb3R\xca\x18C\x09%\x94X\x97y\xad\
4\x1d\x1b\x1b\x9b\x9a\x9aZZ\x5cZYY\xee\xf5\xfb\
\xfdNoy\xa5+\x10\xa5R\xadT\xb5Z\xad4I\
D\xd2\x9a\x98\x9a&2\xa4\xcd4Oi2Y\x9e\xbb\
H\x84F[B\xcf\x98<\xf4\x99\x87\x81\xe5\xcd\xc5z\
\x9c>\x1bC\xc2\x18cL\xbf\xdf\x87\x95\x15\x00@\x04\
\xa9D\xa2\x92$UJ$BJ\x95\xb4\x85R\xce\xe6\
\x87\x00P$J\xb6\x92\x16\x03\x192D\x9c\x03\xe8<\
\x07\xabz\xca\x04H\xc0@\x04d\xe1\x13\x87\xf0\xf4.\
\xb0E\xdc\xf5#\xef\x8c\xd0\xb0k\x16\xe3\x11e\xde\xc7\
)X\x9d3\x81R\x08k\x89\xa8\x94D\x91\xd8\xb8\x89\
\x80Nq\xc9\x12\xa6\xf6\xab\x8eL\x9a\x8cfb\x22 \
\xb6\x95\xa7\xc0\x19[\xfb)\x02gV\xca\xe0\xdd\xd0\xba\
!S\x0c*v\x1a\xa8\xc5\x86C1\xce\x22n\xb1P\
\xc9\xf3\xfc\x7f\xd9\xb1\xcd\x88\x1b7!\x9b#\xa2\xed+\
t\xd5\x06`\x03\x80B\xa2\x10J .,w>\xf4\
\xe7\x9f\xfc\xf0\x9f\x7f\xb2\xa5\xe4+_v\xed\xbd\xf7\xde\
\xfb\xba\x07\xde\xf4\x9a\xd7\xbef|z'\x83D\x00b\
\xce\x8dV($\x0aF\xb6\x0a\xcb\xf0\xcd\xb4\xd1\xc9\xce\
\xca\xe5\xa5\xa5Sg\xcf-.-\x0a\xc3B&N\xa1\
\xb1\x92\x13\x8bp\x97W,\xd5ER\xf6\xcb\xa2_O\
\x98\x90%\x0a\xd4\x9a]4\x85\xa2]P[\xab1r\
\xa5\xe8\x97#F\xb6!\xb6Y)57;\xb7\xdc\xed\
\x1a&c4\x03\x08\x1f\x08\xd6Y\x02;S_\x02\x00\
!\x84\xd6\xda\xea\x85\xb36D\x90\xe5\xfd\xa5\xc5\x85P\
s\x04$\xe0,\xcb\x16f.>\xf5\xd5\xaf\xdcz\xe3\
\x8d\xe3\xe3m\x00\xf8\x81\xbf\xf1C\xefz\xd7o\xac\xf4\
2pz\xa7\xac\x8d\x1ek\x8f}\xe0\x03\x1f\xf8\xdc\xe7\
?w\xe7\xedw\x12i!\xaa\x1ft!\x051\xff\xed\
\x1f\xfa\xdb\xef\xfb\x83?\xf8\x93\x0f\xff\xa9R2\x84[\
\xac\x00\xf5J\xbf\x09\x94Y_?\xfe\x95\xaf\xc9\xa4\xb5\
\xff\xe0\x01\xd5J$I\xf0Z-\xf1\xfc5Z\xa7\xed\
1\x89B\x08\x09J))\xb6\xef\xd8y\xc3M\xd7}\
\xed\x89\xc7\x9e\xfa\xdaS\xd3\xd3\xd3\xcb+KF\x9b$\
M\xa1\xc9\xdfI\x9d\xf5\x8a\x81M|\x12|(\xc2:\
\x92\xac\x00\xa4Ahj\x88\xa6h\xac\x8ai\x03;\xd4\
\xfd\x85\x06(\x88\x88u@\xd8\x98\xe2{+\x98\xd0=\
Z\xc9\x80N-\xd5\x08M\x90\x0fk\x0ca\xcc\x94B\
\x04\xdbb`\x16\x9f\x8cw\xb1+\xe7\xa1\x09\xfe\xd5\x07\
I\xe3\xc9\xc65\xbf>\xdf\x87\xac\x00\xc3\x17\x87\xe1\xf8\
st\x92d\x1dK\xd0\xe8\xad\x88\x95\xe4\x83:_c\
f\x0e&2k|t\xe3yn\xbc\xc4\xa3\x96V\xc9\
c\xe9\x84j\xe6B\xd6)\x8a\xb2Y/1\xa1\xdf]\
\x1e\xae\x00\xd9x\xb5x\xe9\xbc\xe6{G\xec\x90R=\
\x87\xf6\xdb\xa5v\xc4%\xa7K\xafC(a$\xa72\
C\x84\xdd\x98.[kQC0X\x98\xed\xa3d\x1e\
ru\xf8]\x83Z\x81e\xe2\x0e\x9bT^\x83\xfe[\
\xe3\xb3\x86S|u\xb8\xb8*\x9d8\xbc\x90\xcayO\
\xf9\x08\x8f^\x5c;r\xe6\x8b\x17.LLO\x1ac\
\xac\x12\xa11Fk\x0d\x80\x9dN\xf7\x9ak\x0e\xbd\xe9\
\xa1\xd7\xbf\xf7\x8f\xfeX\xca\xd6\x96\xab\xaeB\x80\xc5\x85\
E\x00\x86(d-\xfbH\x18\xd6\xd6\xdf\xa6\xc9\xb1\xf1\
-\xd3\x9b\xba\xbd\xde\xf2\xf2\xf2\xca\xf2J\xa7\xdb\xb1\xa1\
\x0b\xb3\xac\xbf\xb4\xb4\x82\x08R\x8a$IZ\xad\x96\x94\
6j}\x9a$\x89\xd6,\x84\xd0:\xcf\xb5\x06\x00\xcd\
\xc4\xc6\xe8\xaco\x5c\xc8\x06\xe7p\xc56\x08\xd1\xb1?\
u\xfc\x1c\x0f\x18\x9bt\xce:\xefw\xbb}\x7fI\xa8\
D&R&RJ\x99\xc8$u_S`D\x91(\
\x95\x0a\x81\xad1\xcdH\xa4\x99L\xae50\x81\xf7g\
\xca\xe0|\xbd2\x19\xeb7\xd5\xc2F\x1bl\xc3z\x0e\
\x04\xe7\x0e\xc1#\x99\xd5f\xcdH3\x05\xc0\xfar\xc8\
\xcanNmOH\x07\x09m|*i\xfd\x9c\x82s\
{\x002\x91\x88\x8a\x18\x10\xa5\x1b\x00\x01\xf9\xd9r-\
OiME\xb9`\x0b\xd9\xeb!S\xb0k\x84\x82'\
,4\xf8k\xdb\x19l\x8dW\x1d\x86\xa4\x82j,\xf4\
\xd0\xc2\x9f\xea\xfbj:\x136\x01\x00\x00\xacR\xa9=\
\xab\x94B!\xfa\xcc\x9f\xfa\xd2\xd3\x9f\xfa\xe2\xd7~\xee\
?\xfe\xa7k\x0f\xec\xbe\xfb\x95\xb7\xbd\xee\x81\xfb_\xfb\
\xe0\xc3\x07\x0e\x5c\xd7\x92\x89\xab\x8f&@\x10\xdfT(\
\xbdli~v\xf6\xec\xd9\x99\xf9\xa5\xc5$Q\x02J\
\xc1\x06-\x1c\x02\x81\x95\xce\xbf\xac\xef\xa2\x8ej\xa0<\
\x02\xb9\x08\x83\xc1\x00,PdY\xd6\xcf\xfa\xeer\xad\
\x9e\xb1\xdc\x8c\xde\x8bL\xf0q\x12J\x96\x89ZY^\
^\x98\x9f\x9fh\x8fg\xbdL\x08\xa7u\x19\xb6Xl\
6!D\xa0\xc4\xfd\xe2\x06\x9ay\xa5\xd3\xa9\xb0\x94\x96\
8\x5cYZ\xbap\xee\xfc\xa9\xd3\xa7\xf7\x1f\xd8\x9b*\
u\xc3M\xb7<\xf0\xe0\x83\xbf\xfb{\x7f\x90$\x891\
\xc6\xee\x9b\x18\xa2\xce\xe2\xd2\xff\xfa\xad\xdf\xba\xf3\xf6;\
\x89\xb8nK\x88\x08D\xd4N\x93\x9f\xf9\x99\x9f}\xed\
g^\xbd\xb4\xb4\x8c\xd8\xac8\x1a\xf7\x9eE,\xa9J\
\xba\xdd\xee\xf1\xe3\xc77m\xde\xb4\xf3\xea\xdd\xb2%2\
\x00\x06\xc8\xf3<~\x95\xf6F\x07i\x10\x12\xa5\xae=\
zd\xeb\xd4\x96?\xf9\xd0Gz\xbdl\xf3\x96\x09\xa1\
\xb5\xf4\xd30\x00\x1b\xf0\xec\x1c\x0c\xd0\x02\x1d\x82\x18\xeb\
\xd9V\x85|\x8d\xc8\xb0r\x10\x18\xba\xc2\x5cP\x06e\
\xd0\x12\x01\x18\x93\x84\x95TW\x19\xad\xa3\xca\xc2O\xa9\
\xf7_\x8ae\xba\xaf\xd2\x10\x18\x1cc#\x0c\xd7\xfa\x88\
\x8dGr\xa3xS\xb9e}\xec\xfd\x88`\xa3\xf2\xb3\
\xbe!\xb8\xa6\xc2G\x04\x81\x97\x92\xd6X\xf2Z2_\
\x86:_J?\x14\x9d\xd9X7oPR5,\xd9\
\x90\xc4W(>\xed_\xb2t\xf9\x86\xbdZUl\xc5\
&\x7f\x12\x95m\xa1\xf5QpC\xae6\xbac\xa9\xe4\
\x1f\x9d\x12\x5c\x15\x16\xc6+cc\xd3\xea\x98\xd0V \
FJ\x95\x02\xc9\x06\x04\xafi\x90\x0e\xaa\xe7 T\xb9\
*\x9e\xacH\xe7\x91\x8c\xee\x90\x8cS$$&\x81\x17\
\xcf_\xd8y\xf5.%\x85\x05uV.\xd1F\x03\xc2\
\xca\xf2\xca\xb5\x07\x0e\xbf\xe5\xc1\x87\xde\xfb\xbe\x0fH\xc1\
\x9b6m\x12(\x16\x97\x16C3m\xb1RJ V\
\xc2\xd1\x86\xd6*/M\xd2\xf1\xb1\xf1-\x9b6gy\
\xde\xeb\xf7:\x9d\xce\xca\xcaJ\xb7\xdb\xed\xf7\xfby\x9e\
\x1bc\xba\xbd\xac\xdb\xed\x03\x22\x08TB\xb6\x92T*\
\x95$I\xdaJ'\xdb\xa9&c01\x86Zi\xcb\
\x18\xc3L`\xbdo2\x1b\x93\xeb\x10p\xc2\xc7O_\
u\xfc\xf8\x05\xda\x92F\x94g\x94{w/\x00\xe0\x05\
\x01\xb0\xdfo%\x13\x95Z+>!\x04\x8e\xb5R\x14\
B\x13\x83u\xe7\xe2`\xaf\xd1\xc6E\x15T\x82\x15:\
]\x5c\x02c\x0c\x19c\x0cy}4\xaf\xe3Z\x1fN\
#\xce\x05\x97\xa7\xda\x16(\xb4\xcc\xac\xa2\x99.\xe5\x88\
\xc5 )E\x9a\xa4\x88(\x95\xb4\xf1\xe2\x9d\x12\x94\x8d\
\x16\xa6\xacp&\xc3\xc0!\x0a\x12\xaa\xdb?\x90\xd2+\
\xcaBA\x8b\x860\x1eP\xa9\x108\x13P/4\x9b\
b@B\xc9\xf9-33\xb8}\x0ak\x040\x08\xe1\
Wf\x93\xcd&e\x02@Fg\xc86\x1cs\x82\xcc\
\xcf\x1c?\xf7\xe4\xb1\x0f\xfc\xb7\xdf}\xff\xf6\xab\xfe\xed\
+_~\xcb[\xdf\xf2\xd0\x9b\x1ex\xe3\xe1\xebn\x91\
\xadq{\xbbu1\x14\x84\xceo\xa6\x8dH\xc8\x00g\
O\x9f\x9a\x9b_\xea\xf6\xf3\xf1\x89\xb1\xa6,X\xd7 \
\xbd\x02\xa9qm\x8f\x17F`\xeb\xf5\x16\x95\x10Y\x96\
\x05o.0\x8ax\xca\x00X\xca\x86\x02\x91E\x9e\xe7\
\x17\xce\x9d\xdbv\xedM\xfdnojj\x8c\x08\x0cY\
Cm\xa7\xf0\x10\xa0\xa0\xb3\x1b\xb7\xd6\xdd\xc6\x10\xd3\xc5\
\xb9\xd9\xc5\xa5E)e\xa8\x1e\x03\x0b!\xba\x9d.0\
/,.v{\xfdt*\x01\x80\x1f\xfc\x9b\x7f\xe3w\
\x7f\xef\x0f\x5c3\x81\x05\xa0\xd1\xba\xa5\x92\xdf\xff\xbd?\
\xf8'\xff\xc7\xff\xb9w\xe7\xaeF\x99\xde)\x8e\xbe\xfc\
\xd6\x7f\xf6\xcf\xfe\xd9\xbf\xf8\x17\xffR)\x19\x9a\x5ca\
\x87\x84\x10I\x92X\x06\xccz\xb64F\xcf\xce\xce\xbe\
x\xec\xc5\xb1\xb1\xb1MWmI\xc7\xda2\xcb\xd1;\
\xff\xf4\xf7b\x9e\xe7i\x9a\x02\x80!\xbdi\xdb\xe6k\
o\xbe\xe1\xe2\xfc\xcc\x87\xfe\xf8O\xc7&&\x835^\
xP\x15\xcey$\x84\x11\xf6\x8e\xaf\xc0\x00sA\x00\
\xb0\xc8*\xbe\xd4H\xa9\xc5\xd9d\x14\xba\xbd1I\xaf\
*\x8aBH\x1f\x1bP\x057\xa0e\xea/`\xc2\x18\
\x1fb- a\x9dft\xd5\x13\x88e\x04(\x06\xf8\
S\x15\xde02>\x09\x1e\x87C\xd3\x16\xc6\xc01<\
\x9a\xc5\xdd\xe8'\xeb\x13p\xd5l\xeb\xc3\x81\xa3\xd7\xe1\
\x12\x0b\x5cS\xdb1\xde\xbc\x1c1\xf3\x866|}\xcf\
\x1a1Oa\xaawyVr\xbe\xb2\x98\xf0\x9b2\xc0\
\xf0T8\x95\xc1\x9a=\x1b\x8c\xc6\xb0\xd5\xd1\x17\x96\x8d\
\xe2*h\xaa\x0e \x87?1>9\x1c|\x8eR\xb7\
zU\xc3\x10\xa9sn\x95\x1b\xd1\x1b>\x85\x93\xc1\x13\
@\xa5\x09V\x10b\x22\xc7\x19a\xa9\x9c\xd1\x89\xc1\xc6\
\x9f\xb6\xda\x15cE\xfb3\xd6\xe7\x89d \xeb\x8b\xc4\
 B\xaf\xb7\xb20;\xbbc\xc7\xce\x9c2\x06\xd6Z\
km\xb4fc\x88A,\xadt\x0f\xec\xdf\xff-o\
y\xf8\xfd\x1f\xfaP\xb7\xdf\x1b\x9fl\x03P\xa7\xd3\xd5\
V\xd9)\xc0c)@ \x1b\x00f\x89\x80\x84Ln\
\xe3\x5c*5\xd6no\x9a\x9a\xb6vz\xbd^\x7f\xa5\
\xd7\xe9v\xbb\xbdn?\xcb\xfayn\x15Du\xb7\xd7\
a@f\x10B(\x89JI\xa9\x12\xa9T\x9a\xa4*\
\x15B(@\x01\x0c\xdah\xa262\x0b\x22cL_\
\x1bMF\x93!\xad=\x85\x15EF.T&\x9cB\
CYa\xc0\x19\x22\xfa\xde \x00\x84\x5c\x038\x22Q\
\xb8\xd0\x082I\xd24M\x95\x92^6\x92\x98()\
$\xa1 fc\x88L\x06\xa4\x89\xd0\x18f`\xc5\xc4\
`]\xd9X\xe5W&b\x0bB\x02?\xc0\xde_\xaf\
\x8d\x87\xe6\xf4\xf1\xc3wd\x15D4\xfc\xaa\xc5`\x0e\
\xc99\xef,9t{\x81 u=#\x9d\xab\xbaB\
:\x09\xce\xe9\xac\x83\x9f \x92\x09!\x00\x0b\xbe\x8fA\
\xc4\xbb\x0e\x00`a\xb6\xddN\x0c\xa3\xad\xe0>|~\
G\xa9\x04l\xe8\xa6\x06\x92{q\xe8uYcw\x1f\
\x0d\x14+Z\xef\xb0\x08\xd6o-\x00\x02\x0ap\x1e\xfc\
Y\x0aLS!\x85\x9c]\xec~\xf0c\x9f\xfc\xe0\xc7\
>\xb9e\xf2\xdf\xddx\xd3\x0d\xaf{\xe3\xeb\xde\xf8\xfa\
\xfb\xef\xb8\xe3\xee\xf1\xa9m\xb6\x1c7\x0b\x84\x94\x82\xd9\
\xfa\x81\x84o\xa6\xf5$D\xc8\xf2\xfe\xd93\x17\x16\x17\
\x97\x05Q\x9aH\xf0\x1e\xae\xa0B5\x5c\xfe\xef\xfd\xf0\
\x0d\x05\xe4BBu\x847\x08@\x17\x0d\xa5\xd7Y2\
\x86\x11E\xbc\x92\x0cK\x02\x11\x85\xd3EF\x17\xe1^\
\x00+\x10g/\x5c\xbc\xf9\x96V\xdeYAT\xcc\xda\
z\xce\xb2\x9e\x94\x83\xe9]\x08-k\xcd{32\x86\
\xcc\xc9\x93'\xfbY\xa6\x94rW\x81\x99\xb9\xdd\x1aC\
\xc4M\xd3\x9bwl\xdf\xd2\xefw\xc4\xf443?\xf8\
\xa67\xdf{\xcf\xdd\x9f\xfa\xf4g\x94T\x86\x0d \x12\
s\x22\xc5\x8b/\xbe\xf8\x91?\xfd\xd3\x1fx\xe7\xf7\x19\
\x22Uv-cg\xa1UD\xfc\xff\xfe\xc3\x7f\xf8\x9e\
\xdf}\xcf\xa3_\xfa\xb2\xb5\x02\xa8\xc8F\xadV+M\
\xd3\x00\x18,$\x02f\xad\xf5\xc9\x93'U\xa2\xae9\
ztjz\x0a\x04&I\xa2\xa4\xb4\xb1\x7f\xecz\x01\
\x80:\xcf\xd3T\x22\x8c]w\xfd\xcd\xbb\xb7\xef\xfc\xc0\
\x07\xde\xff\xd5\xaf}mbj\xa2\x9d&Y\x96[\x08\
Z\xe7\xee\xd0\xc7(\xb2\x8e\x5c\xc2\xa3\x1b\x01a\x05\x0e\
\xc54Z\xf8\x09C\xcc\x02\x9d\xbbNa\xb5[\x857\
,tf\x8d* A\x17J\xdeS~.X|\xa3\
\xad\xa0=\xa8\xc4\x93\xa8\xc3\xbf:\x15\xe9\x9a-\xb0\xb1\
i\x15\x04\x08\x11\xc6\xab\x9f\xa9\xd0e\x8d\xf0f\xc8\xee\
$4A\xb8U1\x12\x97\xdd(4\xe6\x5c\x9f\xf0]\
\xadI\xa4U\xe2\x9f\xed\x865CuwfxQ\xae\
\xb4\xc8\x1bI\xf8HU\x1eQ\xf1f\x89AO\xb2v\
\xb2\xb9\xe1`\x95/W\xabI\xc8\xbd.\xfcl\xf7\x95\
J\xf5\x1f\xb9\xdb\x07bH\xf6\x95)\xedB\xbb\x83\x8d\
Z\xc7\xabO/w\xec\xc0\xbb\x00\xd0\xbd\xc0u\x92\x95\
k\x1d\x90\x8dP\x7f\xdd\xa5]z*\xb4\x91\xd7\xd2\x84\
Q\xe8\x87\x90\x14\x0f\x06\x1e\x00\xabC\xac\xc6K\x15@\
\xd5\x08i\xea76\xf6o=\xe7 \x1ap\xc4J\xc6\
\x8f\x8b\x17\xca:X\x1d\x04_\x85\xd7\xfcAO\x5c\xc4\
\xabm\xc8o\x17\x1d\xf6\x11\x02\xe2\x9cP\x83\xcd\xf5\x8e\
\x8a\xcb\xaf79\x8eY_\xc9\x13\x94\xfd\xe2K\x8e%\
$\x06\xe0\xf3g\xcfm\xdb\xbaMkm\xdd\xc4X\xc7\
*:7\xda\x18\x16\xb8\xb2\xb2\xb2k\xc7\xce\xb7\xbd\xe5\
-\x1f\xf9\xc8\x9f\xcc\xce\x5cl\xb5\xda\x88\xa2\xdb\xefk\
\x9d\x07\xb1\xdd:\xb8\xb4_,F\x04D\x02\x92\x80V\
\x9f\x8a]@*\x99\xa6i{l|\x8a\xa6un\x8c\
\xd6y\x9e\xf7\xfa\xfdn\xbf\xdb\xebu\xb3,\xcb3\xa3\
\xb5!c\x0ci\xdd\xcf\xa8\xdb\x03\xb0T\x16*\xa5\xd2\
4I\x93T)\x95\x0a\x05 U+1l\x120\xb9\
\x05\x01\x86\x8d\x0d/\xa13k\x80X\xa88r\xf0O\
\x03e=E\xab(\x16wx\x85\xecB2l\x8c\xce\
s\xdd\xe9tll\x0a!\x84@)\x95TR%i\
\xa2\x94\x94R\xa1\x00\x91(\x85\x0a\x19\x01-\x02\xb4\xc1\
\x14\xc8I\x9cl\x1d\xf0h\x22\x07\x5c\x0d\x85W\xe0\xfb\
\x90\xc8\x1a\xdd\x05=\x0d\x07\x17\xd7\xbc\xd4\xad\x92?\xa8\
\x83\x120X\xc5\xcb\xf2=\xe8\xbe\xaaN)\xd7\x1eX\
i\xd0\x0b)\x02\xc1\x06\x87G\xff1\x0dzw\xce\x86\
\x10\x01\xa4\xa3\x07\x9dU\x80\x05\xc3\xd6d\xc2S\x1fN\
\xb3T\x000\x0bDd\xf2\xe1\x15}\x8d\xa8\x0e\x08\xd9\
\xfbM\x05t\xc5\xda\x0d\x10\x8d\x80\x80\x08\xc4\xac3\x02\
4\x08 \xa4L\x94Z\xd1\xf0\xa9\xcf}\xe9S\x9f\xfd\
\xe2\x7f\xf8\x99_\xb8\xe1\xc8\xc1\xd7\xbe\xeeU\xf7\xdc{\
\xcfk\xdf\xf4\x96\xad\xdb\x0e\xd8Fjf0F\x0a\x04\
!\xe1\x9bi\x8d\xc9.M\xdd\xee\xd2\xd9\xf3\x17\x96\x16\
\x17\x13)\xa4u_i\xc5\xa6\x8a\x89\x91\xfd\xc3\xeb\xff\
|\x8eB8\x8cT\x0a\x97\x16\x02;\xb0\xba\x9de\x00\
Of6\xa5\xf83\xe1~\x0a'\x0f221x\xde\
I\x5c\xb8xq\x85X\xe7\xfd\x1d\x825\x17M\xb6\xd0\
+0\x84\xe0\xf7n4\x19\xc3477\x7f\xe2\xf8q\
\x88>%(\x10\x0c\x8c\x8fO0\x82\x94j\xff\xde=\
/\x9e<\xa1\x89\x80H%\xc9\xf7~\xef\xf7~\xea\xd3\
\x9fI\x942\x99\xf7\xf9\x09\x08\x00\x1f\xfd\x93\x8f\xfc\xc0\
;\xbf/\x04Z\xac\xb7\xc2\x18359\xfd\xaf\xfe\xd5\
\xbf~\xc7\xb7}\x1bDX\xc2>\xb4\xddn+\x1f\xf3\
Sx\x0b7\x93k{\xb2\xdf\xef\x1f?~\x5cHy\
\xe0\xe0\xc1\xa9\xa9I\xdb\x97B\x8a\x96l9\xb2\x11\x81\
\xc1\xe8,\xdb\xbau\xf7\xd1k\xaf\x03\x80?\xf9\xf0\x9f\
\x00\xd0\xe4\xc4\x84@P*\xe9\xf7\xfb\x16\x15\xc7\xb0\xcd\
\xae'R\x08\x04D\x89\x15~\xb0\xce\x0a\x0e9S\xd1\
\xb1\xc4(R_\x1d\x8cI!E\x14_\xde\x1d8\xb5\
\xd0\x81d`\x05\x0d\x06\x1bBQ3\x0e\xac\xb3\x8e\x15\
h\xea\x16\xd4&\xda3N\x95\xe1\x17\xc8\xc0\x0a+\x08\
C\x00C\xd3\x99U\x05\xadKA\x14k*dM\xa9\
iT\x0f\xfb\xf8\x0d\xc5<\xcde6<b\xed\x9eb\
\x1ag\xdf\x1a\xef\x18\xe1)~\xb1]\xf7\xbd\xc3k\xb3\
\xf1\xda\xa1\x1b\x90\xd6\xdf\xe4\xbf\x9ai\x1dsp\xa0\x0d\
\xe1\x9ad\xd3\xe1D\x5ccE+\x0b\xd0\xaaHoU\
\xaeoM5\xe1\x01\x1a}\x83\xb8\xbb\x0a\xbe\x0d_\xfa\
\xf8\x0c\xfaH\x12\xee\xa4m\x97\x8d~\xd5T\x9f:\x95\
\x0ae\xc4[l'\x0f\xd0\x11\xad\xdf\x15\xdf\x12\x03E\
\xe7\xd3\x80\x0c\x22.\xce\xcf\xcf_\x98\x19\xdb4\x99\xeb\
\x1c\x0c\x13\x91\xd6:\xd79\x91\x0b\x8f\xde\xeb\xf5\xa6'\
\xc6\xde\xf0\xba\xd7\x7f\xe2\x93\x9f:q\xf2d+I\xda\
i+\x03t\x01\x1b<5\x1a7\xc7\x92K\x91\x07K\
\xcb\x011\x00(!U\x8a\xac$\xb4\xd3\xa9\xc9q\xc3\
\x9b\xc8\xb0\xd6\xa6\x9f\xe7\xfd~\xbf\x9feY\xbfgM\
\x0e\xb5\x0f\x0c\x91e\xba\xe7\x09.)@H!\x934\
IR\xfb5\x16\x88i\xa2DK\x19c\xb4\x96B\x08\
@\xb4\x08\xac\xd0b5\x86\x98X\x133\x13x\xe7\x9b\
\xf1\xe0\x06\xac\xbc\xfb\xd2\x80\xb4\x9f\x01\x06cH\x03\x81\
\xce\x01\x00V\x9c\x8b\x12\x14V#H%I\xa2\xa4\x90\
\x22Q*\x11R1x\xca-8\xe7$\xc3\xec\xfa\xd5\
\x101[\x02\xd1\xd8\x80\x12>l;E/\x11\xec\x8a\
G\x0eN\xd5Foy\x8a\xafi\xef\xa7\xb8+j\xa7\
\xf3{j\x9dn\x98\x81\xb7 \x04F\xd3)\x89\x15'\
\x22\x18\x80\xd1\xcf\xc0\xc8\xfa*[\x9c\x88XV\xc3\xf6\
\xdc\xc3\x8aG\x00\x00\x80\x00IDAT\x183\xc8\xdc\
\xc5^F\xd8\x9f\x0bL\xa3g]\x8b1\x8fNs\x0c\
\xd9\xcb\xdfY\x96\x01\xb3\x92\x02E\xd2\x03z\xe4\xc9\xe7\
\x1f\xf9\xda\xf3\xf0\xab\xbfy\xe4\xe0O\xdc~\xc7+\xee\
\xbf\xef\x9e7\xbf\xe5\xed\xfb\xae\xb9\x8e\x95B\xff\x02\xac\
\x98\xb6\x8e\x9e\xfc\xab\x9c.\xce\x9c9}\xeeL\xbf\xdf\
m\xa5I\xbcg\xcb\xdc\xe4\xbdp\xb4\x0fS#\xf6+\
\xc1\xcb\xb5\x0c\xf8\xca>c1`\xd0Q\xf2\x08\xd8\xef\
\xf7\xa5\x90V\xf7\xb1\xf1\xb9%(\xe8?\x19N\x01\xd2\
\x8b\xeb\x8c\x08R.\xcc\xce\xcd/\xceOJ\xec\xf73\
\x04I\xd6\x90\x1b\x8a\xc1\x5cZ\xfc\x813\xad3\xad\xcf\
\x9e=\xb3\xb4\xb4,\xa5$\x0aA\x1d\x80\x91\xd5Xj\
\x80\x0d\x13\x8a$M\xd2n\xb7;51\x01\x00\x0f>\
\xf8\xe0\xf6m[\x17\x16\x96\x10\xddz\x9b\x1b-\x85\xfa\
\xe4\xc7?q\xf6\xfc\x85];\xb6\x07d^IRH\
&z\xfb\xb7\xbe\xe3\xc1\x87\x1e\xfe\xd0\x07\xfe8I\x12\
\xad\xb5m\xc8\xf8\xf8\xb8(\x8d\x7f\xbb\xdd\xc6R`+\
M\xb5\xd1\xb9\xe6\xe5n\xe7\xf8\xf1\xe3\xa9J\xd2\x03\x07\
\x92VJL\x02\x053'Ib?\x08\x00H\xa4\xaf\
\xbb\xfe\xfa\xbd{\xf6\x9c<\xfd\xe2\x1f\x7f\xf0\x8f\xdbc\
cJ\x08D\x10R(\xa5\xb2,\x0b\x11\x8c\x0a\xea\x0f\
=?(\x8a\xfd'\x1c\x0c\x96\xea\xac`|\xbe\x02\xfc\
\xea\xb0\xd0\x19\x03\x02*\xa9\x02\xee\xad\x03\xbf\x80\xebb\
+AQ\x0e5\x11\xc2\x09Vp\xa0\x14B*\x15C\
\xd6\x8awSw,KD\xdf 4X\xe7\x09\xe3\xa1\
X\x9f \x8dgV\x01\x00\xeb\xa6\xa7\x06\xcf\xc7\x8dE\
\x83\x83*0$\xca\xcd@4\xb8F]\xd0\x0ag5\
h5\xc3\xc6\xb70\x02\x98\xac?\xa2\xb1n\x95\x85q\
M\xefw}=\xb3\xee\x98{kz\xe8\x9a\xee\xda\xd8\
*m`=\xafp\xaa|[\x0bE\xaa\x11\x1d\x11\x0d\
\xfd\x86\x96\x00a\xd9\xf6b}\xd2f\xf5\xc1\xc3qW\
\xfd\xe7\xaa\x04\xdd\x90\x86\x8d\x98\xb3.v\xacZ\x1f\xae\
)\xbeB\xd92$\x9e\xb7\x05\x1f\xe2z5P\x1dl\
\x09y.\xf6\xa8\xd9\x89\x0d\xd1\xe3\x1a\xa9\xd4X\x0e\x0e\
\x0fj\xe4\x099r\x04\x17~\x82\xf5$\xc2\x88L\xc6\
\xe8c\xc7\x9e\xbf\xee\xa6\x9b\xc9\xb8\xb8X!\xa4\x84q\
\x01\xdc)\xef\xf7\xa5\x10\xf7\xdd{\xdf\x17\xbf\xf4\xc5g\
\x9fy\x1aA\xa4i\x9a\xeb<8\x92\xb1\x16/\xa1\x0e\
n\xd3\x9b\x0a\xea\x95\x88\x1cedl fv<\x12\
HP\x08)\x8e\x83\xf7Oc\xb4\xd6\xc6\xfa\xa1\xb1\xa9\
\x9f\xf53\xabf\xa4\xb5\xd1\xc6\x18\xad;\xbd\x1e\xf4\xac\
\xa2\x96\x10(%\xaaD)\xa5\x84\xf3\xd3fm=P\
k\xb6\xa6/\xda\x90!\x03d\x98m@\x86\x9c\x88\xd8\
[\xca9:\xb1p\xf75\x9a\x99\x9fU\x1bA\xebq\
Fg\x99\xeeu{\x0e\xe7\x08\x90B\xa2\x90JI\xa5\
\x92D\xa5*Q\x89J\x10%\xa0J\x14\xb2\xb7\x1ab\
\xe7\x96\x82\x98\x88I\xe7F\x1b& \x1f\x86\x03(\x10\
\xba\xd6g\xa3\x8d\xfd\xe8^\xa2\x97.#,VH\x06\
\xcc\xc5\xe5\x91\xa7\xe8Z2\xc6\x01+6n\x03\xb1\xd8\
\xab\xc5A\x19\x02\xcc,\xa4\xf6\x9a\xac_\xe8\xe3Y\x89\
\x1f\x00\x90\x89\x88\xac\xf6\x17\x03<w\xfc\xcc\xb3\xc7N\
\xfd\xf6\xef\xbco\xcf\x8f\xfd\xe4\xab\xee\xba\xed-\xdf\xf2\
\xedo~\xeb[\xb6\xef9\xc4\xd2\xb9'%cC#\
J\x1bS\xc0b\xff\x8dj\xe6_\xae\x84\x00p\xfc\xc5\
\x13\x17\xe6\xe6\xc9\xe4i2\x06 \x1c1oWl\x80\
\xa0\x8d\xb5\xa6\x1el\xd8,Xo\x1a\xb4r\x020\xb2\
\x07SB,w:\x9a\x8c\xa8\x11\xc5A\xf2\xe6\xb2Z\
\x07\xd4>I\xc2\xbar\x92\xa2\xbf\xbc\xb2<;\xbb\xf5\
\xea\x9d\xbd^6>9\x85:\xb7\xcb!D5q\x9b\
\x86\x86\xc8\xb0\x01\xe8v\xbb/\x1e{\x91\x98\x14\x08;\
\xa5,2LT\xd2n\xb5\xbb\xbd\xbe\xd5\x00o\xa7\xad\
~\xa7351a\x8c\xb9\xe6\xe8\xb5o\xb8\xffu\xbf\
\xfd\x9e\xf7$ibr\x0d\x88\xc44\x96\xb4^x\xe1\
\xb9G\xbe\xf8\xb9\xb7=\xf4\x16\x22#e\xd3>/\x02\
\x11K\x80\x7f\xfc\xa3?\xfa'\x1f\xfa\x10\x00X\xaas\
||<h\xab\x02\x80\x10\xc2\x18s\xf5\xd5\xbb\x0f\x1e\
:\xf8\x85/|qqe%M\x13\x95(\x00\xe8v\
:\xcf>\xff\xac&s\xe8\xd0\xa1$M\xac\x8d\x80@\
!%\x02$\x00\xf9\xf4\xa6\xad\xb7\xbd\xf2\x15\x08\xf0\xd1\
?\xfd\xe8\xe9\xd3g\xb6n\xdfa\xaf\xd9uJ)\xd5\
\xeb\xf5B\xf7:\x98\xe41\x9d\x9d\xa4\xa3\xe0\xc0\x98\x1b\
\x1c\x0e\x08+IFJ\x9dRTy?Q\xf3\x17Z\
A\x80\x8d\x88\xb1\xe2\x89\xd4VEJ\x1b\x01\x07\xa5\x08\
\xedC\x81\x08\xc2\xb5:\xc0@\xcb\x16\xc6\x04`,\xed\
\x05\x1c\x08\x11+\x18\x0fN\x88\xca\xaa,\x89\xf5\xc1\xbc\
\xd63#N\xd8\x11O\xae\xef\xeaZ\xf1\xde\xf0\xab\xd5\
o\x0c\x96\xfeY\xbd\x10kA\x8cE\x86f\x81\x13k\
\x07\x03j\xd3\x98\xa3\x91\xa0\x1b\x84\x06\xbd\xcf\xd2Q?\
\xc8/q\xc0\x83^\xcf\xb6\xac\xd1\xbb\xce4\xdc\xddk\
\xe9\xb9C\xabT\xcdz\xa5p\xe9\xf0/`\xd1E\xa3\
\xb51.|\x08\xb4S\x05\xdfU\xd5\xa0\xb3\xba_\xcd\
\xb8\xab\x02\xf3\x86`\xb3\x18\xd5\x0c\xba=\xbee\x94\x93\
\xf5\xd4\x08)\xeb5\x09=R\xdfu\xaeT\x18##\
=Dll\x05@!\x86V\x5c\xcf\x95\xf2{\xd72\
\x11\xfa\x0bVn\x85\x03\xc8zw\x85\x9aT`\x1eD\
\xf0\x0f\xcaP\xb0\x81\x1b\x0c\xb0\x90\xadZ$\x09\x81\x0b\
K\x0bg\xce\x9c\xdd\xbec{\xd6\xef\x19\xcf\xadi\x9d\
\xeb<#\xc7f\x81\xd1D\xc6\xbc\xfc\x96\x9b\xa7\xa7&\
\x1e\x7f\xfc\x89^\xafo\xbd\xdbUT4\x1d\xfc3\xc6\
:,\x0e\x9d\x10\x0eP\x22\x80`\x00\xabU\xe9i \
R @ \x00$Jr\x0bx|\x8c\xadwQ\xad\
\xb51\x9aL\x9e\xe7Zk\x07\x0e\xb3<\xcfu\x9e\x1b\
\xads\x222\xa4\xf3n\x9f\xb9\x07\x00VYQ(!\
\x94\x14\x98(\x95$\x89D!\xa4P\x02\x13\x04Df\
C\x9a\x98\x88\x05\x90\x01r\xaet\x0c;\xbdSC\xd5\
Q\x8a^w\x12\x00by\xaeL4\x06\xcaL0s\
\xae\x0d\x80\xc9sd\xeeZ$a\xdd\x80Jg\x8b\xd8\
RJ\x09)\x85\x00\xb4\x0c'\x22q\x9aZ\x1e\xd1\x87\
\xb8`\x8f\xb7\xd9\xfa\xafg\x96\xd2\xc1j\x22F\x10L\
\xac\xb5\x06\x04\xf2\xae^\xc8\x077\x13\x8eh\x13\xc1\xbd\
\xfe*\xf3\xe4\xa5\x91\x82\xf9\xc0\xa0u6\x982\x0eO\
\x95\xfd\x1a\x02\x06 \xb4S\xcf\x18\xb4N+\x94\x02\xe0\
\xd3\xb3\xcb\xbf\xf3\x81\x8f\xbf\xe7\x03\x1f\xdf\xb7\xf3_\xbe\
\xfa\x9e{\xdf\xf1-o\xbe\xfb\xde\xbb\xaf>\xfc2\xa5\
\x12\x00 \xa6<'\x89\x18$\xb7\xafw\x0f\xbd\xe4\x12\
\x220e\xa7N\x9e[\x5c\xee\xa1\x80T)\x87\x9f\x99\
=\xd1jw[\xdc\x8bk\xdc\xd1\xac\x7f\xc0*\xd4b\
\xe5\x12\x0c\xfe\xe6U>\x9c\xc3\xd7\x7ff\x10\xcc \x08\
\x00\x0dc\xa7\xd7\xb5\x95\x1c%q\xe4E\x0c\xed\x16\x0f\
\x02\x13\x01\x81\x00\x04C\x17\xcf\x9e\xbb\xf6\xc0\xde~\xa7\
3>=M\xd14dp^\x97\xdc\xe2\xc9\xa0\x0d\x19\
m\xce\x9f;\x7f\xfe\xecY\x8c\x8c\x0c\x01\x80\x88\xb7m\
\xde<5>\xbe\xd2\xeb\x19\xa3\x01 Q*\xcf\xb4\xc9\
5#\x01\xc8\xd7\xbf\xfa5\xbf\xfd\x9e\xf78s\x1a\xf7\
\x9fa\x80/~\xf1\xb1\xb7=\xf4\x96!\xc6\x90RH\
f~\xd3\x1b\x1fx\xf3Co~\xdf\xfb\xdf\xd7j\xb7\
l\x00\xd7\xf8\xcbb\xeb\xf0#\x7f\xffG\xfe\xfa_\xff\
\x9eO}\xea\xb3\xbf\xf7\xbb\xbf\xff\x91\x8f~\xe4\xcc\xe9\
\xd3\xe3\xe3\xedV\xdaZYY~\xe6\x99g\x98\xf9\xc8\
\x91#(\x04\x01\x0b`\x00LT\x92\xe5\xd9u\xd7\xdf\
\xb2\xef\xc0\xbe\xbe\xd1\xef\xfe\x9f\xff\x8b\x99\xd3T\x055\
T\x00\x10BLNNZLXAtPV%\x15\
b\x95\xd0\x0bu\xe0\x07\x91\xe9`L\xd9\xa1W\x0d\x95\
R\x0a\x14\x95(\x81\x8d`/v\x18\x13\x17\xd5\xa8 \
\x1ap\xa0\xab\x86@Q\xb7cD!\x85p\x8cV\x80\
\xb8\xe1P6\x04\x8d\xa8\x90\x87\xf1\xf4i<\x80\xc1r\
\xdep.q\xf8y\x18Y\xd0\xdc\x90lE\xbb\xb8\xe1\
d\x90\xef\xc5\xe8\x10\xae~5|op\xe0I\x80f\
2\xca\x99?\x0cx\x227\x9d\x5c\xb5\x9e\x5c{\xd6 \
\x12rP\xc9^\xa8]\x9d@\xdb@4X'T6\
\xaap,\xa4\xe6\xd2\xab\x19=5\x93\xba\xc3\x1fZ\x85\
W\xa5\x9a\xc4%\xe3\x86vc\xbd\xda\xc8\xcd\xb3\xdb\xd7\
\xb3T\xcb0\x1aG\xa9R\xbc\xbc\x0f\xa1\xf7Uq\xa1\
\xe1\x03\xdd0,\xeb\x08mt\xa6\xae1\xc3\x9a2\x03\
4\x00\xbcU\x8b\xad\xca\xfaMeV|\xb4\xd4\xff\x0e\
\xc7\x90\xe0\xd55\xe3\xf2\xc33\xac\xe2\x073c\x80\x83\
\xc0\x8e*\x0c\xe4a\x99\x84\x0c\x85\x0f2\x17\x8c\x8f!\
\x8a\xf1=\x00\x19\xba\x18z\x00LL(\xc5\x89\x13/\
\xb4\xdbI\x92\xa4\xbd^Ok\x9d\xe7\x16\x7f\x99<\xd7\
dl\x1cy\x93\xe7yn\xf2]\xbbv)\x95>\xf9\
\xd4S\xf3ss\xe1c\xec0a`\x05\xd9y\x8c\xac\
\xa0\xd6\xa2i\xc0\xc4 \x0a\xabk\xc9\xc0\xb6\x0b\x8a/\
\x9e\x94\x0a\x80\xd3\xd4\xbd\x11\xab\xe4J\xa4\xc9h\xadu\
n\xf2,\xcf,:\xcc\xfa\xbe\xba\xc60\x11\x9169\
\xf72\xe6\xccw8H!\x85P*ITbc\xbc\
'-\x95\x1ag\x00\x09\x08,H[\xb7\xa1dYQ\
\x22c}\xd68\xef\x7f\xc5\x90\x80\xda&\x82o\x97;\
\x02\xaf)\xe9\x12\xbb7b\xc8\xe4:\xef\xf6z\x00K\
\x00.*\x84\x14\x98H%\x95\x02\xa5\x12\x94\x89\x94\xe0\
\x0cX\x14\x08\xc1\x85;N\x07\x0f-2$r\x91B\
\xa4\x94B\x00X\x17\xb2\x80\xae\xfd\xd6\x1a\x8f\xbc\xaf\x17\
\x1c0\xe7}\x1b\x86L\xa2o\xd0\xd4\xd8\x90\xf2\xde\x0a\
Z\x87\xa9\x88(\xa4\x12R\x9c\xbc\xb0\xfc\xee?\xf8\xc0\
o\xff\xc1\x07vn\x1a\xbb\xe3\xae\xbb_\xf3\xfa\xfb^\
}\xdfko\xbd\xe3\xd5\xd6_\x22\x03\x18c\x82\xf5\xe4\
\xd7\xbb}/\x95d;paa\xee\xd4\xf1\xd3\xdd\x95\
n;U(\x82\xbb\xa6\x86\xafN#T\x1bD,\xc4\
\x82E\x9d$\x1c4V\x07~\xde\xa2S\xb5\x1d=\xb7\
\xb1\xde\xebv\xdd\xaf\x01\xfb'CD\x1f7S\x11m\
\xf1R\xc9s\xa7N\x08\xba\xb5\x97\xe5\xd6\xc54\x86\x1d\
\xa4\xf2t3\x94\xf7L\xbf\xdbYy\xfe\xe9\xa7\xb51\
\xf6\xeb\x00\x9e\x05\x12RNNO\x09\x01\x9b\xa6\xa7\x00\
\xb0\xb3\xb2\xd8\xedvMf\x96\xc5\x92J\xe5r\xb6\xb8\
u\xe7\x8e\xe9\xf1\x89N\xbf\x17VZ\xcd\x04\x00O<\
\xfa\xb8\xed\x8e\x81/\x0f\x81\x0cI)\xff\xee\xdf\xf9;\
\xef\xff\xc0\xfb'\xc6'\x8c1V\xd7\xc3\xb6\xcb*v\
\xde}\xef=\xdf\xf1\x1d\xdf\x9e&\xed\x07\x1fx\xd3\xc3\
oz\xf8\xb1G\x1f\xfd\xad\xdf\xfe\xad?x\xef\x1f\x9e\
<~|\xac\xd5&\xa2g\x9e~\xa6\xdf\xef\xdfx\xe3\
\x8dJ(\x026\xcc@\xbd\xf1\x89\xcdw\xde}\xbb\x00\
\xf8\xd4\xc7?\xf1g\x7f\xfe\xe7\xe3\x13\xe3\x89T\xd2\x02\
\x1fQ0`SSS\xd6\xef46\xc5$\x8cA \
\x00\xd4=\x82b\xc5\x18\xaf\xe9R\xc5\x8a\xaf\x80yh\
?\x09%\x070\x15J\xb0\x1e4\xa2\xce\x04\xc6'\x0b\
(h\x1b\x22\x84\xb3<\x8f(M\xeb\xd2\x16\xadn\xbc\
\xa7\x01%\xb8\x9c\x8c\x0d\xf3%\x86\x82\xf1F\xc9 (\
8dZ\xd5\xb35\xce\xbbz\x86u\xa0\xc7\xe1\x09\x07\
\xd0\xfeM\x5c\xdc\xc0g`d8h\x09\xa5\x91$\xfe\
!\xfa\x9cM\xe0\xb3D\xf2\x8d\xcc\xa6\xae\xaf\xffc\x1a\
l\xad}\xbb&^\xe8\x12K\xd8\x90j\x5c\x81\xa2\x02\
\xcd\xb8\x86g\xadEU\xea2\x89\x02\xa3W\xbbt\x17\
\x8c\xbag=\xa2R\xc0\xe08\x84e\xbd\xb0\xe1{\xb4\
W,\x0d\x92\x09\x06\x09\xb8\xab\xe6\x0f?\xebg*r\
F\x1cx\xb0R\x02;\xdf\x19\xc0\xcc\x104;\x22\xbd\
\xd0\xb8WK,S\x19\xd4\x05`\x19\x13\x83\xd0\x84\x06\
\xa1\x0c\x14\xeb\xa6\x83P\xf6.\x13\xf9\x5c!\xeb\xe1N\
\xeb\xfc\xd9g\x9f\xbe\xe6\xd05\x08\x10\x943- \xd4\
:7Fg\xfdL\x1b\xa3M\xde\xef\xf7\xd24\xbd\xe9\
\xc6\x1b\xcf\x9c9s\xf6\xcc\xd9N\xb7c\xbfu\xda\x18\
&6h\xec6\xa7\xc5A\x22r\xee\x82B0\x13P\
\xf8\xc8\xb1#\xd9\x5c?Xw#\xe0\x1d\x82\x16\xc1\x91\
\x98Y\xa0\x10 @:\xa6\xda*T2\x80\xf3\xd6b\
\xf2,\xcbt\xae\xf3\x5cgZk\xadu\x9e\x19\x9d\xe7\
:7\xda\xe4\xda\xb0\xd1D&\xb7A\xc6\x10\x81\xd9\xa2\
\xc3\xe05\x0e\x85\x102A!P\xc8\x04\xc0\x89\xb3\xe0\
\x02K\x10\x19&2\x86\x8c\xd1\xc6\x18\x8b\xb68\xb2\xea\
\x8b\xbe\xd6\xf1\x88\xb2\xb0\xc3\x99\x8f\x02\x82\x00a\xa79\
\xfb\xe1\xa1\xb5\xd1\x00}\x1f2\x02}QR\x8a\xc2(\
EJ%\x13\xe7\xf2\x5cJ\xa5${\xff,\x0e\xf63\
\x04r\x90\x93h\x8f\x81\xc1\x18cH\x17\x10\xd1w\xb9\
\xaf\x06\x84\xe7B\xa8gm@\xff\xa5A\x89q*\xe0\
=\x22\x906\x06\x84\xc04Ie\x9a\xcc\x1b\xf9\xfe?\
\xff\xd4\x07?\xf1\x09\x05?}\xe7+n|\xdb\x83\xf7\
\xdfw\xff\x9b_~\xe7\xab\xd2\xf6\x84\xbd\xc3\x18\x02`\
+s:\x05\xd5\xafws\xbe~\x89\x01\xf0\xc4\x89\xe3\
\xa7N\x9e6Z\xb7&\xc6 \xea\x11\xbfl\xe2\x88_\
\x0a\x1e`\x1b\x13/\x05#\x96\xd3XQ\x88\x16\xcfR\
(#f\x14\x12\x98\xbb+=h\x92\x07\xc2\xf7.\xdc\
\xeeT!\xc8\xf9\xd3\x8a\x04v\x00\xeb\x88E\xc8\xd9\x0b\
\xe7W\x96\x96\x94\x90\xfd,K\xd3\x84I\x87/B\x5c\
\x8dL\xe7\xfd\xbc\x7f\xf2\xf8\x8b\xe7N\x9f\x09h\xd0J\
\xa8Z\xeb\xe9\xcd[&&&\x05S\xab\x95\xf6\xb3\xfe\
W\xbe\xf2\xd5V\xab=>>\xae\x11\xe6\xcf\xce\x9fx\
\xf1\xc5\xd3\xb33[w\xeeX|\xe1\x05\xa5\x941\x06\
\x18\x89\x00\x05~\xe1\x91O\xcf\xcc\x9c\xdf\xbau\xc7\xa0\
\x0d{\xf6\xa8\xec\x817=\xf0\xaa\xbb\xee\xfe\xf2W\x9e\
h\xb5Z\x16\x13Z\xdf0\xd6\x16\xe0\x87\x7f\xe4\xef\xee\
\xde\xb5\x87L\x0e \x00\xf1\x15\xb7\xbf\xf2\x15\xb7\xbf\xf2\
\xef\xfc\x9d\xbf\xfdk\xbf\xfek\xef{\xdf\xfb\x8f\xbdx\
\x5cIu\xec\xd81%\xe5\x91#G\x92vK\x08\xd9\
\xe9v^\xf5\xaa\xd7\x1f\xb9\xf6\x08\x00\xfc\xd7\xff\xfa_\
\xb3<\xdb\xd2\xdaB\x86D\xeaB\xedAdD\x97$\
I\x9e\xe7\xf6u\xd4uA\x87P\x82E\xf8\xbe\x01g\
Jh\xcd\xa9\x85\x0a\xe9\x02\x0a\xd9\xffF\xa5\x07+\x94\
\xa0+?\x9c\xa8\x877\xb4\x5c :{\xe8\x12o\x89\
\x22\x00\xc2\xb0q(\xad\xafZ\xaf\xb8;\x08\x13B\x0d\
\xef\x0dg\xfcb\x0c9\xfa\x94\xbe\x02r\xdd\xe5\x00\x1e\
\xa3\xca\xfd\x97\xf6\xcc\xcb\xd7'\xbeQ\x1b\xa0\x85\xb8\xbe\
\xe0\xe9_wy\xfer\xd4g\x1d\xb0\xea\xa5\x90^\x22\
\xd5\x8e\x00!E\x08\xc7\xf9\xcc\xae\xea\x9e\xd5\xe9\xc1\xf8\
\xfc\xa0\x9f\xabf\x18\x05\xc5\x8d\x02\xed\x86\x94\x13o\xb3\
\x0djQ}C\xba\x02\xd5\x9a\x9f\x15+\x162\x1bC\
B\x08\x87u\xfc\xdd!f\xb7aB\xc4\xc2\x9a\xacV\
~\x85\x00\xacWc\x10C\xc8\x9eS\xaa@\xc4\x18+\
\x86P\x0dD\x06\x10;\x9d\xces\xcf=s\xf5\xde}\
\x00h4kM\x85\xebQc\x0cS\xa632\xc4\x8c\
Zk2f\xc7\xb6\xed\xd3\x93S\xe7\xce\x9d[XX\
\xe8\xf5z\xc8\x00\x02\xa5\x90h\x90\x99\x09\x89\x89P\x0a\
\x8c\xeb\xc6\xd6\xc3;[!\x91l\xb0\x01\x0f\xa1\xd1\xd6\
\x13\x01\xa0\xead\x08\x82\xf1\x98=#PZ\x00)\x10\
\x12E\xd0\xe2q&\xab\xdejHkmLn\xac\xbb\
T\xad3\xad-\x7f\x98\xe5\x99\xd6\xb97D4\xb9\xce\
\xb3\xbc\x1f\xe8p\x81>\x02\xb1\x87^R%(\x84R\
B\x88\xd4b9g\xe4h\x8c\xa5\xea\xc8\x18\x1b,\xde\
xC\xc4\xf2\x07\xa3\xea\x89\x9b\x22\x1a\xb12n\x8b<\
\xc0@l\x88\xb2\x5c\x87K\x08 \x04*\x07_\x9d\xdb\
\xbb$Q\x88B\x80\x04)\xbc\x00\x89\xceK\xa7\xc7\xe1\
R*\xc4\x14\x80\x8c\x1dr6N\x22\x11\x0a\xbf\x1d@\
H\x14F\x02\xc70\xc9\xc1Y\xd7=\xb5)\x5ci\xea\
7,hdb\x14\x98\xa4i\x9ee\x19h\xee\xe4\xcc\
\x9cH\x91\xb4[\x1a\xe0\xd3_|\xfa\xe3\x8f|u\xf2\
\xe7~\xf5\xfak\x0e=\xf4\xc0\x03o~\xeb\xdb^~\
\xc7]\xad\xb1M\xf6^\xab\xc2\x87\xe8b:^\xbe\xfd\
\xc2\x97jb\x06B\x10/\x1e{afn&\x112\
Q)F\xf8\xb8Bk\xc0\x00\xd94\x9c\x8c!_e\
\xafm\xf4\x01\xd6\xb8\xec\xa3\xf5\xd6\xe0\xf5/\xe2\xdd1\
\x03,\x99Q&dt\xd6\xcb\x85P\xccf\xc4\x92\x03\
L\xf5\xc6``\xd8\x08@f\x16R\xf4{\xdd\x0b\x17\
\xe7v\xec\xde\xdd\xe9t\xdb\xad\xc4\x00\x83\x10\xc4\xc6\xaa\
\xca\x1b\x22\x02\xce\x8d\xee3\xad,,?\xf5\xd5\xa7\xb4\
w\xcd\x82\x88B\x0a\x22\x02\x81\x9b\xaf\xda\x92\x08\xc1L\
\xedvK\x1b\xfd\xe8c_\xd94=}\xf5\xde\xabe\
\x9a\xbcx\xf2\xf8\xb93gg\x97V\xae\xda\xb6\xed\x85\
\x17^\x08\x1d\xc8\xcci\xda:q\xf2\xe4\xd3O?s\
\xcf=;\x98\xac\xa2~5\xd9\xf5T\xeb,m\xb5\xbe\
\xeb{\xbf\xe7\xcb\xff\xfc\x9f+)\xf3<\x0f\xf8gq\
q\xf1\xfb\xbf\xff\xaf\xbf\xed\xe1\x87\x88HHi5?\
\x88\x88\x81\x8e\x1c\xbd\xeeg~\xe6g\x7f\xf0\xfb\x7f\xe0\
]\xbf\xf1\xeb\xbf\xfb\x87\x7f\xd0]\xe9\x9c>}B\x80\
\xb8\xe6\xbak\xf3<\x9f\x9a\x9c\xba\xff\xf5\xaf\x16\x80O\
=\xfb\xdc\xc7>\xfa\xe7\xad\xf1\xc9\xb4\xd5\x02\x84\xdc\xe8\
\x96jI)\xdd\x9cq\x96t\x22I\x92~\xbf\x0f\x91\
\xeeh\x15_\x95\xa9?l\xb2\x0c\xc4H\x1d\xb48F\
!\x07\x9b\xff\xc5\x04`\xddz\xb0B0\xc6\xac \x16\
h\xb0\xa8\x8fD\x1f\x11Q\x94yB\x9b\x01\x8aF\xb9\
\xe1-\x10\x10\xec\x1b\x0f\xc3=\x06~\x15\xb0W\xa7\xec\
\x1a\xe7K\xfdg\xfd\xb8>\x9bp\x8df\xba\x1bK\x8b\
\xadr5r\x1fZ(\xd1\x85\xad\xcb\x11\xaa\x5c\xed\x1c\
n:_\xe7\x06k\xd9F\xd1?\x5c\x1fE9\xe2\xc5\
!\xd7\x10q\x10\x0e\xbc\xe4*\x0d\xcc|\xf9\xbe\xfb\x97\
\x88\x06\xd9\xefH\x8e\xe2\xd1\xda\xcd\xb8\x11-\x05*\x8a\
\xc4\x97\xe1\x93?\xba\xb9\xe3\x86\xf4\xd5\x90\x14\xa9\x8c6\
Vt\xbd\xd0ntP\xb7\xea\x08k\x84aC\xf0a\
\xbc\x02\xc6\xabg\x05\xec!\x96\x82:\xd4\xff\x86\x153\
>im\x05\x07\x01K\x9b\xbc\xbe\x90\xe7m\x22Gs\
\x10\x81\xa5\xc6z\xc6\xa5\x0d\xc1\x84q9\x00U4\xc8\
M\xc9\xdb:\x82\x15\x8dlC\x96VV\x9e\x7f\xee\xd9\
\xed;v\xa2T:\xf3^>\xbd\x89 X\xc6\xc9\xd9\
\x0d\x92\xd1\x9a\x99w\xec\xd8111\xb1\xb8\xb8\xb8\xbc\
\xbc\xdc\xcb\xfa\xc6\x18\x1bv.\xec\xa0W\xb8Mf\x86\
\x10\xd1\xdc\xc56/z\xb5\xd8 \xb7\xaa V\x9b\xd3\
w\x9dkr|\xe0{\xcd\x8b\x08\x90HI\x89dN\
m\x5cu\x22 v\xea\x9a\x9ar\xa7\x0d\xdb\xcf\xf2<\
\xcf\xf2\xdc\xb8\xb8\x8b\xb9\x8f\xb7A\xb9\xd6\x00\xb9-_\
 \x14[\xc02\xb1.\xe6\x00\x01\xa5p\xa1\xdemP\
u`\xc36\xa0\x22[R\x8e\x88\x88t\xf0W\x13\xc7\
\xf8\x0a\x0d\x1c2`\xe2\x84h\xcd\x1e\xd9Z7r\xe6\
\xeaf7\x97Q8s\x14\x1bEKI%Q\xa1\x92\
(\x85\x04\x94R\x00\x08\x90H\xcc\x09\x020\x08\xaf|\
\xea\xf7 \xb8P[\x8e\xfc\xebD\x8ev\x88m'B\
ip\x86\x16\x80\xdb\xe8X\xc5-ShK<\x01\x07\
\x892\xf5YY\xbfec\x13\x11gY\xc6\xcc\x82Q\
\x08a\x8c1\x84\x9dN\x9f\x99\xa4\xc0\xa4=\xa6\x19\xbf\
\xf8\xc4\x0b\x8f~\xed\xd7\x7f\xfe\x17\x7f\xf5\x86\xc3{\xdf\
\xf8\xd0\x03\x0f\x7f\xeb\xb7\xbd\xf2\xf6\xdb\xc7'w\xd8^\
\xd0DH,\x04\x02\xfe\xd5rO*Pf\xd4{\xe1\
\xf9\x17\x96z\xd9\xf8\xf8\xa4\x90\xd2\xd2[\x00\x00P(\
J\x84\xc5s\x1d\x22Te\xa1\x1e\x94m\xf8\xd8p[\
n\xd1\xe7\xbb\xba\xea\x22dY\xbf\xd7\xef\x10\x91\xc0u\
\xee\xd1\xb3\xb76w\x84!\xc3\xf1\x93'v\x1d>\xd8\
]^\x11\xb09\x07$\xb6~5\xdd\xac\xd1\xc6\xf4t\
\x9e\xf7\xb3g\x9ezjn~NJ\x19\x882;\x07\
'\xa7\xa7&'\xc6\x00@k\x9e\x9e\xda\x04\xcc\xe7\xcf\
\x9f\x9f\x99\x9d\x99[\x9a\x97J-,.,/-u\
5MNMA\xf4- \x22)D_\x9b/?\xfe\
\xcc=\xf7\xdck\xc0\x88\xc1.\x91,ny\xf8\xe1\x87\
\x7f\xe6\xa7~\xba\xd7\xefK\x1f\x93p\xa5\xdb\xd9w`\
\xff?\xfa\xc7\xffX\xc91\x22\x03>P'\x0a\xc1 \
\x0c\x11\x82\xb8\xe9e\xb7\xfe\xf2/\xff\xea\xdf\xf8\x9b\x7f\
\xf3\xd7~\xfd]\xbf\xfb\x9e\xdf}\xf6\xd8\x0b\xd3[\xb6\
 \xd2w\x7f\xd7w\xed\xdd\xbd\x07\x00\xde\xf3\xdb\xbf}\
\xea\xd4\xf1\xab\xb6lm\xb7ZV\x19\xd5\x18\x93$\x89\
\xf0\xfa\x946\xa4\x0d\x01\x07\xda\x0d\xbcjh\x85\xfa\xab\
`\xc2\xc6p\x0e1\x14\xb4\x90-x\x8b\x09a!\xea\
\xba\xa0\x15\xf70\x8d\xaa\xa1\x95'\xa2\xf7\xfeR\xc2\x84\
\xe0\xc3\xdc\x0b\x01\x91\xe6\xa7k\x14 F~b\xdc6\
q\xe4?\x06jV\x82\xf1\xf8\xaf\x83\xba\xc6\xf3\x95Y\
P\x11Z*\xec\xe2:&\xe0\x90\xfc\xab\xae\xcf#\x96\
3$\x0fF\xf6]\xa3?}M\xd8\xb5\xb1\x9cQ\xa0\
\xf2(\x88z\xad\xa8;n\xb8\xb7)\xba,i\xadU\
\x8a\xb7\xf0^\x0a\xf5\xb9\x94\xa2^j\xbchc\x0d\x87\
\x8c\xed\xcb\xba\x17\xaf\xb8\x0eE\xc28\x5c;\x138$\
\x8d\x88\x06\x07m\x0f\x8fr{\x1d\xd4\x85N\xac\xf7c\
\x0c\x96\xc2\x19,\xfb\x8f\x89\x8f\x07\x95\x1f~Z\xc9\xc0\
mTX_\xf6N<r\x1b\x00\xd6s@@\x0bu\
8Z9Y\xa9\xc3\x10(XA}\x8dg\x8c1\x00\
\xc8\x0c\x0e\xebY\xd71B\xac\xf4\xbb\xcb\xc7\x9e\xdf\xb2\
yk{\xcc\x0a\x22\xba!\xb2_\xd0\xa44\xc6\xaa\x15\
m\xda\xb4i|||\xb9\xb3\xd2\xe9t\xac\x83P\xdb\
.\x8b\x7f<\xa8\xf0\xfd#\x98\x0c!\x00\xfaX\x14\xa1\
X\xe1\x83:\x02@\xc1\x082[g\xccN\xaas;\
\xfdV?\x8b\x83\xd24\x22\x12\x1b@ke.\x04\xd9\
\xe8\xd8\xccL\x00\x02P1\xb5\xad\xa7\x16\xcb{jO\
!j\xads\xad\xb3\xcc\x11\x89:\xcf\xf2<\xb7\xb4\xa8\
6\x86\x0d\x95\x03\xd6\xa3W\xe3\x94JZ\xa7\x95\x02\x85\
PJ\x0a!\x85P\xae\xa3\x8cvz\x9a@\x8eO4\
\x05\xd6\xb2m\x91R\x00\x94\xf6\x17\x1c\x10.)\x15\x87\
\x91PU\xbc#\x060d\x0cyC@\xf0\x11\xee\x9d\
b\x92\x8d\x87!\xa4D\x81\xd2F`Fa#\x82\x00\
\x80%\xb5\x84\xa8\xca\x0a%2\x19\x1d\x87\xcc\x8c\x1c\xdc\
\xc7\x96\xc7\xb9{\xbf\x9e\x08\xf6U\xe6rN\xb6-\x1d\
\x84\x81\x1b&8\x94$\xd8\xc6\x0d\xef\x0d\x5c\x0a\xc3d\
'f\x81\x08H($\x184\x00\xa6\xd3\x01\x00!\x94\
J\xd2>'\x8f<u\xea\x91'\xff\xf3\x7f\xf8\xd5\xff\
vh\xef\x8e\x87\xde\xf8\x86\xef\xfa\xceo\xbb\xfe\x15w\
L_\xb5\x07@\x00\x00\x19f(6\x89\xfer'b\
\x16(f\xe7\xce\xbc\xf0\xc21\x0dR\xb5\xda\x88@@\
\x08\x02\x11\x04[e\x00D!\xb8\xa6r_\x87y\xb1\
\xb4\xd4\xb8\xec\xafCj)\x1dGwWB\x04\xd9\x95\
'\xcb\xfaY\x96\x01\xd0\x90]\xdf\xca8\x14^\xc4/\
v|\x10A\xa0\xddW\x11J\x9e<q\xe2U\x86\x05\
\x19\x9d\x1b!\x15ygmvV\xe5F\xe7d\x8e\x1f\
;\xf6\xccSO\x8b\xe8[\x13`\xe1\xf6\xed\xdbS%\
\x81\x09\xa5\xda\xb6m{\xbf\xdb\xcd\xf3\x1c\x05v\xfa]\
!\x04\x13Q\x96\x1b\xc3\x12E \xf1}7\x02\x00<\
\xfe\xe8\x97\x00\xfe\x86\x001\xa4Ev\xc9=r\xe4\xc8\
=\xf7\xdc\xf3\xc1\x0f\x7fhbb\xa2\xdf\xef\xe7Z\xf7\
:\xddw~\xdf\xf7\xdd|\xe3M\xc6\x90,\x13\x8c\x08\
 \x05\xdaz2\xc0\xed\xb7\xdd\xf1\x1b\xbf\xf2\xb2w\xfe\
\xb5\xef\xfa\xc9\x7f\xff\x8b\x8f}\xe5\x89\xbf\xf5\x83?\xf8\
\x967\xbfE\x03\x5c\xbcx\xe1w\xde\xf3;B\xc9v\
;m\xa5-\x8b\xb8\x10\xd1bB\xab\xa9o\xf1\xa7\xd6\
\xb9Eh\xb6'c\xf8W?\xa8\xa2\xbe\x9au\x9f\xbb\
*\x85\x14R\xa1\x14\xb2\xc18\xb0\x91\x15\x1c\x04,c\
 \xea\xa8?D!\xab^O\x0b\xc70B\xc4>\xd5\
\xc2\xee@\x8c\xf7\x1cC\xe8\xd7\xe2\x8ax\xdd\x88\xdc\x86\
\xef\xaa4\xe6_u\xee\x0c\xc9\xb3V\x1c\x05Cg\xe8\
\x86\xad\x87kd\xcf6\xb6\x15\xc3K\x18\x05W\xaf\xb3\
\x1f\xfc\xcd\xeb\xbe\xf5R24\xa6\xf5!\xdb\x0d\xa9\xf0\
\xd7\xbd\xed/\x91tY1\xb9M\x11 D/\x93\xf9\
/il\x83\x11\xd2\x88\xb8nHZ\xb5\xc0U\xcf\xac\
\xe9qn5\xb5\x1cIYD\x18\x04\xf6\x86W\xbb*\
\x22\x07?\x88e\xb8h\x9c\xa0\x896\x83\x8d\x1f\x10\x1e\
\x0dM:\x9f\xe1d8\xd3\x08\xfc\xe2lC\x10\xa0M\
\x01\x85\x02\x00\x91a\xeb\x07\x86\x99\x19\x89\x80\xac\x0a+\
\xf2\xf9\x0bg\x92$\x9d\x9c\x98JT\xca\x04\x86\xf2\x5c\
\x1b\xad\x1dxD\x1b\xb0\xc2B:0\x8c`\xd80\xf2\
\xe4\xf8XKI\x9d\xebn\xd6\xcf\xf2,\xcf\xb4\x89t\
\x11\x99|\xccq\x04!\x84+\x8a\xaa\xed\xb1\xdf]\x0b\
\x9e\xa2\xd7\xe6\xc1\x8e\x0b\xdd\xee:\xa4\x88\xb7\xe0V(\
\x89\xb6\x87\x89Q\xb9\x08\xe9\x82\x85\x1b\xbavH\x0b\x96\
\xcc\x90\x82\xd5\xd15\xceU\x0d\x1br*\xb2\x963\xb4\
\x14\xa2\xf5gj\xac\x9fS\xa3\x8d\xcf\xad\x8d\xce \xb7\
sBDn\x03\xa4r:\x9d(\xa4U6\x05\x00@\
a\x9bo\xf9Pb\xd2\xe4yWc\x88\x0c{\xa7\xaf\
n\x9a\x05\x85\x01\x00@\x81\x85\x93\x8eA\xd3!\x1c\xd9\
\x1e\x02\xb6\xf1\x12\x01\x02\xdb\xe9\x0c\xb9\x1c\x9d\xe8\xf7\xb8\
\x85\x10(]\x8cy\x81\x88 \x5c0\xfa\x10A\xd1\x06\
X\xf3q&\x98\x19\xe28\x9a\xfe-XY\xd6\xed\xe0\
\x16\xe3:\xf8\xc3\xf1`\x11\xed\xdb\xf3\x13\xa3\xa4&\xed\
\x22\x91 0\x03\x05\x17\xe0Q\xccH\x8e\xe6\x84\xbb\xa1\
n\xd6\xdc0Q\xa3\xfb\x9b\x88\x9f\xb0\x06\xd8\x08\xc5!\
N1\x1310\x90\xa5b\x81\x81\xba\xbd\x0e\x02$(\
d\xda\x16\xaa\xf5\xe4\x8b\xb3_\xfd\x8d\xdf\xfc\xd5\xff\xf4\
\x9b\x07\xf6_\xfd\xc0\x9b^\xf3\x8e\x07\x1f\xba\xed\xde\xd7\
m\xde\xb9\x1f@2@N\x1a\x99\x05\x0a\x10RT_\
\xec_\x96\xc4\x00\x08'\x9e;~\xe2\xf4\xb94i\xa5\
\xd2:1\x02&F\x04F\xf0\xccx\x89*\x84\x01\xdf\
\xb0!\xfb\x05\x83\xce\x0c9_?\x19k\x04E\xda\x13\
\x00@\x8a\x00A\xf6\xbbK\xac\x0d\xa0\x04\x18\xe8\x99\xb3\
T`\x9488R\x06\x00\x04F&\x22\xa5\x92\x85\x85\
\xb9\x99\x0b\xe77m\x9e^\xeeu&\xa7\xa6\x84\xf1\x1b\
p\x00\xb9\xc95\xe9\x95\x85\x85\xaf<\xf6e\x1b\x030\
\xee\x1f\x22\x9a\xde\xb4il|\x1cXh\xca\xae\xda\xbc\
y\xd3\xf4\xa6~\xd6\xd7\x86\x18\x19s\xb6\xab/f\x9a\
\x18\x98\x8c]\x01C\xdb\x89\x18\x11\x9f~\xf6+`\x09\
\xa8\x81\x83\xcf~\x0c\xfb\x02\xda\xf7\xdf\xff\xda\x0f~\xf8\
C\xedV{nn\x0e\x10n~\xf9\xcb\xfe\xf6\xdf\xfe\
[\xe0\x83\xca6\xdd\xe8\x9aLD\x8c\xf2uo|\xf0\
\xf0\xd1\xa3\xff\xe7\xbf\xfc\x97?\xf4\xff\xf9[\x00\xa0\x00\
~\xf7w~\xf7\xf9\xe7\x9f\x9f\x9a\x9c\x9c\x9c\x9cJ\xd2\
$f\xdb\x88(M\x12\xa9\x94\xdd:\x8b/\xc5\x08\xb0\
\x02\xcc\xea \xadn\xe9\x17s}\x11\xe0\x93\x16\x22*\
oOh9C\x8c\x9d\x8eZL'\xfc#\x10\x85\x94\
Q\x18\x0c\x89E\xcc\x88\xc2\xff\x8d(,\x03\xad\xcd\x84\
\xa3\x01\xdd\xe2j\x97o\x00G\x18\x06]P(\xfe\x17\
c\xbcx7$\xc6\x841\xc5\xb7*\x0e\x19\xf4\xb3\xc2\
\x16\x0e\x19\xd5\xa3\x0c\xfe5e\xaeV)<_\x84\xaf\
Z\xb1\xbf[|\xfe\x1a\x1b\xc2Q!qh\xbf\xb2\x13\
\x8ep\xb5\xd05\x8d\xd9\xc5\xb2\xbai\xb1\xc3\xd8\xa47\
X\xa1(Gw*S\xc93P#\xb1\x1c\xa0\x90\xcb\
\x8a\xa9#F/,5\xa7Q!v\xb4W3b\xfa\
F\xc1Q\x95\xbd\xe3\xe1\xd5\x1e\xae{\x5c\xbf\xca\xab\xbf\
\x99\xf5V\x9b\xc3w\xc4\xfe\x1ea\x10D\xf7V*\x5c\
?3z*l\x08\x0b\x19\x14aD\x05\x9a!8\x8d\
\x07\x98\x8e\x0c\xf9Y9\xb9&Y\xa1\xf1\xae\xe8r\xf5\
\xde:\x12\xab\xa7\x8a\xdf\xd1p\xc0\xccV\x19&*<\
V\x8f,aB\x87F\xcb\xa6}1C\x18\x97\x1fc\
9\x1c\x10f\x10\x86:\x14\x8d\xd9\x9e\xf8L\xd0\x0c,\
\xd0Z\x11\xe3\xc0\x10\x11\xa0\xe8v{\xcbK\xcbi\xda\
\x1a\x1b\x1bKT\x9a$\x89\xd1z\xa5\xd3\xed\xf5\xb2\xac\
\xdf#\xb2\xce9-\xb4\xb3[\xa2\x00d\x04\x82@h\
\xa7\xa9T\x22Q\xa4sG0r\xac\x88\xe8\xaaK\xcc\
\x14\xa0]\x05\xe2\x86]\xee\xf8\xd5`\x93\x12\xaf\xefu\
G\x15\xa2\xd55\x15\xc5`\xf3\xe8\xa2X&\xe3(c\
\x92\x99Y\xc5=F^\x7f\xd2\x18\xe7GFk\x9dk\
\xb2\xfca\x1e\x1c\xb0\x16a\x18\x0d\x13im\x885\xf4\
3\xf0\x9f\x0d\xe9\x02]I)\xec\x86\xb7LT\x82\x88\
J\xa8$\xb1\xc1\xbb1\xea\x19\xc3\xa4m\xa4\x0d\xab\xe3\
j;\x0b\xc0\xb9\x8d/pKi\x1e\xd5F+W\x07\
xA\xfd\x01\x801\x00\xce\x83M\xa0U\xbd\x80\xc2(\
P\x80\x0d\xc8\xe0\xb7\xc3\xcb\xd6,\x1e\xdf\x96$\x0c\xf0\
\xe0\xae\xb2\xa9\x8d\xa8\x82\xf7\x1a\xfb~\xa8\xbe\x90p\x0c\
f\x8b\xeb\xc8\x22\xb4\xa62),\xb9\xee\x05\xd9f=\
U\xbf5SR\xd2\x0e\x97\x03\x14\x8dX\xcc\xa8\x04\xaf\
\xaa\x1c\xe4]'\xbf#K\x94\x80@\xcc&\xebC\xbf\
'\xa5h\xb5[\x8c\xe2\xd9\x93\xe7\x9f\xfe\x8d\xdf~\xd7\
\x7f\xfe\x9d\xa3\xfb\xb6\xbe\xe9\xb5\xb7\xbd\xf1\xe1\xb7\xdd\xf7\
\xc6\xb7m\xd9\xba\xcf\xf69i\xc3\xc0BH\xaf\x22\xf0\
\x97-=\xf3\xe4\xd3\xb3\xf3\xcb[\xb7\x8dK\x04r\xa1\
G\x99C\x9c4\x04&\x0e\x8a\x88\xf1\x0b\x1a\x85\xc1X\
S\x1a.\xe9\x86<\xb5\x95\x96\x09\x18\x04\xae\xac\xac\xe4\
\x0c8X_\xb4R\xc9PH]L\x0f\xc0F\xe7t\
\xea\xd4\xc9\x9d\xbbo_\xect\xa77m\xd2d\x15\xe3\
Q\x1b2:\xe7~\xfe\x95/=:?7/\x84\x8c\
\xe3C0\xb3Rj\xf3\xe6M\x08\xc0D(\xd4\xfe\x83\
\xfbU\x22uf\x00\xd9h\x83l\x10\x80\x0d\x811\x99\
\xe1<\xcfKb\xb6\x10ZkD<}\xfa\xf4\xca\xca\
\xca\xc4\xc4D\xb1w\xd6\x94$J\x00x\xe0\x817\xfc\
\xf4OM-\xaf\xac\xa8$A\x84\xff\xe3\x9f\xfe\x93\xbd\
\xbb\xf7hc\x94\x94\x03\xee\x8b\xd4\xe0A0\xf3\xb6\xed\
[\x7f\xe2\xc7\xff\xed\xbe\xbd{4S\x96\x9b\xf7\xfe\xc1\
\x1f\x02\xe2\xe4\xf8\xe4\xc4\xc4D\x9a\xa6B\xfa=(D\
\xbb\xe5'\x01\x88H%*0\xea%\xb5L\x1f\xc6=\
\xc06\xf4Q\xe3\xc3\x81\xa8\x99\x026\x00\xc2\x8aq\xa0\
\x10R\xd8@D%`\xe9\x1e*KOo\xf8+\xac\
\xaa~\xd1\x90\xb06\xc6\x8bdXW\xd1\x8bs!\xc8\
D<\x90\xe2\x12*\x83'\x06\x87\xc5\xea\xb7\x11\xe2{\
e\x1a^JQ\xebNX8`\x8aF\x92\x176\x07\
>\xa5\x5c\xdf\xca\x90\xae\x08\xaa\xb5\x01?R\xcd\x19\x9b\
\xa3\x5c\xac\xa9\x905u\xda\x80p\x88\x97\xf2\xc0o\xa6\
j\xfaFA\xb0\x83\xd2\x86\xec&\xaf\xc3si\xe4T\
\xc6o\xc7\xc4\xd3c\x14\x087\xb0Ik_}6\xfc\
\x16\xf4_\xfb\x0a\xbc\xac,\xbb\x8d\xc7\xf1\x99\x92\x87\xba\
\xf2\xcf\xba\x8cYyP\xe3\xb3*\xe7\x07!\xde\x98\xc6\
\xac\xb3\x7f\xe0\xc3\x9c\xc7hs\x10\xf6\x8b\x10\xa0\x875\
\xce\xf8\xcd\x84\xc0\xf4\xc8\xbc\xd0\x9d\x9b\x999/D\xd2\
n\x8f\x8d\x8f\x8fM\xb6'\xb6m\xde\x22\x12\x5c\x5c\x5c\
\x9e\x9b[\x5cY^\xec\xf7\xfa\x9a\x8d\x04P\xc0 \xa5\
h\xb5\x11s\xb0^\xe3\x10\x84R\xc6\x18%\x041\x19\
r\xb5\xb2\xa0K2\x1b&\xebh\x85\x9c=\x1b\xc75\
\xaf\xf7\x09G\xc6H\xb1L\xe9\xc4\x1dl\x164\xbd\xd8\
\xef\xd9Ep\x0e\x93\xd0\x13|\xf6N\xc1\xc0\xc0\x92%\
A\xf4\x5c\xef\x07\x86\x19m\xb7\xd9\xa0\x17\x01\x16zp\
\xa8\x9d\xbbS\xa3\xb5\xd1\xe4\xb5C\x8d\xc9C\xe8\x0bD\
\x10P\x92?l(BD\xa1\xa4D\xa5\x10\xc6\xc0F\
\xa9\x07c}\xc3\x94\xdf\x0b\xc5c \xd2\x0f\x0d\xb2\x02\
4\xd2\x88\x83\x993\x7f5H\x1b\x0d\xae4\xc2\x96h\
!\xa4T\x14\x9fJ\x07%A\xc7\xfd\x12\xc1\xe7\xa4\x0d\
G2h\xdab\xb9fQ\xdb\xca\xe2\x11\x83s\xdd\x8b\
\xd2~L\xd9J\xf1\x0c(b\xec\x87\x05\x9e\xa4P,\
\xfb\x0fp\x80\x84\x04\xc2\x8e\xbf\xb8&\xc4\x0c\x91\x9f[\
\xeb\xfe\xcfw\x14J\x0f\x14{\xfd\x0c\x00\xa4\xc0v;\
1\x90<\xf5\xe2\xcc\x93\xff\xfd\x83\xff\xf1\x7f~\xf8\xf0\
\xc1\x1f\xbb\xff\xd5w\x7f\xcfw~\xef\xbd\xafymk\
r\xa7-\xd9\x10\x8139\xfeKbg(\x84`\xea\
\x7f\xe9\x8b\x9f7,\x13\xa1\x8c6l\xcd\xc2\x10\x00\x18\
\xb1\x90\x98\x8d1\xe8c\xca\x84\x01S\xd9\xd6i\xa4G\
\x86\xa7u\xec\x12V6\x9e\xc0\xee\xb8H!R\xb5\xb4\
\xd2e\x00\x1c\x8d\x1e\x0ce\x96V$o\xe7c\xf9\x00\
c\x8c\x10\xe2\xd8\xb1c7\xdezk?\xd7yNR\
*\x22\xd2dr\xad\x09\xe1\x85g\x9f}\xf6\x99\xe7\x84\
\xc0\x80\x06CQ\xd3\x9b7\xb5\xc7\xc6\x90\x81\x91\xb6m\
\xdb\xb5s\xd7ncr\x22\x1b\xbb\xd5\x9b\x00\x93_\xa9\
\x8c\xa9T\xc9*\xa8\x9f9s\xfe\xfc\xb9\x99C\x87'\
\x98\xa9\xbc\x0fV\xe4$\x82~?#Z>pp\xdf\
\xc1\xc3\x87>\xf3\xb9\xcf\xa3\xc0;n\x7f\xe5w~\xfb\
\xb7\x03\xb0\x14r\x94~\xb0kO?\xa7\xabw]m\
\xb4VJ\xbd\xff\x8f\xdf\xf7\xd9\xcf~v\xac\xdd\xde\xb4\
y\xd3\xd8X[xDgm\xe7\xaci\x9f\xddK\xb5\
l[\x1cR\xc2rw\x8d\x9a\x9c%\x0eP\x0a\x15\x1c\
\x80\x0dq\x13\xeaos\xab\xae\x90\x18b\xc4\x97cE\
H!Q\x22FD%FNn*\xc7\xe8\x94)\x9c\
YD\xe9RX\x06\x01\x85G8\xb1\xfb\xd0\x86\x0e\x5c\
-\xd8\xc3p\x1a\xb0RHc\xb6x\xffbH!\x03\
_\xf1:,\xdfVU\xd8\x1bM\xbe+}\xe5\x07\x17\
\x1b\x7f\x14+\x8fXk\xe5\x07v\xef\x08\xc5\x14\xb5\xbd\
\x04\xff:\xc3\xf3\x5cz\xc9\xeb\xe8\x938\xadi\x95~\
\xc9\xa6K\xaf\xff\x15\xd4\xfa\xb1\x9f\x97+\xdd\xe1\x11 \
\xf4B\xb4=fX\x05k\x0d\xb9:\x1cF6\xfe,\
\x91?\xa3\xdd\x1e\xcf\xc0\xfa\xbd\xb1\xdeE\xc1\xe5q\xec\
\xf8qX\xf9\x95\x02++/\x9751\x02\xdb\x14\xd4\
\xdd\xaa\xdcE\x0d\xe7@M^\x89\x8b\xaa\x9c/\x01\x83\
\xf2\xb1\x8f+\xc0\x1c\x91\x81\x03\x98\xc0j\xb26u\x01\
\x0d\xda\xb0yDZk\xdd\xef/\x9f?\x7f6\xcf3\
d\xd1j\xb7\xa7\xa6\xa7\xae\xde\xbd\xeb\xe8\xe1\xbd\x93\x93\
\x93\xbd\xac\x7f\xee\xc2\xc5\xf3\xe7\xce./-\xad,w\
L\x9e\x0b\x04)@\xa4\x89I\x84!\x93\xe7\xda\xe4\xb9\
 \xebz\x0f@\xd8(\xd0@\xcc\x92\x84\xad,\xd8\x98\
\x08\x88l\x88\x98\xa4\x8f\x85UG\x86\xa1g* \x9c\
\x9b\xac\x8f\x82\xac\xe6t\xf6\xc2;*b\x81D\xeb\x9a\
\xe7\xe5\xa5G\x13\xccE\xd4\x10\xebe\x14\x822\x99\x8d\
\x8bh\xc8\xa3@\xf2\x1eM\xfb\xda\xe8<\xd7\xa4\x8d6\
&\xcfs\xa3smrr.Pm~\xcd\xb9/\xd6\
\x19$Zm\xd3DJ\xe1\x84\x0c\x14(0Q)\x87\
\xf8\xf4\xe0%?\xd6\xb6\xbd\x9a\x5c\xbc\xc4`\xdc\x19\xd8\
i\xf4\xd27;\x0d[\xfbYdd\x18\xed\x13\x1c\xcd\
\x902\xcdVI\x15PjgZ\xf1\xafu\xba\xee\x14\
V\x81\xad_\x8a\xc2p\xc6\xe7*\x8e\xc0\xc7\x151\xe1\
\x8dT\xde\xac\x07\x97\x0c\x88\x92\x0bW\xc8\x18\xe6\x97/\
\x8d\xbc(P\xcc&\xb0\xd8\xde\xcb\xed\xe8\x8eAZE\
XW\x17\xdb{V\xc8\x0b\x1a\xaf\x00\xb6?\x81\x99\xc8\
\xf7\x88t\xbc\x1fj\x0dD=)0\x1d\x9b\x12*y\
\xf1\xf4\xf2\x7f\xfa\xef\x7f\xf4\xee\xdf\xfe\xa3\x9b\x0e]}\
\xe7\x9dw=\xfc-\x0f\xdf\xfd\xea7n\xdbq\x00@\
0\x806\x06\xc1J\x90\xcc \xbfA?\xaa\xd6;\xeb\
\x8b/<\xf7\xe5'\x9ej%\xd3H\xb9\xd1\x92\x05\x00\
\x92\x97\x9e=\xfes\x96\xab\xd6\xe8\xae\xb4\x8f\x00#\xc8\
O\xf5\xf3\x5c\xf9w\x94\xda\x0e@\x83\x00\x00@\x8cR\
\x0aq\xf1\xe2\x0c4I\xd5\xab\x16\x1bn\x91v\xc3\x11\
\x11\x18\xec\x06\x92\x92jv\xe6\xe2\xcc\xcc\x5c{j\xaa\
\xd7\xebN\x8e\xb7)\xeb\x03\x91Tbnn\xe5K\x8f\
~\x99\x11\xa4pa\x1e\xc2Gj|||\xcb\xe6\xab\
\x04\x22 \xcb\xa4u\xf0\xe0!)\x93\xbc\xdfGF`\
\xb2\xa3\x16\x11\xc0\x06\xf2\x01\xces\xed\xd0]\xb1\xa0q\
\x92\xa8\x85\x85\xa5\xd3g\xce\x1d:\xbc\xbf\xce\x84\xdb\xb5\
.\xcf\xf3\xf9\xf9\xf9\x99\x99\x99<_\xb9\xee\x9aC\xb7\
\xdf\xf6\x8aO\xfe\xc5g[S\x13\x7f\xef\xef\xfep:\
6\xa1\xb5\x8eC\xc9\x0fO\x9a\xf4\xd4\xe4\xa4\x12\x92\x11\
W\xba\xdd_\xfe\xe5_&\xd2I:\xbey\xf3\xe6D\
)\xa9\x94m\x9d\x14\xd2iL\x8a\x82\xf7k\xd4\x11\x0d\
\xf0O\x15?\xa5\x94B`\x11\x82'\xe0?\xa9T\x0d\
\x12\x96\x90\xa0\xb4\xfa\x9f\xa5\xf0\xf41\xef\xe7\x7fE\xb8\
\xce\x22\xd5\x06(\xe8\xfc\xa3\xda\xc1\x5c \xbd\x98\xfd+\
\x969\x1bH\xa2\x89\x0c\xaf\x1c\xc4?\x07\x09\xdcC$\
\xc2\xfa\xd3\x87\x80\xc3A\xb7\x97F\xc8`\xed\xee\xd5\x91\
\xde*\x9cX\xf3-l\xc7e\x1d\xfa\x86\xa5\xb9\x81\xf7\
\xab\xf5j\xed\x19\x0d\x0bH05\xb1\x19\xa2\x05\x05G\
h\xdd\x90\x96\xda-OnR\xb2\x1e\x1e\xe6\xde\xd7\x1a\
\xa3\xeamX\xdf\xae\xb5\x90\xcb}\xfb\x86\x97\xcc\xc3\xb9\
\xe1\xb5\x966\x9aydm\xf3\xe1\xf2&.\x1e:R\
j\xd4\x14\xf5\x82\xe0\xa8\x85\xa8\xc6o!C\x03\xc4\x82\
\x01'\xe3\xab\xf5Uf\xc4\x9f\xb1\xab\x95\x11\x9fU\xfb\
\xccW\xabZ\xd7\xf9\x1c^`\xe5\xb8\xb1&u\xe0\xea\
1'\x07V\xa2\x02\xf0\xa0,\x9dT\x0a\x1c\x84\x0f\xeb\
X\xa8!\x80\x04\x80\x0b5G\x8e_\xe2\xb2\xebHf\
\xb6:\x8a\xc1IL\xf8i\xf1L\x80\x85VY\xd2\x18\
\x1f\xd5/\xd7\xf6z\x96\xf5f\xe6\xe7\xfa/\x1e{\xf4\
\xd1/I\x81\xe3\x13\x93\xbbv_}\xdd\xc1kn8\
r]kl\xacGzqnaav\xfe\xe2\xc2\xe2\
\xc5\xd9\xf9\x95\x859\xd6\x1d%\x84P\xa9H\xc6\x04h\
\xa3\x0d\x1aEh\x88I\x00\x0b\xe1l\xd2$\xb2fA\
\xc0hm\x0b}\xa3\xec\xe6k\x1d\x106\x22\xf0\xf8\xf5\
Ui\x07g\xbaX\xbad\xef\xac\xe8_:>\x88\xbd\
\xccU\xba\x0c\x88(,I\x85(A\xa2\x94\x00\x09\x83\
\xf3\xdaID\xda01\x05O\xac\xd6/\x8d\xb6l\xa2\
\xc9\xf3\xbc\x9f\xeb\xdc\xe1nc\xb46\xc4\xc6\xb0\xd1\x99\
\xd5\xe2\xec\xa2\x8b~\xe1\x04\x18\xa9\x12\xa1\xa4\xd5\xddL\
\x84\xb3H\xd4\xde+\xac$\xe36\x1d\xc8X\xb2\x80\x88\
\x09J~k\x00\xac\x1d\x85\xef(o\xb82H\x96\x1e\
]\x14\x86\xd2\xda\x8dME\xf9~\x87\xf0\x9f\x8e\xde\x88\
G\xe3\x952K\xd6\x14a\x03\x8e\xe3\xab\x5c|1\xdd\
\xaeU)c\xc9\xe2\x83K\x82B1*\x80C\xe9\xbe\
,b\xac~\x068\xfa\xd0\xd8\x9d\x04D\x90\x92\xa3x\
\x03\x8e\xb9\xb5(\x95\xb8\xb7\xb2l\x09\x90\xb4\xa54\xaa\
\xcf?}\xee\xf3O\xfe\xee\xaf\xff\xe6\x1f\x5c\xb3o\xc7\
\xab\xef\xbd\xed\xdb\xbe\xed\xed\xf7\xde\xff\xf0\xa6\xad{l\
y\xb91\x02r!\xd47\xe2V+1I\x90\x9f\xfd\
\xcc\xa7\xcf^\x9c\xbdz\xd7x\xaf\xb7\x22\xf2\x14K\x81\
\xe0\xacS\x0d\xf4\xda\xc7\xf6\xa0\xc40\x8b\x9aS\x96@\
\xb9@M\xae-f.\x96\xbe\x8e\xf5A\xdbx&\xbc\
\xb2\xca\x8a\x8aL\x88\x09\x12-.-\xd9\xa7\xc4\xda\xad\
CRe\xab\xc2I\xae\x88v\xc6\x09\x14\x86II\xd5\
\xed,\x9f:v\xfc\xc6W\xde\xda]Y\x1e\x1f\x1bC\
\x81,\xa0\xa5\xd2\xc7\xbf\xf4\xd8\xc2\xe2b\xf0,\xea\x8b\
\x02)\xe5\xf6\xed;\x12\xa5\x00\x90\x11v\xee\xde\xb3c\
\xfb\x8e\xbc\x9713\x03\xa1\xdd\xd7@\x00\x06\x14\x80\x8c\
\x12\x846:L\xa8\x90\x92$\xc9\xb2\xce\x8b\xc7_\xbc\
\xf7\xde;*\xdd\x81\x88\xda\x98\xc5\xe5\xa5\xf3\xe7\xcf\xcf\
\xcf\xcd\xad,u\x17\x97f\xfaK+7\xdft#\x19\
\xfd\x8a[_\xf1\xf6w|\x1b\x00H9\x12=\xe8\xba\
\x02\x84\x14h\x88\x94T\x1fx\xdf\xfb\x1fy\xe4s\xad\
4\xdd\xbci\xf3\xf4\xd4\xb4\xd1\xda\x19.G\xd1\x17\xac\
~f\x1d\x04V\x00\xa1\xb2\x11\xe4c\xdeO\xc8\x88\x17\
l\xf2\x16\xe31\xa0u\xc1,\x22\xa7\xa3XS\x0a\xb5\
Z\xa0vg\xa7\x99\x09\xac\x9cw`\xd6)\x8e:\xaf\
\xf6\xe5\x01\x1c\xef>\xc7\x97\xe2\xfeo\x1c\xde\xf5</\
\xc1\xb4\x01\x15\x1b\xd0!\x83\xe4T\xbf\xcd\x1f\xff\x18\x9c\
m\xc4\xda\xdaWP\xd5A]\x9b\x80_G\x83\xc5\xc1\
\xe0^\xaah\xa5\xd6k\xb0~48\x1ah\xf8K6\
\xb4\xb8*\xcel\x80q\xdf(\x98\xf0JZ\x808Q\
\x09\x9b\xcd\x5c\xd7\x9aF\xd7\x1d\x8dm\x08W\xff\xca\x16\
\x0fh\xda\x91\x02\x18\x86\xe2\x86\x8b\x9eC\x18\xc25\x95\
\x13\xe7\xc1\xc8\x8b]\xe5R\x00\x18\x15\xb0\x075\x10R\
\xb9\x1a\xbe\xe5\x15\xa9\x85\xbd&^\xbd\x15\x15S\xc0J\
\x9e\xc6\xabuDT\xa7\x07\xdd\x8de_\xa0\xb1\xf1^\
\x93v\xa8u\xa3B1\x0e\x0c\xee7\x8d\xd7\x84\xb4\x98\
P\x1b\xad\xb5a\xe2D\x08\xd9jiJ\xfa\xb9\x99\x99\
[:}\xf6\xf1\xcf?\xf2\x88\x90r|jr\xcf\xae\
\xed\xd7\x1e:\xbcc\xe7\xee\x83\x87\xf6\xa6\xad\xf1^F\
sK\x0b\xe7gf\xcf\x9e>3?;G\x9d.1\
\x19\x04%U*$\x10\x01\xb3A$bA\x8c\xc0\x9a\
\x09\x99\x85\xe39AH\xb2<\x9c\xed\xcbr\x1f\x0cD\
\xce\xd8d:oEv\xaeq\xc8\x95MY\xff\xd3-\
\xe7v\x12\xb2\x8f\x91\x18\xe5t\x99\xa8\xe0\xb4\x08\x10\x94\
\x10J:\xa9\x8e\xc09\xc5\xb18\x8d\x99\x0d\x19\xdb\xf1\
ZkmHk\x9deY\x9e\xdb(\x89\xb9\xce\xb5\xd1\
\x8e\x9e%\xa3\x8d\xd6\x04\x00\xd0\xb5\x0fur\x8d\x13\x84\
\xac\xbfP\x00D)\x15\x222\xa7\xce&\x9f\x88\xd9;\
+B\xe7\xde\x94\x99\xc8h6\x04\x8e@\xb0\xdd\xd40\
w\x86\xaf\x80k\x9d\xc2k\x9d\xb0v\xbf\xad\x00\x90>\
{\xe9\xde\x80l\xebY\xb8~\x87S\x1f\x85\x01\xa5\xd5\
\xab\xd6X\xab\xe0\xff!\x16\xdc\x01\xc0\x0a\x98Vh\xf6\
;2l}\xb7\x123g9B\x9e\x08![)\x0a\
\xf1\xcc\xf1sO\xbf\xf8\xfe\xff\xfc[\xef?|p\xf7\
\xb7\xbe\xe5\xe17\xbf\xf5\xe1{^\xf3\xba\x89\xf1\xad\x00\
\x82\x00\x8d!a\xbdw\xbcT?\xd5\xf5$\x84\x00\xe0\
\x8f~\xf4#\x9a\xb0\xaf\xbbf9\x13R\x09\xa1\x0a\xbf\
J\x08\xde\x09\x7f\x11E\xa0~\x10\xdcr\x80\x97\x9e\x8b\
\xb0\x0d\x11\xeb\x12f\xb7{Qa}\x86BQ\xb3q\
\xb32>\x13/\x98\xe1\x95#\x0b\x01\xa2\xdb\xe9,/\
.B\xb4\x179J\xaa\xee-\xfa\x1d\x0a\x07k\x89\xb5\
1R\xa9\xe3\xc7\x9e\xbf\xe5\x15\xb7\x18\xa3\xf3,\x97I\
\xd2\x9ah}\xe9\xb3\x9f}\xfc\x89'\x82*D\xd4L\
\x9a\x9e\x9en\xb7[\xf6\xd3?91}\xf8\xd0!v\
\xa1k\x80\xed\xdah\x91\x22\x03\x03H\xa9\x00Ak3\
\xa8\x86O?\xf5U\xd7N\xbf\x93\xc2\xcc\xcb\x9d\x95\xf3\
33\xe7/\x5cX\x98\x9d\xed\xaet:\x9d\xee\xd2\xca\
\xfc\xd9\xd3\xa7dklj\xeb\xa6{^~\xeb\xd8\xd8\
\xd8\x9a\xe8A\x00\x90 \x88AH\xd5\xe9v\x7f\xf9\x97\
~\x19\x00e\x92\xec\xd8\xb1C)e=Y\x01\x80\x03\
|\x80RJ\xb0taM)46\x11t\xec\x9fT\
\xaab\x07h\x97BQX\x0f\xc6z\xf8\xd8\xe4{\xc6\
\x9dD\x04\x8bB}\xd4\xc0*\xf5W\x1e\x93\xe1\xbd\x14\
[\x18\x88\xe0a-\x02\x00\x8az(\xf9\x90*h\xb0\
\xf1\xb8N\x0f\xd6\xfbv}\x9c\xd5\x9a(\xc10\x9e\xe3\
&\x8f\xfe\xd0P\xe6\xaar\x9d\x1d\x88\xb5\x07\x03\xe0\xa8\
5_S'4\x9f\xc7u\xddU\xab\xe7\xa8\xf7Wr\
m\x90\x0a\xeb\xfa\xf2]\x0a\xffy\x89\xa9\x22}m\xd4\
\xb3\x82\xba\x11\x8c\xa0W<\xca\xb3^j\x80y}\x82\
\xd6\x86$U\x11\x94\xbf\xee-\x1c\x85\xcd[\xf5|\xd8\
\xb1\xab,\xbe\x8d|\x1d\x0c@k\x95\xe3\x8a\xe3\xf2A\
7\x0e*\xaaRf\x9d\xe3\x8a\xc5\x97\xf8\x89\xdc\x94\xe2\
\x98\x10\xb1\x82h#\x0e\x0c\xb1\x04\xc3q\x85\x1b\xcc\xf3\
\xdc\x1a\xc4Q\x00\x87\xde\xc3&\x10\x19M\x96\x04C\xa2\
T\xa9D)\xa6\x96&\xeavz_\xfb\xea\xb3\x8f}\
\xe9\x09b\x9d\xa4\xe9\xf6-\xdb\xae9|\xf8\xf0\xe1\x03\
G\xf6\xee\xbd\xf5\xa6\xebE2\x96k\xd3\xeb\xf5\xcf\x9c\
\xbdp\xfc\xe4\x89\xf3gN\xf6\x16g(\xef\x09LT\
\x22\xa5\x0d\xa2'\x122l\x0c\x09\xebo\x86\x81\x19H\
\x0a\xab$E\xf6\x1f\x06\x066\xa1\xf3-Z\x0c\xb64\
%\x92\xd6\xae\x0e^\x8d\xb0\xc9\xf2\xb0\xf1E\xf8\xbd~\
\x0b\xf6\x18\xbd\xcaJ\x91\x10\xd19\xdb\xb4\x8a\x87\x08 \
\x8b\x07\x01\x83URE\x09\x00\x0c\xa4\xec\xa6>Kd\
\xb4\x955\x16$\x92\xb53\xd4\xda\x18\x9dk]\xf8\xad\
\xc9\xb2,s\xb0\xd1h2\xd6\x0b\xaa\xc9\xb4\xceB\x15\
\x00\x9c@c\xdd\xaa\x0b\xe5\x08\x19\xaf\xc7\xa4\xa4bi\
CG0\x99\xc4\xeel\x1bC\x00l\x88l\xd8\xc4\xd0\
^\x8f\xb6\x9d\x89\x9e\xd7\x97-\xfa\x06\xb8\xf0\xf3\x1a\x9f\
\x0e\xffT\xb9\xbc\xb5'\x8e\x8a\x8a\xba\xba\xf2\xacQS\
|\xdfz\xcb\x88J``\xf4t![\xd7\x81h\x8c\
\xc9Y\x83%uQ8\xd0\xe8\xe06\xda\x9eT\x88\x0a\
0'#\x05J\x95\x02\xc8\x17^<\xff\x0b\xbf\xf2_\
~\xf1W\xfe\xcbm\xd7\x1f|\xf0\x81\xfb\xef\x7f\xf8\xad\
\xf7\xbc\xe6\x0d\x13\x13\x9b\xad*\xab6\x969\xb7\xd2\x18\
2\x5c\xc1M\xc8\xb5$\xcb\xde?\xff\xccW\x1f\xfd\xd2\
W[\xed\x89<\xcb\x0dh\x14Z\x08\x19(\x19D\xb0\
\xfe\xf9\x03\x19c\xc1\xa1hJ\xc1mc\x99\x91\xc1\xa0\
\xc3\x07\xd1\xaeM\xbc\xe4\xa2\x1f7\x95\xd5\xbb.\x9b\xd6\
\xb7\xd5\xd8s\xd4\x88bii\xb1\xd3\xe9\xa4i+\xcb\
\xfa\xa3\xd3\x83\x95\xaf\x03\x03Y\x0f\x96\xe0\xa8N\xa9s\
\xddn\xa53\x17/,\xcc\x5c\x9c\x9a\xdc\xd4\xefgc\
\xc9\xe4\xe4\xd4d\x9e\xe7\xe0w\x00\xc3\xe3\x88H)5\
==\x0d\xc0\x8c\xacdr\xf0\xc0\xa1\xc9\xc9\xc9~\xbf\
\x0fn\xcb/R\xa9s\x8b\x0c\x0a\x81y\x9eU\xaa\x87\
\x88:\xd7\x00\xf0\xdcs\xcf@\x90\x97\x18:\xdd\xce\xcc\
\xdc\xec\xc5\x99\x99\xb9\xf9\xb9\xb9\xb9\xb9\xce\xe2\x92\xee\xe7\
+\xfd\x95\xc5\x95\xc5\xee\xf2\x92H\xa7\xf6\x1f8\xfc\xb2\
\x9b\xae\x87\xe2\x9e\x91\x92]$\x8d\xd1\x89P\xbf\xf9\xee\
\xdfz\xf4\xb1/%\xed\xf6\xa6-\x9b\xb7l\xdeBd\
\xc0\x86o\xb5/:\x8c\x04\xe7\xc2\xd3\xe9\x7fV\xac\x04\
\x95\xdbVP2\x0a\x1bQ\x81\x7f\x15\x871\x15[\xc1\
\x12\xfb'|\xc4Vp\xcfE\x00\x11Y-\x8ar\x10\
\xf9\xcaq\xfd D\x98`\xb0\x18\xb1Ad\x12Qt\
\xc1j_5\x1d\xaf5O\xe5\xea\xaa`l\xd4\xf7x\
i\xf7\x0e)aH\xd1#r:WZR\xc7\x11\xce\
lL\xb9\x1bS\xf8\xc6\xf6\xceK\x0d\x17\x0dJ%\x95\
\xc8o\x90:\x7f\xa3$\xb7#8\x9c\x0dXu#v\
\xf8\x99Ft\xb4\xd6\xb5lM\xc8\xb0\xb4\xbb\x5c\xce\x16\
kwTn\xa9\xc3\x86:b\x8c\xa1`\x1d.V$\
\x8fJ\xb6F\xea\xaf\xce\x0a\xc6?+(\x91\xcbNb\
x\x80\x82h\x05\x04\x86\x9f\xe1d\x0c\x08\x9d\x97\x94\x08\
\x0a\xc6\x8c\x22\x19\xc3\x0c\xc6\xb0\x0dh\xee\x8c\xd8\x98\x91\
(\x15*\x19Sc\xedqf\xca\xb5>77\x7f\xfc\
\x93\x9f\xfa\xd0G?\x06\xc8\x9b&\xc6v\xef\xdc\xbew\
\xf7\xce\xfd\x07\xf6\xef\xd9w\xcd-\xf7\xdf\x9d\x8eM\xe4\
,\xce\xce\xcc?\xfb\xc2\x89\xb3\xc7\x9fY\x99\x9fYZ\
\xec\xe6\xba\x87\xa8\x15\x0a)D\xaa\x12\x14\x89abC\
@l\x98r@\xc1\x80\x04\xc4,,\xa5hiC\x22\
\x16\x06\xd8\xbeD\xa7\x7f\xe5\xf9Y`\xef-f\xd51\
\x5cyS\xb16\x1a\x13\xa3\xff\xe2\x92W[\xc4\xc8\xc2\
\xcd\xde\xe9\x05\x04\xeb^B8\xfbCr\xa2=\xa3c\
)\x05D^4\x89\x19R\x00`\x06\x03\x1c\x19%\xda\
W\x90k\x9dYrV\x87\xf7b\xcd;\xc9j\x88\x92\
\xce-,\xe9\x87j\x0b\x04@\xbb\xf5\xae\xacH\x04\x88\
\xa8\x94P*I\x80\x99%s\xca\xc4v\x14y}\x0b\
7\xb4\xbc\x19j\xf0\xb3R\xf8\xe3\x0c\xa0\x91+\xb3\xcc\
Y\xcbT\xac\x0c\xebKs\xf3\xdc\xac\xfc\xae\xa8\xb3\xae\
eU(M\xc6u\x96\xd1X=\xbf\xc1\xe0\xce0\x10\
W\xf2\x907H\x0e\xe3\xc4V\xa1\xafu\xa6\x0d 0\
\xb0\xceH\x80N\xa4\x90\xb2m\x88>\xff\xe4\xb1\xcf?\
\xf9\xdf~\xf6]\xff\xe3e\xd7\x1dz\xf3[\x1ez\xeb\
[\xder\xeb\x1dw%cW\xd9\x02\xb5!d\x12\x82\
A\xac\x81\xa5\xb9b\x89\x98\x05\xc0\xc7>\xfc'\xb3\x8b\
\xdd\x9d\xbb\xa6\x80\x08P\x001\xb3aA\x15\xe71\xfe\
\xd8\xfd\x8b\x88R\x08\x884\x03\xeb\x8eC0v\xedX\
v\xefQ~=n\x90\xa2\xf5\xd0\xcdn\x18\xd4\x17O\
\xa8m\xbd\x11\x84}\x22\xe0$\x9d=w\xb2\xd7\xefG\
\xe6\xc5k\x19$a\x9b\x09\x91\x80\xd1\x10z\x14+\x84\
0\x84\x9a\xe8\xd8\xb3/\xdcq\xf7=\xdd\xac?\x06\x13\
y?\xbb\xe7\x9e{>\xf3\xe9\xcfv\xbb\xdd\xca\xa4\x98\
\x9c\x9cJ\xd3\xd4\x90\x96B\xed\xda\xbdk\xef\xde\xbd&\
\xd7vN\xa2\xf3\x9c\x04\xc133 \x12\x033e\xbd\
Nh8\x02\x08;\xe0\x88\x01\xe0\xc5\x17_\x04\x06!\
D\xaf\x9f\xcd\xce\xcc^\x9c\x9b\x99\x9d\x9f]\x98\x9b_\
^ZZ^Z\xe8,\xaf\x98~\xde\xc9\xfa+\xbd\x15\
\x93\xf5\xb1\xc7SS\x93\xed\xa9\x09X\xa3pi;U\
%j~n\xfe7~\xfd\xd71\x91J\xe0\xbe\xab\xf7\
\xb4[\xad~\xbf\x8fu+A!A\x80PJ\x94\xfd\
\x85\xc6z\xa1JH\xa9J\xd8\xcf\xb2\x7f\xca\xf1\x85\xb5\
\xc1\xa3\xbc}\xa0W\x12Eo\x13\x18<\xd6T\x08\xea\
J\xf4\x08hb\x05\xe3\x91\x1c\xfe\x82\xff\x1b\xcc\x10\xa0\
|P\xff\x895\x05\xa5 `\xd4\xe9\xb8\xf5\xb3%#\
\x13\x8c\xb1\x08t)\xe5\x8cXa\xa7jQ\xd3\xed+\
\xfa\xa1V\xd4\xf0\xf0\x09\x97H\xb2\x0du%ZUa\
\xe5\xc19+\x8d,r\x86\xef\x056\xdc[\xff$U\
:a\xa4\x16\xd5\x1e1b\xdb70\xf3\xfa\xca\xdc\xc0\
G\xd4\xdb\xfe\x8d\xc5\xfe]\x81Tr\x0b\xba\xc6\xd67\
\xdb\x10\x16\xc5\xad\x05\xb6]\x22\xe4\x1bR\xc2(\x08\xb3\
1\x7f\x8c\xf1\xe2\x93u\xe4V\x7f\x10\x97\xd5J\x1b\x85\
\x8c\xea\x86qY.\xa9\xe4oD\x861\xf1\x18\x17[\
\xa7\x07!r\x183\x08\x10\x0e\xe2\x06c@Xp\x80\
\x1e\x16:\x15\xd1\x08+R\x08\x1da\x8c\xe5\xb5\xc8\x18\
.k\xabZ\xedD\x0b\xd0\x10\xa0\x9d$cIjC\
\xfd\xe5Z?\x7f\xe2\xdc\xe3\xcf\x1c\xcf\xfa\x9f`2\xd3\
S\x93\xbbwn\xbf\xe6\xe0\xbe\xc3G\x8e\x1c<r\xc3\
\x1d/\xbb\x7frjS\xc6cs\xf3\x0b\xcf=\x7f\xec\
\xc2\xe9\x13\x0b\xb3\x17\x16\xe7\xe7\xb2n\x87\xb2L\x00C\
\x82\x89j\x8f\x8b\x94QH\x06f2\xc0\xcclQ*\
\x93!v\xcc\x0c\x10\x0at\x06H\x16\xc7X\xee\x10c\
\xe7(\xb5\xdd\xfd:\xaa\xaf\x00~\x94\x88\xe4\x04\xcf\x10\
G\x01\xc1E\x1ff\xef\xb8\x05\xa0\x81&C\x81\x85k\
\xcb\xe0\xcd\xc4c\xd4\xe0\x17\x13,\xc9\x988\x85N\x0b\
\xc9\x88\xb4{W\xcc.\x00\x86\xf1\xea\xbb\xb96\xd6\x93\
M\xae\x89t\x04\xef-\x98c\xa35h\x1d\x0ff\xcf\
;\x81\x17\xb2c\x09I\x08!\x90%\x00\x8b\xd2\xa2\xe9\
\xe3.\xb81\xd8\x100\xb34,\xc1E\xa8o\x9cJ\
\xcd;2\x01Kb\x04@\xd7\x95J/4z|\xf9\
\x1b\x10x>\xa8\xd4\xa7\x917\x1e\xf1\xb9\xc5\x5c\x06`\
\xefr\xb0\xd6L\x00`c\xc8P\x06\x00J\xc9$I\
\x99\xe9\x0b_}\xe1\xf3_\xf9\x95\x9f\xfe\xf9_\xb9\xf1\
\xe8\x9e\x87\xde\xfa-\x0f>\xf4\xd0\x9dw\xbejlj\
\x1b8dh\x84\xf7h\xb8\xben\xd9\xf0D\xccRJ\
\xdd\xeb~\xe8\x83\x1fj\x8f\x8fI\xc1\x80\xd2\xa9R\xf9\
zrm\xb3\x0c\xad\xae5\x22\x00\x18\x22\x81hC#\
D\xd2\xb9\xa7t\x82\x0d\xadT\xc1(,\xb6\xfb*d\
\xf4BU\xa84\x06\x06}\x0bJ\xcb\xb5\x17FY\x08\
\x95\xa4\x17/\xcc\x10\x81Rb\xf4\x01P\x97\xef\x0b\xd6\
(\xb8\x96\x14\x82\xc8$\x89|\xe1\x85\xe7^q\xdb+\
\x98\x80\xc8t;\xdd\xbd\xbb\xaf~\xfd\xeb_\xff\xde\xf7\
\xfe\x91\x10\x22L+\xa5\x92\xc9\xc9IfB\x14\xd3\xd3\
\x9b\x8f\x1e=\xaa\x12\xd1\xeb\xf6\x99\x18\x10\x99\x8a\xb8,\
\x02\x9c\x15,#h\xad\x97\x97\x97+\xadN\x92\xc4\xd2\
\x86gN\x9d\x9e9\x7f>\x078s\xe6\xec\xe2\xe2\xd2\
\xc2\xe2\xdc\xd2\xf2\xe2\xd2\xc2b\xb7\xd3\xe9\xf5z\xbdn\
GgY_\x9b^\xde\xa7\xac\x9f\xb4\xc4\xe4\xd4$\xaf\
k\xa4i2\xa9T\xbf\xf2\xab\xefz\xfa\xa9\xa7\xd2V\
\xb2\xf5\xaa\xad;w\xec\x94B\xa4i\x1a\xde\x9a\x8cM\
L\xa5\xc3su\xd2O\x08\xa1\xa4\x92e\x1a\xb0\x00\x81\
QV\xeb\x1aT\xf8\x91cI?%\x1c2D{\xb2\
<lB\x05*)(-C\xa4\xc0\x1c\x9f\x89\x91[\
x\xef\x15{\xd70\x12*\x9dS!\x18+\x97\xd6!\
\xa4V h\xbd\x0e\xb0^\xc9xP\xe5G\xbc\xbd\xf1\
jE\xf1\xa3tu]\x06s#Vr\xd8\xd5\xb5\xc4\
v\xbb\xf4t)(e\x04\xb0\xbd~\xa0~\x89\xf9\xbf\
^e\xae\xfb)\xf5\x99\x12\x7f\xfa_\x9ap\xf1\xb2\xd6\
\xaa\xf2\xbd\xab<\xeb%\xb4\x1b\xbd&48J\x22\xe7\
\xf3}\xe0\xeaf\xe1M,\xc7\xd4\x0f\xea\xd8/8>\
\x89\x1f\x14#\xb7\xc6\x1d\xebz9u\xe88\x08\x22\x86\
TyP\x8c\x06\x1b\xa1`L\x09\x86\xf31\x1f\x18[\
\x12\x06\x88\x18S\x8b\xd6}\x8a7Msj\x8fQ[\
\x1ck\xe7 \x22\x1331\x10\x02O\xb4\x93\x89vB\
\xb09\x03\xc8\xf3\xde\x8bg\xce}\xf5\xf9\x17\xcd\x87?\
\xaa\x00&\xc6\xd4\xf6-\x9b\x0f\xee\xdes\xddM7_\
s\xc3\x8dw\xbd\xe6\xf6\xc9-\xdb\xfa\xadM\xe7\x97\xe6\
\xe7\xcf\x9e]<7s\xfa\xc2\xf9s\xe7\xce\xac\x5c8\
\x9f\xaf,!k\xa5d\xdaJ\xa5JX&\x0c@\x80\
\x9a\xad\xa0m=\xa3\x1a\x22\x03\xd6q)\xa0\xc0\x10\xde\
\x8b\x1d\xb5\xc5\x0c\x88\x5c\x1e9a\x99\xa8\xa3}{`\
\x0dE\x809\x96\xf4\xe3p\xdb\x1e\x85z\x97'1\x89\
\xe4n\xf5c\x0d\x00\x04\xda\x0d|d\x0c\x86\xe0Q\x10\
t\xabk\x0a\xc0*\xbcv\xf2<\x1dy\x22\xd1\x10[\
\x8bDr\x9c\xa2v\xa6\x88\xf6\xadQ\xee\xc0\xbc6\xc1\
h\xca\xbe(\xeb\x99\x10\x0b\xabz\x07e#oyA\
r\x0a\x82\x94\x93\xe7B\x87\x15_r\xa7$\xeb\x0c\xba\
\x1a\x94\xf7\x9a4\xfa\xc2\xb1\x80\xd2\xd2\xecf\x104O\
\xc3\xe1S\xa6T\xb8\xbf?f\xf7,\x81\x14HH.\
\x9d\xc6\x9a\xba\xea\xfa\x93\xb5\xf8j\x10v\xdc\xa0\x11v\
rdY\x86\x00R\x0a\x06\x95#\x7f\xf9\xd9s_\xfa\
\xb9w\xfd\xdc\xbf\x7f\xd7\xf5\xd7\x1e\xfa\xf6\xb7\xbe\xedM\
\x0f\xbc\xe1\xd6{\xee\x1b\x9b\xba\xca\x0e1cH \xbc\
\x14\x90!\x13\x09)\xbf\xf0\xc8g\x9e?vl\xd3\xd6\
]Rh\x10\x89o-\xa2\xb7\xe8\xf3\xcd/ \x1b\xa2\
\x13]\x18\x8bYc_\x991Fk\x10\xde\xe5L\xc1\
\x16J%\xa5\xd5\x1ft\xbeD\xdcyD!e1\x0e\
\xa3.\xa9\xcf\xeb\xca6\x9c[Q\x1d\x9eBb`M\
\xcb\xb3\x0b\xb0\x96\xafIH1Bp\x03^\x14\xbe\xdc\
\x10\xd1\x86\xe3\x99\x9f\x9f;\xf6\xfcs\x07\x8e\x1c\xedv\
;\x9b6oZ\x98_|\xdd\xeb^\xff\x85/|\xfe\
\xe4\xc9S\x01T\x8c\x8f\x8f+\xa5\x88xbr\xfc\xda\
\xa3\xd7m\xd9\xb2\xa5\xd3Y&\xc3\x00\xc8D\x08,$\
\xda\xaf\x18\x19c}\x90\x0a\x99t\xba\xdd\x95\x95\x95\xa2\
\xf2\x88\x0c\xac\x12\x95e\x99\x14\xf2\xfc\xf9\xf3\x7f\xfe\xd1\
\x8fMm\xdb6;7\x97g\xf9Jgiiy\xa1\
\xbb\xd2\xe9\xf5z\xe4\xad\x03\xb2\xdc\xe4F\xb36\x02\xb3\
\xb6\x90y_\xaf\xb5\x13\x88(M\xd4\x93O>\xf5\xff\
\xfc\xe7\xff\x94\x8e\xb5\xc1\x98\xc3\x87\x0e\x8d\xb5\xdbV\xb7\
\xbf\xa2\x1b\x1c\x8c\xfa\x84\xaa\x12}\x81\xfd\x93>||\
\xb8j\xf5E\xedrd\xb3UL\x04\x83\x8b\x1a\xcb/\
;\x9e\xd9\xef\x82\xc5\xb0\xb0\x11\x10B\xa4\xe4Y\x07\x84\
\xcd<a\x93\x10\xb9V2\xe4\xa5)\x83nlB\x08\
F\xf9\xb5\x0bC\xefj>\xbf1=\xf6R\xe9\xf6K\
g\xb4.sG\xfdeN\xebX\xf0\xbfq\xd3%\x05\
\xa6\xaf\x965\x14\x86\xd5\xbf\xc1\xabff\xef\xab#l\
\xd6\x8e~\xef\xe8\xf5\xa9\x1c\x04w\x05\x95\xcc1\x1eh\
\x84\x04\x83\x9e\x12\xbe\xe5\xf1\xc9\xd81L\xfd\xa0\xf28\
\x18 \xf2\x0e\xc2\x90\x83R\x8c\x06c\x13\xc1\x18\x0d\x86\
3\x01\xe9\xd5\xf5B+\xd0\xb1\x8a9\x1d\x07h\xac\x9a\
\x9c\x0b\x85e\xe31\xd8C\xefx\xc3\xdf\x08\x04@\xc6\
v>3\xf7\x11X\x01\x8e\x8fM\x8c\x8d\x8d\x0b`\xd2\
:\xd7\xe6\xd4\xc5\x95\xa7N<\xf1\xde\x8f\x7f^\x10\xb5\
[\xbc}j\xe2\x9a#\x87\xae\xbd\xfe\x86\xa3\x87\x0f_\
\x7f\xe4\xe0\xebo\xbfo|\xd3\x8e\x99\x9e\xbep\xf1\xc2\
\x99\xd3\xe7\x8e\x9f<u\xe2\xc5\x17\xe6\xce\x9f\xcd\xbb\xcb\
\xc0F*1\xd6JT\x92b\xd2V@\x0683\xc6\
h \x93\x911L@`< !\x00\xf4\xca\xa5\x1e\
\xbe\x02V^A\xa0\xefX\x94\xa8B\x22B(\x82y\
5\x0eE+\x9c2\xb3EWq\x86*e\x84\x22\x18\
(z\xd75\xb6l\xf6N\xcaXx\x82.\xf6\x14\x0a\
\xc1\x95\x91\x1d\xd2\xd6(\x91\xc0\xb0\xd1\xda\x18\x17F\x92\
\x88r\xad\xb5!\xd2Yni\xc5,\xcb\xad\xc2)[\
mS\xfb?2~\x0a21;\xd3\xc8 \xc4\xbb\x8a\
;L'D\xe1A\xbd$Iy\x83\xc6\xf2\xd4-\x82\
\xcb\xbb\xf8\x13\xe8\xfe\x84\xdb#\x7f\xa1\x0eL\xc6\xd3\xb3\
\xfe=\xb3\x83\xb0\xbe\x05\xc3\x05\x16\x11\x0e\x92\x22\xb2\xaf\
7\x90S\xda\xb5p\x9d-\xa3\xcb\x1e,\xa2\xc1\x00\x95\
\xad\xfa+3Z};\xd7!U ZY\x1f\x06\xae\
\x12\x5c\xc0\x95\xb0_`'\x8d\x85\x0a\x89T\xc4\x9c\x1b\
=1\xde\x02&\xadilb\x8c\x98\x9ex\xea\xd8\xe3\
O\xfe\xd2O\xfc\xfc/\xddr\xfd\xe1o\xfd\x96\xb7\xbd\
\xfd\x1d\xef\xb8\xf9\x95w(5\x0e\x00\x04`\x8c\x91\x80\
B _\xd9M\xeeJ\xfa\xc4\xa7>1\xbdm\xf7\xae\
\xbd\xfbI\xe79\x19\x0c\x8a\xbaLd\x08\x01\x98\xc8v\
\xac\xdb<\x02\xf04\x97\x1b\xc5\x11\x84\x81\x82\x22\xb6\xc3\
S0\x22iC\x08\x19\x22xWJJ*\x0f\x10\x1d\
jP\x1656N\xb4\xca\xfb\xaal\xa2\xd9a\x83\xcc\
\x0cr%\xef\xcc\xce\xcd\xae\xa3\x13\x86\x0c\xd10\xb5\x01\
Ak\x92B=\xfd\xf4\xd3\xfb\x0e\x1f]^^\xde\xb4\
uKn4\xc8\xe4[\xbe\xed[\x7f\xfdW~\x9d\x01\
\x98H)5>>\x0e\x80I\xda\xde\xbf\xff\xe0\xbe}\
\xfb\xb3~n\xb4-\x92\xec\xc3l\x83\xc8\x0dd`b\
Hpie\xa1\xd3\xeb\x87%\x82\x99\x0ds\x96\xe7\x8c\
,\x10V:+\x8f|\xe1\xb37\xdct\xf3\xdc\xe2R\
\xd6\xcft\x9e\xaf\xf4:\xfd^\xbf\xdf\xeb\xd9}\x1c\xfb\
\x09\x00\x22`\xa1\x8da\xc3\x9dno\xf4\x1ep\xfa\x0e\
\x88\x0c\xf0\x93?\xf5\xd3\x8b\x8b\xf3\x02\xc5\x9e=W\xef\
\xd9\xb3\x13\x85\xe4\x1c\xa4j!\x80u\xe3\x19\xabz\x8a\
\xc8:\xb0\xe0\xfc\xacE\xa1\xb5\x15\xb4\x91Z\x85@)\
\x94\x1b\x00\xb2n\x82\x1a\x07\x12\x8cid\x11\xb9{\x89\
UF1\xd2=\x8e\xc1\xde\x10\xe0\x17\xfe\x86\x01\x86e\
s\xf4u`\xc2\xd1\x09\xbaQ\xf2\x5c>\xd1\x7fM\xcf\
*\x82\xfe\xd5\xb4\x19\xddT\x18\xc5f\xb2P\xedh\xce\
\xc9M\x9a\xb7k\xeaL\x01\xeb\xef\xfcz=c\xc5\xd7\
\x90\x1a5E\xe3{\xb1\xac\x95\xba\x8e\xfa\x14\xf6\xc4\x7f\
\x85@M\xa9\xf9\xeb\xbf\xf7\x92\xb5\x17\xafL\xd3\xdc\x84\
\xda\xa0\xd2\x1a\xd3pv\xb4\xeae\xb4\x8e\x9d\xe0\x12V\
\x9fZ\xbf{\x81\x89/\xb9\xd1\xa3=\xd7~\xad\xe3\x05\
\x1dJ2z\xf3y\x180\x80\xac\xc7\xf0\xc6.j|\
n]\x88\xac\x9c\xaf\x9c\xac\xff\xac\x8b5u\x95\xd1\x12\
\xa1\xd7\xc4\x16\xda]\xe1\x18\x16\xd6A`\xe5\xae\xea\xe3\
k\xbeR}\xbf1!\x84`\x88\xce@\x8d\x18Ax\
<\x06\xcc\x10H\xc5\x9c\x88\x89\x90y\xbc\xdd\x1a\x1bk\
3L3s\xdf\x98\xf9^\xfe\xa9/>\xf5\xe1O\x7f\
Yg]\x05z\xeb\xe4\xe6\xfd{\xf7\x1e\xb8\xe6\xf0\xf5\
\xd7\x1e:z\xed\xb5\xaf\xbb\xfbe\xe3\x0f?\xc0\x00\xdd\
n\xef\xec\xec\xe2\xc9s\x17N<\xfd\xd4\xf93/t\
W\x96\xa1\xdf\x17@\x89\x14\xa9\x90\xa4\x84h\xa5\x04\xc2\
Z\xdb\x19c\x984;\xae\xccV\x80\xac\x8f\xc7\xf8e\
\x00@ \xf7\x82\x13\x1b{\xd1\xba\x04\x0c/\xb4>\x91\
\xc2\xec\xa0r\x8c\xc4\xc6\xedd\x8f\xa3\xa1\xe6\xb5\x0c\x8b\
\x03\x0fZ\x9c\x99\x1e;\xab'\xcb\x8d \x033+\xb7\
\xa9B\x80\x829a\x16\xc1\xe3e\xe4\xb9\x86\xd8*\x9d\
Z\xe2\xd7Y#\x921:3y\xaes\xb2f\x89\x86\
\xadJ\xaa\x0fbA\x88\xe8\x03s03\x1bSuf\
X\x0aaQE'X\xb6\x08\xc4HO3\xfe\x9e\x97\
n\xae\xa0\xc1\x11?\xfc\xe12\x0a\xc1\xc1\x98\xcc\x7f\xa9\
\x8bw\x01Ni7V \xb6\x04\xa7\xaf\xaek,2\
[.\x8e1(\xcd\x16\xa5\xd8L\xc4\xc4\xe5\xe9\x5c\xc5\
\xfc\xe4\x1eNP]=\xacU\xaa}1\xc8\x9cg\x99\
\x15\xcd\xf3<sp\x22I\x88\xf9\x8bO>\xff\x85\xaf\
\xfd\xe2\xcf\xfc\xc2\x7f|\xe5\xcdG\x1fz\xe8\xc1o\xf9\
\x8e\xef\xba\xee\x96\xdb\x12\xd5\x02\x00\xc3\xc0\xda\xa0@y\
\xc59C)%1m\xdb\xb3\xf7\x9d?\xf0\x03ci\
\xab\xdb\xe9\xac\xf4\xba\x99\xd1y\x9egY\x96wWL\
\x9e\x1b\xadM\x96[\xc3WmLn\x8c\xb6\xdc}\xb1\
\xcd\x04\xc6\x13\xd7\xee5!3\x92\xdd\x0f\xf1\x06\xca\xc6\
\xbe3f\x22aO\x08\x122\x97\xb9\x83\x10J\x09\x14\
R\xa9$I\xa4,\xd9;\xd4\xd7\xdbx\xc1\xb4\xeb\x95\
s\xca\x92\xaa\xa5\xa5\xa5\x99\xf9\xb94m\x19\xb3fr\
\x0c\xca\x836\xdeU\x0c\xfe\xee\x98X\xa5\xe9\xa93g\
\xce\x9e=\xb3i\xe7\xce\xc5\xa5\xa5\x03;w,\xad\xcc\
_\x7f\xcb\x9d\xaf\xba\xff\xab\x9f\xf8\xc8\x9f!\xa2J\x95\
L\x12\xa1\xd4\xf6\x1d;\xae9rT\x08\x91g\xb9\x1f\
bd\xb7\x99,sEDa=P(f/\x5c$\
\x06!0D\xe5D\xc4,\xcb\x00\x18\xa5\xd4\xb9~\xf1\
\xd8\xb1\x9d\xbb\xae\x9e\xef\xac\xb0\xa1~\xb7\x97\xe9<\xcb\
2c\x8c\xcer\x8b\x94\xc2\xe7C\x1b#\xa5\x5cZ^\
\x86\xd1\xbf\xf2\xcc\xb9\xd6I\x92\xfc\xee\xef\xfd\xfe\xfb\xdf\
\xff\xbe4m\xb11\xb7\xdcr\xd3\xd8\xd8\x981\x88h\
\xec\xca)\xa0@\x83I\x928\xdd\x03U8\x8c\xb1\x9a\
\x9f\x15M\xd1`\x1c(\x85PRa\xb3C\xa2f\x8d\
\xd0Az\xa1\x15\x10X\xc1\x81\x00\xcdP\xd0^\x0a\x14\
b8\xe6\xbf\x92jf\xcdO\x1c~\xd9)Ro@\
H\x80K\xec\x81\xcb\xd13\xdf(e^\xf9\xf4\x8d\xd5\
\x8a\x97\xe0t\xfe\xfa\xd6\xa6\xeaT\xa6\x02\x84*\x12\x0f\
\xc0*P{HN\x00\x88\xc3\x94\x05\x11\xad\x9e\xbf~\
\xe3 \xd05$\xdb\x88\xe7q\x80\xab\xaez\xbb\x027\
XA}\x8dvV\x8d\xd2I\xfd\xa0\x92\xadR\x0e\x97\
\xac\xf5\xaah0Fn!C\xc5\x9bh\x1d\xf2\xc5\xde\
b\xe2\xf3\x5c\xd9J\xaf\xe2\xc1j\xcfXxC\xceU\
\x03\xbb\xd0|\xc0\x80\xc8(\x9d\xe8\x0cX\x80B\xfb\xdb\
\xc6q\xb5\xceZ\x8c\xb1e\xb5\x98\x92D\x8em\xd9\xbc\
\x15\x051\xf4\xc8\xf4\xf2\xec+g\xce~\xe1\xd9\x17\xf2\
?\xcc \xef\x8cO\xb4w\xed\xd8qh\xff\xaek\xaf\
9p\xdd\xb57\xde\xf4\xf2[_\xfb\x9d\x0fMNL\
/\xe70\xbb\xd2=s\xfa\xcc3\xcf>?s\xf6L\
wayyi\xde\xf4\x96P\xe7\x88 \x11e\x22\x84\
P\xcc\x10bq\x18b\xc1\xc8L\xc0N\xf4\xf2\x95\x03\
\xb0z\x9d\x03\xb8 v\xe4O\xe8\x1f\xf0C\xd8\xed\x14\
\xc4P\xb9rP\x00\x86A\xb6\xecE\x0f\xb3\xe5\xde\xdc\
\xc7\xd4I-v\x88:?\x96N\xa0\x0e!\xe0\x85%\
\xeb\x84g\x11\x00\x80<\xef\xe7\xca\xb6o\xdb\x11\x84\xc4\
\x86(\xd0\x8aa\xb8hct\x9e\x13\x81\xb7'\xcd\xc3\
Ef/A\x82W\xc1u\x00\xbb\xa0\xc2\x00\x82)Y\
h8\x859\xff\x0d\x9d\x86\xd0rUf \xda\xef\xaa\
\xe5\x04d\xa7\xc4.U\x02\x0c\xfd<k\xa7-f\xce\
\xf3\x1c\x80S \xc3dP*\x85\x1dM\x7f\xfe\xc5'\
\xff\xfc\x8bO\xfe\xbb_|\xd7+n\xbc\xfe\xcdo~\
\xcb\xdb\xdf\xfe\xd6koz\x99L&\xc1\xee\xb0h\x83\
.\xe8\xdf\x95I\x0c\x00\xdf\xff}?@ \xad=\xaf\
\xa6\xc2\x8e5\xcf\xfay\x9e\xe5\xfd\xac\x9f\x99^\xb7\xdf\
\xed\xf5\xba\xddN\xaf\xd7\xed\xf4\xba\x9dn/\xeb\xf5:\
\x9dN\xa7\xd3\xe9\xf5\xfb\xdd~?\xcb2\x87#\xb3<\
\xcb\xb3,\xcf\x8d\xd6l\x0c\xb1A\x00\xc1\x0c\xd6\xa51\
C\x9ek\x14V\xf9\xd0H\x92v3\x8e\xc8\x08\x81:\
\xc7<S\xed\xb1\x09\xa9d\xc9C\x12\x14\xc7v\x81\x8a\
\xed`\x01@\x10\x92`\x95&\xb3\xe7/\xf6z\xfd\xc9\
\x89\xc9>\x19^\xbb\xb7\xc60\xc8\x1b\xf5\x09\x11Q\x09\
A@\x86\xcd\xd3_}\xf2\x9e\xddW/,,\xf4\xb7\
^\xd5\x1e\x1b\x9f\xeb.>\xf8\xb67\x7f\xed\xb1/_\
\xbc8\xdbj\x8f\xa1\x14S\x9b\xa6\x8f\x5cw\xed\xd4\xa6\
\xe9\xeerG\x1b\x13\xa9`;\x0d\x97@\xb50\x83@\
\x94\x80\xe7\xcf\x9fo\x1c\x8b\xe0\x9d?]\xb8p\xa1\xd3\
\xeb.\xaft\x80IgNq \xac\xfc\xb6\x86V\xb7\
\x13\x89\x95RV\x01u\xd4\xb6\x13%Ir\xe6\xdc\xd9\
\x9f\xfb\xf9\x9f\x91Jd\x99\xbe\xfe\xbak\xb7\xef\xd8\x06\
d]Yy\xed_\x14\x85\x9e\xa7w\x1e\x8a\x91\x07Q\
\xab/\xaa\x84\xb4NA\x83CQ\x14B*)\x10\x95\
P\xa8\x0a\x0f1\x15@XA\x80\xd6\xebo#\xfc\xab\
\xe8\x85\x8a(\xde\xc9\xa0\xf7\x08ez0\x96\x1a\xe3\x83\
\xc6a3:\xc36\xa2$\xba\x0e\x0aq\x141w\xc8\
\xc7h\xf4]9\x1c<w\x10\x01\xbdnNam\xb0\
\xc6\xae\x18}\x97\xf0r\xa0\xc1\x81\xafrCe\xf6u\
\xd4\xb0\x1e\xf2\xfeR8\x9bu\xdc\xfbR\x03Q\xa3\xd7\
\xb3\x115\xbc\x14\x9aSQ\x0a\xbb\xf2=c\xd3\xda\x9c\
\xca\xac\xe9g\xfd|Ae\x06&d4\xf6\x96W\xf3\
\x001\x041\xc6\xa8o\x90.GE\xfa\xaf\x97\x1cv\
\x07+\xe7\x83\xb1V\xfd\xb9q\x05\x06\x1d\xd4\xb3\xd5\x91\
X\x1djB\xe4]&\xde\x08\x8f\x15A\xb9\xc6%\xba\
\xabl\x1dV:\xb9c\xd0\xe3\x1a\x1b\x1bW\xc3\xed\xbb\
C\xf0\xbc_\xb1\x1cc\xf0\xfeW\x04\x22\x85ng\x10\
N\x0f\x8a\x85U\xa3\x000\x00\x04\xc4\xc6\x18\xd0\xcc\xac\
\x18&\x85\xc0\xf1I\x9c\x98\x00\x04M\x9ci=\xbb\xd2\
=\xf9\xf9'?\xfc\xf1/\x99\xfcw\x94\x92[\xa6\xa7\
\x0e\xee\xddy\xf0\xe0\x9e\xa3\xd7\x1e\xbd\xfe\xe6\x97\xdd{\
\xe3\xa1\xad\xaf\xbee\xaa=E\xb2uaq\xe9\xd9\xe7\
\x8e\x9d>u\xe6\xc2\xc5\x8b\x17g\xce\xf5\x17\x16t\x7f\
\x19I\x83\x10\x22I\xd2$\x01\x14\xc0L\xe8|v\x82\
\x11\xc4\x0c\x94\x01\x00\x81\x10\xcee\x0c\x07\xa2\xcc\xe21\
\xb6\xce\x09\x19\x98cJ\xd9\x8fi\x17\xa5\xa0\xa1\xd3\x1a\
\xf5\xd9\xe2.-\x8d.o\x88\x86\x80\xc4\x05\xeb\x18\xbe\
CX\x80C\x0cR\xa33\x87\xc3\x80\x5c\xa4\xeb]\xf7\
RXH)\x05[qQ\x14\x024\xd9\xc2\xd8{\x18\
e&\xc3X\xec\x1d\x90\x8b>\xa2\x8du\xfejj\xbb\
\x09\xde\xf7i\x18\x84\xecA\xb6\xeb\x1d\xf4\xc3\xa1X\xeb\
\x18\xa8\x88\x92\xca\xa1\x1f\xb0\xdc1\xa5\xae*z\x1b\x5c\
\x9f\xa0\x1f<\xc5e\xf4\x87\xb6[<\xf3\xe7\xbf\xde\xbc\
n=\x9b!^o\x1aV\x8c\xd5\x1eb\x0c\xf9W\x0c\
\xfd,\x0bwe\xda\x00\x00\x13i\x06\x01\xa0\xa4\x90R\
\xf6\xfa\xf4\x89G\xbe\xfc\x89G\xbe\xfc\xb3?\xfds/\
{\xd9\xcdo\xfd\x96\xb7<\xfc\x96\xb7\x5c\x7f\xf3mR\
\xa5`\x95\x87\x8d\xb1\xcar\xb6\xa7/\xdbf<\x0a\xcb\
T#\x80\x94\x00\x90\x00@:\xea\xcd\xc6P\x9e\xeb\xdc\
\x85\xdf\xcc\xb4\xd6y\x96gZ\xe7Z\xaf\xf4\xbb\x9dn\
6\xb7\xb4\xb2\xb4\xbc\xb8\xbc\xbc\xbc\xb4\xb8\xdc\xe9u\x88\
\xb4\xeee\x94\xf5\xb3~Wg}\xa3\xf3\xbc\x9f\xd9\x00\
*\x00hi%!\xa5@\x01d\xb7\xa5\xaak\xa3\xb3\
\x1d\x06\x07\x0b\xc3\x9bA$`\x01d\xce\x9d;\x0b(\
\xb3,c\xcf\xf07~\x1a\xea\xb2\x82_\x0a\xdcI{\
caG\x80V\xfd\x1c\x11\x05\x93i\xb5\xc6\x8f\xbd\xf8\
\xc2\xb5g\xcfNm\xbfjvvn\xef\xfeC\xd0_\
\xdc\xb2m\xc7\xb7\xbe\xe3\x1d\xff\xe5\xff\xf9\xcf[\xae\xda\
<\xd6\x1e\xbf\xfe\xbak\x0f\xef\xdf\xd7\xedw\xb3~\x17\
=S/\xd0\xab\xb1\x0b f\x1bo\x02\x80\x04H\xce\
\xfaK\xf3M\xd6\x8f\x5c4vqe\xa5\xd7\xef\xe7Y\
\x06\xcc&\xcbu\xc4\xd4\xda/\x82\x05]L\x04 T\
\x9a,..@\x99\x0d\x1b\xf66\x01\x04\xc0\xcf\xfd\xec\
\xcf=\xf5\xd4\xd3\xadVkj\xa2}\xcb\xcd7)\xd1\
b \x81\x00\x02-\x84K\xa4\xaa\xd8\x0a\xa2@\xe9\xcd\
\x02+\x1eDE\xecJ\xc8q\x87\xd2\x06\x99\xaf8\x89\
\x09\x0eB\x1baac\x82\xb2\xad`\x0c{\x06\xa9'\
\x0cQ[\xa8\x9f\xbf\x1c\x10\xe5\x12\xf5$\x07\xc99\xa3\
\xbc\xdf\x91\xaa\xc7E\xbe\xea\xa6\x18\x14\xea \xd6\xf7\x1a\
\xd7\xce\x0f\x7fb\xf1\xd3\xabyCI\x9b\xa3\x94\x06i\
\xd1\xaf\x8ac+\x85\xacR\xa5\xb5|:\x1a|\x81\xae\
\xfd\xcb\xd3\xe8P\xb4\x01\xde`|x%P\xcdK\x01\
;\x8d\x9ex\x80\xc5o]\x18\x1b\xa5]u\x1c\xbe\xfe\
\x8aa\xa1E\x0c\x10\xe9\xcc\xf8\x9f\x97\xfe\x88!}R\
9\x13\xb7}=Ne\x1aA\xf6\xda\x8a\xc0\xd5'\xc9\
\x9a\x90j\xe5dc\x0d\xd9k\xe04\xa2\xc7!\x85\xd4\
\xb7\xc1\xea\x00\xa9N+\x0d\x81s\x8d\x88kH\xaad\
\x88\xa9\xbc\x0a\xbf\x07\x9eW\xac`\xc2\x18=6>\xcd\
\xab\x0b\x16U\x8a5\x8b\x06\xf5\x8c\xc5\x13\x18\xc0\x0f\xa0\
\xf7_b\xaf6\xbcwdo?\xe4\x81\x92\x08\x9f\x0d\
F\x02\xa7\xd1i\xd8\x00[\x03$J\x80\x93v{j\
l\x0c\xe4Vb\xc85e\x99~\xea\xe4\xf9\xc7\x9f=\
\x9e\x7f\xe0\xe3\xcc\xba\xd5\x92WMM\xee\xdd\xba\xf5\x9a\
\x03{\xaf\xbf\xe5\xe6kn\xbc\xf9\xde[\x8fl\xddy\
/\x8eM\x9dZ\xea\x9f>wa\xf9\xfc\x85\x0b\xe7\xcf\
\xcf\x9d\xbf8{\xe1\xec\xca\xd2,d}\x04#%$\
J\x8aD\x12\xa3`\xc9 5\x11\xb1\xb1BY\xa1V\
\xc8\x14<\xfcyw\xf0@\xc1\x85\x0c\x05\xef2L\xb5\
\xb7\xccQ\x14\xb5\xc6\xc1\x19|\xd9U\x86\x13\x00\x88H\
w\x91\xeb\x0a\xab\x9e7\xc0\xb2\xf7\xd4 \x98\xda\x97\x22\
,\x9a\x05\x10\xc5;\x0a5\xe0\x80\xaf\xfcS\xc0;\xb9\
gf\x88\x22>Fa\x1f-\xea\xb380\x5c\x0e1\
Q\xfcE\xaf&\x09^6\xb7?\xad\xa3\x1cc\xa7?\
1\x10\x84\xc0\x92\xc4\x00\xeeo\xe8\x840\xf8\x8bc\x02\
7\x82\x03\xa2\x8c\xb6\x96\x1c\x1b\xed-\x06\x11\x88<\xcc\
ff t\x98\xde\xb7\xb84\x8c\x0b\xd8\xd78\xe6\x87\
\xaf<k\xcd\xc3\xe5\x7f\x99\x818\xd2?D$\x06\x93\
\xe5\x08\xa8\x84\x94\x89\xec\x08\xf5\xd9\xc7\x9e\xf8\xe4\xe7\xbe\
\xf4\x13?\xf5sw\xde\xf6\xf2\xb7\xbd\xf9\xc1\x07\x1ez\
\xf3\xd1\x97\xbdR(\x05\x00\x9a\x0c\x18\x92B\xc6\x86\xac\
\x1b\x9fbGm\xd04\xbd\xc3\x19,\xfd'\xa5\x902\
m\x8f\x80 \xfb&\xbfp\xe1\xd4\xc5\xd3g\x9e{\xf6\
\xd8\xcc\xcc\xec\x85\x8b\x17\xe7\x16(#\x84\x96R\xcc\x88\
\xdep\x15\xd1\x8e@\xf7\xb2\xca/.\x0c\x14\xb0C\xce\
\xb3\xfa\x80\x0c\xc4B\x0a\x93\xf5\xce_8-\x90Q0\
RI\xdf{M)\xec\xf8\x14\xe8\x02\x91m\xac\x19\x04\
\xeb\xf2\x12\x80\x9f\xfe\xeaW\xefy\xdd\xebf\x17\xe6w\
\xe4\xd9\xa6\xb1\x89^\xa7\xfb\xc0\xc3\x0f\xff\xc5\xc7?y\
~a\xe1e7\xder\xeb\xcbn\x22\xe2\xce\xf2\x0a\x02\
k\xab\xa1m\xebku\x8f\x89@\x08b\x96vcB\
\x8a\xe5\x95\xa5\x8b\x17/B\x13\xf3\x8e\xde_\xd5\xe2\xd2\
\x92\xb5\x1f\x06Cl\x88\x89\xd8\x10D\x8bR\x9eg\x92\
\xa4J\x941$\x84\x98\x9b\x9f\xeb\xae\xac\xb4\xc6\xc6b\
\x8c\xd4\x98\xb2<O\x93\xe4\x8f\xde\xfb\xbe\xdf\xfc\xcd\xdf\
\x9a\x9c\x9cZZZ\xbc\xfdU\xaf\xdcz\xd5U&7\
,PH\x11\xfc\x8a*Qx\x13\x0d>\x82D\xe1A\
\xa6\xaa&\x1a\x22\xd4\x0f\xd7\x0e\xad\xe8\x82\x16\xc7\x10\x06\
\x07`\xe4A\xb4\x11\xe95\xfe\x8cW\xd1\xc13\x00\x87\
\xfc\xbc|iMh\xf0\xb2W\xa6\xc4\xf95T\xa8\xf1\
\xf4 \x89{H\xed9\xba\xca\x8d91\xfa;\xb2\x04\
\xfau\x814\x97\xff\xa1\xdfH8\xedJ\xa6Q\xc1\xde\
ZxB\xde\x08\xc06\x08\xc1\xf3\x15\x7f\x97q\xdb\xd5\
\xf0|\xeb~@c\x09\xc3\x7fVNV\x96\xe9A\x95\
i<_\x91\xb0C\x9ex'\xb8\x8e\xcap\x80\x9da\
\xe3Cc\x0cV\xaf\xe7\xf0\xa6\x85\xe3\xb27H\xaed\
\x08O\xa9<\xb1\x11%V\xeej<\x09\x9e\x92\x09^\
C+M\x88!\xe5\xa0\x97U\xaf$D\xe8\x11j\x82\
b\xa9\x87\xa1\xb0*\x8b\xc4)\xf0\x18\xc7;}\x80@\
\x85YF\xce\xbe;\x06\xad\x01H0\xb7%\xb4\xa7&\
pz\xcaz\xb81\xc6\xf4\xf2\xfc\x89\xd33\x8f<\x7f\
\xda|\xf0\x13\xc0\xd4n\xcb\x1d\x9b\xa7\x0e\xec\xdb}\xf8\
\x86\xebo\xba\xee\xe8\xd1\x83G^~\xeb5\xd3{\xef\
_\x81tqiyq~\xee\xdc\xc5\x85\xf3\xa7\xcf\x9c\
?qby\xf6\x02tV\xba\xda0\xf6R\x81)*\
L\x10\x00Q\x00;\xbf8\x1e\x13\x01\x83t\x9d#\xa5\
7\x1c\xf2\x16D\x0c!\xd6Ey\xc8\x85\x06\xf8\x89\xe7\
}\x1e:\xa8\xd3\xb8c\x1d#\xc9\xb8\x1b+\xf0\x92#\
\x95\xa7\xd2\xfb\xf2\xb7\x05\x8e\x12-7\xeb\xe4H\x110\
\xa5_}\xbc\x7f\x15\x10\xe8\x9d\xec \x94Z\xc2\x0eS\
\xb9V\x15W\xb8\x84\xaeb8g|F\xf7\xfa\x80\x8b\
\x9clIe\xe1\xa0\xa2g\x97\xa3\xb1Z\xc0\xb4\x92\x9c\
\xef*\x1bW\xceW\xc4\xa3\xc9p\x07p\xa0 \x83j\
a4l\x8brmPA\x8a\x9fU\x9eH\x11\xd1\xe4\
gn\xe5\xf1a\xf2\xac\xbe\x0e\x0c\xa0\x1c+\xdahV\
\xcc5dLF\xc8Y\x92\xa8t||\xb1\x9f\x7f\xf0\
\x13\x9f\xfd\xe0\xc7?;\xfdo~\xea\xee\xbbo{\xeb\
C\x0f\xbc\xfd;\xbew\xdf\xe1\xeb\x19\xa5EI\x96_\
\xc2\xcb\xacMZ\xdb\xef\xb7\x13\xc0+\x10\x93o!\x02\
\x82\x18\x80RM\xde[Z\x9c\x9b=\x7f\xfe\xfc\xc5\xf3\
\xe7O\x9f8\x7fqf\xe6\xdc\xd9\xd33\xb3\xb3\xfd\xdc\
\xe4\x84\xa8\x94L\x85JR!\x95D)\x04\xba\x9d\x83\
`8G^c\x19\xcbK=\x17[\x03n\x0c\xd8\xfc\
\x8c\x00\x94\xa4\xe9\xec\xcc\xf9\xb9\x99Y\x10H\x9a\xb4\xdd\
\xd2Z\x87\xd6V\x93\xd2\x0a\xfa\x19g\xbf\xea\xc6P\xab\
\x95\x9e8~\xec\x86\x8b\xb3S;\xb6\x9c\xbfpj\xff\
\xfeCY\xd6O\xd3\xd6\xb7\xbf\xfd\xdb\xfe\xe7\xff\xfe_\
\xaf\x7f\xed\xab\xd34y\xf6\xf8I\xd2l\x82>g4\
B\xac\xe1\xa9\xebBfN\xe5\x89\x17\xce,w\xba\x88\
\x82\x99\x1a\xab\x05\x08\xfd~\xbf\xdf\xef{_R\x86\xc2\
\xdc+a\xc2\x9c\x99\x95R\x02\xd5\xc2\xc2\xd2\xcc\xcc\x85\
\xab\xf7\xee\x1f.\x15\x11Q\x9a$'N\x9e\xfc7?\
\xf6cB\xc9~\xd6\xdf\xb7o\xdf\x0d7\xdc\x00\x00B\
zw/\x91\x19\xa0\x12\xde[\x8c\x87\x85 1V\x19\
\x0d<a\x0c\x05+\xb0\xb0\xa2\xfcY@A\xe7\xef\xaa\
\x8a\xfdV\xf5\x17jSL\x87V\xd6\xde\xe2m6.\
\xad\xd1%^\xa3v\xe5H3k\xb0\x87\xadu\x97\xb9\
\xbe4\xb0\xf0\xa6\x0b\xc5wj-5,67\x07]\
\x8d_\x0bW\xafr\x13\xfc\x5c\xb5O\x1a\x07\xf9e\xee\
\xc9\x91s\x86-\xb52w\xb4J\x07\x02\x8c\x8e\x87\xd7\
\xdd\xf0\x97\x087\xb8&\xe4\xb6\xa6[F/yc\xe8\
\xbb\x82:\x7f\x09\xa5Q\xbd\x8c\xaez~C\xd2(\x88\
1\xbe:\xe4\xfd\xd5\x8b\x0a\x924{\xaap\xd5T\xf9\
\x18\xc4\xa0\xa8\xbe\xaf\x5c\xc1\x9fe\xd9\xb3to\x8c\xd6\
\xea\x8f\xa8|\xb9\x87\x14\xd8\x88\x03\x87\x9fAO\xeb@\
Y\xa1\xb1R`\x0c\xf0*\x15\xa8PR\xf5\xae\xae\xc0\
\x15.\x22,\xa3\xd3\x22\xf4\xd6\x86\xe07\xf8\x1b_t\
\xfcr\xd99\xde\xb4p\x85\x0c\x13\x90\x06\x8b$\x88\x01\
!\x152\x1dWS\xe3\xe3\x88\x00@\xb9\xa6\x85~\xfe\
\xd9\xaf\x1c\xfb\x8b/<e\xc8\x00\xc0\xa4\x92\xbbvm\
;th\xff\xf5\xd7]s\xf8\xe8\x91\xfdG\xae{\xe5\
\xaboiM\xbc\xda\xa0\x04\x9dw\x96;\x17\xcf\xcd>\
\xfb\xec\xf3'O\xbc\xb8<?\xd7YY\xecw;)\
p\x22@J\xc52\x11-E\x08\xc6\x00\x13\x08\x22\x00\
KP0Y6\x8a\x98\xd0\x86)\xb7*\xa7\xcc\xe0\xe2\
D\x8b\xd0H\x8f\x9c\xa4\x94\x11r\xf1\xfb\x9b5&\xb0\
\xb1\xab+\x97\x02\xa7\xe420\xb3W:eG\xc7\x06\
\xc9\x1c\x22o*\xa1(Q\xec\xb1\xa2\x15\xad\x85\xe5n\
\xd1\x09\xd0\x8eF\xf4\xea\xb2\xde\xc7\x8c\xb0\xf8\xd7Q\x8e\
\xc5\xf0\xf1\x0c\xa4-U@\xc1\xbc\x95\xe0b1\xd2\x02\
\x01\x08\xf1$\xe1 \xf5\x97\xe7Ca0\x16\xf0W<\
8\xd9\xab\xc0\x06\x0f\x98\xcc\xd6^\xd4\xd6\xb44\xb5\xea\
\x803<,\xd6\xc5.a\xc4\xfa\x5c\x0c%x\xc7J\
\x8e'\xf6wR\x91%@SGpF\xdc\xa7\xebg\
\xbf]\xe5\xd1\xa6\xd3C\x96BL\x8c\xb5\x97\x96W\x04\
\x83\x12\x98\xb6\xdbI\xda2\x84\x1f\xfb\xf4\xa3\x1f\xfe\xd8\
g~\xf2g~\xe9\xf5\xf7\xdd\xfd\xf0\xb7\xbe\xed\xf5\x0f\
<\xbc{\xef!\x96\x12\x01\xacSY!,\xcf\x5c\xe8\
cp\xfc1\xc3\x92\x96\xad;\xe7\x7fG\xfb\x94\xe1\xa5\
\x95r\x16\xc3\x12#\x8f\xb3\x0d+2s\x9eu;\xdd\
\x95\xce\xf2\xfc\xcc\x85sgN\xcf\xcc\xcd\x9f:u\xfa\
\xf4\x89\x93\x0b\x0b\x8b+\xdd~\xa7\xdf\xcb\xd9\xb4\xd3\xb4\
\xddj'I+\x19\xdb45\xa5l \x07\x22B\xe7\
\xb2\xd4\xf8z\x15\x95\x22_\xa7x\xb0\x80\xdf\xa0\x88V\
\x15w\x8b\x00\x06\x10B\xa9\xd3\xa7\xcff\x99QI\x9a\
\xebL\x0aA\x18\xc2f4\xa4\xcaW\xa6\xbe\xd6U3\
\xfb\xf9\xe3\x8e\x850@\x8f>\xf2\xf97\xbc\xf9\xc1\x8b\
\x17.n\xde\xbcmb|\xfc\xc4\xf1\x17_\xf7\xba\xd7\
\x1e<\xb8g\xcf\xee\xdd\x9f\x7f\xec\xcb\xbd^\x9f\x89\xc0\
\xebh\xd8\xb0\xae\x0c \x10\x0b\xa2\x95\x18\x11\x19\xe1\xe4\
\xc9Sa\xe2T\x1e\x0d\x00\x8c(P\xe8\x5c\xe7Y\xc6\
\x00\xc6\xd9i\xdbp@\x14\xea,P0\x90\xce5\x00\
K\x99\xf4\xba\xbd\x0b\x17g\xf6\xee?\xa8\x8d\x19\xf4]\
\xf4\x13\x03\xff\xf5\xbf\xfa\xd7\xcf=\xff\x5ck|\x9c\x0d\
\xdfu\xc7\x1d\xedV\xaa5%\x89E\x7f\x12C\xa8\x09\
\x14J\xd9\xd0\x92J Z\x95Qa\xa9\xc2\xe0M\x14\
1\xc4\x96\x88\xa1 \x96\x83\x07\x0a!,\xdf\x8a\xe0\xc9\
@D!\xcb\xe6\x82\xc5Q\x09\x04\x86w\x14\x96\xcaA\
\x88\xab\xf1[V\xcf\xd9\xb8&\xaf\x9a\xbe\xee\xc2\xf4\x06\
V .\xa8\x8e\x96\x87\xeb~\x15f\x18\xe1L\xc36\
\xe6\x08\xa5a\xe9\xea\x9a\xda\xd6\xf8\x94\xaf\x03/34\
\xad\xb5]/\xa5\xba_\x96\x14}\xb5.c[\xd7\x81\
6\xd7\x9f\xb0y\xd0}\x1d\x1d\x89C\x1d\x106oi\
\xaf\x06\x0e\xeb\xdb\xa5\xf5[\x86\x83\xbdF\xdc5\xfc\xa1\
#\xd6\xb6\x9e\x9f\x9b4$m\x0a\x88\xb1\x114\x86\xab\
\x83\xe2L\x0c\xe9\x1f\xa8\x81\xb4\xfa\xc9J\x1aTB\xfd\
\xae\x90\xa7\xde\xf6ji\x5c\xcc\xad\xca\xbd\x95\x07a\xd9\
\xb4\xb2\xb1\x02\xf5r\xe2\x0eDo\x9c\xc3\x85\xda\x9e\xc5\
\x81^bsA\xf1\xaa\x1a;\x5c\xd6\xb1\x04\xaf\x02\x09\
^\x03\x11\x01\xc9\x99\x87\xf9\x02\x01\x98\x08\x98\x8dG)\
\xadD\xb6\x931\x9c\x9e\x00\x14\x86D\xae\xcd\xa9\xf9\xfe\
s\x7f\xf1\xd8\x9f|\xe2\x11[\xe6X*\xae\xde\xb9\xe5\
\xc0\xbe=G\x0e\xee\xbf\xe9\xdak\x8e\xdcp\xf3k\xef\
\xb8n\xec\x0d\xf7@:\xde5t\xf6\xe2\xcc\xf3/\x1c\
?u\xfcTw\xf6\xc2\xe2\xe2\xf2rg\x89\xfb]I\
\x0c\xc2\xa0d\xa5\x14'J\xa0B\x22\x0d\x04\x86\xa5\x1b\
\x19\xc8H\xcc\xc6Z\xf4\x05\xd4\xe3\xa41fBk\xf2\
d}\xdb\x04\x04U\x22\xe2lc\x89\x9a=\x1e\xd5_\
\x99\xeb1@\xf0v\x9b\x0e\x7fXw\xa6\x9eE\x01\x08\
&\x8aVZ\x15(JR~i\xb71\x02\x922 \
M\xac\xfa\xa0\xb2Y\x8a\x9f\x5cBv\x8e\xfb\x8d)\x8f\
R\xfd\x8bG\xfb\xf3\xe8x\x0fY\x94\x10qo\x0dC\
.\xfe\xb7q\xa6@\x8d\xcdk\x18\xcf\x91\xbdY@q\
e\x90\xe8\x83\xac\xf8\x830\xce\xcb\x14fm\x0a\x8b\xc0\
\xf5@\xa1\x19\x1b\xae\xda\x931\x16\x8e,\xe2\x94R\xb6\
\xf2\x86h\xa5\xdbc\x80\xf1Vk\xf3\xd4\xe4\xc2\xe2\x12\
k\xbd\xb2\xb2\xd2n\xb5[\x13\x933K\xbdw\xff\xe1\
\x87\xfe\xd7{?t\xf0\xeam\xf7\xdd\xfb\xaao{\xfb\
\xb7\xde\xf5\xaa{v\xec?\xaa\xac;\xa5\x8a\x17M\xdb\
\x04\xab\xa5\x1dvh\xd0\xd9\x9fZ\xc8\xe1.\x95\x96=\
\x18\x9a\x8c\xce\xba\xddN\xa7\xdb\xe9t\x96\x96\x17\xe6f\
\x16\xe6\xe7\x97\xe6\x17\xe7V\x16_8yrff\xa9\
\xdf\xe9\xf7:\xddN?[^Y!F\x99\xa8\xf6X\
\xbb\xd5j\xa5i\xda\x9e\x1e\x9fL\xa4T~203\
\xa3!\xc3\xc6\x13\x8d\xb6\x02\x81\x8b\x8e,u]\x8fa\
\xe9\xa5\xfb\xbf\xae8\xf0\x0b\x042 0\xc84\xd7\xd9\
\xb1c/ \xa2\x05\x161\xa9;(\xd5\xa5\x84x\x00\
T\x15\x0e\x05\x12\xb0p\xa6\xb9\xc49\xb5[\xed3\xa7\
O\xbc\xf8\xdcs\xbb\x0f\x1e8{\xee\xecMG\xaf\xef\
t\x97O^\xbc\xf0\xfd?\xf8\x83\xbf\xf3\xdb\xbf}\xf6\
\xdcE\x96vX\x15\xfa\xd2\xd6[-1#\xa3\x10\x82\
\x89\x80\x81\xa5\xd4\xbd\xec\xcc\xe93\xa1\x1a\x95/\x94\xc3\
U\x80\xc6\x806F*E\x88V\xa5\x9d\xb8\xf4\xc1\xb2\
[\x06\xc8\x90g\x19',\x10\xe7\x16\x16!h\x907\
\xbec\xa3\x95J\xfe\xe7\x7f\xff\xef\xef{\xdf\x1fMO\
O\xcf\xcd\xcd\xdf}\xe7]\xfb\xf7\xed\xed\xf7{i\xda\
\xb2H\xaf\x14c\xd0\x86\x16\xac\x9d\x89\x0d\x0b\x07Q\x82\
\x0d^C\xa55\xfeC\x89\x05J\x0c^\xf8E \x92\
\xbc\x16=D80nE\x1d\x0d6}h\x1aL\xf8\
*W\x1b\xcb\x1c\x94\xd6\xca\x0d\xae\xe3\xdeuW`\xd5\
\x87r\x9d\x05\xe5\xa1%\x0c\xad\xb1\x0fK\x1a\x19>\xac\
Z\xc3\xda\xec,\xd5g(\x9e\x1c\xb5\x13\x06\xb9\x02\xdb\
\xa0\xc4\x0c\x83\x1e>\xa8V\xfe\xf3\xdb\xec\xfc\xa2\x18\xbd\
\x97\x5cg\xbe\x92\x10h}5\xf4+|\x8c\x94._\
\x9d\xafX\x87`\xb1![=\xf9uLM\x12^\x94\
\xea\x00cP\xfe\xca\x19\x1c`4\xb5\xea\xcf\x11+0\
([\x9c\xa1\xde\xd7u\xa0UO\xb1\xbai\xfd\xf5p\
\x8d\x1b\xac\x0b\xa0\xabV\xaf\x8e\xb5\x06\x01\xb9\xf8\xb8Y\
\x96m\xea\x99A\xc2\xf1 \x04\x18C\x8bA5\x8f{\
\xaf\xde\x84\xf8gEH\xaaW\xa6x\xd0\x00\xe59\xc4\
\x81\x86=1!\x16\xb0\x93\x93\x0c\xd1)@\x96\xfa\xca\
\x10\x80af)prLM\x8dO\x03H\x06aH\
\x9b\x9cO\x9e\xef>w\xf2\x89\x8f\xfe\xc5\x97m\xe1m\
)wn\xdb\xbco\xdf\xd5G\x0e\x1d>r\xd3M\xfb\
\xae\xbb\xe6\x15\xf7\xde\xb4\xf9\xaam\xe9\xd8T\xc6\xe2\xd8\
\xc5\xd9\x93'^\x9c\xbdp\xfe\xe2\x85\xd9\x85\x99\x0b\x9d\
\xb99\xd3\xeb\x00iF\xa9\x04K\x95J\x95z\x09_\
\xb1\x95\xbd\xd9\xb9\xde\x11,\xd8)\xa7\xd9\x88\x1c\x0cP\
\xb8\xea\xb4V\x98\x16\xd7\x0a\x17\x0b\x11CL\xf8\xca\x8b\
\xaeh+\x05\xd94\xf8\xa8B\xe7]\x06\xc1\x07|\xaf\
\xbf\xb8\xb2\x22N\xd5\x90\xa60\xd4\xf7\x22w\x85\x9f\x04\
\x8c\x18.\x9b\xdfuw\x00\x9e\x1e\xeb\xbaL\x8c \x82\
&\xaa='\xa2\x8d\x89\xb0\xd7\xeb\x0c\x00\x07\x0c\xe6A\
\xc7\xf5\x81\x17ep\xb0\xaeq\x22\x0c?\x1f\x06a\xb9\
\xc0j\xfe\x8a\x8d.y\xeb\xca\xfaD\xae6\xc7\xc2\x00\
\xab\xd9\xe7\x0b\x08\x8c\xb1\xd6\xba\xd8\x08gF\xc4\xa5\x95\
\x95\xe5\x95\x15{\xbf\x00\xcc\xf2\x8c\xb3>3'J\xa1\
T\xc7\xcf\xcf\xff\x8f\xff\xf7\xbd\xbf\xf5\x9e\xf7\xee\xbaj\
\xfa\xfe\xfb_\xf3\x9d\xdf\xfd\x8e{\xef{\xe3U;\x1b\
\xf4\x00%\x0cJ\x0c@\xc6\xe4\xac\xb5\xd6\xb9\xce\xb3<\
\xcft\x96u\xb3\xbc\xdb\xe9,\xcd-\xf4z\xdd~\xd6\
\xefv:\x9d\x95\xce\xfc\xd2\xe2\xc2\xd2\xd2\xfc\xd2\xc2\xec\
\xdc\xc2\xf2\xe2\x92\xc9\xf3,3y\x96\x93\xa1\x1c\x18T\
\x8aB\x09)'\xc6\xda\xedV\x9a\x8c\xb77o\xda\xb4\
M\xedJ\x84\xa3\xfa\xad\xd2:\x13\x1b\x93\x13\xb17^\
\x05\x04\x0a[<\xbe\xa3\x08b\x9fU\xe5\xb5\xc5\xeb\x96\
{@\xcd\xc5\x9a\xc2\x0c\x1cB\xde\x22\x00\x0bT\xb2\xd3\
Y\x9e\x9b\x9de\xe7\xdcu\x98\x9b\xc4x\xba\xd5\xd7\x9f\
x$Tf\x22@\x1c\xa9\x0c\x89Y\xb6\xd4\xa3\x8f~\
a\xe7\xde=\x8bs\xf3\x17/^<x\xcd\xa1\x85\xb9\
\x99\xff\xf1\xeew?\xff\xcc\xf3\x8c@DP\xd6\xeat\
\xd3\x12\x05{\x1f0\x00\x88J^\xbcpanv\xd6\
>.\xec\x17\xd8\x07\xd9\xd0\x0e \x10\x88\x09(\xd7Z\
*e\xcb\xb3\x15#O\x9f\x86\xaa\xda\xad\x0d\x9d\xeb\xdc\
\xe83g\xce\x86\xab\xf5\xa4\x8dV*y\xec\xb1\xc7~\
\xea\xa7\x7f&m\xb7\xbb\xdd\xce\x9e\xab\xaf~\xe5+_\
a4\xb4\xd2\xb6PR\x08U\xf2\x1f\x83\x18\xc7\x9d\x17\
5\x1c\x18,\x06c4X\xd7\x14\x0d\x07`\x9d\xcbx\
\xcbj\x87\x12\x83\xd1`p\xcf\xe076`\x80\x0c]\
W\xac\x08W\x07\xe5\x1feT\x5c\xd6<\xeb\xbek}\
\x95_S?\xd4\xef\xe5\xe1e2\xc0`1c\x10\x13\
{\xe9\x8d\xfa\xfa\xa6\xd1\xab\xb6\xaa{\x9b\xbf:\xa9\xd2\
\x15\x97\xd8\x0f\xc3\x17\xf95\x15\xb2\xb1o\xa4\xa2\x11\xb6\
\x81%\xaf\xaf\x1f\xd6\xe3T\xe6%\x9b\xaa\xad%\x82\x8a\
 [\xcb\x1cK\x901>\x09\xecV\xfc\x92\xac\x0f\xcf\
p{\x1d[\xd6%\xbfF\x0c\x065\x113>\xd3X\
`\x90<\x1a\x1f\x1a?\x22\xe6C*\xb0\xbc\xa2\xeeR\
\xd9.\xe5\xa6\xd4\xd8\xc9\xe1|,1\xd7\xf3\xd4\x1b\xde\
$\xaf7\xbf\xc4:\xec\x19t\x95\x9b\xe9\xc4\xe2\xd0\x83\
\x1c\xebb\xc4\xd2;\x00\xac\x95\x10\x13\x13\xad\x89\xc96\
\xb3f\x96\xcc\x98\x9b\xfc\xe4\xfc\xca\x8b\xe7\x9f\xf8\xe4\xe7\
\x1f\x87\xdf\xf9C\x00P\x02wl\x998\xb0k\xe75\
\xd7\x5cs\xf8\x86\xeb\x0f_w\xcd\xd1\xeb\x0fM\xdcw\
Wk\xf3\xa6\xc5\x8e9\x7fa\xb6??3{ay\
\xf6\xfc\xf9\x0bgO\xcc\xcd\x5c\xc8:Kdr@H\
$\xa6*\x91\x22\x05)@\x08\xeb\xdc\x844\xd9\xf0\xdc\
\xc0\x08L\xe4)\x10g\xebf\xed\x8f\x5c\xb8AK\x97\
5\xc8\x9a\xe5\x01\xe6\xf0/\x22\x06\xff1\x81V\xf3\x86\
\x90\xa5>\xe1\xba\xa2iT~\xc5\xb4\xc6\x01\x92\x18\xb9\
\x85\x9d\xf8\xf2^/\x17\xbe\x85\xbc\xee`\xfd\x9d\x82\xf3\
\xc1\xe8.SI]\xd6#P\xd7#\x83\x06U}\xa2\
5\x9ei\x9c}\x8d\x88n\xd0\x84\xf5\xb2t\x89\x85\xac\
?\xa8\x0a\x05\x87\xa6x\x86\x02\x00\xb3\xf1\xfev\xec\x08\
`b&\x1f\xb6\xd3\x86\xa9\x08\x95.t\xde\xa2>\x11\
\x88\x06\xac\x86h\x9f\x00\x95RB\xaa\xb3\x8b\xbdw\xff\
\xe1\x87~\xe7\x0f?t\xcb\xb5\xfb\xbf\xff\xbb\xbf\xfd\x9a\
\xa3\xd7\xb0 )\x8cb\xeee\xdc\xd3F\x1bc4\x18\
\xcd\xb9\xd1&\xa7<\xa7n\x9egy\x9egY\x9e\xe7\
yn\xb2<_\xeev{\xfd,\xd79\x1b\xd2\x86\xf2\
<\xef\xf5z\x88\x02P\x0a!\x18\xac\xf6\xa5J\x93T\
%\xad4\x99jO\xa6\x13\x0a\x94@\x90\x09 \x08 \
DF\x81\x0c\xc8d\x80\x8d\x05\xce}b$@\xf0\xc3\
\xccQt\x22X\xd3\x16\xaf?bM\xc1\xc7Qat\
\xf80$\x22\x1f\xfc\x11b5Qgf\x8a\xceJ\x96\
-j\x10R\x5c\xbcp\xae\xdf\xed\x09i}l\xc2\x9a\
<\xca\x04\xbe\xaa\xbc\xc8\xb8h\x22\x95\xf5\xca\xeb7\x02\
\x13\xcbD.\xcc\xcd<\xf9\xa5\xc7^v\xe7\x1d\xcf\x9f\
<>\xb5ij\xfb\x96MO~\xf5k\x17g\xe6T\
K\xb1&a#\xbb\x80\x0bnd?=D\x04\xccB\
\x08\xc1@LR\x8asg\xcff\xb9\x8b%\xc8\xc0d\
H\x08\x91\xb6\xd2V\xab%\x85 fMd\xa9\xc5\xb8\
\x04\x88\xd6\x84\xea\xc2K\xccH\xb9\xd6\x8f<\xf2\xc8;\
\xbf\xf3;\x95\x10\xc5>N\xd4:%\xd5\xcc\xec\xc5\x7f\
\xf2O\xff\xf1\xcc\xec\x9cL%\x03\xdcu\xd7]\xe3\xe3\
c\xc0\x22I\x05\x0a\x902)\x02\xd0GF\x8312\
\x0cd`|~\x08\x14,\xc5\x90\xb0\xbf\x001\xc2\x84\
\xc1\x85\x92\xf0\x8b\x12\x02\xc6~\x95\x1a\xb5C\xeb\xdc\xe0\
\xd7K\xe6\xbe\xach\xf02\xd6\xd3\xcf\xd2:7\xb8Q\
\xfdpEQ\xdf\x15a\x83\xae\xc03\xfe\xea\xa4\xaf;\
H\xe6\xcb\xf0F_\x0ah\x10\x86\x84\x9d\xa8Kc\x97\
xi\xd5\x9f\x95\x93C\x8a]\xb5m\x1c<\x0dZ9\
\x15\x9b\x0b\x8f\x85cf\x16\x80\x08HDN}\xaa\xb6\
\x19<\x08\xff\xc0`\x11\xb3\x92\xb3B\xd7@\xe3G\xba\
\xdc\xc6\x18\xda\x0d\xf7\xf5\xd2(@\x17\xdfT,\x01\x8c\
\x8a\x7f\x1a(\x7f \x1b\xe1G\x5c~\xe8\x8a:\xb4\xa8\
\xb4\xa2\x91\x98\x1d\xb21\xdf\x08z\xa1<a\xe2'\x0e\
\x82:\x95\xbet\xb4\x95\x95\xe7\x98\x18\xa5\xd3\xf5sA\
\x10H\x00\xa7B\xb4\xc6\xc7pl\xcc2Y\xc4l\x0c\
]\x5c6\xa7\xbf\xfa\xe2\xa7\xbf\xf2\x1c\xbc\xf7\xc3\x00 \
\x00\xb6N${\xf7]}\xe0\xc8\xe1\xa3\xd7\x1e\xb9\xee\
\xc0\xc1\x9b\xf7\x1d\xd8{\xeb+\xc5\xe4\x1b\x974,u\
\xb3\x99\xf9\xa5\xb3\x17\xce\x9f<q\xec\xf4\x89\xd3\x8b\xb3\
\xb3\xdc\xeb@\xd63\xc8-\xa9d\xa2\xbc\xe6\x93\x10\x88\
\x0c\xd2\x18\x00\xd2L\xe8\x9d!\x92\x8f-a\xebk\x1b\
\x18\xd9!\xfa\xd6\xb0\xd7\x88\xb3~Y\x00\x80\x89Q`\
\x18\xf6\x0eS\xd6<\xd34\xeaJU\x94\xac\xaa\xaf\xc9\
w<z\x8c\x8a\xe5\x17\xd1\xf8v\x06]-\xdeG$\
\xd7;/$\xe8=\x9c\x06M\xdar9\x8d\xa5W\x17\
\x0av\x9e~*\x19\xd8\xf3\x901\x96\x0b\x07\x15\x8a\xdb\
\xf5q(\x90\x1b&\xb8M6\x04e#\xf0\xe3\xf2\xee\
L\x13bT.\x8f\x8c\xb6c\xd0\xe3@C\x95\xbb\xfc\
\x9b\xf7\xa5\xd9U\x0e\xc1\xf8w\xa4\xb5\x06\xad\x85\xc0v\
+U*\xfd\xf2\xb3'\x7f\xf4_\xff\xec\x8e\xad[\xaf\
9xhllL\x1bB\xd1B\x95\xa0\x00\x89hc\
\x87\x0bi\xfd\xfa{\xf5<\x00!D\x9a\xa6\x88\xc2@\
\x22T\x02\x0a\x14\xd2\x84u\x06\x22$X\xdf\xfd^:\
G\x1fV\xd4\xbd2d\xa0\x0c\x01\x05\x0b@ $r\
\xce]-C\x87\xe0\x8cT\xfd>N\xd8Y\xc0\xf8U\
\x96\x17^\x886\x0c\x8a\xc1_,\x0c>\x04\x8b\xf5\x5c\
\xeb\xf1\x0f\xfb\x0d\x08\xf4\x1e\x92\x84b\x84\xd3'\x8e\x1b\
\x08\xe1PVO\x830Ce*U\x17\x22!\xd8\xf2\
\xf3\x80\xc8\xc09\xb7\xda\x13O>\xf9\x95\xbd\x07\x0fN\
n\xdf\xf2\xdc\xb1\x17\x849\xb4g\xf7\xdeN/[^\
Y\x92B\xb0a\x14\xe8\xbc\xf9\x12#{Li\xd1\x11\
\xb0\x11\x88\x0c\xb3\x17.\xda\xc7h\xad\x95R\x93S\x93\
\xed\xf1\xf14MS%\x99\xd9\x18\xa3\x89L\xae\x81\xb8\
\xdf\xeb\x8eML\xba5\xcf\x0ear:\xfc\xa5\x1dC\
!\x0c\x9b\xf6x\xeb\xb9\xe7\x9f\xba8sq\xdb\xce\x9d\
T\xb3\x994L\x02\xc4?\xffg\xff\xd7_|\xea3\
\xdbwl[^^\xb9\xfe\xa6\x1b\x0e\x1f>\x08\x88I\
\xaa*\xd4\x9f\xa5\x04\x03\xf0\x8bA`8\x8eAc\xa0\
\x01\xa5\x94\x00`\xffVTFm\xdf\xda!j\xbb\xbb\
\xa2+[q\xa1\xd4\xc8q5\xbe\xbeP~e\xa5\x1a\
\xf4\xd2/\x91\x9a\x1b\x92\x87\xb9\xaa\x99\xc9\xcc\x1b[\x81\
!(k\x080n:\x19\x11~X:\xc5\xab\xdd\xbe\
J\x00\xbd\x00\xe6\xcb\x80\xf3Rd\xe5A\xf7F\x1c~\
d\x9f\xc6\xc3\x0a)\x06\x09\x0f,0>(]\x85\x81\
\x18\x22.\xad\xd2\x9f\xa37\xe7\xd2;\xe4%\x9e^:\
\xd5f\xe6\xcbg\xe6w):\xc0u\x98\xb3\x8e\xb4f\
\x86p\xc8\xc3.\xa5\x1e\x97\x9e\x82\xcc4H!\xa1\xf1\
g\xd8\xdc\x05\x8f\xfb\xd11-%]\xbb\x18\x0e\xd5\x81\
\xdfZ+\xd9\x88\x00\xeb(\xb1~u\x10\x8e\x1a\x02\xae\
 Z\xce\x1a\xbfvu\x16q\x10\xec\xacC\xbe\xca\xbd\
\xab\xb6+\x16\xbbq5e\xadUS#=X\xafj\
q\x8c \xa00h\xb4\x1b\xca\x84\xec\xecll\x88\x89\
\xc2-&\x03\x80@l\xb7\xd2\xb1v\xcb\xe2H\x06\xd6\
\xc6,j\xfd\xe83'\xbf\xf4\xe4\x8b\x00\x1f\xb3\x0f\x9d\
Jp\xf7\xcem\xfb\xf6\x1f8|\xf8\xc85G\x0e\x1f\
\xbc\xee\xc8M\xf7\xdf)\xc7\xa7\xa4\x10Y\x86+\xcb\xf9\
\xec\xfc\xec\xa9\x13'N\x9f<57s!\xeb,\xf6\
z\xcbdr\xc9(Q\xb4\x05\xa3\x14\xa8Z [\x8c\
l\xdd\x02\xb21H\x0e\xf2\xb1\x07$Eg\x0af \
\xe7C\xc5\x03\xc2\xc0\x85\x02:\x03D\x80B\xff\xbeq\
\x9c\x0czY\x15|\x18_\x1d\x22l\xd5\xe1\xdf\xc0\xb7\
c\x1b&\x8b{%\x14\x95\xf7\x0a\x7fPe\x8a\xfc\xb5\
\x82\x01\x85\xf0\xab\xf2\x84\x02\xc6F\xf0!r\xef\x02\x00\
\xc0\x82eP0\xc6HK\xd9\xde@Q\xe7W\xf5\x90\
k\xc7\xc3OBm\xe2\xc70\xcf\xd3\x80\x0cA\x85\xd4\
\xa2=\xef\xf5\xb4\x14B&\xb8B\xb5D\xa2\x83\xd1\x85\
\xaf,\xdb\x90n\xb7\x0f\xd0GD!\xe5\xb9\x99\xb9~\
n\xae9|\xe8\xc8\xd1k\xc77m\xd5\x84LF\xb0\
\x16\xa0\xad\x90\x22]H\x5c\x0c\x80\xd9\x0a\xe8\x84l\x8c\
af\xc0\xf0\xdeQ\x80\x95\xcb#3Cv~T\x10\
\xa3\xf1\x80\x00\x8e\xba\x11vL\x80W\x0a\x05\xf4K\x19\
\x00\x17\x5c3\xf8\xbd\xa8\xaa\x5cY_dj/\xdb_\
\xf2\xe5T\x98gWW\xc4\xbc\x9f\x9f?{!\x1ee\
kM\x8d+aE|\x8f\xd7\xa5`\xb5\x0b\x88\x06\xf8\
\xf3\x8f|\xf6\x0d\x0f=\xb8\xb2\xb8|\xf6\xfc\xb9\xab\xa6\
\xa7\xf6\xec\xde}\xe2\xa4\xeeu{ \x00\x0c\x80\xfd\x1e\
\xa1@\xb7I!Bw&i\xb2\xbc\xb8x\xf2\xf4\xe9\
V\xbb\xd5V\xe9\xf8\xe4\xc4\xf4\xe6M\xe3\xe3\xe3hU\
\xcc5i\xad\x999#\xd3\xef\xf5V\x96\x96\xbb\xdd\xee\
U\x85\xdbcvT\xa1\x87@~\xc0\xbb\xfeI\xa4\x5c\
Y\xea,w:\xdbJ\xfd\x07\x00\xa0\x8dI\x94\xfa\xb5\
w\xfd\xea\xff~\xcf{\xc6\xc7'.\xce\x5c\xdc\xbeu\
\xfb]\xaf\xbc#V\xfe\xb4 0\xa0\xbe\xe0'&\x80\
\xc0\x18\x07\xc6\xb00F\x83\x01\x13b\x14l0\xb0\x85\
\x83\xb0w\xe3B\x04\xab\x89\x8f\xab\x0a\x97\xebFb\xeb\
N\xeb\xc0\x90\x1b\xfb\xf4K\xfa\x16\xaf\xa3^\xf5\x19x\
\x19P\xdf*\xcf\xbfR\x18\x83\xf1\x0a\x05\x09\x5c\xbd\xd5\
/\x19X\xf5\xcddS\xe3\xbe\xcf%\xa6\xb5N\xe7\xb8\
\x02jH\xa6F\xf9~\xf4\x87\x0d\x97>\x87 \x87U\
s6^\x1d\xc4,\x0d\xbf\xb1\xd4\x1c\xb6\xb4K\xe0^\
@\x08Q\xd9R\x1d\x8e\xc7\xea\xc2\xca\xf0\x1bGl\xd1\
\xf0\x8e\x1d\xa5\xc0X*\x8dwF\x1b\xab=\xa4\x02C\
z\xbb\x10\xac7h_\xa0\x02\xeaV\xc5\x1bu|X\
\xbf\xab\x02\x869b\xdd02\x85\xb3BG\xb8\x97\x88\
\x01\xc8\x00\x09f$\xa1\xa4L\xc6[\x02$2\x1a$\
M\xb4B\xfc\xf4\x99\xd9\xa7O^\xf8\xc8_|\xde\xde\
\x92\x08\xd8\xb9uz\xef\xd5\xbb\xf6\xef\xbd\xfa\xe8\xa1\x03\
\x87\x8f\xdcx\xc3\x81\xfd\xb7\xbf\xfc\xeed|Z\x88\x96\
\x06unq\xf1\xcc\xf1S\x17O\x9d\xd5K\x0bs\x8b\
\x0b\x9d\xe5\x05\xdd]\x22\x9d!\x83\x14\x80\x02E\xaa\x84\
\x90\x02\x05\xb2\xd2\xd6w\xbc7K3\xd6k`\xa4\x0b\
\x06\x00\xc2G\xfd \x00\xf2\xaarv\xe0\x96\xda\xeb\x0e\
\xdc\xf7w8\x80_\xd3\xd8c\xa7\xa1W\x1aK\x83\x86\
\x90\x95\x93\x03\xce\xab\x08\x07\x16\xcf\x05\xa4\x87\xe5\xf1i\
e\x09\x11F]t\xad\xfe ._*\xe1E\x02\x88\
\xea\x5c\xdd\x16aK\x0e\x02V\x00y\xec\x97\xb4@\xa7\
\x0dz\x01\xd1\xcfp\xbat\x1cv^\x0ap\xc8D\xe1\
\x8c\x89\x10\xa3\xfd_\xcc1\x82\xf1\x05\xa2a&\x8b\xdc\
\x00\xc0\xd3,\x0e\x06\x10%J\xce\xcd\xcf=\xf2\x85\xb9\
/?\xfe\xf8\xa1\x83\xfb\xaf\xbf\xf6\xbam\xdbwa\xa2\
rV\x02X2(@\xf6\xf6\xb7\x10\x09\xdcJIH\
\xc0\x13\x91\xee]\x05\xc1\xdc\xf6T]p.0\xbb\x03\
CE\x5c\x99bH\x94\xdfVq\xc0V\x9bz\xa4E\
\xaf\xdc\xbdQ\x15\xdc\x1f\xb7\xc5c\xbd\xca \x80L\xd2\
\xf3g\xcf\xce\xce\xcea\x88#\xbfq\xa9>\xc5\xc0\xad\
?\xbe}\x04I\xabu\xee\xdc\xa9\xaf>\xf6\xc4\xcb_\
y\xdb\xb9\x8b\x17\x12)6ML\xee\xb9z\xcf\xf1\x93\
'z\xfd~Q\x88W\xf8\x0c\xa3\xcb\x00\x08\xc4\xf3\xa7\
\xcf\xee\xda\xbd\xeb\xa6\x1d\xdbS\xa1\xdacc\x069\xcb\
2\xd2Zk\xa3\xc9\x8d\x99L\xe7D\x00\xd8\xe9vz\
\xb6@\xd2d\x91`\x18|\xe1\x18\x11\xb41\x00\xbc\xbc\
\xb8811\xb1{\xf7\x1e\x88x{f6\xda$\x89\
z\xff\x1f\xff\xf1O\xfd\xc4ONo\xd9\xd4Y\xe91\
\xc0}\xf7\xdd\xb7g\xe7\xee\x8ct\x80\x82\x950\x12q\
\x8c\xc1X\x17\xd4\x9e\x81(\xa6| \x09mN\x8c\xdc\
\xc9\x80G\x86\xf1\xa7\xaa\xf2\xd9jd\x90\x06}4\x07\
\xbf\xa0\x22\xe6\xc4\xfa$\xb3:\xd7\xb7\xb1#\xaa\xf1\xe7\
(\xb7\x8c\x9e\x86\xf4\x18\xd7\xa8\xcb\x0a\x891\xf0\xa1\x03\
B\xc6\x17\x85`\xb5\x90\xf5u\xdc:\xc9\xb4\xb5w\xd6\
\xfa\x05\xf7rc\xd7\x9d.\x119\x0c\xbf\xbd\x22\x1a}\
3]\xb1\xb4\xe1\x1f#\x18\xb0\xdc\x0d\xcfi\xd3\xda\x18\
\xc2A\xf0`M\x10n\xad9\xb1\xa6\xbe8\xa8\x02C\
r\x0e\xa9@qW\xb0p\x8b2\xd8\x8fS0\x1d\x8c\
\x0b\x1f\x84\xf4F\xacC\xe3\x8dM\xfb\xdf\xdcxK\xe5\
\xf6\xfa\xf7\xa3\xbe\xab\x1a\xb6\x87\x07\x15U\xd7}\x82\xda\
'\xd6^\xad\xb3\x88\xe1\xfb!\x9c\xb2\x9d\xfb?\x02\x1a\
\xcb\x090:\xff\x10\x0c\xde\x05ga4\x84\x80\xde\xde\
\xa5\x0c\xde\xa0\xf8P\xf0\x00\x0d\xd5:u\xd9\xb8y\xcf\
M\x0a\x93\x9e\x92@\x8b3\x1a1$\x22\x03\x83p\x0d\
\x22\xeb\xb3\xcf\x80ab\xcb\x80\xb4\x99!MQ\x08@\
\x00\x14\xccl\xb4>3\xd7=y\xf1\x99\xcf<\xf6t\
\xa8\xd5\x98\x12\xbb\xb6m\xde\xbb{\xe7\x81C\x07\x0e\x5c\
{t\xf7\x81Cw]\xbfc\xc7\xb6\xa3\xe3\x13[\x12\
5\xde\xe9\xe9\x13g\xcf\x9e\xbdpa~~~n~\
q~\xeeBwa\xa6\xb3\xdc7fYZ\x16H\xa2\
\x94RI\x91\x08\xc5\xce\x99)\x08p\xca\x91V\xa5\x18\
\x18\x88\xd8\xb0\x006\x00(\x18\x11\x0d\x00\x138\x85Y\
r*mE_G\x1d\x1c\xd1\xc8\x10+\xe9a\xf8\xc7\
\x0b\x97\x9e\xed\x89vO\xbck\x9cB\x154\x9e\x5c1\
\x5c\xf7\xd3\xcdus\x81+\xb0\x8c\x0d\xd0\xb3z\xae\xef\
\x91}U\x9cP\xc2LX!\x15\xc1m\xc8\xfa!`\
wg+`o\xc8<*op\x10x\xd2\x0c\x00\x98\
|D\x03\x80\xa0\xbb\xe9b\xe0y\xa3\xb5p\x1cE\x99\
\xf0-\x8e\xec#\x1d\xbc\xf3\xea\xa8@\x05\x0dH\x05\x5c\
\xd4.\x04&\xb1!wD\xa4m\x08Q.\x02u\x82\
d\x22\x81\xbe\x04\xc3\xccB \x0ad!\x0d\x113)\
%\x11\x851\xe6\xc9\xa7\x9f{\xfe\xb9\xe7\x0f\xec\xdbs\
\xddM7\xee\xd9\xb7obbS\xde\xd7F\x1b\x14\x0c\
@\x82\x11=\x7f\xe7\xd8=!Az\x0f\xab\x10\xa35\
\x0c\x91c<\xf5\xe7\xa5\x1e\x8c\xe6u1\xc4\xa2U\x02\
\xfd\x8c\xf7\x03#\xe0\x1ftxR8\x92\x1e\xc8\xbfH\
\xcb\x82\x12\x00\xb2\xdd\x0a\x88\x82(\xf8:1\x12G}\
L\x85\xfa\x15\xb3\x01hI<u\xecyM,\x94\xb0\
^LGI\x8d\x0c97m\xeb\x0e\x80\x16\xcc\x9e\xbb\
gCc\xe3\x93_~\xfc\xb1\x1d\xbbw\xee\xdc\xbb\xe7\
\xc2\xec\x9cB96\xde\xde\xb9c\xe7\x993gr\xe8\
\x13\x81$\xa1\xd9\xd8Q.\xd8\x00\x22\xa3\x14\x12\xf3n\
\x17\x15\xde}\xdf\xbd\x029\xefe\xbd~\xaf\x9b\xf5\x11\
\x99\x94\x98LR@\xc9\xc0\xdd~\x7fy\xa531i\
\x16\xe7\xe7\xfb\xc60iA\xc6 :\xafG\xf5\xa8\xb9\
D`Hs\xde\xedu\xff\x7f\xff\xd7\xbfh\xb5SC\
$\x85\xb4#Tk\x9d$\xc9g?\xfb\xd9\x7f\xfa\x8f\
~4g29\xf5\xb3\xde=w\xdd}\xcbM7k\
2J\xd9\xc8\xf3B\x08!\x85\x90h\x03\xcf\x97\x82\xce\
\xc7&\x85\x16\xf5\x05\x88X\xf7%\x83\xe5P\x13\x10\xe1\
\xc6F\x10\x08M\x9f\x80\xf8\xfcpdX\x01\x99\xbcF\
\xfd\xcc\xf5]\x1a\xe5\xc6:\x00[\xd3\x10]S\x86A\
\x88zx\x9e\xe0\x888\x06|q0\x1b\xffAmz\
\xa4(\x15\x02\x9e\xc0\xaf\x16\xb2\x11\xfd9\xfc\xaeQ\xe6\
?\x22zY&\x18\xbe_\x89\xb4\xd6\x010zi\x97\
\x9e\xedr\xa7F\x85\xdb\x97H\xdd\x1a\xeb\xb911\x09\
/\xa1\x02\xd5\xf3\x97\x06/\xd7\x1c\x87pc\x1as\xf9\
\x95K\x99\x87m\xca\x0cBqV\xed\x09.\xb9z\x8d\
R\xe6\xa5\xb7\xba\xac\x8cT\xd2\xebk\xa4\xfe\x06\xad\xf8\
q\x02\x00!D@\xbc\xf6dl\xb6ToEpm\
7\xa8E\x15\xde\xd5.\xac\xee\x8a\xa7\x1c\x0a\xf9\x91K\
\x1f\x93j\x99\x11Hk\x04\xfc\x18)\xfbU\xe0_C\
e\x9a\xeaY\x80\x1fof\x187\x19=tu3_\
\x80\x03.\xccB\x04\x92\x0b\x09,\x93C\x9e\xfd\xc24\
Id+\xf5\xae\xe0e\xaeM\x96e/\x9c[|\xe1\
\xec\xec'\xbe\xf45\x80\x0f\xda\xc7N\xa4b\xc7\xe6\xcd\
;wl\xdb\xb3\x7f\xcf\xa1#\xd7\xec=p\xe8\xd0\xd5\
\xfbn\xbb\xe5\x86\xf1\xcd\x9b\x8ch]\x9c\xef/-\xcf\
d\x8bK+K\xcb\x0b\xcb\x9d\x85\xb9\xd9\xd9\x0bg\x96\
\x97\x97t\x96Im\x18\x19\x04I\x04%\x85\x12\xd6{\
\x0d*\x94\x0c@B\xfah\xeb\x92\x18\x04\x11\x10{\xc7\
\x17\xec\xd4fc\xa8\xed\xfb\xa3\xd6Ga\xcdCd\x14\
\x22\x8c\xb4@N\xba\xfec\x80X3fP\x9f\xfb \
\x94\x91\xd7\xfe\xa0\x96\x09Nb\xa8\x016\xf2\x90\xa0\x1c\
\xe4\xdc\x86u\xf0\x83)Ly\x8c\x9aeu\xbf\xa1&\
i\x0d\xc2\x81\xc5\x90\x00\xe3\x19+\x8f\xb9\x1d\xfc+O\
\xe7\xe8\xb4\x83\x8f\x9e5\xf4y\xdc\xaf\x12Lt\x98\x0f\
\x82Ma\x08|\x11\xa0.\x93\xf1\xcc \x18\x1b\xb6\xdc\
\x1826\x0e\x85\x05\x89\xde\xbb)\x11\xa9\x82r$c\
r\xad\x8d1V\x5c\xd7\xc60\xb3@\x12\x02\xc7\xda-\
\x00x\xe6\xc5\x93\xcf\x1f;\xb9g\xe7\xf6\x1b\xaf;\xb2\
\xef\x9ak\xc76o5\x0c\xa4\xb5f\x90\x08\x82\x0d\xfb\
q`\x98\xa4\x10J*\xa7;Z\xccZ7s1(\
\x85\x06\xcf.l\xb9\xd7\xe6\xc9\xe8z\x0c\x0b6\x92\x9b\
uf\xbcz\xb0\xdf1\x0aRfX!8\x0a\xba\x89\
\xe1\x05\x95\xf0:\x03\xa2L\x94D\x91(\xc9lN\x9f\
:\x09\xe0\xb4\xc17<5.\xb6\xe0\x97>\xa7u\x0c\
\x12\x10>\xfd\xa9O\xbd\xe5mo\xebK<'`;\
\x5c\xd5j\xb5\xb6o\xdbz\xee\xfcY[i\x14\x02\x98\
\x80l9\x08\xc0\x865\x1b~\xd3\x83o\xeai37\
;\xdbYZ\xe9t\xbb\xed\xbc\xcf\x00I\x92\x10@\xb7\
\xd7\x1do\xb5\x0f\x1f<t\xdb\xed\xb7MOM\xfd\xdb\
\x1f\xfb\xf1s\xb3\xf3\x88n\x9f\x01\xca\xbes\x88\x88\x98\
\x8c\xd6@\xc4\xda,,.\xfc\xdd\x1f\xf9\x91\xd7\xbd\xe1\
\xf5\x86HZ\xeb\x09\x04\xa3M\x92$O?\xf9\xd4\x8f\
\xfc\xf0\xdf\x9b\x9d\x9fK'\xc6\xbaK\xcb\x87\x0e\x1e|\
\xddk_\x87\x88(\xb0\x0c\xfcd\x9cb\xa72\x81\x00\
\x8cyB\xf0`/\x9c\xb7\x9d\x16xB\x88\xe2\xcbc\
\xd9\xd9U\xe3\xd6^\xe5-Tv\xf4\x86\xbc\xa9Q\xde\
\xe6\x86\x0f\x8fo\x88bGx\xf0\xb0\xd3\x1bU\xa7\xcb\
\x81\x06\xd7W\xb9K!\xf9\xd6T\xcf\x97 \xf8\xb9b\
\x89\xbfA\x9a\xce\xf0u\xd6\x01\xbeLh\x10\x06\x01\xc2\
!\xacW\xfd\xe7\xaa\x95\x18r/\x0eVJ\x1c\xce:\
\xaeZC@\x17\x19\xdc\x1d7A\xb2X8\x03\xef[\
b\xc8\x84\x1c\x821B!\x15\xe8\x12~\x06\xbd\xd3\x0a\
\xd0\x1a\x02WB\x86\xf8s^\x07E\xf5m\xe9\xc6M\
\xd0F\xc5\x98z{+|N\xbd\xd5\xe1\x96\x8a\xcdU\
\x19\x04F\x05\xba]}\xc7\x13B\x14^/t\x05\x22\
\xf2\x00)\xad\xbe}[g\x9c\xea\x7f\xeb\x1d;\xe8\xdd\
\x15\x84X\xd3]\x95\x9aT\xcf\xf8\xa2\x01\xc0\xba\x07\xe4\
\xc2\xdc\x05\x01\xd8\x18\xd2.6\xb4\x10B$J\xb6\x12\
io`\x06b6dV\x8c~\xfe\xc2\xec\xf3\xe7g\
\xe1\x89\xa7\x83Q\xe2D*\xb6n\xbfj\xd7\xce]{\
v\xef\xda\xb3s\xfb\xee]\xbb\xb6\xef\xdc~\xe8\xc0\xbe\
M\xb7_\x0f\xed\xf1>b\xb7\xd7\xebvz\xf3\x8b\xcb\
+K\xdd\xe5\xf9\xf9\xa5\xd9\xb9\xe5\xf9\xc5\xe5\xc5\x85<\
\xeb\x92\xce\x8d1dr\x8b.$\x92D\x90\xce\xe1#\
\x0b\xcf\xe0\x18\xe6\xc8\x84\xdd\xdbr\xa1\xdb\xf9e\xe74\
\x84\x11\x05{k?G\xf4z@\x1c`\xa0\xef\xe2\xe0\
:2\xd0HA\xaa\xf7\x83\x22\xfc\x17\xceY\x10\xca\x1c\
wpI\xd9\xd3J\xc9\x9eO\xb2\x97K\xb3 \xfc#\
\xa0\xfe\x86F\x5c \xab\x80\x90\x19P\xd9\x1e\x88T\x1b\
K\x9f\x81\x02\x97Dg*\xebL1\xc2}G\x95\xa1\
\x91SV%K\x9c\xbb\x90\x15\x06\x1c\x1bI\xde\xc1&\
Z\xf0gM\xc1\xc8\x18c\x0c\xb11\xc6h\xad\x1d@\
4\xa6\xe0\x18\x89\x88(\xcb\xb2<\xcf\x99P\xaaD\x08\
)\x950&\xcfr\xadPL%mH\xc4\xa9\x8b3\
\xc7\xcf]\xd8\xf4\xe8\x97\xaf=|\xf0\xda\x1bn\xdc\xb6\
\xf3j\xc4D\x1bM\xc0\x22\x06\xd5\xcc\xcc,\xa54\xc6\
\xc4z\xd4\xd1\x16\x7f4\x8fb\xab9\xdb\x99\xf6\x8d!\
 \x0d#m\xbc\x16i4(\x9dr\x00#\xa23\xe8\
u^j\x19\x1dv\xf6\xfeE\x09\xd9\x11\xae`}\xa2\
\xa4\x89\x8d\x89.\xd3$%\xc3\x94\xeb^\x96}\xf1\xd1\
G\xcf]\xbc \xd6\xa8/Z'\xa0*\x03\x06\xa2\x0f\
\xc7\x10\x04b\x97&ct\x9a\xa6\xb3\xb33\x9f\xfe\xc4\
\xc7_\xfb\xba\xfb\x17\x97\x16\xa4\x94\xdb\xaf\xda:>6\
\xbee\xf3\x96\x0b\xb3s(\x10\xc9Xy\x03Q\x18\x22\
\x01\xb0\xb8\xb8p\xcbM\xb7^\x7f\xfd\xf5\xcf\x1f;.\
\x80'[-\x02X\xeet\x18\xc0\x00\xb7\xc7\xc6\xae=\
r\xf4\x9e;\xef:t\xf0\x90\xf5Sz\xf7\xddw\xfe\
\xbf\x7f\xf8Gl\xe780i\x0d~#\xcfs\x85\xda\
h\x8d\xcc\x17g.|\xe7;\xff\xfa\xf7}\xcf\xf7e\
F+\x1f\xe8F\x1b\xad\x94:~\xec\xc5\xbf\xf7w\xff\
\xce\xc9S'[\x13c&\xd7[\xb7ly\xf0Mo\
\x9a\x9a\x9a\xca\xfb\x99\x88\xd0\xa0\xb4\x9em\xcb\xc4`l\
I\x18p` \x00\xe3c\x9bb\x9e\x10j_\xb4\xca\
\xc7\xa8\xde\xcf\x83>|\xf5\xb70\xe8-\x0f*p\x1d\
i\x14D:\xe2\xa3\xd7\xcdC\x8e\x92\xe7r\x10G\xab\
\xf6\xfc\x88\x13o}\xad\xab\x08\x09%%\x17\x9f\xc4h\
r\xfc\xfa\xc6Cc\xb6\xb5\x8e\xc6\x01\x1bd\xebI\x1b\
R\xce\xd7\x1d\xa0~\xdd+\xd0\x986\xf05m`\x95\
.\xbd\x90\x06@x\x89\xe5\x0e\x87\x8e\x8d\xf0c\x83[\
\xce\xe0\xf6\x8c\xd7U\xf2\x9a\xde\xf4 hW\xef\x84\x18\
\xa8@Yd\x8cs6\xcaL\xf5]\xf6\xf0\x1d\x8de\
\x91\x18\xd0V\xd0\xe0\xa0\xf2\xe3OW\xcc\x16\x86\x9f\x95\
o[\xe5k\x17\xf7\x95_\x81\x91\x11\xd8R:\xa5\xb8\
p\x8eyu^\x10\xca<'\xb3\xf3\x09\x08\x0d\x0f\xe5\
2\x8b\xd8\xa0\x1e\xdd\xd8?C\xfa\xbcz\x15\xbc'\x0b\
,i\x85A\xed\x1bS\xd4\x999T.\xfe\xc48q\
\xd3r)\x08\xd6\x19#\x80g8\x5c\x9c\x01+\xea\x92\
\x00FD\xa9RP\x96U\xf1\xaa\x99\xc4=c\x8e\x9f\
\x9a9~\xea\x22\xc0\x13\xa1p\x090\x99\x8a\xab\xb6n\
\xd9\xb9{\xd7\xee]\xbb\xae\xde\xb7o\xfb\xce\xed\xdbw\
l\xdb{`w\xeb\xa6\xc3Ik2\x91(8\xd7\x86\
\xf2\x9c\xc9\x98\xbc\xd7[\x9c_XZ^^XXZ\
Z\xe9\xe6Z\xeb<\xcf,yd\x0c\x1b\xc3Fkm\
\x98\x8d1}b6\x04\xc4\x06\xc1\xc6@0\x00,\xac\
\xa5\x1dJ!,p#,\xa2\xd8\xb9\x16\x817;c\
 t}\x82 \x18\x80\x11\xbd\xd7\x10\xc4x\x88y\xeb\
2\x1f}\xdb\xbd\x14\xd7\x85\xe0\x87Q@\x9e1\x90\xf2\
\xda\x99\x9e\xb5\x0c@\xcb\xbf\x87\xe2\x95\x06z\xae:_\
\x85\xbb\x8b\xa3\xd7\xe7C\x991\x84A\xe8\x9a\xc9\x91\x91\
!z=I\xf4\x08\x9698Fa \xf6\x84\x95)\
\xb0\xa1+\x8a\xc0\xdb\x80\x86\x19\xe1\x98G\x8bf\xc0\xf6\
\x11\x10\x12[\xe8\xe7\xac\x18\x89\x98\x0dY\x1726p\
\x0a1\xb1!\x1f\xff\x90\x0c\x13\x19cr\xad\x89\xc9\x18\
{\x8dM\xbbe\x8c\xc95imt\x96\xe5yf\x9d\
\x8b\x1a6\x99\xc9%\xc9TJL\xd4\xcaJ\xf7\x91G\
\xbf\xf2\xc4W\x9f:r\xf8\xe0\xcbo\xb9e\xcb\xf6\x1d\
,\x13@\x01(,\xd1\xc7\xc0D$\xa5L\x92Dk\
]\x00\xe6bZyf\x99\xb9\xa0\xfd\x8b\x8eD\xe7u\
\xc6\xdab\xfaI\xe36Y\xe3\xb7\xe7;\xa4\x08\x13\xed\
\xdc\xf9\x10BxW\xd6z\xd6\xc5\x1e\x0c\x1c\xb7\x942\
Q\x89T\x88\x08\x88\x22\xef\xf7W\x96\x96\xe6\xe7\xe6\xce\
]\xb8p\xfe\xfc\xcc\xe2\xc2\xc2J\xa7\xd3\xcb\xfa(\xc4\
\xba>\x0b\xa5\xe9__\x16*\xab\xa8\x0d\xab\x10v\xcd\
*\x10\xd4\x183\xbdi\xea\xc5\x17\x8f}\xe1\x91\xcf\xdf\
v\xd7]\x0b\xcb\xcb\x08p\xf5\xf6\x1d\xdb\xb6l\xcet\
\xbe\xb0\xb8\x8cB2iD&&\xbb\xa9\xa4dr\xe7\
\x9dw c;M\x96Ik\xcesc\xa6\xa6'\x0f\
\x1f>|\xe4\xda\xa3G\xae9:=9mkb\xb4\
\x11B\x1c\xba\xe6H\x92\xb6 I\x99\x97\xed\xc6\x133\
\x1b\xc72\x931F\xa0A\xe0\xf9\x85\xf9o\xff\xae\xef\
\xfa\x07\xff\xe0\x1f\x10s\x22\xa4}uFk\xa5\xd4\xe9\
S\xa7\xff\xc6\xf7\x7f\xffc\x8f?>\xb5yS\x96e\
L\xfc\xea\xfb^\xbd\xe7\xea\xab\x8d\xd6\xe8\xd4C\xa5\x92\
JJ\xa77\x8aP\xf2\x19S!\x0c\xd1\xeb\x8bJ!\
\x9cf\xa8\x14v\xb5\xb4\xd4_)\x06\xbdO\x15\xec7\
\x04h5\xfe\xac\xbc\x94\xfa\xc7\xe2R\xf8\xc3Ai8\
\x22\xbd\x92i\xa3\xb8\xb5\xc6\x8e\x8aF\x7f\xa1G9J\
\x7f\x16J\xffa\xb7p]L\xcb\xaa\xf5\x0f[Q\xd5\
\xe6\x8c\xf6<\xf6\x19/\x8b.\xc1\xc0J_\xc9\x87\xbd\
$R\x10\x82#\xe7b\x7f\xf9\xd3\xe5\x18T\x1b\x82\x06\
\xa1\x0e\x08W\xa5\xfe\xd6D\xdc\xd5Kk,\x7fU\xf6\
o\xf4\x8e\xa8\xfa+X{\x0f6B\x88u\xa7\xc6O\
Q\xfdR\xbdV\xf5\xab\x15q\xa4.\x9dT\xf0a\x85\
\x15\x0c\x07V@q\x8c\x96\xc7f\x01aZ4X\xaf\
yE\xee\xa9T\xbb0P\xf1\x9fo@F.\x85i\
\x86\x9a\x12o\xb5\x8d^X\x8c\xfb\x8a\x83\x04\xc9\xcd\x88\
n8F\x1d\x84\x09K\xd5(:\x7fp\xddj\x9a`\
\x81\xcd\x8ai+\xb0\x9e\x15\xedvDyP\x17\xcfr\
>M\xd1\xfd\x07\xeeT<t\xad5Nxu\xf6~\
\x22^a^:\xbf\xf0\xc2\x99\x19\x80\xaf\xc4\xf5O$\
L\x8f%\x9b7MOo\xda\xb4u\xcb\xe6\xad[\xb6\
Lo\x9a\x9e\x9e\x9e\x9a\x18\x9f\x1c\xdft\xd5\xe6\xb1\x89\
\xcd\x13[d\x92\x08%\xd34\x15\x02\x95R\x80B\x13\
\xa5J)\x94,\x12Fa@\xf4\x895\x19f0\x8c\
\xb9\xe1\x5c\xe7y\xde'\x9de\xb9\x01F6F\xeb\x5c\
S\xce\x86\xc0\x18\x22ci*2\xe4\x10&\x11\x1bc\
<Za\xf2\xfe\x0d\x99\x90\xb4\x95M\x91\xb5\xe5w|\
\xaf\xa0\x7f\xf5\x80\x00\xd2z\xf7d \x10\xc0\x04\xc8\x02\
A\xd8\x80\xa2\xcc\x12\x99\x052x\xa5\xd5\x08\xbf\x81\xef\
F\xf6fyvN\xd8\xa0\x1d\x08\xe0\xc3X#\xa3\x14\
\x16\x8bxw\x97\x22\x02\xace\xb2A8\xed\xc6\x22\xde\
\xb5\x0fkQ\x0cXoE\x18\x16\x1f\x00S\x8c\x1c\x0a\
\xef?@[p\xd1\x18\x83n*8L\xe8\xba\xaa\xc1\
\xc7/3\x18c\x88\x8c1d\x8c!fm\x9cpo\
A\xa0\xa5\x09\x99\x89\x0dY\xde\xd0\x90!\xd2h\xc7\x15\
QN&3\xdad\x99\xd6:\xcbu?\xcf\xb3\xdc\x18\
\xcd($2ts~\xfc\xc9g\x9f{\xee\xf85\x87\
\x0e\x5cw\xc3\xf5;w_\x9d\xa4m\x02i\x85\x22\x04\
\xe7\xe6D)\xa5\xb5\x8e\x87?\xfb\xde(\xea\x1c\xcdb\
?\xf9\x19\xc0\x1br\xda\x0d\x83\x00\xee\x03\x0f\x08.P\
D\xb0\xc9\xb4;)\x0e\xd33\x0bDf2 A(\
\x81\x22\x91\x90(\xf7\x5cC9\x19ZX\xba\xb843\
??77?7wavnaq\xa9\x9f\xe5%\
\xcbo\xc4\xd1\xa3MT\xd2p(RY\x8e\x06-\x1a\
\xa1\x10\xa3\xf5\xf8\xe4\xc4W\xbf\xf6d{l\xf2\xa6[\
_\xbe\xb8\xbc,\x05\xee\xdd\xb5s\xe7\xf6\xedY\xa6\xfb\
\xfd\x0c\x84`\xd2\x80,\x04t:\xfd\xdbn\xbbs\xcb\
\x96\xe9\xaf}\xf9\x09M\xb4}\xdb\xb6\xa3[\xaf\xbbz\
\xef\xfeC\x87\x0em\x9e\xde\xec\x06\x19\x11\x00\x0a\x01R\
\x0a\x00\xd8\xb1c\xdb\xe2\xfc\x5c/\xd3\xc0\x9cg\xc6\x93\
\xca\xc6\xaf\xe1\xcc\x08\xf3\x8b\x8b\x0f\xbf\xed[\xfe\xe1\x8f\
\xfec&\xab\x0d\xe0\xd0\xa0T\xea\xd4\xc9S\x7f\xed;\
\xbe\xe3\x0b_\xf8\xc2\xc4\xa6\xa9\x95\xce\x8a1\xe6\xae\xbb\
\xee\xba\xfe\x86\x1b\x8c1B\x0a\x06\xb0(\xd0\x99\x0e\xa2\
\x906\xda\x84\x902QV\x9b\xd4\x12\x87\x01\x07\x16<\
\xa1w1\x83\x11 \x8c?L\x00%\xc0V\xdf\xdc\x0c\
\xe7+\x1d>\x84/j\xcc0\x9c_\xaa\xa7f\xf2'\
\xb0\xe8\xb8z\x09#>h\xd5<k\xa2\xa1\xd6\x9am\
U~\xb2\xda\x8d\xe0-\x00q\xf5\x02C\xa7\xb1\x1fo\
\x15\xdepC\x88\xb8U\xd4\x0e\x87\xea\x8c\x94\xef]\xdb\
Zq\x89\xbb\x00\xe1\xebr)\x85|c%F\xbf\xa5\
W\x8c\x83\x97\xc0V\xca\xe5o\xf5\xc6\xde\xbbQP\xd0\
\xa6\xd5\x9d\xca\x8c\xce\x98\xad\x1b\xd7\xe1`=\xbd5=\
qx\xb6\xe1\x5c\xdc\xaaH\xf8RR\x05P\xad\xbbi\
u\x122|\x14\x03\x1a\x04\xffq\x8d\xc1\xa1\xfdic\
\xa6\xc5@q\x10\x86\x0c\xd9\xecG:\x18\x0d\xd6\xab7\
P\xc1\x120&`\x0a\xf1\xbd\xac\x99\xe9\xc8%oU\
\xd8TNq\x1eW\xd3\xe7\x0cR\xc2 \xe6\xb6\x92\x1f\
\xab\xea\xb8\x10\xb3\x91U\x0e\xb3|\x92+\x0d\x89\xb3E\
\x91\xd6\x9a\xdeis[\xb9\x809\x05\xd0((1\xf0\
\x1a\x9d\x02S\x99\xa6Ja\x92\xa0\x00\xa0\x1cI\xae\xf4\
\xb2\x99\xae\xbe\xb8<\x03\xa7f\x86\x0c*\x89\xd0\x92\x22\
I\x924M\xa4RJ\x8av\xab5>66\xdeN\
\x934m\xb7\xdb\xaa\x95\xa8\xb4%\x92t\xa2\xd5\x9eh\
\xa5\xa8T\x92\xaa\xb4\x95&\xaa\xadT+\x11\xaa-\x11\
\x15\xa2Je\xa2R\xa5\xd2t,m\xa5J))\x05\
\x0b\x14(\x12)\xad\x88(P\x00*\x10\x09JD!\
\xad\xd2,Z\x95Ta\xc7\x95\x0d\xc6\x08\xc0Ll<\
\xa1\xe7^\x1f\x81\x8d\xaa\x80\x80\x92P\x10\x19\xabA\xa9\
\x8d\xc5\x9d\x96\x1f\xf3\x11\xdb\x18\xd8y^\x8dc\xfd\x01\
\xb2\x06\xe7\x89$\xb8\xf4d \xcd6\xfc\xa4\x8f\xf7\xc0\
\x04\xc8@l\xd5\x11\x9d\xba\x91\xe7\x1b\xdd3\x88|4\
7f\x00\x07\x95\xd0\xc6\x07\xf7\x8f\x06\x17%\xc2\x8a\xde\
D\xc4H\xc6\x1eY/J\x14\xedj \x04a\xca\xbd\
k$\x06\x00M\xf6\xeeH\xc5\x14\x05\xd8\xf6\xb2\x83\xd8\
\xec<\xcd\xb2!B\x02\xc7\xfc0\x19&\xb0\x9a\xa5\xc6\
\x18m\xb2\x5c\xe7\xd47Z\x936h\x8cE\x8e\xb9\xd1\
\xb6\x94,\xcfV\xba\xf9\xca\xcaJ\xaf\xdb5yNF\
\xf4u\xf6\x95\xa7\x9f9~\xfc\xd8\xd1#\xd7\x5c\x7f\xfd\
\xf5\x9b\xb7n\x97i\x1bPZ\x9ck\x17\x10\xa5\x9c=\
a\xc9\x13L4\x86\xc3k\xf4M4\x0e\x0e\x92\xeb[\
\xb7 \x14\xc6~\xdev\x94\x99\xed~\x0a\x81\x0b\x0e\x8a\
\x02\x05\x0a\x81B\xa1\x14B\x22&\x00\xba\xdf\xebt\x97\
\x16\xe7V\xe6\xe6\x16\xe6\xe6\xe6\x96\x96W\xe6;++\
\xcb+K\x8bK\xb9\x0e\x00\x10\x85\x10(\x95`\x87v\
\x1c\x1c\xbad\xb9\xad\xb2\x07WW\xa0\x88\xe7r=\xbf\
_1\x80\x0c\xb7\xc7Z_\xfa\xd2\xe7\xc7\xc6\xda\x87\xaf\
=za~A\xaa\xf4\xea\xdd\xbbv\xef\xdcy\xea\xf4\
\xa9\x1c\x84\xd6\x92\x0c\xb1\xd1\xbd^~\xe7\xddwOo\
\xde|\xe3-\xb7\xec\xdd\xbfo\xeb\xb6mR\xa6qo\
c\x14\x97\xcf>\xe8\xe8\xd1#\x00\xb48?\xb7eL\
u:};<\xb4\xd6\x04\xac\xa4\x04\xc0\xd9\x85\xc5\xb7\
\xbe\xf5m\xff\xe8\x1f\xfe\xa8\x83\xea\x88\xe0c\x1b\xbex\
\xec\xb9\xef\xfa\xce\xef\xfd\xc2\x17\xbf89=e\x8cY\
^^\xbe\xf1\xa6\x1b\xef\xb9\xfb\x1e\x81(\x94\x14B\x00\
{ \xe7\xd9\xc0\xe0kTI)T\x89\x1b\xac\xf2\x84\
(\x84\x0d(\x18\x05\xa0\x07o1X\xe9\xc6x{\xa6\
\xbe\xce\xc7?\xeb\xa9\xfe\x82\x06\xa5\x11\xe1Y\xa3\x8aJ\
qf\xa0C\xcdQk\xb2!Xh}iH'\x0f\
'<q\xdd\xb8\x1a\x1b\xcaZ\xd5(\xebR\x18\xdd!\
\xf7\x0e\x92\x0d.\xa5\x03\xd7QNy?}\x03\xd2\x86\
\xd0\xd4\x97\x9b\xeb\xc6H\x93\xef\xa5\xc0\xab\xffUK\xf5\
>_s\x1c\xc2\xcb\x91.\x1d)\x15W\xe39\x85\xcd\
[.\xa3<n\xd5O\xce%\xb6\x22NC8.(\
\xd3\x5cqf\x8b\xe5*\xab\xf6(`/\xce\x10k\x87\
6b\xc2\xca\x8el\x5c\xa5\xb8n1\xbe\xb2\xf9\x89(\
\xd2\xf8,\xb4\xf3\x02\x0a\xacpk^i\xac\xf4\xf9l\
l8\x0e\xa5\x01\x87C\xc1\x8a<Q}\x0b\x00\x00\xcd\
\x92\xdc\x90\xa2\xaa\xf9\xbd\xbf\x16\x0cBq\xc3\xc3J\x90\
\xb0@\xd7\x85\x02c\x9c\xd7}Dm8pc\x0c\x01\
vsC\xfd\xbe!#\xacoSD\x1b\x08\x8c\x19\x84\
\xa5\xb5P\x82uh\xc1\x08\xd6\x8f\x0632\xf4\x81z\
\xb9\x81\xcc8\xf2\x95h\x940!\x12A HD%\
D\xa2\xa4J\x14\x22*)\xa4\x14J%^\xea\x03k\
M$\xa5\x14\x12\x95\x92J\xcaD&BI)\x95J\
\x12e%G\xa5\x94TJ)\x99HiOH\x85R\
*\xa9\x0aAS\x08\x94BH\xa5T\xe2\xfeSJJ\
\x99\x08Di\xad1S%\x13!\x85\x14R\x0aiK\
K\x94T*I\x92V\x9a\xca$I\x94\x94\x22M\x84\
\x92RHF\x00)\x1d\x19\x8b\x82Q\x00\x08\x86\xc4\xda\
=2\x82\xf1C\x95\xbc_\x17\x87\xc6\xd9\xb0U\xa1\xf5\
\xf8\x14\x00\x85\x0f\xcb\x0e\x88\xc8\xde\x9b%\xba\xb1\x8d\x80\
\x84\xd2N*\x8f/\x19\x89l\x04\x00\x22f\xe7\x15\x86\
\x01\x88\xed4!\x16\xf6~\x22\xab\x17\x0a\x88\x08\xca\xef\
nP\xd8\xd4\xb2\xda5l\x91*\xb35C%\x87j\
\x81\x08|]\x9d\x87#\x03D\xc6\xe8,\xcf\xfaY\x96\
e\xbd,\xcb\x8c\xeeg\xfd\xac\xdf\xeb\xf7\xba\xbd~\xbf\
\xdf\xedvW:+\xcb+\xf3\xf3\xf3s\xf3\x0b\xcb\xdd\
\xceJ\xbf\xf3\xdc\xdc\xe2\xfcW\x9f\xda\xbfcf\xeb\xd6\
m[\xb6nm\xb7\xc7mM\xb4\xd6V\xf27FG\
kT\xe0\xfb\x90\xc3\x0cg\xc1V\xeb\x17b\x97\xafn\
\x8e\x07\x1f0\x14zQ\xa0\x10\xb6\x01\x98\xb4\xd2TI\
\xdb-Y\x96\xad\xac,\xcf\xcf_\x5cY\x5c\xea\xaet\
\x96\x16\x17gf..-\xad\xf4\xfa}\x02\xd0\x86<\
\xa3.\x000M\x12@0\xc6\x12\xb4\xec\xf7z\xb0\xbe\
\x9fu\x99R\xd8y\x0cj\xa2\x95U\xc2\xcdg\x16D\
,\x90U*?\xf7\xb9\xcfH)w\xed\xdbw\xfa\xdc\
\xf9$I\xae\xde\xb1m\xf7\xae\x9d'O\x9df\x14B\
\xe2\xcc\xcc\x85[_q\xdb]w\xde%D@M\xf6\
\xb5\x97\x96\xfaxQ2D\x07\x0f\x1ez\xfd\xfd\xf7\x9f\
=\x7fq\xec\xaa\x1ds\xf3\xcb\xd6\xc4\xd4\xae\xba\xcb\xdd\
\x0e\x13\xfd\xd0\x0f\xfd\xd0\xf7\x7f\xdf\xf7[G\xad\xe1\xcd\
&I\xf2\xe4\xd7\xbe\xf2\xce\xef\xfd\xde\xaf|\xe5\xc9\xa9\
\xe9\xa9\x9c\xb41\xb4m\xdb\xb6\xd7\xbc\xfa5\xad4\xb5\
\xe4^@qq\x9c\x898\xda\x84\x83\x88V\x9f\xd4\xba\
\x96\x91R\x08\x01\x88J*\x11@\xa0@\xb4\x13\xc9/\
o\xb6\xc7\x86@\xc1\xb8\x8d\xc3\xdf\xc2\xaa4\xd7:R\
s9\xd1\xe6\xdd\x15\xab\xc9Z{c\xf44\xfa\xd6\xff\
\xc6\xb7\xe2r\xaa\x0b\xaeB\x19Vd\x86+\xae\xb8\xc8\
\xb8\xf1\x9e*\xbf!\xd0 \xfc\x15cD\x87\xa7+?\
\xfb\x1a\x1f\xb7: \x5c7}\xb7j\xfb\x1b{a\x88\
\x16e|Wc=\x9d\xe3\x16\x08@\xa3$_\x0f\xa2\
\x04\x87\xe8\x8e6\xb6}U\xc81\x08\xc2\x0d\xfaiA\
TE\x072\xd0\x5c\x8d\x05\x82\x17;\xc0\x9b\xa9\x04h\
\x17sz\xb1^hES4n\x88=YA\x8f\x15\
\xf5Q\x0b/\xa1\x0c\x95+x)4\xc4_uN\xf7\
\xd1\x11\x86\xc0\x00,b\x9b/o\xe5\xe5\x9c\xca\x14\x9e\
\xe8\x1b_A#\xf0\xabpt\x8do\xaa\xc2\xf5\xd5:\
3\xe8\xa7\x8d\x04&\xeb\xa8\xb2\xb4\x0d\xec\x8d\xa1P\x94\
\x5c\xa62\xc7*\xb3\x88\x08\xe0\xa1X\xe8d\x8e\xa2\x80\
\x01\x81\xb0u\xf0\xc24\x81q\xa2\xad@%$\x88\x84\
A\x81@\x0bU\x12\xa1\x84\x90\x00\xceX\xc8RL~\
K\xc4\xd3M\x08\x82A\x00Z_\xa9\x02\x10\xa5b`\
\x17\x86\x1d\xbd\xb1\x1f\x80\x09l\x19\x80\x0d\x84@\x00\x86\
\xa1o\x00\x8c\xe1\x9e.\x14y\x03\xb8E\xaf@\x84\x12\
P\xd8\xc3`\xc4o\xad)\x11Q\xa0\xf7\x1f\x08$\x10\
PHd\x96\x02\x81\x01\x85`\xcf\x15\xb0\x0b\x1b\x80\xc4\
\xc4\xc2\x07%t\xf5\x13J \x0a\x14BJd%\xc0\
j}\x0a\xe1\xfe\x91BZX)\x1ddURJ\x89\
`\xbd\xe2\xab\xe0\x01_\x80@!\x95\x14\x02\xa5@)\
\x95\x14\x98z\xf7\xf7*\x91\x16\x9e\x82\x14\xe8\x94\xddP\
H+\x0aK\x01\x16\x8d\x0aD!\xa5\x12\x02QJa\
I\x12!\x13K\x97H)%FB\xb2\x13\x9d\x13\xe1\
P,J\x0bu\x95\x92\xde\x09\x87rR5\x220h\
\x87<m\x03\x85@\x00\x81\x02\xa5@!\x90m\x85\xd0\
\xbf6\x85\x22\xb6\x9bfG\xbc\xa3\xb4\xde:\x84\x10\x88\
\x22\xc4l0.\xe0!\x0b@6\xa4\x89sC\x8bK\
\xcbK\xcb\x9d\x99\xd9\xb9\x0b3\x8b/\x9e8}\xf2\xc4\
\x8bKs\x17\xe7\xe7\x96&\xc7\xf5\xf8\xf8\xb8H\x140\
j&)QJ\x05\xa0\xfd2B\x8c\xc1\xc3\xaaE\xa6\
\xe8\x82iXhKL\xe8\x89%)S)\x12),\
Qf\xfc\xbcc6y\xb7\x0by\xde\xcfz\xe7\x16\x17\
N\x9e>\xbd\xb0\xb0\x98\xf5\xb3n\xb7\xdb\xe9tV:\
\xbd<\x0a\xfc#\x84\x04\x80D)\xc1&,\x94\x88\x90\
\xe59\x22\xb6\xd2\x14\x10\xb3,C\x5c\xb3^\xc6\xbaS\
e\x8b\xca\xae\xc9\xe1|iib\xff\x1f\xa1\x14\xd2\x08\
\xfd\xb9G>\xf3*\xa56m\xdf\xfe\xc2\x89\xe3R\xc9\
\x9d[\xb71\x88Sg\xce,\xce\xcel\xde4\xfd\xc3\
?\xfc\xc3J\x097\xa3\xb1\xa2\xd8\x5c\xaf\x07\x02\x13\x82\
z\xed}\xaf\xfe\x8f\xbf\xfak\x87\xf6\xef7d\x88\x18\
\xa5\xcc\xf2l~y\xe9\xc0\xfe\x03?\xf2\xc3\x7f\xef\xbe\
{\xee\x09\xab=3\xe7F\xa7I\xf2g\x7f\xf6'?\
\xf47\xff\xd6\xb9s\x17'\xa7\xa7\xf2<'m\xc6'\
\xc6\xdf\xf8\xc67\xee\xb8j+\xe5\x9a\xa5B\x14JI\
&\x0eH/D\xa2/\x90\xa1\xfd_9\x1a\xa152\
\x14J\x84\xdaK\xbf\x08X\xed\xc1\xe8\x93\xd1\xc08\x0d\
\x11\x95*\x1f\xa0K!\x8b\xd6\x94\xa7\xb4c;\xe0\xd2\
 \xea\x89\x9b\xbeq#\xd6d\xadR\xe3\xf0\xdb\x1bv\
+j\xf76\xbe\x91\xa8\xc4\x91z\xachl-\x17\x0e\
\xbew}o\xaa\xd9mLm\x0d\x88kR\x8c\x22\xae\
f\x1e\xa2\xe0\xb7j\x93\xe3\x17\x1dk\x17\xd7\xbb=\xf2\
\xee\xf6R\x01rWl\xfb\xec\xeb[\x87\x97Tb\x8e\
Lr\x87g\xbbl\xa9\x04\x08\xd7\xf1\xa4K\x87\x8b\xa3\
\xdf\xbe\x0a7\xb8\x16\xf5\xd1\x11k\xde\x884\x06\xdd\xb8\
*=\xd5X\xc9F\x8c\x0ae,\x17\x0a\x84\xb2\x22G\
\xc5\xfbh@\x831\xf0\x1b\xce\x13\x06\xf4X\xd1>B\
D\xeb\xb6>\xde\x5c\x8f\xc1a\x0c\xff\x1a\x16\xb8rC\
b\x0bC\xacq\x80\xa1\xc2\x95h\x16\x8d\xc5\xaeJ\x06\
V\xae\x8eB\x1e\x16q\x90\x22\x95\xd1U_e\xa3\x08\
R\x12\x14\x86\x8e\xae\xe0L\xa5|oU\xab\xadR\xa0\
{\xadD\xda\x10\x22\x02\x22\x19\xff\x22\xa0D\x83\x147\
\xd6\x80\xab\xf3N\x82\x9cG\xc3\xb0th\xb1[\xa1\xcc\
\x01\xe1_\xf4\x1a\xc0\x00\xe5k\xf6N\xb6\xfeC\x0c\xb0\
\xb1\xf0\x0d\x8b\xc7Z\x066\xb8\x18\x01\x060\x08H\x1a\
\x01\xc9\x84\x22\xb0\xf8\x9f\x05\x7f\x80R\xbb\xaf\xbcA[\
\x09\xce\x19\x81\x18\xd1X\x0ch\xcb#@\xe1\xdag\x10\
\xadO#?~\x8a\xb8\x11(\x98\x5c\xfd\x99\x00\x19Q\
@\x04g\xd0\xf7\x06\xa2pL\xae\x8d\xe6\xe8\xf0\xac\xf4\
%{\xd9\xdc\xfa\xd0\x11\x02\xdc\x9b\xf3\x98:(Dz\
\x19@\xb8&\x15.4\x84%&\x01\x00\x85-\x8e\xa3\
>\x0ds\xbbx\x94\x0f \x1f\x98\x1aDP\xb1\xb7\xc6\
\xf0\xaf\xd5\xc7E\x01\xc8BJ\xe1\xfd8\x22\x0a)@\
J\xb0\xe8Y\x01&R\x0a\x14\x89\x10J%(\x94a\
6\x86\x09\x04\xa0`\xa4v\x02\xda\xd0\xf2\xd2\xd2\xca\xf2\
r\xdan\x8fOL\xa8D1\x1b!\xa4J\x94\xd3\x8d\
e b\x09\xc0\x02\x01%\x00\x80@!-\xd0\x06\x04\
#\x01A8G\xa9\xb9\xd6&\xebw\xe7;+\x9dN\
?\xcb\xba\x9d\xce\xf2\xcar\xaf\xd7\x9f_X\xb8x\xe1\
\x22\x10\xe5:_\xeev\xc9o\xe1\xb9m,\x14JH\
\xfb\x0e\x0c\x91\xdd\xbf\xc8\xf3\xdc\x0e0\x14B)\x15f\
\x5c\xaeuX\xcd\x86O\xe1\xb5\xa6\xc6\xb5.N\xb1\xb7\
\xcc\xfa\xb6Qy\x86Y\xebG\x10B\x1a\xa3?\xfd\x99\
O\xddy\xefk7m\xbd\xea\xa9g^0\x08\xbb\xb6\
o\x9f\x1c\x9f879\xf5\xf6w\xbcc\xfb\xf6\x1d\xc6\
\x18\xe9]\x80\xaeRC\x04\x10H\x00w\xbf\xea\xde\x9f\
\xfd\xd9_<}\xf2l+m\xf7\xba\xbd\xf9\xc5\xc5\xf1\
\xc9\xc9\xef{\xe7\xf7\xbd\xf3\xbb\xbfg\xd3\xd4\x94]\xdb\
\x11\xd1h\x03\x08\xa9J\xfe\xdb\xff\xfc\xef\xff\xe4\x1f\xfd\
\xa3\xac\x9f\xb7\xda-kp\xd8j\xb5^w\xff\xeb\xae\
9|\x18\x10\x85R\x04\xccD\x96\xb5VNQT\x09\
!\x92$q\xec}\x92TB\xd5#\x16\xd1)\xecp\
\x0d\xea\xa9\x80.\x12-\xfa\x19\xd1\xf8\xbe\xea\x98dH\
\xaf\x8e\x82I\x06\x8d\x81A\xf0l\x08\xba\xab\x970\xe8\
\xde\xe1\xf5\x1c\x82\xb8\x1a\x87\xf1(7\xae\xa9\x8b\xe2O\
F\xe5s\xd9\x98\xbf\xfe\xdd\x5c5\x15\x95\xa9\xbcb\xaf\
\xc02\xa4'\x1b\xabQ\xaf\x9e\x0f#<R}\xec\xa7\
v\xa4\xdc5%\x9fQ\xb6\x1e\x06a\xe9\x11j\xb5\xca\
\x99\xcb\x9dF\xdfX\xb9\xc4\x14k\x8a6\xcaQWf\
#\xef%\x95^\x0a\x00\xb8\x00\x84\x95\x17\xf0\x12y\x1f\
\xab\xf2x\xa3\x973d\x81\x1eR\xf8\xf0=\xe6\xe1\x97\
\x10\x07\xf2\x87\xf5{cQ\xa3\x82\x03\x1b\xd9\xad s\
T\xa0 z6/`\xc2 WUR\xb0\xdc\x88\xa1\
`LT:\xa1\xc1#\xc3J\xb1q\xad\x9a\xbb\xd7\xef\
\xfe\x86[\xc83\x82P\xfe\xfc4\x22\xc0A\x1d\xd8\xf8\
B\xe3j\x0f*dPOz(\xc6\xb1*g\xe5\x1d\
\xe1\x00r\xb2^\xf9\xfa\xbbn\xcc\x80\xcd\x03\xcf\xb7\x09\
\x1b\x82a\x06\xe1\x09@Z\xb34F\x10\xe0\xba7\x8e\
\x13\x10\x8f[\xf7\xdc\xd0.\xcbS\x0a\x04\x1f?\xceW\
\xc7]\xf5>\x1ey\xd0\xe6h}\x00\xfb\x9f\x00\x00@\
\x5cD\x04\xf7\xa1D\x0a.\xb1(\xc5J\x02\xec/\xc7\
5Y}\xa6cQc\x8cBf\xb8\xda\x87\xd0\xc9N\
\x8b\xd3O\x14\xf0\x02\x89\x07m\xfev\x0c\x1b\x15( \
\xfa\x98\xdb\xba\x88PEGy\x22 \x08\xdf\x09\x00\xc0\
h\x0d\xa3$\x0a\xf74!\x1d\xe2\xf3P\x8d\x91\xc9=\
\x84\x0b\x9f\x0a6\xac\x22\xa2\xf0\x14\xae\xf0,+\x22\x02\
H\x7f\xb7cT\x99\x11@\xbaJ\x08\x000\xa1e\xc2\
\xc6\x88\x14\x12mDz\xfbt\xd6\x80\x08H\x00`\xdf\
\x8a\xb4\xd8UH\x17!Z\x80t0\xd4bMdf\
\x14.\xe6\x88\xedY)\xa5\x12BJ\x81\xfd\xeeRg\
\xb9\xddJ\x95RJ%\x13\x13\x93\xedv[k-,\
\xf0c d\xcd\x99\xd1\x9aQ\x9a\x1c\x17\xe7\xe6\xf2^\
\x17I\x9b,_\xe9u\xbb\xdd\xce\xc5\x0b\x17z\xbd^\
\xb7\xdb[^\xeevz\xdd\x92^\xb4\xeb}\x01\x80B\
%\x02\x91\xc8\xa0\x0b\xec\xc9\xe4c\xd5\xf81\x89!\x04\
(33p\x96ea\xc6\xc5\xa4\x5c8\xb3\xbe\xbd\xce\
!g*\x1by\xf1\xda\x126\xb6\xecO\x8b\xe5b\x88\
\x18\xdc)\x03\x03\x19\x10\x12\x8d\xce\x1e\xf9\xd4'^~\
\xc7\xedW]\xb5\xed\xb9g\x9e\x15\xcc\xad$\xdd\xbac\
\xe7\xb5\xd7\xdd\x00e\xdd\xfeU$Q\x06\x04\xd0:\xbf\
\xe6\xd0\xe1w\xbc\xfd[\xde\xf7\xfe?\xda\xb3\xffj\x03\
\xf9\xc3\x0f\xbd\xe1\xbb\xbe\xfb{\x0e\xec;d7\xf2\xac\
1\xb91F*\xb9\xd2\xe9\xfc\xf8\x8f\xfd\xd8\x7f\xf8\x85\
\xff\x90\xb6\xdb*M\xb5\xd1Zk)\xe4\xab^\xf5\xaa\
\xeb\xaf\xbb\x8e\x89eK\xa1D\xa1\xa4@\x04\xe2D%\
RHK\x0f&Ibq\xa0\x85\x85!\xda\x84\x85\x85\
\x18\x87\x9eG\x01\xc2\xcf1\xf4\x1d`G\xd8\x8073\
\xa4\xa5\xeb\x96\x9cV\xbdqD\x14\xd7xi\x1d\xf7\x0e\
\xcf|)\x08a8\xf6\x1b\xfe\xd0!x\xa6tr\x84\
)U)\x84\xcb\xe7\xfd\x8a\xb8\x9eNh\x947\x06\xda\
h4\xd5l\xb4l\xa3=zp\x93G\xcc\xf6R\x00\
\x03W\xac&\x05=\xd0\xd4\x9f\xeb\x83\xd3\xdfX\xe9\xa5\
\x00\xfe\x9b+v\xfa\xf4\xe9\xf0c\x10[5\xe8x\xf4\
K\xf1\xcf\xea\xb79H\x8d8\xf0\xaeU\xa9\xb6\xc6l\
\xf5'\xc6\x92A\xbd\xe6\x95K\xf5\x93C2\x0c*-\
\x0e?\x18\x97S\xb9\x0a^\xd1(\x96\xe6\xe3l< \
\x85\xe0c\xf6o\xf0-\xee\x02\x94\x99(X\x99\x0d_\
F\xa4]\xdc\x81\xe28\xbe1\x1c\x84\xb0\xd7\xf5\x83\xf8\
\xd1\xe18\xaev|\x09\xca\x7f\x1a\xf2\x93\xbfb\xfd\x88\
\xd4\x9a_ir\xdc\x9f\x95\x0c\x8d]]\xc9\xd6\xf0\x9a\
8\x84io\x18\x06\xf5\xe3\x98\x98]ex\x93\x7f.\
6d\xb6\x96T\x15T\xec2@\x83\x00\x1b\xc7[\x07\
\x1c6\xf5V=\x1f\xae5}\x927d+\x08\x07\x9d\
\x0e\x17Jx\x80\x87\xdf\x17pc\xa1c\x13\xdf\xc1N\
\x1f6d\xad=\x84+e\xf9\xa7\xda.\xf0X\xb5\xd8\
\xae\xb0\xf16\x8ac,U\xa3\xba7\x8e\xe5\x12\xc3\xcb\
a\x88bR\xc4~\x13\xecIGYF\xcck\xcc\x10\
\xda\x10|\xe5{\x8a\xea\xdb\x88&\x01,Z\x7f\xfe\x9e\
YE\xf4\x0e\xde\x05x\xb6\x0a\x9d/\x0f\xeb\xd3\xa3\xd8\
F\xc2\x80\x9e\x1d\x16f\xc1\x81i\x94\xc2\xe3Y\x00@\
\x94\xc2\xebA3\xa7*i\xb5ZB\xca~\xbfG\xda\
\xe4yn\xd7\x94\xdc\xe8\xdc\x10\x19q\xe6\xec\x19S\x9b\
)J)\x22N\xd2$\xcb\xfa\x9eS\x8dp\x9b\x1f#\
\xcc\x5c\x88\x0ba\xdcT\x5c\xf7r\xe9MT\x86z\x85\
fY}\xc0\xd6\x87\xea\xc8\xdf\xec\xca&w\xdc&D\
L\x92$\xda\xca\x89*oi\x0a\xbb\x11 \x90\xc9\x00\
\xca\x97\xdd\xfa\x8a\xdd\xbb\xf6b\x22\xf7\xed\xdb\xa3\xf3l\
va\xfe\xad\x0f=\xf4\xd6\x87\xde<>1Yx\xa6\
e\xef\x90\x07\xbdy\xb6w\xd5\xe4m%\x18\x11\x1f}\
\xfc\xd1\x9f\xff\xa5\xff\xf0\x86\xfb_\xff\xea\xbb\xee\xb9\xe6\
\xc8Q\x006d\x04J\xbb\xc7\x07\x08R\xc8\xc7\xbe\xfc\
\xd8\xdf\xff\xe1\x1f\xf9\xecg>3\xbdiS/\xcf\x84\
@c\x8c\x14\xf2\xee\xbb\xef~\xc5+^\x91\xa6i\x9a\
\xa6\x16\xf8\xa5i\x9a&I\xa2\x92\xa0 j\xd1\xa0;\
\xedI\xc2\xd8\xbc\xd0\x0f\x22\xf4\xdb.\x91\x02\xad\x9f\x15\
e\xe7[!\x88k\xb3\xcdg\xb8=\xde\xea\x1a\xf4\xe2\
\x86\xe7Y\xf5\x85\x8e\x98s\xc8\xbd\x15\x1f\xa4\xab>e\
H\x85\x87\x03\xa4\xe1\x95\x19T\xec\x9a\xe0k\xf3\xc9&\
\x92\xb0\x99T\xc4\xa1\xe5\x94\xf5Ny4\xfe\xad\xf1\x11\
\x88\xd8h\x8f\xd70\x96\xa2\x13\x83L\xf8\xd0\x1a;\x8f\
\xd6\xe7\xc3\xf2D{\xa1\x8d8\x16\xd6\xf2.\x1a\xbbn\
Mw\xad\xb3\x15\x97\x9c\xd8\x1b\xd4\x0cy\xe2\xa8pz\
\xb5\xc9u)iM\x90~U\xfbO\xbf=\xbd\xfa\x1e\
\xc4\xc0)Yn\xec\xfa>g#>nu@8\x22\
\xcc\x1b=\xe7\xe5\x03\x84\xab6\xe1\x12\x01\xe1(\x97*\
?\x87\x03\xc2\xe1\x98\xa7\x82\xb2\x86\xa3\xc1\x00\xd8\x02\xc0\
\x8b\xc1\xa1=\xce\xf3<\x5c\x0a\x19\xe2c\xfb\xb3\x82-\
+\x983~Vc\x9d\x07\xa1\xc4\xd0!\xd5\xc6\xb2\x0b\
+\xcd\x16\x08\x95s\xd6K\x18\xd2\x81n@E\x8e\xfb\
\x87\xe0\xc3\xca\xd5A\x83\xad\x01\xad\xad6M\x8a\xe3\xf5\
\x02B;\x1d\xaa2\xee\xc6\x02\xc2\xc1i\xa3V\x9co\
\xf8\xc4!@^8\xb1zB\xaf\xbf\x14\x9d\xc2J\x86\
\xd2C\x82\xe6\x5c|\xb9t{\x08\xda\xe0J\x0b\x188\
\x1a\xc7\x1e4U\xc6L\x99\x9a\xe5\xa2Y\x0d\x95\xa9~\
\xaa\xfdI\x1cp\xd5j\x0cJ)\xbb\xbd^1\x95\xe2\
\xcfd\x93\xb6U\xd4\x88\xa8\x92\xab\xbc\x87\xa9l\xf7\xe3\
\x00\x00\x80\x00IDAT\xd0\x96f\xe9\xb6>b\xe3\
g]y@\x18\xe7\xb4\x00\x09\xbcBi\xa8\x92\xc7\x8d\
\xf6\xfd\xdb\xff\x0bm\xccuG\xaf\xdf\x7f\xf8\x08\xa4\xad\
\xfd\xfb\xf6\x8cM\xa4\xcf=\xf3\xb4\xd0t\xfb\x1dw\xde\
z\xfb+o\xb9\xe5\x96\x1d\x9b\xaf\x1a$V0\xf3\xc2\
\xe2\xc2\xcc\x85\x0b\xcf\xbf\xf0|w\xa5\xb3\xef\xc0\xbe\xc3\
G\x8fn\x9a\xdc\x04\x85I9\x18C\x00(\xa5\xec\xf6\
:?\xff\xf3?\xf7\x0b?\xff\x0b\xbdn\x7fbrb\
yyE%\xca:\x0d\xba\xeb\xae\xbb^\xf6\xb2\x97\x8d\
\x8d\x8d%>Y\xd4\x97\xaa$MR\x95\xa8p\xc6&\
\x95\xa8D%\x81\x18,\x05\x9d\x07d\xe1\xf4\x1d\xb0\xa6\
\x05\x1a\xde&\xba\x80 VK\x85\x99ixo\x0fz\
\xd1\xc3_\xd3\x88osM\xaf~\xc8\xbdk\x05\x84#\
V\xf5\xca\x03\xc2\x819\x9b$\xdcK\x07\x84k\xea\x8d\
\xf8\x11C\x04\xf4K\x00\x84ncn\x1dU\x8a:*\
\xdahl\x00\x84\xab\xbb\xa8\x1dX\xf2\x86\x02\xc2\xcbM\
R\xb9/D\xdc\xf3\xeb\xa5I\xbf\xe1\x00\xe1\xaa\xc5\x0e\
[\x8e\xae  \x1c\x16\x87p\x94g\xe3\xda\x95}\xe3\
\x8f\xc1\xa0\x12x\xb0\x05\xc8\x86K\xabuq|\x1d\x8d\
\x0aw\xd9\x9a\x07\x12\x09\x07i\x0c\xae%\xa4\x01\x94_\
^\xe5\xb3Z\xb1\xf4+\xedCCaxf5\x85\xea\
ZO\xf6||\xd2\xda\xa4\x85\x93\xe8\xdd\xde\x84\xbf\x1c\
\xed\xd4\x06p\x18\xd73\x069X\xf67\x13k\x9c:\
\xcf\xf5\xc4,\x1c4\xa4\xa8\xd7c\x95\xd7\x8aya\xa5\
\xdbc\x07\x09\x95\xba\xc5\x12X(\xb3q\x8c\x85\xf3\xb1\
\xdf\x9d\xf8)\x10I0\x8d\x10\xae\xd2\xedV*t\xfb\
\x8b\x95\x99\x1c$\xa0\x9a\xbd\x04\xf8\xef\x10\x00\x87\x03\x18\
\xbc\xee\xd7\x87\xca\xa5\xa7J}.k\x1a\xb4\x0e\xbe$\
@i=\xc6\xd6\x08\xb5b\x88\x88I\x9b\xbf<\xd3\x1b\
\x8a\x18\xdaZD\xac0c\x0d\xecq\xf4\xd5\xa9,\x1a\
\xa5\x0e\xb6\xb3\x00E\xf3\x83\xea\xcf\x0d~A\x11\xb8)\
\xb6\xa66\x06\x85\x18\x1f\x1f\xefv\xbbl-c\x99\x1d\
\x0c`\xe7p(\x06H\xcd\xab\xfd\xea}\xea\xa0fe\
\xc1\x1cz\xc7\x95\x1b?\xbc\x1a\xa7Q\xafU`\xc6\x9c\
\xae\xb75b\x95,$|\xe5k\x8f/..\x1e\xbd\
\xf1\xa6\xd3'q\xf7\xae]w\xdf}\x9f^Y9\xf1\
\xc2\xb1?\xfd\xe8GP\x88-\x9b\xa7\xf6\xed\xdd\xb3\xf7\
\xea=Wm\xde699E\xc6,,-\xcd\xcc\xcd\
\x9a\x5c\x03q\xaap\xef\xbe\x03\xd7\xdfp\xe3\xa1\x83\x07\
&\xa6\xa6\x98I\xeb\x5c\x08\xe9\xd6m\x12R*f\xf3\
\xfb\xef}\xcfO\xfe\xc4O?\xfa\xa5\xc7\xa6\xa77\xa9\
\x16/,/\xb5\x924\xcf\xf34M\xef\xb8\xe3\x8e\x9b\
o\xbe\xb9\xd5j\x15\xc1$\xac\x8a\xb0O\xadV+0\
\x87\x81?\x0c.d\x02\x0e\xf4\x83\x96\xd1\xab\x5c\x07\x92\
0X\x0c\x96\xe1\xb1\x00\xdf'\xa3`\x95\xfa\xd7\x13F\
\x93\xe4\x06\x0d\xa1\xd1\x99\xb1\xd1\x07\x03b\xb1~p\xcd\
\x9ca\xd5JB\x93 4b\x03\x01\x06\xee\x9e\xac)\
\xad\x82\x0fG\xc3r\xc3\x84\xdd\x8d\xd0\xc0\xc4&L\xb5\
V\xe4<\xa8~\x83\xe0\xda\xe8\xb0\xa1\xbc\x00o\xbc\x85\
\xde\x86|\xaf/;7h\x9f\x12\xad\xf6\x97\x1b\x7f~\
c\xa5\xd1\x07\xc6\xc6\x0a{\xd5\xc2\x03CX\x17\x82a\
\x04j.>3\x1cL\x0e\xfc\x19ou\x8fPZc\
_\x0c'j*\x07\xab\x9e\xaf\xf4F=[\x05\xed\x8c\
\x92\xb3\xf2s\x10\xc7\xf5\xffo\xef\xcd\x9bmI\x8e\xfb\
\xb0\xcc:\xe7no\x9fy\x9873\xc0`\x06 @\
\x882\xc5\x10\xed\xd0\x07\xd5G\xb0\xbe\x82\xed\xff\x14\x0e\
+\xac\x089\xec\x08\x85\x1da9lz\x0ds\x11)\
\x024E\x12\x98\xe5\xbdw:\xfdGmYYY[\
w\x9f\xed\xde\xce\x01\xee\xeb\xd3]\xfb\x9a\xbf\xcc\xac\xac\
\xf0\xb3\xae\x1e\x04\xa6B\x0cx,(\xf7\x88(X\x8a\
\x0a\xbbPaA*\xd4\x89\xe1o\x80y\xc2^4\xd7\
\x16\x86B:\xd5\x9fs\x86\xeflD]\x98\x80\x00\xb3\
*\xd8\x98\x96\xd7$\x7f-\x9c\xbb\xee\xadj/Zz\
#\xba/\x7f\x9fwne\xf0\x94z\xb62l\xe4s\
:\xbc\x13\xb6\xba\xa2l\xcf\x86?\x00S\x13a`\xb6\
yb\x03kD\x7f\xe0#-=\xa3\x9b\xc1E\xe0\xc3\
e\x05\x138M\x8d\x9bs\xab*\xe3\x0b\xad\x06\x9c\xc1\
vT\x90\xb9/\xc0\xe4m]\x01 \xda{\x06\xcf\x22\
\xdf\x7f\xff\xdd4\x91\xbb\xf8\x11-\x86\x5c\xd3\xafxO\
\x03\xd6#.l\x90N\xceU<X\x8d\x19xUX\
\x1e\x0c\xa2`\xc8J\x83\xcd\xfb\x1f~x\xfe\xfc\xf9\xcf\
\x7f\xf1\xab\x9f~\xf3\xf3\xaf\xbf\xf9\xe9/~\xef\xe7\x9f\
~\xf2\xf6\xe5\xb3\xbb\xef\xfe\xe1\xef\xfe\xec\xcf\xff\xfcO\
\xff\xec\xcf\xfe\xe6\xff\xfb\x8f\x1f?\x1e\xeen\xef^\xbe\
z\xf9\xd9\xbb\xcf\xbe\xfa\xc9\x97\x7f\xf4G\x7f\xf4\xcd7\
_\xff\xe8G\x9f\xefon\x00\x00`\x9a\x0e\x1f\x01\x91\
\x08'@{\x0f\xe0\x0f\xef\xbf\xff7\xff\xe6_\xff\xf3\
\x7f\xfe\xcf\xff\xe5\xbf\xfc\xaf\x1f\x1e\x9e\xdf=\xdc\xff\xe6\
\xd7\xbfA\x80\xfb\xfb\xfb\x1f~x\x7f\x7fw\xf7\xcf\xfe\
\xd9?\xfb\x83?\xf8\x83\x87\x87\x87\xfb\xfb{\x8b\xf4\xee\
\xee\xeenon\xef\xee\xee\xee\xeen\xef\xef\xee\xef\xec\
\x133%\xdd\xedvfg\xccn\x87\xe0.\x17\xb4\x15\
\x02\x06\x87\x84\xf4S\x08\x0d\xfdW~\x15\xa1\xbc\xcb\xa7\
\x84\xfaz\x90U\xe7\xc4\xe9\xe9\xeebv\x14\xea\x1c\x05\
0u%F]\xcb]\xd2\x8265*<\x98\x80\xa6\
\xbc\x91C\xa1\xfb[#\xbe\xf7[\x0fvD/\x82\xd2\
\xb8\x90\x14O\xfduB\xc1\xd2Z\xd7X!S\x0da\
q\xf5[\xac\xdd\x85T\x95\xcaUd~z\xd4j\xd7\
H\x99\xba\x82\xf54\xe3\xc2\x148\xc5FKX\x9aF\
\xa6\x17\x82\x0fG\xf5\xf6\xbd&\xa3k\x9c;\x8di\xae\
\xc1\x0eui\x08OL\x0eS\x81\xe2Bc^j\x9d\
\x0d\x91o\x12*sV\x0a\x86\x99\x8dP=\xa4x\x9f\
\xcb\xff\xc4\xbaI\xa9\x81M\xa9`ag\xe5N_\xc2\
\xcb\xa0\xe2\x0b^\x0dD\xa6\xf6\xe5\xc7\x8f\x1f\xc33\xda\
\xe3%)\xef\xc5\xb3\x13\xfa\x87\x00\xb7\x82\xb3\x99\x09&\
C\xbbi\x9a\x08`\x0a\x1a9\x8b\x10\x9dO\xf4\xc4\x1c\
\x14\x00\xc0\x18g\xa8o}_Z\x84\xe6\xd3\x16\x19q\
\x10.\xc0sIq\x17\xde\x87\xc6)\xf58\xcfKe\
b\xc4`S\xfbH\xbe\x0f\xe0\xcdeg\xdfF\xe3:\
\xbd\x18l\xb6\x12Q\xdc;\xb3\x9d\xe5\xd88\xe9\xa8\xe2\
\xa8'E\xfdj\x81\x9c\xe5m\xf6B\x85i\x1e-\x1e\
O*]+L\x08\x0a\xf6.\x19?\x80?~\xfcH\
D\xf7\xf7\x0f\xdf}\xf7\xdd\x04\x06\xc8N\xe3\xf3\xb5\xf5\
\x11\xa8\xd9\xa4\xea\xd6\x00\xcc\xe6\xa2\xc4\xd6\x83\xf5\xc4\x84\
\x86\xc8A\xa1\x9b\xdb\xdbo\xbf\xfb\xfe\xdf\xfd\xcf\xff\xd3\
\xff\xfb\xa7\xff\xcf7\x7f\xf6\xb3?\xff\xf7\x7f\xfa\xab_\
\xfd\xe3\x7f\xf4\xcb\xdf\xfb\xe6\xab\x9f\xfe\xe3\x7f\xf2G/\
\x9e?\xbc|\xf1\xfc\xd9\xc3\xf3\x87g\xcf\xcd\xcd\x8dg\
\xce'\x80\xc3a\xfa\xf8\xe1\xfdw\x84;4\xb7\xbb\xdd\
\x0ea\x87\x04;\x84\xbf\xfe\xcd_\xfdW\xff\xc5\x7f\xf9\
\x9f\xff\x8b\x7f\xf1?\xfe\xdb\x7f\xbb\xbb\xbb}\xf3\xe9\xdb\
\xef\xbf\xfb\xfeo~\xf3\x9b\xdb\x9b\x1b\x03\xf8\xfd\xb7\xdf\
\xbdz\xfd\xfa\x8f\xff\xf8\x8f\xbf\xf9\xe6\x1b\x8b\xf4\xec\x81\
@\x0b\xfc\xeeo\xef,D\xb4tww\x17|\xc9X\
\xc5 A\xf0{\x1bX\x5c9\x96\x8c1\x13\x1b3\xfc\
/8\xab\x16\xf2\xa6\xd3\xfa\xb2\x5c\xef\x8b\x8a\x04\xa4\xa6\
\x9e\x9a{vK\x86\x9f5\xa2z2U\xd7\x84\xceD\
B\x8f\xb8\x1d\x95a\xb0yh\x90W\xb6\xb3\xca\xc5,\
\xd6h\xb3sA\x88\xf1|\xe3\x0e\x9e\x98\x9b\x08\xf3\x8d\
3\xd1\xf1\x9a\xf1\xeav\x80\x0b\x01\xa5\xe7l\x81\xbf\xf8\
\x8b\xbf\x08?\xf2=\x5c\xea)\xba\x7f\xf6'\xd5\xf3\xbe\
\x9erx\xd9LJMG\xd5\x05\xe5\x7f\xc3\xd7JD\
b\x06\x9f\x5cI\x95\x07\xcb\xc3\x84\x07\xa1y\xe3Q\xea\
\x04\x00\xe1\xe0\x1f\xb1s\x80\xfc|`\xae-T\x9d\xca\
\xe4\xaee\x88\xe9\x1e)sf\x03\xe1p\xe04Y\xf5\
\x96\xc5\x84VI\xc8N\x09:\xb71\xeaQCw\xdf\
\xb6M\x0d\x92z\xa9\x95\xad\xfc\xccq\xa3h\xffR\xbf\
\xe4c\xa3g\xcct\x8e1\xfb\x14\xbc#V\xe6\x8e`\
\x8b\x92\xc0\x5c\xc58WCX\x9fMK\x12\xac\xa4v\
\x99\x12\xc1\xfe\xf2W\x8a\xcd\xc1\x000\xa4\x14\xe0\xc1P\
c6\xb1_3\xcc\x8c\xaa\x95\xac\xd4D\xbe\xa5\x12\x22\
\xa2\xc5\x09\xdf}\xf7\x9d\x985'\xa0zv\x02\xaau\
\x96mTC(\x82\x85\xbf\x9c\xa77\xec\x8e\x90\xf0\x92\
\x98\x95\xbb\xd3\xc0 \x12\xd1\xe1\xf0\xf1\xc3\xc7\xf7\x07\x9a\
\x9e=\x7f\xf6\xc9\xa7\x9f\xfe\xea\xf7\xff\xd1\x1f\xff\xa7\xff\
\xd9\x1f\xfe\xd3\x7f\xfaG\x7f\xf8\x9f|\xfd\xd3\x9f|\xf2\
\xe2\xc5~\x7f\xc7\xf5\xb5\xa2\x18\x1f>~\xff\x7f\xfc\xd9\
\x9f\xfe\x0f\xff\xe6\xbf\xff\xef\xfe\xd5\x7f\xf3\xaf\xfe\xf5\x7f\
\xfb\xef\xff\xf4\xcfo\xee\x1f\xee\x9e=|x\xff\xfe\xb7\
\xbf\xfd\x9d\xb5\xf3|\xff\xc3\x0f\x1f?|\xfc\xf2\xc7?\
\xfe'\x7f\xf8\x87_~\xf9\xe5\x8b\x17/\x1e\x1e\x1en\
oo-\xf0\xbb\xbf\xbf\x7fxxx\xfe\xf0\xec\xfe\xfe\
\xfe\xd9\xb3g\xf7\xf7\xf7\xf6\xe8\xa08(h\x0fA\x09\
\xdb\xbaP#g\xdb\xe0-\x88\xa1\x8c|<h\x19\x10\
\x9d@:n\xa1\x05rz\xc6\xf6\x9c\x1e\x07\xc4r\x01\
zT\x04\xeb\x96\xa7\x1c\xd8\xf8\xf7V`\xab,\xc8\xcd\
\x85\xba\xa2\x95\xea\xec\xb8\xd1^8F\x13\xc5N\xe1G\
\xac\x03j\xe3\xe6k\xd8\x9brE\x81\xacd\xb1\x86\xca\
h\x89\x86\xf0H\xfb/\xe7I:\xf3=;'\xb0\xa4\
\x01\xafWC\xa8f\xbd\x1e LO\x98\x1c\x0f\x10\x02\
)\x03N\x01\x84\xa4\xf0\xca\x8c/\xf7_\xc992Q\
\x93\xea\x07\x84\x9c\xe7\x10pN\x14 \x1c\xb7\x13`&\
\xbc\x11\xaeGK\x80\x87\xa7\x16\xa2\x08\xf3\xce\xe8'f\
\x9a,\xd0\xfb\xe8\xf1\x9e\xf05*\x5c\x8crXh\xb3\
\xb3\xcf\xe0\x0dS\x89\xf9\x8f\x09J\xc5\xc9\xba\x89\xf7&\
\xa2\xee~t\xa7\x1d$\xab)\x9cH\xf1\x98\xea\x0cL\
\xc9\x83I\xffJ\xad>\x14\xeci\xd5\xe6\xaa\xb4s\xa9\
\x97\xc5Wu\x80\xa9?\xeb\x0f\xe0A/\x8a4\x9d\xe3\
\x92`]\x17\xdc\xc5\x90g\xf3\x9c\xfe\x9c\x8f\xd8xJ\
\x0d\xf5\x19\xa1J\xdaI\xd3gB7-Y\x868\xa0\
\xaa\xb3n\x8f\x86*\x08ju8\xb7<\x05\x8eR\x9a\
ird\xc5\xb1\x8d\xb7\x1de>fNE\xfd0o\
\x95\xb2q\xd4W\x12\x16 \xa3\xfcM\xf01#f\xa5\
\x09H\x12\xd0J\xe3\xde\x7fx\x7f\x98\xa6\xbb\x9b\xfd\xf3\
\x87\xfb\xd7\x9f\xbc\xf9\xe2\xc7?\xf9\xfa\x9b\x9f\xfd\xe2\x97\
\xbf\xf7\xd5W_\xfd\xe8\xdd\xbb/\xbf\xfc\xfc\xd5\xcb\x97\
\xc6\xec>\xbc\xff\xf8\xfdo\x7f\xfb\xeb\xbf\xfe\xcb\x7f\xf7\
\xbf\xffo\x7f\xf2\xbf\xfc\xaf\xff\xf7\x9f\xfc\xc9\x9f\xfc\x9f\
\xff\xd7\xaf\xff\xe6o\xf7\xb7wo\xdf~\xba\xc3\xdd?\
|\xff\xed\xb7\xdf}\xb7\x07\xbc\xbf\xbb{\xff\xe1\xc3\xb7\
\xdf~\xbb3\xbb\x9f\xff\xfcg\xbf\xfa\xfd\xdf\x7f\xfb\xe9\
\xdb\x17/_>{\xf6\xec\xee\xee\xee\xd9\xb3g\x0f\xf7\
\x0f\xf7\x0f\xf7\xcf\x9f?\x7f\xfe\xec\xf9\xb3\x87\x07\xab!\
\xbc\xbd\xbd\xb5\x06\xa2\x88\x18\xceF\xb9\xf5\x09\xc29.\
\x94\x9a\x8f`E\xe9\x1d\xc7\xba\xc5,k1\x15\x87\xd4\
\x051u\xe6\x92\xf7r\x9ex\xe5k\xf1=&\xfc_\
x\xe4\x97\xa1+\xe6?%\xb3\xc34\x11\x89\xa8\xfd\xd7\
&\xc4m\xb6\x09{\x1f 9\xe5Q;\x1b\xa1\x04B\
z\xd6\xf3\x15\xd8blh\x17{\xb7\x15\x8cm\x9b\x1b\
\xf7r\xaf\xd7\xd4\x9dr\xa5h\xc1\xc9Vgj\xd7\x0c\
\x08kk\xebrA\xc01\xe8\xea\x00!\xac\xc7B\xc8\
\xd9m\xcf\x10*\x80J\xcb\xb5\xf4\x13\xbd\xd2\x83\xaf}\
C\xa9q\x06\xda\xbb\xd4H\xc3\xf49#\xe5\xa2\x1dE\
y2Q\x1ee*\xbbl\x10\xac\x03\x05?(Ul\
P\x01\x0f\x1c\x9c\xb8\x12\xa5\xd8\xa6\xf4\x5c\xc1\x84\xe0\x15\
n\x01\xa1\xd97\x01\xb9\x1d>~\xa4\x03\x1d\xa6\xc3a\
\x9a\x0eS\x02\x02\xc5\x8d\x14\xb9\xb6\x90\xb2\xd3\x83Ba\
\xa8\xf8 =\xf8\x00@\xe4\x0e\x14\x1e\x80\xa6\xe9\x80\x13\
\x01A\xe6e4}\x01D\x93\x8f\x9b\xb7\x80\xeaz4\
o\x96\x9e&\x15]\x90wb\x1d\xdd\x0579\xea\x18\
\xc8\x87\x90\xb4h%p+\xa7w\x19\x92Dg8P\
\x99 \x10\xd9\x19u\x22X\x8e2\x89U\x92]\xf6-\
+'f\xee\x1f\x07\xa9\x86m\xea\xf3\xea4\x03\xe7\x0b\
gT\xcd\xf0\xaa\xaa-\xf8\x1d=\x0b&\xecl\x84#\
m\xa5P\x804\xdc\xb9h\x80\x82D\x144l\x02]\
\x93\xf3\x98\x88h\xef\x16\x01\x00\x80\xf7\x1f?\xd8e\xd9\
 !\xc24M\x13\xe1\xed\xed\x1d\x11={\xf6\xb0\xdf\
\xa1\x95\xf6}\xf8\xf0\xe1\xdb\xef\xbf\xff\xf8q\xda\x99\xdd\
\x8b\x97/\xee\x1f\x1e\xc8\xa0\xd9\x99\x1f~\xf7\xdd\xe1\xc3\
\x07@|\xff\xc3\x0fh\x0c\x01\xfc\xf0\xe1\xfd\xebW\xaf\
\xbf\xf9\xe6\xab\xaf~\xf2\x937\xaf\xdf\xbc|\xf9\xf2\xc5\
\x8bW/^\xbcx\xfe\xfc\xf9\x8bg\xcf\x9f={\xf6\
\xfc\xf9\xf3\x17/^\x04\xc5\xe0~\xbfw\xc8v\x17\xb9\
ZLq\x1fq\xdf\x1e\xa9\xab}oe\x1c*4\xe5\
\x0dU\xe2\x8a\x88\x1d;\xe4\xdd'\xe0tIu?d\
u\xd9\xc3\xb7\x95\xf0CW\xfa !A`\xa0\x13T\
\x09~\x01\xefS(\xd91\x93WY\xadW.\xf7\xe1\
\x0d\xdb\xb4\xe3\x88\xeaP\xd6\xdd\xa6e\x02:\xc3p\xb7\
\x1e\xcc\xf1\xd94\x96N\xac{\x0f\xf6\x1c\xd2X\xfa\x83\
\x88\xeb\x1c;\xac\x8f\xc3>$\xbfJ\xbd\x86Hr#\
B\x9c\xf2Xt\x83<\xeeB/\xa3K\x0a\xb0p#\
S\xb3\xde\xaf\xb8g[S\x84\x19\xc9%\xcc\xae\x97;\
\x0a\xa5G\x8f\xa9O\x8c[\x08\xa9$\xe2\xec'\x94\xf0\
j\x22\xea\x98\xa6\xd4\x12I\x08)\xb1p\x1a\x90\xa7\xaf\
\xae\xd1T>\xba\xa6\xbe\x11W\xc6\xefv;\xe7\x11t\
\xbf\x9fp\xc2\x09\xcd4!\x19{\xcdq\xf8\xfb\xf1\xe3\
Gk\xffc\xdd\x8d\x86k\xe8\xedO\xa1l\xe4\xf8\x90\
\xdfS\x9f\xa0D\x8c\x80p\xa2\x09\x0f\x93\xbdB\xc1\xe0\
4\x11\xd8#F6\xa4\xc5~\xe0\x0d\x8b\x82w\x1c$\
\xeb\x9a\x02\x00`\xa2h\x83\x1a\x9a%\x84\x87\xecb\x0f\
\x153\x0b\xfc,\xf0^\x8e\xeb\x84\x1aA\xe0=(s\
!b\x80q\xef\xaf\x95!\xe4\xad\xaa2uA\xe1\xd8\
'\x90\x93\xc1SvZI\x97\xb2\x83=\xf6\xd5\x9e>\
\x1b\xf0;\x065Y\xb4<|\xf3MHdy\x97\x8d\
&R\xe1\xb0\x89\xc8\x9eI~xx\x08\x98\xf0\xb1\x0e\
**X\xbeQz\xf68\x1c \xc4\xec0\xb3Xa\
0=\xb7l-\x04\xac\xab\x96\xbb\xbb;\x1bq\xfa8\
M\xd3t\xb37\x80@4\x01\x9a\xef\xbe\xfd\x9e&\xda\
\xedv\xbb\xfd\xee\xee\xfe\xd9\xf3Wov\xfb\xddD4\
M4M\x07\x9a\xa6\xdf\xfd\xf6w\xdf}\xfb\xed\xb3g\
\xcf~\xf8\xe1\x07\xaf\xae\xa4/?\x7f\xf7\xd3\x9f\xfe\xf4\
G?\xfa\xec\xf5\x9b\xd7/_\xbf~\xf9\xe2\xe5\xab\x97\
\xaf^\xbf|\xf9\xea\xe5\xab\x17\x9e\xa2V\x10M\xf0\x0d\
C\xa4\x0c\x00\xf6\xd6m\xa7ay\xf4u\xc4\xd2\x80\x9f\
g\x89\xd7\x5cT;\x13\x07m\xf3\xad\xf6z\x8c\xc6\x8d\
0*\xd9\x882\x18\xb1}s\x9b\xc4,\xa6\xb0\xf3(\
\x0d9\xe3\xb9N/K\xe8\xd3\xf5i\xf7g6\x1b3\
\xa2_dE\xa6b\xf8\xca\xda\xd5n\xed:\x92\xa4\x91\
\x84\xd6\xc8\xb1\x18\x98@\x8dtT\xa8vQ\x8a\xc1\x8d\
\xeat\x81\xcd\xae\x0a\x80\xce\xe6TF\xc0\xa1\xe4\xa7\xff\
;\xcd\xc0\x84\xea\xcbrDo\xe0\x92H\xc8z6\x06\
\x11,\x8f\x82\x99\x8f\x13E\x18\xdcb\xe8\xf9\x9b\x10\x0b\
\xd9\xe98\x91]@ !\xf1\x89\x08\x10\x0d\x9a\xc3\xe1\
\x80\x88@8!Z4he\xd5\x16\xd7\x05\xa7\xa3\xe1\
\x8dz\x15a\xeeq\x94\x88\x0e\x87\xc3n\xb7\x0b\xef\xc1\
x\x85\xa1\xf52j&\x9a,\xb0\xfbh\x88&2\xd6\
&\xd49\x1f'\x82i\xb2\xd7M\x04\xd99\x01\xa0\xb7\
,EB\xcb\x1aaj\x8e\x0b9\xff\x94\x11dh0\
\xa0e\xfe\x06\xd8\x00\xc8\x13T;\x14\xcb\x86g\x89\xf5\
\x971P\xdc\x11\x09 5\xba\xf3>\xd9y\x04Q\xbc\
\x98\x85m%\x05[Rrg]a\x90\xab\xa5\xdd\xe8\
H\xd4\xc9i\x09\x92\xd2\xd6\x02J<\xa3\x88Q%k\
w\x00\x00\xf7\xf7\xf7\xdf\x7f\xff\xfd\xf12\xba\x04Ru\
,j\x00\xf1R@D1B&\x9a\x0c\x1a\x028\x10\
\xe1t\x00\xef\xb4\x05\x88\xf67;\x22\xe7\x85\xcb\x98\xbd\
\xbb\xefa\xbfC+~\xa2\xc3t\xf8\xf0\xfe\xe3\x0f\x13\
M\x87\xc3\x01&\xf8\xfe\xfb\x1f\xa6\x09\x10\xf1\xbb\xef\xbe\
\xb3\xa8\x12\x10\xdf}\xf6\xf6\xc7_~\xf9\xe9\xdb\xb7o\
>\xf9\xf4\xd5\x9b7/_\xbf~\xfd\xe6\xf5'\xaf^\
\xbfy\xf9\xea\x93\x97\xaf\x9e\xbf|\xf9\xec\xd93{\xc8\
P\x0c/\x0b\x03\xf2-2\x96\xdf\xfeA\xe5\x93\x1a\xbe\
D\xb5-\xbb\x0f\x0av\x92\xaa:\xc3\xb2Y\xbb\xc5h\
~\xc5\xe6\xb5\x9eY\x9e\x98iV\xdd\xa0'l&\x9e\
\xbc_\xa6\xa1ZkG\xa8/z+\xee;\xe7G\x83\
\x00\xea\x09\x8d\xa3\xee\xad\xdb\xc6\xbd\xd11h\xd1\x19B\
\xf1Rn\x12\xdew~\xd0\x99\xd6\xd3\x8f\x9b+\x010\
4X\xc1]\xf9\xcfh\xceaO\xa4\xe5\xd9\xd9k\xb2\
\xbcw\x93<\xfd<;\xb5\x00\x1cQ\x04x\x90\x83\x96\
<\x11\x81O\xf8K\xf1>\xfc\xcdO\x15\xf2\xf7P\xb0\
;\xe5\xbe^\x1c~\x9b\xa6)\xc09\x0b\xf6\x0e\xd3\xc1\
\x02\xbf\xc3a\xa2\xe90M\xd6a\xe0\x94^mO\xfe\
\x0ca~\xf3\x84\xb0V\xcd]\xce\x10\x11M\xc1\xcf\x0c\
qo1\xe1\xa6\x0a\x98\xdc\xd9B\x00\xa0I?g\xc8\
\xabv \xc5\xef\x0e\xb7\x98mbB\xd1/\xbc\x85\xc5\
\xcf<|\xde\xd7j/\xe7#JG\x92\xc1v\x94\x0f\
B\x00qu!\xc7\xb1@\xc9\x19B9\xadHQx\
\x13f'\x0d\xb3|\xc3\xa4+\x89\xcc\x1f+[\xbf\x22\
q`\xc0/\xbdlF\xe1q\xdd\x9b)[\xbe\x80\xb1\
?v\xe2\xa4&\xf4\xf3\x14\x86\xcb\x81eN\xf6\x9a\xf2\
\xfd~\xff\xc3\x0f?\xd83\xc6y\x8e\xa7\xa4\xca&\xb2\
:\x09\x8c\x11\xe0\x1fxQ\x9d\xfdd\x8d0\xa1\xc0:\
\x13\x11\xe72m\xc4`ej\x0c\x02\xf0\xbd\xc6\xaf\xb7\
\x1f'4x8\x1c\xd0z\xf5DD\x04kb\xba\xdb\
\xef\x09\x8dA\xfc\xe2\xdd\xe7_\xfd\xf8\xcb\xb7?z\xfb\
\xe9\xdbO?y\xfb\xd9\x9bO>y\xf5\xea\xd5\x9b7\
o>}\xf3\xe6\xf5\x8bW\xcf\x1e\x1e\xf6\xb7\xb7h\xac\
\xad\x8d~&\xaa_;G\xa9\x88\xb3\xa2'\xa7A\xdb\
N\xe8CG\x02\xb1\xc7\x87\x89l\xf5\xa2AW\xb4\x84\
\x94\xd5FD\x02E\x00\xa7\x99S&\xc0\xc0\xc1{\xed\
\xc0\xa4\x08S\x04\xd8\xda)S*\xe8\x09\xeb_K\xc6\
,\x15\x19\xb4\x9aH\xd2\xa1\x83\xb6\x8b\xf5\x00\xb9\xec{\
4\x85\xfe\x90uk\xc6\x1c\x9c'k\xef\x1a\x95\x9d\x11\
\x18i \xf0\xbcb,'*\x18\xdcA\xf7\xbaq2\
ZE\x96\xb4\xf0\x0cas\xe0\x01h\xbe\x8eX\xa4\xd9\
\xdb\x99Z\xa4\xe3j\x081;\xba\xddSz\x82^\xa9\
O1\x05\xbf\xacw2dj!;\x1b\x9ao\xea\x94\
\x1a\x0b\xe5?y\x169\xdb\xad*\x0fI\xb3\x03\xe4\x1c\
'\xb1\xab~9J\xb4/\x83\x15(\x22\x921\xe8M\
=\x09\xcd4M\xb4\xa3\xc3\xe10\xedv\xee`\xe1t\
\xb0\xe1\x03\x02\x0c~er\xbf\xa398\x0c\xd9q\xb0\
g\xff\x03{5E8X8E%!MD\xd3\xb4\
\x03g\xe0J\x86\x0c%\x97\xd7\x07\xbe'\xe04\x84\x18\
\x00<\x1a\x0c\xc6\xab\xa0\x9d<\xb4mRr\xd8#t\
\x86V\xe1\x99\xe3@\xf1\x90\xa3;u\x84\xe7\xdd\x9a\x04\
\xc3x\xa0&\x04\xb3\xeaqU\x87 f\x0a\x84;\xbb\
\xfc:\xac\xa8\x0d\x89\x1b\xa5\x82/<\x00(#0\x1f\
\xdb\x1b\x0e\x9cA\x82\xd7\xaf\x84)F\x11\xfc\x87C\xf5\
\xae\x17\x11a\x82i\x9a&\xae\xfe-\xe5x\xfa\x1e\x0c\
z\xc2\xdb\xdb\xdb\xf7\xef\xdf\x0bL8\x0f\xb8\xce&>\
I\xe5\xec;Nv\xf93_\xcf\x81\x09\x0b\xc4R\x1f\
\x0a\x09\xe0\xa7\xb7\xb7;\x05f\x82ncqs}\xfb\
i\x87\xe6\xc3\xfb\x0f\x88h\x10nnn\xdc\x02\x8cp\
s{\x8b\xc6<{\xfe\xe2\x8b\xcf?\xff\xfc\xdd\xe7\x9f\
\x7f\xfe\xd9g\xef>\xfb\xec\xb3w\x9f\xbe\xf9\xe4\xed'\
o\xdf\xbcy\xf3\xe2\xc5\x8b\xbb\x87\xfb\xfdng\xd0\xe4\
\x87\xa0\xea\x08\xa1\xf2^\xe0\x87\x0a\x1d\xc9\xb8nH'\
\xaf\xbe\x1f\xba \x81(\x09\xcde\x01i\x8a\x03\x06\xe4\
\xa3u\xaf\xa0\xee\xfe\xc4\x05\xbb\xb2\xbcTC4\xdak\
*5\x90-@\xff\x12\xe0x\xc9\xb5\xaawB:;\
\xe8\xbaX:]\xcb,\xc73'\xa4\x04\x10\xe6\xa2\xb5\
&G(\xb8\xe1\xf8\x92\x093\xb8\xc0\xa0n\x0a\x92(\
XPy\xdf\x890\xc3l\xd7\x02\xa0\x83\x8b\xe5\xaa\xa9\
xL(\x7fT8\x87es\xd0~\x09\x9fh\x87\x90\
,\xa6&\x8byx\xcb7\x04\xeb\xcd\x00W\x02\xbc\xb1\
<\x84\xfb\x84\xc6\xd8\x13\x86\x88\x0e\xc8M\xd3\x8e\x123\
Q\x8e\x0c\xedO\x00\xf8x\xf8HSb5\xca}\xcf\
\xd8\xa4\xa4\xe6\xd0y\x1b\xa5\x89\x1c\xbc\x9b\xd8\xb5\x13A\
C\x18\xf0m\x02\xea|P`\x97UX\xb7\x06\xc1\xc1\
\x0c?\x93\x138-\x8e\xfd\x5c\xc4 \xb2-8z\xcd\
\x81\xa2\xf8\x14`'g1E\xac\x10\xa02x\xb2\xd1\
E\x09\xbc$ tGM\xf8b\x12\xbcM\xc0\xe4\xb4\
{\x080\xa1\xbc\xc3\x13\x09\xc0\xeb\x03\xe38L\xf5H\
69\xf4/\x93\xc1\x99;,\xad\x83\xd2\xab\xdc(u\
\x9a\xb7I\x149\xb0\x96D\xb4\xc1\xd8\x19M\xff\xc0\xc8\
\xb9\x81\xc1\xe0i\x16\x80\xaf\x12\x105\xc0\x8a\x8c \xfb\
Z\x91O\xcd\xa3\x80\x09\x1d2\x99\x14?\x22A\xe2\x99\
\x0c:\xb6\xb6u\x9eI\xe7\xb3,\xd7x\xa8\x08\xad\x94\
\x08\x0f\xb6\x16t\xcc\x13\xb1KVp\xe4\x83\x88|\xa6\
\x87u\x06\xd8V\x12\x96\xc3p\xe5\x03\x11}\xf8\xf0a\
\xbfw\x86\xa3DD\x87\xe9\xf6\xf6\xd6\x18C\x08\x80`\
\x00\xcdn\x8f\xbb\xdd\xdd\xdd\xdd\x9bO>y\xf7\xee\xdd\
W?\xfe\xf1\x8f\xbf\xfc\xf2\x8b/\xbe\xfc\xf2\x8b/\xde\
\xfd\xe8\xb3W\xaf_?<<\xdc\xdc\xdc\x18'\x84\x92\
\xf2lu\xabR\xdfPYp\x99GT\x03w\xf5\xf1\
`\xdc:\xb0Ao\x00\x0a\xd0rO\x92\xbe\xd2s\xb4\
\xa7\xea\x08\xc2\xadA\xa3\xd8l&\x10\x92G\x0d\xf5\x86\
\xca\xe7E\xbd\x18\xaa\x90B\x15wB\x8b:y\xad\x19\
-S\xafZi\xdbBD\x1a\x02\xfa\x08-\xe7\xa6\xbd\
MQ\xa2\xca\x0e;\x9a\xc5IA\xa0o\xeb(\x91\x04\
i\xe7|\xe6\x12\x9e?\xdfkB\x84\xfb\x22\xa6\x1aT\
\x94\xf5S\x13\x13\xda!U\x82\x91\xc9\xe2B\xc0]\x92\
\x06Y\x9c\xef\x01\x0a\xfe:\xf8|s\x16 \x05\x5c\xd7\
,d8\x18\x96o\xd8\xbcx\xb9~\xaf\xb4l\x89m\
\x92\x0a\xba\xc1\xd2\xde\x9cCP\x8b!9&\xe4\x18\xc9\
Va\x9a&\x9a\x0c\xd1dv\xbb\xc3t0V}\xe7\
\x1d\xc9D\x98\xc7\xe0\xa1Ey7\xd3\xcda:\x08\x1c\
Xr<\xc30!\x1d\x0e\x07b\xeaA\xeb\x8c\xd4\x99\
\xb1\x02\x19r\xaaB\xc7\xf7\x04\x845\x91W#\x92\x99\
\xdc\x09Cw\xad!\x1ak\x95\xecC$v\xa4\x11\x19\
\xd2d\x82;\x074\x04\xf1S\x09\xfb\x95\xbe\xe6hS\
\xb4\xb0\x0a#\xf9\x1b\x15\x1f\xc6{\xe8\xad\xd6\x8e\x00\xc3\
\x88\x8d\xbd\x0f\x10~{\x80\x87\x80&|\xa1\xe4\xb6/\
\xf4\xc3>\xce\x89\xa0\x13$o+\x15\xd8!\xce\x0c\xf9\
\x89G\xe0nEs6\xa88 R-Qi\xba]\
\x08-\xd90X\xff\x01\xb0M\x00\x9d1\x9a\x0cZ\xca\
4\xb4?\x1ao\xc2\xc6\x8c\x1d\xc4J\x18a\x15\x1fV\
\xe8\xb5\xc5\xc8\xae2\xf1\xe9S\xb0\xab\x8f\x90\x8c\xc4\xa9\
/\x08Up\x83\xc3I\x0eB\x90t\xad,\xb6\x09\x11\
\x1d>\x1ep\x8fw\xb7w\xef\xdf\xbf\x9f\xa6)\xa4\x16\
xV@(9)D\x00B\x0fvE\xb32\xbd(\
\xb5\xe4k\xc2\x81je\xf7)uJ3n\x0f\xf1-\
\x03\xfc\xfd=\xbb\xddn\xb7\xdb!\xa2\xf1'\xd3&\xe6\
s8\xdf\x86\xb8\xbc/\xb6\xd2D\x87\x8f\x1f\x01\xc1\xa0\
\xf1\x0db\x88\x90\x10o\xeen_\xbdz\xf9\xf9\xe7\x9f\
\xff\xe4'?\xf9\xc5\xcf~\xf6\xf5\xd7\xdf|\xf5\x93\x9f\
|\xf6\xd9g/^\xbc\xb8\xbb\xbdE&\xbdR\xeb\x5c\
W\xf1\xa9-\xc6\x05\xa3%\xd7\xb5\xfcpu'\x0a\x8a\
\x88Y\xdbO+B\xabF\xfa\x89B\x1e\xf9\x08K\x22\
\xd6\xcd\x05\x89-\xbd\xe1\xf6\x0d\x0c\x0b1@>J\xc3\
z\x5cO9%\x89\xf1\xfcJ-\xca\xe7\xe4\x0b\x99D\
IpA\xba^:k\xa5R/\x97<\xa9\x94\xaaS\
b\x84\xea\xd6\x0d=)w~\xeaO_\xb9\x7fbA\
j\x0b\xab#K\x85z\xa9\xce\x83vLX\x85\x8a\x93\
\xe54t\xc1\xba\xd0\xf6&\x15\xa8>\xf0z\x5c\xe3.\
\xa4=\x9c\xdc\x80\xa7\x9dc\xa7:\x9fZ&\xa1\xa4%\
VN<\xa8\x8fJ+\xa3*\xef\xe40L`B\x11\
\x12\xd2m\xbe.\x85\xad\x7f\xa2\xdc\xf2\x90\x15\xd2\xa2A\
nG*\x82Qjn\x84S\x14?\x87\xbf\x01\x10\x02\
?y8MD\xf4qr\x9f,2\x14\x1aE\xf2J\
E\xfe\x09\xbc\x13\xd1\x98\x85\xbf\x9d\xe2@\xd1?\x0dL\
>\xf7\xfc\x18\xa1\xb7;\xb5p\x0f<\x83\xe5\x12'\x9a\
H\xb9\x9c\x90\x88\x0c\x19\xcf\x22\xd3d\xa8t\xc3\xa1\x88\
\xcb\xdfCfk* %\xffT\xc1\x84:>$\x0a\
\xab\xaa=\xa9bA\x00\x86\xe3\x82\x0e\xc49+O\xb2\
\xe1\xed\xe5\xf5\xe4t\x86\x14.|)\xcc\xac \xc6K\
4\x11\xe8xm\xf6\xc21Dl\xec\x02p\x0f\x82\xac\
\xfcbl\x0f\xd1\xe9\xd7\x9c\xe3S\xaaC\x08\x9c\xa1\xaa\
\x9d+\xb1_\x5c\xaa\xe5c\x0b\xa7\xf6u\xa9?b\xe2\
p(\x0e9\xa6h\xe6B&\xaf&f\x88\x0b\x00\xd2\
\x83\xa9\x18 f:\x008\x80\x11\xccn\x10\xe7!\x01\
\x02\xec\x8cy\xfe\xec\x99\xb5\x1d\x0d\x22d\x22\x8a\x05`\
\xc9\xba\x82\x01\x10w\xc9h/\x8c\x8d\x96'\xbc\xdd]\
j\x02D\xe5\xef\xf3F\xe3\xd5$\x9a\xe2\xe6\xad\xed\x12\
k\xf1\x1c\xa1Hv=\xfcx\xf8h\x00w\xc6!\xc3\
\xdd\xce\x10\x0b&\x8a\xcd\xf9xD\xb4&\xfa;\xdc\x05\
\x1f0v\x89D\xc4\xdb\xdb\xbb\x97\xaf^~\xf9\xe5\xe7\
?\xfb\xe6\xeb\x9f\xfd\xfcg\xbf\xf7\xf3\xdf\xfb\xe6\xa7?\
\xfb\xf4\xed\xa7\xf7\xf7\xf7\xbb\xdd\x0e\x98\x968\x88\x15\xfa\
+(\xb4\xca\x9d\x9fJ\xed\xd9V\x8c\x04\xe4\xa3\xe1\xd3\
99\x82\x13\xd5\x90\x1c\xbd\xae-\x86\xf0\x06\xb2\xbf\xb1\
=\xebr\x1f\xbf>\x0c-\x82\x03\x1dt\xcc\x01\x5c\xcb\
\xe3Rif\xdd/\xad\x8e\x85J\x9c\x0b\x0e\x11{\xb8\
X@vf\xba\xaavq&\xa3u\xfeL\xa8\xa1\xc4\
'P\xd5k\x90X\x8d\xeaa2\x0d\x98\x0b\xac\xc1\xaa\
\x924\x8b\xff\xa3fQ(\x03b\x1a\x85\x0b5\x05\xbf\
\xab\x8a\xd0Jm\x22\x8c\x97rEk\xc5F\xa2\xd4\x0b\
T\xb0\xc6\xe1X\x14\x18\x03!\xe0b@MV\xba\xcc\
\x95Z\x0e:\xa2\x09h*\x006\x1b\x18\xbc\x92\x90\x7f\
\xda\xd34\xa5\xc7\x08\xd5\xa3\x86\xe4\x9d\xd3\xf0\x90\xf1\xef\
d\xbd\xd7\x1c\x0e\xd3\x8e\xc8\xdf91\xb9\x10\xbb\xe0\x5c\
\x06\xdcAD\x8b\xf9\x8a\x04\xc9Gq\x92\xd0;\x11\xb2\
7\x1cN\xf6\xc6\xe7\x1c\x04\xaa\xb0pbWG\xd8\x8c\
\xc2\xd9\x1e\x11^\xbc\xe4\x7f\xeb\xc80\xba_\x02\x00\xf4\
\x8a\xdc0N<{8\x01\xe3\xd43Mr\xb8j\xd8\
F\x09\x8c\x8e\x1b\xd5a\xb8&\xc3\x88\xe9\xe43\x81}\
\x1c\xe1\xc6\x0fK?e\xd0\xccW\x17\xaa\xb3)\x9f\xbc\
\xf9\xd4h\x869#a\x80Ui\xd5t}\x85\xc6)\
\xf2\xbe\xf6\x0c:\x03?\x05\x0e\x95T\xab0\xff\xca\xf5\
\xa0]Q\xd1[K\x90\xb0/\x03^\xf2V=!\xdc\
a\x12\xde\x19L\xd8&J\xf5\x8dA\xd2i\x8cy\xf6\
\xec\xd9\x0f\xef\xdfS0\xd8.z\x1f(R\x9c8\x90\
\xa0V\x0ar\x0c\x92\x83\x84l\xddI*j\xc2\x84\x93\
\xcf\x00^E\x9f\xb4\x8bM\x07\x19\x9b/\x8c`g\x90\
]0\xc1\x9d\xaf\xfc`\x17mk\x0ej]\xf2\xb8E\
\x98M\xc6D\x96\x04\x80\x06\xf7\xbb[\xab\x86\x9b\x88\x0e\
\xd3a\xb7\xdf=\x7fx\xfe\xe6\xd37_~\xf9\xe5\xef\
\xfd\xfc\xe7\xbf\xfa\xe5\xef\xff\xf2\x97\xbf\xf8\xfc\xdd\xe7/\
_\xbd\xba\xbd\xbd\x13\xcd\x08\xe9\x80I\xba\xbaj(\x0e\
Zx\x18\x9c\xa1\xa2R\xb5\x8c\xf8~_6\x0f\xeeQ\
y\xc5\xc0\x9a\xbc\x06\x83\x19\x85m\xa8\xd0<\x1d\xf5j\
\xc3Z.\xfc\xc0\xe1\xe8CYS9\x98\xca\xc2\x95\x12\
\xcc\x1b\x93Im\x944\x87\x80t`T\xe6\xd5q\xa8\
\xf5\xfa\x07\xb3\xd4\xc1\xae\xd1S\xab\x00\xb6\xe5\x9a\xcf#\
\x12\x93Bn\x94\xd3\xf1Zf\x88\x8fjR<C\xa8\
\xa3\x11\x8a\x16\x10T\x09\xd6Yt\x97dw\xd0em\
D\xd9\xe9\xa9\x92\xbc\x073\xf6\x9a\xaa\xe6\x9a\xa5\x16\x10\
\xccYE\x83\x07\xe9\x1a\x9a'\x98#=\x1e\x98\xe3:\
U!\xc9\xc3\x80\x87\x82\xc0\x98\x98\x10\xc6)\x12'\x97\
\x08?#g\xa1\x15\xed\x88\x88\xa6\xc3d\xdd\x1a\x1e\x0e\
\x87=s^j\xfd\xdb\x1d2cQ\xa16\xccmJ\
\x81n\x0e\x87\x03M\xd3\xc1\x1b\x8aZ\xb5\xa1K1\xfe\
\xa1\x89&\xab\x1b\x04\xcd\xfd\xa8G\x8d\xd17)\xb36\
%\x00\x87\x14!\x05\x8d\xc1264\xaf@\x80\xe4\xa0\
\xa8\x0b\x09\x8c\x15\xf3l\xa7\xb5G\xa5\xd8?\xac\x9b\xa6\
\xf4v\xc4<\x17\xfe\x1e\xbd\xc3@\xcb\xd2\x86\xce\x8ap\
\xd1\x05\x93\x0a\x10b\x0e'0X\xfe\x11\x10\x12J\x01\
\xb56\xa5\x9c\x93\x92`\x8a\x95\xea\x94\xc0\xdd\x81\xc1\xc6\
U\xfc\xc7\xebP\x126\xba\xc4\x87\x84 ,\x159\x95\
F\xb7j5\x85KC\x8c\x92\x9d(\xe3h\xc6\x18i\
\xa72\x0a\x8dPb\x88%\x22\x8d(T\x9e\x85!M\
8\xa56\xa3*\x93\x82\xc04\x87\xfeGVm\xa6\x8d\
\xb4\x19=\xdc\xdf\x7f\xfc\xf81\xf7;\xaa4\x9dv\x07\
\x0foI^,&\xe8\x03\x8f\x099\xd8\x83\xa8\xfa\x0c\
v#\xe17\x03\xa6\xc4u\x83\x14G5\xb1\x89\x1ff\
u\x98zk\x8d:[e\xbb`~\xf8\xf0\x01\xfd\xb5\
@\xc6\x18\xb33V\x8ce_\xeev;\xab;\x9d\x88\
\xec\xa1nc\xf0\xe6\xf6\xf6\xd5\xebO>\xff\xfc\xf3o\
\xbe\xfe\xfa\xf7\x7f\xf5\xfb\xff\xe8W\xbf\xfa\xfa\xab\xaf\xde\
\xbe\xfd\xec\xee\xfe\x9e7\x04\xef\xca\x5c\xfa\xc3\xdf\xafb\
\x95W\x0f\x99~\x8dS@k\x9d\xa4\xe3+\x19u\x00\
3\xb9\x0a\x15\x02\xe9\xb5\x88\xcf~LE\xf9\x8b\xccE\
\xa4d\xc7j\x14|\xf7\xcaa\x0a\xd6\x04\xcdF\x06\x0d\
\xc8\xf6\x08\xa3\xa9l\xb5\xe41s\xb2\x92\xb4\xdb\xbc\xc3\
\x1eu6\xcd\xde;\x9a\xc1\x08\x93CI\xc7+\xdei\
\x129\x22\x859q\xd9\xc5<\x03]\x95\xf2T:\x95\
\x91\xbb\x82?\xaa\x07|\xc7\xedt\x16\x9a-\xa9\xde\xf0\
\x83\xa02n\x9c\x849\xea\x09\x13\xd6\x99\xff\x04\xaa4\
4iY\xb8\x84\x83\xac<M\xb0\xd4\x14%\xc5\xa0\x80\
d\xc08\x03\xaeflr\xb1P]\x7f\xebK\xb3\xee\
\xaa!\xbb\x09\x03<\x84\xcb\x81\x10\xafW\x00\x18!@\
t\xdc\xb2;X\xdf/\xbb\xbd\xb1y:\xfc\xc6N\xfd\
\x09\xecG\xa9\xed(\xf7>z8\x1c\xc0y\xa6\xb1\x9e\
f\xe4)D\xca\xd4\x92\xc0n\xae\xe7\x99\x8a7D\x04\
\x87\x08\x0a],\xffs\xc7*%\xbc\xbf\x84\x9a\x1ac\
\xc0\xa3\xbbi\x9a\x08\xdd\x9b\xc9\xd9\xacE\xf4\x07VK\
1\x11\x01a\xfc\xa2\xe1\xea,;\x12\xaaZ@[T\
\x83\xd1\x185\x8e\x13\x22\x004\x1egr\x83U\xf0\x07\
r\x5c\xc7\x01\x80\xbfX\x05\x09!H7\xc0)v\x88\
\xb3\xc2\xf5s\xf2lXC&\xdd\xc0\x90\x84\x9b\xb2\x8c\
\x03*$\x97\x8c|\x22b\xba\xb2%,u\x05 \xf5\
\x00\x9bz`\xfe\xb5\xb2%\xbb\xded\xe8\x07\xbc2P\
\xda$\x14\xca\xe0\x91[\xd2\x86A\xf1\x88U\xf64\xb2\
\x98\xfeM]\xea\x9f\xbf\xa4T\x1c6\xbb/\xf2R\x89\
\x5c\xf6\xfb\xfdn\xbf;|<\x04LX_\x1e\x9b\xb9\
TzDM\x8a\xc8\x9e;\x97F\xa1\xf9\x82\x09\x14\x1d\
\x0br1\x90[\x17\x80&{\x12;\xf3\x97\xd3\xacH\
\xa5v\x5c\xd6c\xd7\xc9\xa4\xa1\xbc\x85-\x22\x1a4\x13\
\x11\x1a\xf3\xec\xc5\xf3\xb7\x9f~\xf2\xf6Go\xbf\xfe\xe9\
\xd7\xbf\xf8\xc5/\x7f\xf9\x8b_\xfc\xec\x9bo\xde\xbd{\
\xf7\xf0\xf0\x90\xdc\x83\xba\xf8\x04W}\x00Cy\xd3\xe4\
_\x85\xb0\x95\x05C\xc7[ \x89\xf1LD\xa0y\x01\
\xe9\x19\xb1\x95\xe1\xed\x8d)4\x81\x88\xb7T\xae\xc8b\
\xe2W.\xa6\xe0\xf3\xddsM\xa5\x06/\x8a|\xca\xeb\
\x83h\xde\xf6j\x0b\x88\xd8\xd6\x16\x06p\x9e\x8f\xcc\x5c\
\xae\x8d\xc9hj\xd0\x90RK\xf0Q+\xc2\xbc%\x89\
p6r\x86\x88\xe4\xa8e\xbb \x94\xe8\xcd\xceO\x98\
a\xd1R\xe0\xa2\xc8\xb5\x8bV@e\x9aW[P\xbd\
v\x22Os\x097U\xbbv\x82q\x8f\x89\xadp\xa5\
b9\xce\x814\x22\xb6\x12\xa1\x8cM\x15\x1cOi\x1b\
\xa0p\x22+4Z\xcdd\xd4\xa7\x9c_\xe4\x8d\x8eU\
V\x19\x1aQ\xdf\xd2\xfb\x5ckQR?\xda\x07\x01 \
E\xd6\x9cK(\xb5\xbc\xc8\x9ds6\x0e\x0byMW\
\xae\xf2\xa2\xf4\xa2\x05\xde\xa4\x0c{\x98i\x222\x13\xd3\
\xc0\x11\xec\x9d[\x18{\xb5\xbc\x80p%O3\xee\xe7\
\xe1`\xe3\x1e\xd8\x17\xab\x0f\xe4P334\x8d\xc8\x8f\
#\xbd\xc9\xfb\x11\x85i\xb2%\xe5H/\x04\x0b\xf5-\
\x99\x8c\xba`\x04\xe4\x9bh\x0a\xca@ \xf0\xca\xc6\xc9\
\xc7\xdd\x11\x10N\x1c\x22\xc6DR\xc8=\x15\x5c\x9b\xf2\
\xbfRG\xa7\xe1v5\xa4+\x8c\xb8-\x03\x01)\xd5\
Hc\x14Q'\xbe\x1cS\x07NV\xc7\xe8\xd4\x92h\
\xc0\xe8\xeb\x8f\xcbB\xe38\x82\x09_~\xf5\x0b\x86\x9d\
\x03\xf5)\xb3\x22a\xc1\xecM\xd5\xf6\xaf\xbb\xf5\x22b\
\xe1\xf0\x7f\xad0jF\xa8]\x8c\xc6\x7f\x86\xd3\xc2P\
X\x10\xf2\x9f\xc5O\xc1b\xb2Pf\xd2\x0c(:\x1b\
\xc4F\xdf\xef\xf6\xfb\xbb\xbd\x85:u\x06K\x1b\x12J\
\x8chm]\x1eK\xe9\x1b\x22\xe4\x97\xd4&\xe3\xdf\x87\
$\x22t\xf2\x8e`h\x10\x96\x02\xb7|\xd8\x95\xe4@\
\xd1\x9d\x95\x97\xa0\xb2\x19-&)t\x8c%\xf4\x86\xa3\
\xb6G\xe2\x8a\xeb\x18t\xb8\xbb\xbb{\xfe\xf2\xd5\x8f\xde\
\xbd\xfb\xf2\xcb/\xbf\xfe\xea\xab\x9f\xfe\xe4\xc7\xdf|\xf3\
\xb3o\xbe\xfe\xfaG\x9f\xbe}\xf6\xec\x991\x06L\x94\
\xeb\xa9\xfd5\xaa\xca\xeb\xfcT\xd7\xf9\xf0!\xaa\x95\xc7\
X\xd6I\x9c\xda\xe0\x0eW!\xdb\xfa\x83\xdf\x1a\xb1K\
\xaa\xa3=wr\xd3\xd4\x856)]L\x14\x16\xa7\xbe\
\x04\x09\xb3\xe9f7\x854\xd1K\xea\xd2\xdcl4\xa6\
\x9c\xa7\xb8\xd2\xaa\xf0O4T\xde\xc8\xfc\xa5M\x1c\xa9\
\xb6>(\xa5\xf5\xc1\x0d\x0c\x8c\xa5\x85\xc1r\xaeI\xc6\
\xadr\xd5\xbc:\xfd\xf2\xb5\xb5\xe8d`\xf8J\xa9_\
\x8c\xf5\x04I\x05;\x9d4~\x0f\xe1l\x05h\x5c,\
\x13A\xda\x8a\xad\x10y\xdf\xa0\xb4\xa8\xde\x0b\x07\xe0\x8e\
\x95K~(=]\xa0\xeeF\xea*\x93cH\xf1\xa9\
\xc2K!\xbbZ*\x8f\x05)+\x86\xa9\xc1'\xaf\x94\
\x9a>\xb2\x1b)\xa8p\xcf\x1ed\x9a\xab\xf4\x8a\x05\x7f\
k\xe0\x14\x8c$\x89&r7\x02\x02Q\xaa\xa6S\xfc\
\xd3p@\xe84\x83\x13Y]`fj\x0a\xe1U\xc4\
\x81S\xb8\xee\xc2\xa5\xe6\xcdD\x13%\xe1D\xb0\x8f\xb0\
\xd1~\x12.j\x9c\x83\x99I\xda\x9f\xda\x16\xb0\x8c\x1f\
\xf8\x8f\x11\x10\x92\xab,g\xd1`\x22\xb2NN\xbd\x05\
\xd0T\xb8\xeaP\xa8\xf5r\xd0X\xfaZ\xf9\xcb\xc7\x9c\
\x8c\x0e\xee\xe6$[`\xc8\xc2$\xe6\x8b\xec\x0et\xc7\
\xd8Z\xb1\x88\x9dD\xa4\xeb\xd2\xf9\x14\x90\xb3\x8c\xd9w\
\x15G{j\xce\xd4^\xd9\x1d\xc6l\xa3\x04u\x1ar\
6H\x5c\xc9\x08\xcb(\xe1\xa8|\xdd\xfcO\xe1\xbfs\
@9\x13\xbf\xd6\xf5\x0c\x8cc\x8b\xac\x9b\xd7\xb6\xe8Q\
\x101]\x8b\x8a\x1a\x09\x7fy\x89H\x81Gl\x22\xea\
\x5c\x04vsss{{\xfb\xf1\xe3\xc7\x5c\xb7\xc6\x94\
&v\x08\x93\xa6F!\xb9\x85X\x0e8\x95\x19\xc7A\
\x8bqK\xb0\x13\x83\x19\x94\xca\xc56\xc6\x12\x1aBW\
\x9e`\x87\x0e\xce\x94t\x9a\xe2bA\xa8\xae*\xb9\xf8\
)\xabr\xdat\x04\xc0N/\xef\xf6{s\xbb\xbf\xbf\
\xbf\x7f\xf5\xf2\xd5\xebO?y\xf7\xee\xdd\x17_|\xf1\
\xd5\x8f\xbf\xfc\xe2\xddg_\xbc\xfb\xfc\x8b\xcf\xbfx\xfb\
\xe9g\xf7\x0f\xf7\x06\x0d\x10\x1d\xa6\xe9\x00\x84\xfeZ\xfb\
\x12\x06\x9b\xad\xebh~\xed\x19\x12jj\xd81S \
\x9fn\xd9\xfb\x1e\xf6}\xa8`\xfda\xe2\xa8d\x03\xb2\
\x87\xe6\xc1!\xbd!BcF\xb8\xa8O\xf3\x8aP\xa0\
\xd2\x86\xe2X\xddh\xc3v\xd5kU\x00\xa63]\xcb\
4\x9cg\xa7\x8b-\xd8FWM\xbd\x800J\x5c\x00\
\x9c\xdb\xfaL\xb8\xa5\xc6J~z\xce\xc6Y\xe4\x94\xb4\
v\x99\xc5\x08\x868D\xfc\xa2$E\x12\xcc\x16\xb4\xb0\
\xf5\x0aq\x11\x12$\x8a\x8b\x80\xb2\x1c\xd3\x10j\x8a\xee\
\x9f\xaaKk\xeet$'U4\xdb)3\xce\xd9\xaf\
z\xd7\xa8?\x03\x05\xc3B\xf0\x9eTK8D\x05\x87\
\xe1\xd9\x18\xe0\x8c\x0e0\x08\x94\xdf\xca\x10p`\x00\x87\
\x94\xda\x94\xe6\xeeg\xc2\xb3\xd0+V\x22\x96\x80hx\
\xf0*C\x07\x04-\xea\xa3x;\xa3\xe4\xde\xa6i\xc2\
\xbd\xf7\xce\x1aT\x8f^\x0b\xaa6T \x01\xb6s\xc0\
\x19\xdeC\xc6 V\xb0\xa2\xc0\x81\x14m\xb9\xc9\xb2\xbc\
\xc4\x82\xc9\x90\x1c\x13r\x1dz\x08\xc3TY\xc8L\x03\
\x1cv*X\xdf\x81\xc6O\x97B\x8a\xd1N\x94\x18\x02\
P\xaa\xa2\xc9G>wQU\x9a\x08\x10\x0c\x04T\xd9\
\x0d\x01D\x97*\x99\xbb\xca\xd4x\xac_\xea\xa5\xb32\
\x98}-\xd8\x8eB\x95-\x83`\xc5\x80\x08\xccbP\
\xb6\x83\x83\x14\x1e\xe6At\xd5\x80\x9e)\xe4h0h\
\x0c\x02h\xb4\xbdls\xe1\xd1Ew\x88\x0b4r\xa4\
G-MTXvv\xbb\xdd\xcd\xcd\x8d\xc5\x84\x88H\
\xf6\x0e\xbc\x8a\x92\x8a\x80]\xa3bq\xa2q}\x15-\
i\xb4K\x0ePbN\x22*n\x1fB\xda\x12\xdep\
=\xa4\x9bS\xe8\x954\x10<r\x817I\x80\xf2,\
\x8eF\xf8\x13\x01\x10\x1a\x07R\x03\xa2\xdf\xa11\xbb\xfd\
\xfef\x7f\xfbp\x7f\xff\xf0\xf0\xf2\xc5\x8b\x17\xaf^\xbe\
\xfc\xe4\xcd'\xaf_\xbf\xfb\xec\xdd\xdb\x1f\xfd\xe8\xed\xa7\
\x9f\xfe\xe8\xd3\xb7\xef>\xf9\xf4\xe5\x8b\x97\x0f\x0f\xf77\
77\xde\xca\xfe\xa3M\xc8\xf8\x8e\xc2\xd6\xe8*\xbd\xa9\
\xbf\xaf|m\xc8\x17j\xc7\x1f\x00\xa0hy+\xa4\xae\
\x11\x99\x00x\xd9\xaf\x22\x15R\x8ba\x17\xb7\x5cw\x1f\
\x95^\x9aB\x9e\x87\xaf\x0crb\xf3\x12;\xda\xb0\xdd\
\xc8\x8a\xf1\x85\xe3Ib\x1el\xb1\xcaN1&Y\x94\
8\xaeP\xaf\x9e\xf9k\x83\x8eU\x8d\xcb\xdb\xfd\x13\x16\
\xb2\xe8l\x99f\xe0N\xf1G\xd2>q\x97\xec\xcde\
u\xaaqz\x99\xbb\xef'H\xd7\x85\x84)\x9b\xa1\xbd\
\xe1\xd9\x10\xec\xb1\x14]\x8bj\x800\xcf=\xd5\xad\xe9\
~\x8dK\xbc\xe0\x09\x88\xe7N\xfeMO`\xc4\xe4\xc8\
\x22\xdb\xbd\x92t\xd4\x95\xb4\xa2\xee\x03m'\x13\xecH\
s|\x8b5:\x8f\xcb\x13\x0cY\x04\x98\xaa~\xe56\
f\xfc}\x80\x7f\x90\xf2F\x94\xdet\x1f^\xdat,\
\xd4,i\xc6\x02\x1b\x04\x99M\xa9\x8a\x0f)37\x15\
\xc0\xaf\xe4\xa5&\x07\x9f\x02\x16\x12\xc5\xab\x0e'J$\
\xf9\xbc\xfc\xbc\xa8\x00@\x87\xc4vTEz%\xf8\xa7\
\xb2\x86\x88Q\x8d Z,\xf4x\x89\x9bD\xe1\xc7\x82\
!\xbdp}Y\x0e/\x01\xa2\x0e0\xdel\xc1\xc2\xf0\
\xc1\x96?\x07'\xa8\xcd(\xf9\xcf\xe6\xa7\xd2K\x8b\x01\
\x86\xddP\xb6\xca\xa0\x85\xf6\xb9p;\xb4\xaa\x9dv\xa0\
\x1e5\x8b\xafHQ\x01\xd2\x14\x87\xa3'(\xc4\xb2\xcf\
\x06\xd1;\x00C{\x91I`d#\xda\x00\x08G7\
\x13\xdd\x11\x00\xfa\x04\x82\xfe4W\x17 4\x8cW\x95\
\xba\x97\x03\x1bc\x1e\x1e\x1e>~\xfcHD\x04\x07\x11\
1Y\x9c\xd3\x97\x16\xbc[\xdc\x0a\x00\x80^\xbc\xe5\xee\
\xd6d\x8b$\x02\x22\xbbL\xa2 b\xa3T\x01\x1e\xba\
~\x9a&c\xd0\xae\x17\xf6\xca>\x8c\x81\xc1\x1f\xa0\x8d\
.\xa6Jx\x92\xff\xe4+\x03\x1a\x83\xfb\x9d\xc5\xc67\
\xf6\xef~\x7fsw\xf7\xec\xf9\xf3\xe7\xcf\x9f\x7f\xf2\xe6\
\xcd\xeb\x97/_\xbez\xf5\xe2\xc5\xf3\xd7\xaf_\xbdy\
\xfd\xfa\xcd\xeb7\xaf^\xbd~\xf1\xe2\xc5\xcd\xcd\xcd~\
\xb7\xb7\xa3\xf7\xc3\xc7\x83\x00\x1f\xbeY\x10\x0a;\xd1\x10\
&\xcc;\xa2Nu\xf9i)\x0a\xb4\xe6\x9a\x9a\x88\x93\
\x14\x80\x12\xad\xa4\xc1\xf6\x90F+j\xb83\xb0Zf\
..I\xdeC\x94\xb6\x00\xbbK\xb6\xab\xd1\xc4/[\
\x9c,\xb6\x93\x86\x94\xd3\xa9H\xb2\xf2%\x85\xb7L\x13\
\x0a\xcaj\xa6aJ 3\x16\x0b\xf8\xda\xd1s\xcd\xfb\
\x00-\x01\x09\x85\xaeDj\xb4\xf4\xa9\xe9\x9a`\xd0F\
\x1dt\x99\xc8V\x02\xc2\x04\xf9\xf8\x22\x8bE\x93{W\
\xcf\x97\xbc\x9ee\xdd\xae)=,W\x16Q^X\x0f\
\xac\x84<5\xbel\x11;=\x85\xfeAf\xcd\x02@\
xH\xb7\x9b\x12?\x91\x8b?\x05\x87\xc1\x83\x89M\x88\
c0\xa9\x19\xc8\xf4~\x81\xe1\x08\x0bzi\x1d\xe7'\
+xeCx\xb5x\xbc\xd8\x02\x87\x04$)\x80_\
\x08#\x9c\xa6\x84\xf7\xfc\x0d\x93\x8e+\x80M@D\xd2\
,N\x05\x80\xcco\xb9\xc8\xd3L \xe2!\x22\xc1I\
\xb3\x1a\xe5\x80\xd0\x15\xdb+\x12\xa3\xedh\x0a\xe7\x84\xce\
\xb0\x04\x0e\xf9sp\xf6\xd0\x89\x03\xf9WcLpw\
h\xb5#.M\xab\x12g\xb7b$\xbdo\xdc\xcbp\
vJe[9\x04\xb3\xb3\x06\xec\xa5\x1dl\x16\x88\x88\
\xaa\xc6[\xfb\x91P}\xca\x8f!:^\x98t}\xe8\
LG\x0dVB5MR8H{\xc5|\xfa\xa1\x9e\
~\xbe\xbc(\xf0L(\x09\xb9\xfc\x98!@\xc1\xbf\x1a\
\xc4x\x9b0\x0ff\x99Y\x04\xfeUf\xed\x97\xd4\xb0\
\xe2\xf1CY\x15\x86R\x94!,5\xbb\xdd\xee\xf6\xf6\
\xf6\xc3\x87\x0f\x00S\xbc\xba\xb0GG\x01\x08S\xd0\x9d\
z\xcf\xc9\xb0K\xb3\x00D\x12lu.\xda\x0b\x85\xc1\
\xc2\x96\xa4\x22\x22w\x09\x8c}F\xad\xd39\xde\xf6d\
\x18\xed\xf7\xfb\x9b\x9b\xdb\x9b\xbb\xfb\xbb\xbb\xdb\xdb\xdb\xbb\
\x9b\xdb\xdb\xbb\xbb\xbbg\xcf\x1e\xee\xeeo\x9f?\x7f\xfe\
\xea\xc5\xcb\x97/^\xbc|\xf1\xe2\xf9\x8b\x17\xcf\x1e\x1e\
\x9e?\x7f\xf6p\xffp\x7fscv\xe6\x004\xd1t\
\x98\x0en`\x05u ;\xb4Zi|}\x88v\x88\
6\x9a!\xfb\xd3\xa7\x82\xaaPE&zRA\x22\xa6\
\xe5WB\xbf\x01\x0d\xa2\xef=>\x05b\xf1\x0ape\
`)@i2Z\xc4WV\xf3,\x1a9\xf3O\xca\
\x8f\x02V\x1bG\x83ZLU\x18\x86zxS\x91k\
W\x0a?4*\xfc\x8c\xc5\x1e\xd3\x8b~\xb9CO\xb0\
\x99\x89`\xa2\xf08\x1e\xef>\x94\xf2eB\x88'H\
\xcb;\xe2b\xbbR\xd7\x10\xaah\xc4=;\xf3\xa2\x1a\
\xa7U\xc2x\xeaU\xad9O\xa9\xcan\xc9/*B\
\xb6'\xa2\x90f\x0ed\xe2\xc5\xcaV\xa6\x1b\xd7\xdfD\
3k\x93\xf5\xca5\xffR\x9et\xcaw,\x81\xd0B\
H\xb5\x1dD\x00\x91H\x9e\x0bo\xa5\x0ax\xe6\x01B\
\xca\xaa\x08P\x85m<\x9d\xd2Wb\xf7\x13\x8a0j\
D^\x80)s\x8f\xa9\x920\xfeT\xcdMi\x9a\xa6\
\xc3t\xa0i\x02\x9a>&\xdaBnt\x9a+\x1bY\
\x0aDD\x87\xe9 \xf2\xa22\x81s\x1c\xa1\xdc\x85\x08\
\x99\x1di\x05\x0aB\xd5\xe84o=\xae\x98\x8d\xef'\
\xf2\x16l\xa2{\xbcY\x1b\x07\x99\x02\x22\xf2{\x14\xf9\
\xfd\x00\xe4t\x1d|\x94\xbai\xc7!\xa2\x1fj>\x9d\
\x98c\xb0\xb5\xe6\x88Pw ?\xa8EL\x93\x8b\x8c\
/y[Y.\xd7w:\xb1\x0e4\xd8\x03\x17\xf30\
]\x02\xafD\xacf\xb9\x0b\xc9\xa9\xe5+I'\xa0*\
=D\x03P\xa6\xf0@\xaf*\xf4\xac\xa2\xa6\x1eD\x8c\
*A\x8c\xd9\x890.\xc1`S\x1ay^\xbfR\xb9\
B\x10\x82\x89\x9a:\xa4\x984a\xce\xd4\x1ac\xee\xef\
\xef\xa7\xe9\xe0[\x159;\x8c\x1e\xdc\xfa\x9e\xf7\x89B\
8[\x98x\xbfw\x0d\x0b\x84\xfe\xa8Sh\x11\xcad\
a\xfaz\x0b\xc6\xca\x0f\x09\xa6XL2!)\xca\xac\
p\xd1\xf8\xc6u\xd6\x9ahq\xb21\x06\xd1\xecvf\
\xbf\xdb\x9b\x9d\xd9\xed\xf777{\xab\xdc\xdb\xef\xf7w\
\x96\xee\xef\xef\xee\xee\xee\x1f\x1en\xefn\xef\xef\xef\xef\
\xee\xee\xef\xef\xef\x9e=<\xbcx\xf6\xfc\xf9\xb3g\xf7\
\x0fw\xb77\xb7\x88h\xedc'@\xbbh\xa11a\
\xd8\x1bdx\xb4z\xc0\xa14\xcc\xc4x\x1eeR\xeb\
\xc3\xb8^\x06\x15i(E\x02\x8ev]8q\x89K\
3_d#&H=\x5c\xf7\xa6\x9c\xc0.0\x0c\xe0\
\xd7\x1b\xab\x12\x86\xe0\xae\xd9\xb3\x22\xac\xc1\x05\xd8!?\
\x5c\xed*Z2\xf7Bw\x8f'{\xc3y\x92\xc0\xd8\
 \xcb\xb1ZM_\xea\xf8\x1c?\xb1}!o\xae&\
\x14\x87\x0c9\x97ZX]6c\xb1\x06i\x09\xf7\x5c\
\xaa\xa6/h\xa1\xfc\x8b\xf3]\x1e\xfd\x02\xe9\xecWJ\
\x5cB\x93\x1e\xb5\x0c\xaau\xa8b)\xd0aDZg\
TJ\xb5\x18s*\x93/\x19B$_)M\x0f#\
\xd5\xd5d\x9aYQG\xd1\x8b\xc9\x09\xc3\x00\xaf^t\
l3\x97\xf3Y\xbe<\xc7Zj\xf1\xf8\xcf\x12vU\
+\xd5\xd9h\x02\xf8\x09>@@A\xf5A\x85|\xc8\
\x14\x89\x94YRq5 x]\x19\xcf\x91\x07\xe6!\
s(\xc8\xb3\xa6L\xcf6\x89\xeb%4_\xa3\x87i\
\xa2\x9bI\xc5~\xf5\xd3\x86\xb9\x22\x91#I\x15\xd7U\
\xe0\x22\xa4N#z\xf0^\xeedB\xed\x91\xe2'\xe3\
.\xc1\x80`)\x0a\x84\x13\x80\x81\x89\x82\xf9\x5c\xfc\x8f\
R\xc5o\x8e<\xe3\xa0B\x89H\x9d\x04%\x0c\x0c\xff\
6v\xb4?\x81(N\xf9\xbai\xd4\xd2\x17\xca\x02h\
*\x9aX\xf8\x902\x07\x84\x0cj\xb9\xe8\x85\xc9^\x99\
JP\xa6\xd2:\xc6\x87\xbd:OS.9z\xf8\xe0\
\x01\xf8\xfc\xcdc\x85\x9f*\xc3\xad? Z\x87\x22\x12\
\xcey]!d\x9fru\x01?o\xac\x22\xc3\xe4\xbd\
\xb5BM\xbe:\x00\x83\x88`\x08\x08\xd0\xd8K9\xd4\
t`\xb7\xdb\x1bs\x1b&\x85\x1f;\xe2\xd2jW9\
w\xd7&\x12\xa2\xb3+\x06\x87?\x99\x04\xcd^,Q\
(p\xdet~\xad3\x00\x84\xb8cf\x7f\xce:\xd4\
\xda\xd3r8-\xc8*\xfd\x00\x01\xdd\xad\x81\xc6\x18\xb3\
\xdb\xefv\xbb\xfdn\xb7\xbb\xd9\xefw\xfb\xfd\xcd\xed\xcd\
\xed\xcd\xed\xed\xdd\xdd\xed\xcd\x8du\xabs\x7f\x7f\x7fw\
www\x7fw\x7fw\x7fw{{wwwss\
s{w\xb7\xdf\xef\xefnow\xc6\x18\xb3#\x9a\xfc\
iI`\x1d\x82\x935\x88\x85x\xd8\x01\xd2e\x1f\xcb\
\xda\xb6\xd28\xec!\x15\xc2U\xbe\xd6\xe3\x96\x02\xc8\x90\
^\xca\x03lEY\x98\x97 \x01\xe7\xb8\xfc&\x8e-\
\xf6\xd9\x05\xaa\xab\xd7:\x94oJIT\xf7\xc4\xc8\xfe\
\xf6U\xa7\x99\xf1\x92a \x12\x19\x16\x0a\x5c\x02k\xbf\
\xd1\x08\xd5\xb1\xc7\x09\x0a\xb0\x0d\x99\x9c\x90\xe6cB\x95\
\x1a\x800r~a\xa3\x17\xe9c\xea\xa0e\xb04*\
\xacR\x91R\xe9k)\x0b\xac(95D\x17\x18\xe5\
 &\xb7g\xfd\xb9:\xb4\x22s\xcd\x85\xb2%\x10\xe8\
\xb6\xf3i\x12\x0eE+i\xaa\xfb:Gn\xf5D\xf8\
_\xb5Mx\xf1D\xc18~\x10\x10\x91\x88v\xbb\x1d\
\xa4\xa7\x07y\xac\xfc\x0d\x7f\x00\x90\xd8C@,\xf12\
Q\x1e\xda\xdf\x87\xc9:\x0b\x15F\xa4\x94i\x17+\x10\
\x91Z\xe7\x0fK\x80\xb0\xa2\x15,\xd5\x85W_\xc5\x84\
\x024\x8a\x96\x8c\x7f\x09\x80\x9c\xa9\xe8\x14tt\x87\x09\
\x00\x0c\x19\xde\x17\x02\xf5\xa9\xb03\x09\xe0\x95z\xb1\xef\
\xc8\xe9\x1b\x93!\x01\xc0\x8fX8^*=\xa6\x08-\
@\x98\x0f~>\xd1\x94\xaf`\x0f\xf5:AM\xe0\x0e\
CI\xe2x.\xa8%\x05\xcb\xc2\x076\xcc\x22\x1e7\
\xf7h\x9f\x16>a\xe6\xf4\x1c\xbdZO\xbe.\xf3m\
9\x13\xe6`\x0bq\xc0\xe6\xd1\xa0Q\xb0_\x8e\xfaJ\
\xcf<;\xfe\xde\x80\x9e\x8ek\xe4\xc04{\x05c\x9e\
\x94A\xb3\xdb\xef\xec\xaahU\xe2\x22\xc7\xbc\xca\xd5\xf7\
\x88\x86k\x08Q-[l\xabX!\xfbug\xc08\
U(N\x88\x88\xb8s\x80\xd0\x867\xc6\xb6\xa5A\x83\
\x88;\xb33;\xb3\xdb\xed\x8c1f\xbf\xb3\xb7\xc6\xef\
\xf6fg\xcc\xcd\xcd\xcdn\xb7\xbf\xb9\xb9\xdd\xef\xf7\xfb\
\xfd\xfef\xb7\xbf\xbd\xbd\xbd\xb9\xbd\xd9\xefonon\
noo-,\xbc\xbd\xbb\xbb\xd9\xef-J\xb4\xe9\x80\
\xd3\xe8Z\x08\xbd\x03\xaf\x9c\xb4\xc3\x8c\xc2\xf9p{\xb5\
\x12\x1b\xcf\xa1\xcb\xc4\xc2\xde\x03\x0b;?5C\xae\x8b\
\xd3|,\xa6\xb51\x8ax\xb7'\xd9V\xc1\x12#O\
\x81s\xec\xba\xd3S5\xd2l\x94\xfa\x9b\x85\xe2Y\x95\
p*`\xa0\xc9\xf2\xb5b\xb4$\xedv\xd3\xe2\xd7\x07\
\xd8\xa4\xd5\x22\x02\xfbY\xbdY\xca.\xe7\xc4\x86\x8a\xba\
\x16=>\xf4\x82\xa0kU\x9eH\xd3\xf5\x0b\xb3\x98W\
\x82\xf3W\x87/,\xfc}\x09\xd4\x0c_;a\xb7Y\
\xbf\x0f\xb5M\xa7r\x5cT\x91\xa9\xf7\xd7P\xf0\x8e*\
$\x8b/\xfd\xcf\x89\x8808N\x8c\xb0\xcfE4\xfe\
HB\x883\xc8/6\xa1c q\xf6Fi\x13V\
@D\x03\x9eS\xe7\xb8\xae\x04\x1aE\x83\x90f\x8cZ\
B\x86\xf9\x00\xca\xb1M\x9e&\x0f\x1fX:\xf1\x86\xa3\
\x0eph\xc7*y\xdc\x07n\x1e\x19\xdc\xde\xa8\xb8\xcb\
^Aa3\x10\xca=\x15\xfeQv\xda\x904\x85a\
\x9e\x94\x8a\x0f\xeb\xc6\xa5\xa2\xb9\xf8C\x05\x01\x86\x87\xc9\
;\xe2\x8f0\xd2i\xc3\xdc\xdd\x8a^\xe7\xe7\xbe\xc5\x04\
\xcc.t\x17hn`\xf2\xbf\xf9\x03q\x90\x17>f\
\xbaD>\xf7\xa3\x95(\xd3\xda\xc54\xb3)^\xc2\x81\
\xf5\xd5\x80\x98X\xca\xe5@`\xd9&%^6\x9bJ\
\xabMs\x09\x12\xd3\x0aZT\x0b\xc3t]\x90-,\
A\x1b\xe11or\xacH\x95\xbe\x8b\x97\xfcg\x04i\
\xd6\x8e1>\xeb80<\xe7?%>\x8c(+ \
=\x19\x86\xa7\xef\x95\x95\xee\x83\xff\xc7\x99\xb3\x06\xe3P\
\xe3tl7\x87)r\x8f\x95d\xf3\xb2\xb16Ac\
\xc0*\xf7D\xbd\xc2\xe5~\xf1\x13\x18\x07!=Z6\
\x0e\xeb\xb9\x17\x16\xf7\x19\xdc\xd9\xe8\x80hv\x16\x07\x1a\
[\xe6\xfd~o\x0c\xeev;\xb3\xdb\xedv\xbb\xfd~\
/\xfe\xde\xdc\xdc\xeev\xe6f\x7f\xb3\xf7d\x81\xdf\xcd\
\xcd\x8d{6\xe6\xe6\xf6\x16\x8d\xbd\x0d\xdd\xc2v\xeb\xee\
\x15\x08\xc0\xec0nVN,\x02\x5cY\xaa\xb4\xf9 \
N[\x02\xff\xc2{\x15\x82\xd67\xc4\x1cA\x89\xb9\xe6\
~r\x8dYLGN\x90\x9e\x9dZ\xb0\x04i\x82~\
\xdf\xf7\xebX>\x1dd\xc1\xb8>;k\xa2x#\x94\
\x0dA2\x98\x0a]B\xca\xe8\xcf\xb1\xd9\xe8\xd4\xd2\xf9\
-\xe9\xdf\xfevk\x92\xde\xd1\x00\xf1\xa6\x98(,\x8c\
D\x00\xbdC\xb0U0\xec\x11\x94\x83\xbb\xf4(pz\
\xb3\x0b\xa0\x96g]\x0c\xe0\xad\xf0N\x82+\xbc\x88,\
\x19\xda\xe8\xac\xa5OP\x82\xebB\x83~w\x05\x006\
\x86\x9c\xe1F\xfb(rE\xbf\x17>\x09w\xa3\xebZ\
\xed\xe6\xf5j\x03B\x1e'A\x11\x90Xo\x94\xd6\x0b\
u\xc66\x13\x9fQ\xab\xae5+\x1a\x82X9c\xaa\
\x03D\xd9>bn\xab+x\x05\x92U\x0a\x92\xa7\xcc\
=\x7f\xba\xf6u\x8c\xaf\xfd\xa3\xaf\x08:\x98L\xbfb\
\xb5wBaD\x98`\x1d\x1aVX\xf2*A\xce\xc1\
\x0b\xcc\x06)\xd6\x15e\x8b\xf0\x031xC\x09 D\
\xbd\xa9O=v\xc8\x7f\xee\xf7{\x09\x173]\x9fC\
z\xf1\x22\xc3D\x97H\xd9QC\xd5\x81\x0d\x89\xa3\x8c\
\x99]k^\x0c\x8e\x0c+UP_\xc6\xe6\x9a\xd27\
\x04\x13L`m\xc6\x88\xdd\x8aa\xa1 F\xf7\x1c9\
\xd0R1!\xef;\x89\x0f3\xdc(~\xc6\xf7\x16\x9e\
\xf9tribH0\x17Z\xe7\x89\xd7G5\x94\xd7\
\x8a\xce5\xa4\x0b|\x0e\xa6\xd0\x8c\x85a6Kf\x88\
\x0c[\xe6#\xffg\xf4uR\x05\x84\xe0yV\x22B\
{\xa8\xcd&\x8e\xe0L\x19\xfd\xeaV\x02\x81%\xc4\x95\
\xfc\x0cp\xa5O\xa9X\x08\x09h(\xbc\x0ex\x15\x11\
w;\x83\xb8\x9b\x0e\x16\x0aa^\x18\xf5\x8dxo\x8c\
\x09\xd6\x9e\xee,\x1f\x9ap\x96\xd2^\xf9\xee\x04\x80h\
\x00vh\xd1\xa0!\xaf\xf9C\xdbb;\xdc[SP\
\x00\xdc\xef\x1d D\x8b\x06w;\x03\xb8\xdb\xedv;\
\xab\x1eD\x07\xff\xcc\xcd\xce\xec\xf67\xd6Tt\xbf\xdb\
\xef\x8c\xd9\xdd\xdc\xec\xf7\xfb\xbd\xd5\x1cZ(\x18\xe0\x22\
\xfa\x0b\xe8\x1d\xfcL\x0f:\xa2\xb1F\xda\x84\xcc\xcd\x0f\
\x11A\xc1\x91\x0f\xefA*\x18\x95\xd4\xc6g\x1f+V\
\xc1\x84<\xf7\xd2\x10\xad$Xb\x0c\x82\xc5\x0ez\x01\
\x04\xb1C\x7f\xa5\xe9P\xca\x17\x11\xf9\x9d\x07\xe9\x9e\xe7\
vY\xcc\xa2GcuE\x88\xd3\xb8\xa5@\x5cf\xd0\
,0\xc6\xbf\x98\xbc.\xf1\x8esy\xe8\xd0Y\xd4\xb2\
3J\x8aM\xca\xd7FF\x1eu\xa9-\x16m\xc9\xfb\
\x18@1\xc2G\xc7\xb9-\x10\x85bd\x10h6\x95\
\xca\xb3B\x9a\x82\xdd^^\xd6b\xc30\xfe34\x11\
\xc0\x89\xd0\xe8u\xa1AL\x87\x8d\x5c5\xbaR\xabt\
\xa5\xfa\xa9r\x9e0\x90\x0a\x1a\xeb@,P\x11\x10\xe6\
|\x9b\x7f\x1f\xdb\x00\x11\xd5\xa5_\xcdX\x85+\x90m\
\x1e=P*d\x8d\x9a\x06R\xa6\x19\xa5R,\x0b\x00\
\xee\x9cBm\xaf\xfce\xbecQYQVo\x8a|\
\xf3Vj\x8d\x80\x84h\x0f\x86\x85E53\xf2\xcc\x01\
\xaa\xc4\x96i\xd987/\xda\x90c\x92\xbc\xbe%h\
\x11|f\xaaY$?!*\xaf\x1c $\x9a\x98B\
I\x94M<\x84OB\x8d\x16\x82q\x00&\x90[\xe5\
\xd0 \xc3\x8d\x13\xc7\x86\xa498U\x7f\x82\xbf\xbd\x90\
FH\x14\x9b[\x96r\x83R\xf0\x0d\x15\xc3[\x01\x81\
}?y\xd5\xa2\xd5\xbc\x12\x19\xe2\xba\xbd\xa4I\x93\x01\
ID\x85^S{S\x0el\xe1\x8f\x94E\x14SF\
\xbcQ3\x12tz\x108\x14\x98\xaaB\x96\x22\xf99\
<\xa9'\x9226\x8b\xf2\x0d\x86x2E\x06\x1a\x00\
\xac\xd1\xa1;`Y@kAp\x93\x7f\x05v\x8c0\
\x89\xee\x01\xa1\x8a\xcd\xc4O\x81\x06\xbd\xd1\xa5\xd5\xd4\xf9\
\x10\x84\xc6;\xd5\xb0\x80\xd0\x98\x1d2\x19\x7f\x0f\x85\xea\
\xc47H\xf1\x97A\xc30g\x00`\xb6\x8e\xe8\x00\xa1\
AC\xc6X\xac\xb8\xdb\x99\x1d \xec\x8c\x01@c\xcc\
ng}\xc3\xec\x00\xc0\xecwh\xd0\x98\xdd\xde\xecv\
\xd6:\xd4\xc2B\x83\xfb\xfd\x8d\x05~\x16\xefy\xe5\xa1\
\xb1\xd8\x8f\xbf7\xbb\x9d\x05\xe8{\xb3\x8b\x0b\xb5q\xfa\
\xc90\xbaPc1C\x1d\xa9|jK\xdfM\x0aC\
\xa56`\xe7\x86\x5c\x1d\x8bb\x22\x8a\x8f\x9aC5\xa9\
|\xf3\xca\x02I\xc674\xa6s\x0f4\x82Lb\x22\
\x05&0)I'\x9b\x18\x1e\xbc,\xa0\xa9!\xec)\
-i\xf6\x0e%\x06\xa6\x98\xd7\xdcB$LK\xaa\x81\
\xd2y\xdf5\xe4\x17\xa5\xc0+b\x8f\xe5I]\x0a\x10\
\xc2\xf3\xbb\x8d\xb9\x16\x9a\xd7e\xe7\xedh1\xc1\xd5u\
r\xd8d4\xcbd\x0d\xd1\xcaz\x95\xd4\x02\x80C\xd1\
\xc9J\x17\xad|\xc5\xbd[%\x18\xad\xaa,J|\xe1\
(\xb8\x15y\xf9\xcfN\x5ci\xc8x\xa5\x0fp\xb7f\
j\x01\xb0`\xb4\x90\xbfT\x0b\xcf\xd1i\xae\xcf\xc9\xf5\
<\x22\x8c\x0e*\xc8[\x1d@\x04B\x96\x09\x0e:p\
\x01\xfc*\x7f\xc9;\xbb\xa7\xf4\x16\xf8\xf05\xc7Z\x1c\
\x0a\x92\xbd|\x02$\x5c\x9c\xa6)8\xac)\x1d;\xd4\
\x15\x8f\xfe+d\xd7iPK\x8b(\x0a,B\xda\x9f\
HY\x0b\x00M\xb1m\xa3\x15\xa9\x17}\x84\xdf\x0a\xfe\
\x0f#\x0b4\x14\xc7\xd2 \xd1\xdd\x02\xd7\x891\x90\x8f\
\xea\xca3eb\x88|(\xd6\x7f\xf6\x84T\xa59y\
\xe08)\x08\x08\xc3h\xec\xcaK\x9d;P'\xcd\xbb\
\x8c\x90\x9d\xa3\x0f&\xa3\xda\x83q\x8e\x19\xae\xe9U\xdc\
\x15\xc6\xdeL\xd4\xbe\xe4\x06\x93\x1ci\xa8\xf8M .\
\xfb\xc6\xdeT\xc8p\x975\xd0\x0c?R\x9c\x86\xc1\x12\
\xd3\xfd\x8cJAD\xf0\xf7\x1eF2\x06\x01,\x82\x0a\
\x8bX\x898\xfc\x13/\x01\xc0\xec\x1c\x14\xb4'\xfe\x0c\
\x1a\xaf\x1c\x8c\x01\xedK\x83\x0e\x10\x9a\x9dC\x95\x06w\
\x88;c\x22t\xb4\x84\x88\xbb\xdd\x0e\x0d\x1a\x07[M\
\x00{\xf6S\xc4{\x1e(\xda\x07\xfe\x17\xbd\x122\xf4\
\xef\xce\xec\x88\xec\xfd\x18~\xe1E\xcf\xfb;i\xa6\x0e\
\xb7\x9a\xb0\x10\x163\xcd3\x82\x1d\x03m\xda\xe0\x95\x17\
\xfd\xb5\xe6\x93}\xa80a\x0e$o)~%p\x9e\
\x7f\xa8\x9dJ\x8b\xc6\xd1Q\x93\x8e\xd6/s\x0a\xd0\x81\
\xffW-\xc3e\x83\x9cKA\x83\x1bu\xd3L4X\
v&|9\xb4\xaf\x03*Eh\xc49<\x7f\x16\xcf\
\x1eY!\xc7\xe6w!\xab@y\xdc:/\xd8\x83\xb5\
$\x9e\x09\x17O\x87\x8a0\x85\x9b\xb8HC$+\xde\
W\xf2\xe5\xe8\xae\x22\xa4\xa4T\xa9X\xe3P\xc3K+\
\xe8wVy\xca\xed\x1d*&lwef.\x22\xc0\
\x15\xaf2ye \x87[\x98\xa9\x0du0@D\x93\
\xbd!\x00\x83l\x90\x82m\xa1\x0f\x16\xd4}\x22\xfd\x1c\
\x10\x8a,J\xb81&K\x12 N\xd349Lh\
\xff\x1e\x88>\x12\x01\x11N\x1aq\x04\xc8\x95\x81\x01\x13\
\x86\x07\xd2\x14\x92\xf9\xb3@}\x092\x04\xa2\xc3\x14/\
\x87\xc8\xa3`0#e\x9dE102+_H\x91\
\x18y\x1b]\x8c\xc7ic\xb0\xe8D\x8a\x08}\x92\x22\
\x05><\xf2\xf7\xa0\x81\xae\xd2\xcb\xfc\xe7\x0c\xe0\xa7\x0e\
o\x11\xac\xb4\xf8\xf0`VND0\xb9\x87\xc9\x94B\
\xaa-P\x22e:G\xf0\xa7\xf8\x8cP\xef\xe6q\xd9\
Y\x936\xbf\xa8qP\xc7\x03\x0b\x01S\x09\x04\x860\
\x154\xc8\x9fK\x04AA\x07\x18A\x9f\xc7k\x06\x22\
x\xe3\xa9I\x0d\xa4\xc1\x90\xc8\xce\x030\x11\x8b\xbft\
^=3\xdd`@{\xd6N\xd40D\xca\x8d3\x0d\
\x83\x86\x11\xeca\x01\x04\xfa\xf7\x16\xd7\x85\x87\x80\xf4\xb8\
\x1a0\xbe\x17\x09\x19\xe3l\x80\xbd\x1b\x1e{d\x9d\xc0\
\x1eyt\x1djA`\xb0\xf8\xad\xb8%P\xfb\xb1K\
$\xb1\x12\xf6[\x18\xac\x9f\xa9\x22\x22~ST\x8c[\
\xd8d\x9b\xdbn\x12\x98D\x9a\x00l\x0e\xc6\xe6\x8d&\
\x86\xf1=1U\x7f\xfaO\x9au_\x8b\xcd0\xc5T\
\x83U\xc6\x80\xbaV\xd4y\xbff9\x9b\x85\x81V\x1f\
\x95X\xaf\xa5\x84\x98\x88\xd9\xd2\xc6\xe1\xb5\x08\xbb\xde)\
\x91\xea\x8c\xa4\xea\xdew\x9a;Q\x9b\xb8\x5c\xf2\xe4(\
\xf5\x02\x81qe\xe1\xedO\xc1q\xce\xec\xea\x82\xa3\x17\
[\xcbE\xaci\xa5\xd1\x125\x84=\xcc\x8d\x0b\xc8@\
\xa1\x80\x88.\xefeC\x135-\x1cV\xe5\xfd\xfc\xc0\
\x1bd\xcb\x90R\xb5\xe0\x1c\xd5\x9b\xc0\xe6,#\xdf_\
\xf35\xabg\x05\xe1\xc5\x16\x0f!\xd9`\xde\x99s\xae\
\xb1\xd8\xdem`\xfc\x99B8\xc1\x1c\x88*p\x16\x96\
7\x14\xfa\xe3\x7f\xa2\xf1y\x22\xa1\x18b\xe9\x09\xbc\x1a\
g\xf71S\xfb\x84\x08\x01r\xdb\xc57Gzy\x9f\
\x8a\x87\x1c\x19\x8a\xaf\xfc'wcc\x8c\x01\x7fK^\
\x02\xc3\xa2\x92p\x22\xda\x13\xdd\x12A\x0e\xe7T\x0da\
\x094R\xe6\x8a&\x07\x84\xf9\xd9\xc2\x5c\x8b\x08{\xe7\
D&T<\x81m\x00\x13M\xb2M\x08H\xbd\xb40\
\x1d\x00\x93w\x17c9\x1a\xd9\xc2\xfe,4MQs\
[jd>\x1eJ\xcf\x9d!A[4z\xde\xe43\
\xb1\x02\xf9\xa0J\x16%#\x86\xf64y\x0a\xb9\x04D\
]^\xeb|\xb9\xb8<\x03\x18\x83K\xaa\xfe\x10\xd2`\
\xa9\xc9\x9b\xf8\xaa\xa2>\xc8\xc0\x1e\x0f#\xa0W\x1e\xb8\
\x8b\x0c\x22\xe1\xce\x9bb:\xf5\xa0\xbb#\x0fU\xf0\x06\
^i\xe9\xa2\x07<\x06N\x0b\x17\x8cZ9~S\x1f\
\x82\x09h\xc4{\xe1\xbb\x06\xff\xf8s\xc8\xc8\x1a\x85:\
?\x9f\xfe\x81ga\xc1!\x07\x84A\x19\xc8_\x22\xe2\
\xce\x9f9\xb4m\xef\xab\xe5\xfa\xc2\xb6\xce\x04\xe4\xda\x09\
\x91\xd8ai\xe1\xae\xb6\x02\xf3T\xfe\xbe'\xa2\x9a\x94\
\x1aX\xecV\x0b9$\x91N\x9d\xe5@\xa6%\xae\xa4\
&v\xccz\xd6\xcdD\x00\x82)\x0e4\x93\x92q\xb9\
\x19\xfd`\x13\xb9\xa4\xb2\xf7TMMm\xbdQ$9\
\x13\xa8\xa7kP}l4;\xba\x9e{'Z\x93\xb1\
\xb4\xe0J\x22e\x99\x8b\x88\xb2\x1cq\xad\x8eyr\xbe\
k\xa80*\xaf\xdbY\x8b<\xc7\x9e\xe8\xa3\xd2\x873\
\x92h\x93\xd9\xcb)\x22\x9e\xd7\x88\xb2R\xc8\xfc\xe5\x9e\
\x7f\xeb\x19Xn\xe1\xe2\xc1R\xcb\x16.6\x9b=\x85\
T\xf8\x87\x9a*\xac\xf2\x9c\xa7\x10\x89\x19{@\xc7\x1d\
\xf7=\xe3@\x84\x118M\x8c-\xde>\xa5\x95T\xb2\
\x9b\xde!50\xde\xd4\xee\x979x\xeb\x5c\x9d\x05\xae\
+u\x81\x08#\x9a\x88H\xe9\xf1\xf8\x00\x84\x93\xd7\xc1\
\xa2\xd3\xd5\xf1\xdc\xc3\xd9\xb9\x00V9b\x14 S\xc0\
\x9b\xfc!0U\x09\x1a\xa1\xe4\xc0\x9b(\xc94}\xb4\
\xadK\xa9\xdb\x18\x1bX\x05{\x15\xf7\xa4u\x874\x15\
\xb74\xc2\xf1\x0cX\xa71\x1a,\xb4*\xbe\x04\x22z\
\x0d!o\x0d\x8e\xf6\xe3\xa1D\xf07\x13\xfaY\x904\
\xa9W\xa7\xbb\x99\x5cV\x0f\x8a\x87|\x08\x0d\x85\x11\xd3\
Ath}=\xe9@z\x0a\x84+D$\xf0\xb7-\
\xda\xdb\xd5;\xe1e\x09\x10\xf2\x1a\xf9\xe51\xf2}\xfa\
mce\xd6\x1c\xd8\x05\x83\xe2 \xa2\xfa\xacr\xae\x01\
\x89A\x86\x06\xf9\x1b\xf0\xf8M\x04K0`\xbc~\x1d\
\xd1\xa0\xa1\xf8\xde\xa3<\x03\x08&\xd5\xec\x89\x14\x04\xae\
\x0b\xc5\x0bxL@G\x8e\xe2P\xd3\xf8q\xbcg0\
 \xc3\xa2nP<\xa3\xd7\x0ab\xaa\x1eD\xa6'D\
\x8f\x0fS\x15\xa0a6\xab\xceH5\xf4\x01\x1a\x8c\xda\
`\x22Dw:\x8c;\xfb\xc9\xbb\xd2\x928\xed\x09\xda\
\x96T_\xf0\xa1\x83\x9a\x08\xa1\xb4\x9d\xf5g\xc1\xc7\x98\
x\xa3n\xc1\xa5\x8d\xac^~\xd06/\x19\xb8\x5cr\
[\xc9<B\xdb\xc9\xe2@c\x17b\xb7\xde\xf6tz\
\xe7\xd7Ee\x85\xcc\xfe\xad#\xaf\x0e\xde\xf2\x1c\xa8\x80\
\xa0$\x5c[2\xc8OY\xbb%l\xf6h\xf1J\xc1\
\x86\x90\xd2\xc9Zf!\xa9K_g\xac$0\x9eH\
78\xa3j\xf2\xfd_\xfe\xe5_\xaa\x1fzx\xaf\xc0\
/\x9aTV\xe4\x1e\xb0\x91\xa0\xe3\x96\x02\xa7\x8e\xb5`\
Z\x11!\xb1_\x85\xa0\xf8\xc8\xb2\xd0\x1c\xa2\xf4\xfc\x1c\
\xd2Z\xf4D\x0c\x0bMI\xd9\x22\x12\x14\xe1\xd5\xc0j\
\xf8f\x97\xf1WQ(\x8aI\xeej:\xf9\xcbR]\
\x12\xf5\xa3\x0d\xc80d\x1df\xa0\x93\xb6\x22\xbfW]\
\xe0^\xb5\x84\x225\x19\xc0\x8f\x19\xf2\xba2\x1f\xc6\x05\
\xcc\xef\x87\x08\xd6\x99\x13M\xf66x\xa1\x03\xe4P\xd0\
\x06\xb3\x17\x5cP\xe2\xa1F\xd7\x1fr\x94\x17\x82\xd9\xe6\
\x9a\xa6\x83\x85\x84\xb6(\xd1F4=\x8a\xe91\xed\x14\
\xabA\xc9\xb5\x131\x80\xd68\xa2a\xa3\xf1\x0c@\x9e\
H\xe8\x11\x8bL8\xc2\xf4#\x06\xe4\x9c,\xeb\xd0J\
\xe3\x7ftf\xd5&\x91s\xddoG6\xfa*\x84\x15\
\x07</@\x11\xfaE\xfd\xddT\x10\xf8\xdb\xca\xd6.\
\x11\xe5\x93 H\xcf\xd07`L\x87\x0c\xe6\xe6\x0fB\
\xf4\xee\xf8L\xef\xcb\x9a\x12\x03\x01\xe0\x8a\x14v]\x8e\
\xb0\x0f\x11\x7f\xf9C\xe9e\x05\x04\xda\xb0\xc6\x16\x03\x11\
\xd1\xc1'\x03\x22L\xfbA\xfd\xc9\xffZ\xad\x9d\xfa\x09\
\xa5If\x02;\xc3U\x16\xf5L\x85j1\xc7\x87\xce\
\x97L\xc8\xc8\xa0ap\x11\x00vf\xc7\xd4\xa0\x0e$\
\x13 \xee\x0c\x10\x18\x83DS@\x85\xa1\xc7\x9a\xe3F\
\x85gM\x9c\xd3\xfc4#X%V\xfe\x5c\x9f\x14\xa3\
\x5ccO\xf8\xd1ZHL\xa5\xcep\xec.*h\xe8\
\xb1/w\xe2\xb6d\x85\x90M\xcb=\x91\xe0\x10~\x1e\
\x0a\x1f\xb3\xa3&2V\xca\xe6J\xe8\x97\xdb\xe4\x08\xe8\
\xd8U\x8b\xbdDZ\x16\xe1e\xcf\xea\xbdJ\xa9\x8a\x9c\
w5\xff\xdc\x8a\xa4'M1k:'\xa3\xaeJ%\
\x19lu\xbap\x076C\xc2\x97b\xac\x14\xdd\x14c\
e\xc1\x84I\xf3Pju\x12\xa3B\x14x\xb1S\x99\
\xe3SQ\xb6\x14\xfc\x05\x07\x16\x96)\xd0\xd4\xda\xf2\x97\
\x22L\x1eE\xc5W\xaa,S\x80=\xe8\x18=\xaa\x08\
\x0a\xcak:f\x8a8\xcc\x94\x81\xbc\x0a\x1c\x09\x97*\
\x02\x96C\xf5\xec\x8aW\x1b)5\xa5\x82\x0e\x105\xf5\
`xo\x98\xf7Q\xebB=\xf2\xc2u\xd8\xc9\x14z\
\x01\xb6M\xd3d\xd2{)\xf2\xcdU\x07\x81\xfc\x0dC\
\xbf\x86\xc1\xaa\xf07x\xa9\x89/\xfd\xe34\xc5\x1f\x15\
\xb71A?H\x05W4\xf9\x1b\x8e\x15A\xf5@\x03\
\x00)\x80d\x8ec\xa4\xfe0`9Q\xbb\x1e\xfc\x1c\
\x0cJ\xe3\xcd\xef\xd1N\x95E\xce\xee\xa0Oz3\xc8\
\xc3\x84\xc8f\x04\xd7QU\xbaQ\x82\x97\xf2%\x12\xda\
[.\x09\x81\x82\xc5\xb5\x97S\x10:\x1d\xa0\xbf\xf5\x8d\
\x08`\xf2\x1c\x1aN\x95\x94\x11v\xa5\xaf)M\xcc\x9c\
\x820qA/}\xba\xd5\xf9`\x04$\x1b\x83\x9ck\
\xce<\x80\xc7\x10\xfe\xd2\x86lK\xc3T=\xc8_\xe6\
\xf8\x90\xeb\xeb@\xea\xe8\xc0x\xaf1\xce\xab\x8cu\xd2\
\x02E\xe4V\xc2{\x02m\xe6\x00/h\xe4D\x19\x84\
^\x0e3\xf5#\x965\x87yx\xb5\xc0!G\xb33\
\xf6|\xa3u\x10\x9a\xa7\xe0\x1a\x0d\x10\x80\x8c1d=\
\x8c @b\x02\x1a\x14}]\xdb\x84\x0a\xbd\xf2(\xfd\
\x89t\xd2\x12\x16p-\xf6q\xf5J\x15\x12\x8a\xd2\xa1\
$\xcdL/\xa7\xcc\xf4\xf1B\x1c\x8f\xb7\x1eM\x7fQ\
\x17/\xcf\xe2$H \xf4\xede\xe3\x8e\x8d.\x91\xe6\
\xa1\xc1G@\xfb\x928\xa1.\xf0\xe3x\x03S\x1bY\
\x8f4\x00@&\xa8f\xc1\x05\xe6\xa5\xac\xeb2\x8f\x14\
\x96\x10\x15\xac7)\xb3\xe3\x12\xc9\xe5`O\x05\x1e\x95\
-\x99\xd8Q\x10^\xda\x12\xe6\x84\xd2fS(\x0f\xa4\
X\x08\xcb\xc6\xae\xf9K\xf0|\x1e\xaf\x02\x02:\x83\xce\
\xf0;\x13BO\xfe\xa2y\xb5}\xb0`Y\x9a\xd7K\
p\xf6\x94\xe9?c\x98\x00$l\xfaJ/K$\x09\
)\xc2\x09\x7f\x13\x0c\x89\x88\xce\x14\x13 \xd5H\xab\x7f\
\x83Z\x8c\x88\x00p\xc7\xd0\x9a\x08\x16\x02O4\xc1\xe4\
\xd4y\x93\xbd\xf8\xb0z(\x91\xbf\xccq\xe0\x94\xdd^\
\x98CG\xa5\xd8\x13aV<d\xa6\xb9z\x9b\x0b\xd4\
G.P\x04w\x0ek:\x90\x8c\xe4\xadOy\xbf\x09\
e\x17y}bz\xbaF\xed8d\x96\xcf|\xae\xd5\
\xa1c\x1e&\x19$0Y\x19\x00\x12\x12\x19W\x15\x07\
\x08\xb9\xdb\x18\x02t8\xd6\xde\x82\x82\x88\x04\x07\x9e\xa1\
\x9b\x1e!g\x7f\xc2\x90\x17\x00;\xcc\xa2|\x80\xa8Z\
\xe03:\x99\x9b\xeaq\x1aT>\x85\x85\xd4\xe9\x10\x11\
'HDEa\xfe\xf2\xbf\xe2g\x80@\xc0\x10c\xd1\
h\x93\xdd?\x01\xc1!'\x22;\xbag\x04\xf4\xea\xb1\
\xf9T\x83!\xa2\xf5\xe4i\xa73?4\xc8\xf1$\x8f\
(\x0a\xdfo\xb3\xea\x9e}Q\xc2\x9b\xe0\xf3\xc6h\xb7\
q\xf8\x16#{\xbb\xad\xf5\x0e\xe3\x0dD\x09\xa2q/\
_\x8a\xf5.\xb6\x11J[LM^P\xdd\xa4J\xbb\
\xf9(\xa3\xb3\x90O\xea\x09\xafny\xd8\xa7\x1a\x1d\xca\
\xd4w\xdfj%\x9f\x19rP\x15\xb3\x22\x5c_\x05u\
/\xe4\x95qm!\x82\xdb\xa6\x10\xf9\xb5\xe0X\x08|\
TZ=\x8bf\x82\xab\xccz\xc1\x96\x1f\x8fz\x84b\
g\xa1\xfa\x16\x5c\x09\x7f\xc9\x94\x83/\x1dL\xfd\xd5_\
\xfdU)\x0e\x00\xb7\xae\xaa\x89\xe4+\x11\xf3\xb8z\xf8\
\xc2\xfb\xce\x90\x18\x10\x04\x14\xd9\xc7\x9c\xe3\xec\xadK+\
\xa4\xca\x95\xf6T\xa4\x92`)XO\x15zR\x88\xcf\
\xe4\xae\xe2\x9d\xa0\xc8\xb5\xab\x05\xcb!\x19\x7f\x89\xdaE\
\x05\xf5\xe2\xe5p\xc2\xa5\xd7*\x0f\xa6v\x8f\x95\x16s\
\x08'\x1b*\x01\xf4\xe6\x98\x04\x10\x89&\x8b\xf6,\xbb\
6\xb1\xcb\x0f\xe3\xdf\xc9A\xa8\xc9=\x80\x8dUq7\
\xaa:#\xcd\xcf\x16\x0a\x10\x98\xe3C\xe0\x17\xdf\x03\xc0\
4\xd1$k\x91\xd7+)|D\xe2>\xc0\xc4[\x9d\
#\xc6\xa8\x90g\xe0\x9d\xd8w\xf0\x09E\xa1\x10y\xe4\
h\xb3\xf4\x0fVU\x22\xba\xa2f)\x8a\xa9\xd6\xba>\
\xe6\xf9\x18\x02\x00\x80\x00\xdbl\xb7\x82t\xf7\x19,2\
\xd9K~U)\xab\x9a\x87\x96\xe9\xf1\xdd\xbc<uI\
\x96\xa06\xd7\x8bE_2\x00\xe9M\xd6\x19\xde`\xb8\
EA\x83\xfc\xa1M\xc6\x18o \x1a\x0f\x10Z\x94X\
\x05{\x98\xe9\xfdz\x02s]\x22\xa4H\xaf\x82\xfaB\
uT\xb5!\x04\xd5_\x8ex}q,\x90\x0b/E\
\xfb\x84\xfeB\xb4\xd7\x15zc8\xd7\x0d\x06\xd0Xl\
\x08\xe1\xfa\xeb\x00\xf6\x88\x9c\x8a\x18\xc3C\x949`:\
\xb4\x9a\xf0\xafgD\x1d\x11\xcf\xf4\xc5\x9a\xcd\xfcqL\
\x98\xbf\x04\x8d\xb3)\xb5\x98(C\xf23\x11\x0c\x8f\x95\
s!\xd7\x98\x5c[\x1f,*g\x95d\xa8<Kb\
\x85\xa5f4'!\xcf\x22p\x82\xb8\x15\xab\xe3\x17\xd0\
\x86\xaf\xc5\xe3Q\x03n\xcd+\x15\xd9\xb5\xbff)\xba\
\xa4\x9c\x14\xbb\xf3\xe8h\xf0\xec\x96\xa2\xeb.\x86GB\
\x83\xc73\x19\xadSb2\xaa\xac\xad\xa1L\xc3\x15J\
W:\xf1\xb1|}_\xe7\xe0FD\xaeu\x08\x8bi\
\x983\xb9\xa01\xffY\xdb!\x18\xa9\x5c\x9a*\x85-\
\xf1\x85P\x1e7\xb9\x86\xa12\xc2\xa8\xdb\xe8_\x08\x87\
\xd4:\x06\xfe\xd8\x9d>*\x88\x10r\xaeWm7Q\
\x17^\x1d\x0b?\xb8\xb2\xae\xd2\xc8I\x82\xe0|\x83\xe6\
\x19\xe5\xb1T\xdd\xac\x00\xa8\x95\xb8\xa2}R\xd4g\x88\
\xc8\x1b|\xe9\xeaD\x04kpI\x13\x91\xbf\x15\xd0\x1d\
8\xb4\xb1\xc2]\x85\x1c\xefAf \xca\xedH!\xbd\
\xef\xde\xe6&\xc2\x87\x04cy(\x9e\xe9\x0b-\xc0+\
\x9b\xeb\x15'\x87\xcbHTP\xa0z\xfb\x1c[\x92\xd9\
=\x12\x11\xd1\xa1\xde\x95\xa0\xb5\xbc\x9b\xc5\x93\x12%\xfe\
\xf40M\x14 \x1fBb\x1eUd\x10i\xcc\xa2 \
\xa9\x84\xe8Tf\xb49yK\x9f\xd4\x85\x05s\x85<\
${uQ\x8f\x94\xc9\xdd\xc3s\xddXT\xbcQ=\
\xcaD\xc8\x07\x09\xd8\xaa\x18s\xf6k\x02K\x87\xfd\x90\
9\xf9,\x15\xa9\xf4\x86W\x073\x0a\xe0\x10<\xd4\x8c\
\xf7%z\x17\xa9\x22)\xf1\xd7\xb6+\xa2\x95\xaa\x1d|\
O9\xce\xd7\xa6E\x0e\x19\xf2\xeb\xec\x22~w\xe9d\
\x16\x8bY.\xb5\xae\xaf\x0f\xad%\x5c\xcb*\x1c\xcfR\
\xd4\xa4\xd5\x22\xfc\x9c\x97x\xf2\x13a(\xa9\xa3PE\
\x9f\xd5\x99\xc0\xdc\xc2\xcf\x00]\xde\x1ekq\x8dqi\
\x22Z\xa2\xd7D\x8d\xd3eaq\xa0V\x98\x05\xe4\x16\
\x1c\xba\xbe\xd6\x1b\xae\xe95h\xf3\xceH\xf2\x0c!b\
r\x87{\x89\x04\xde\x88q\xbbe\x155L\x08\xca\xf5\
\x5c\x968&\xa9\xf8\xfd\xca\xa1K\x8e\xcarnO\xe4\
X\x92\xd6\x8f\x0an\xd5\xb6\x12\xe9\xf0\xbd\xad\xc2V\xaa\
\xeci%|`\xa0E\x94\xc8q\x02!\x81\xbb\xdd\x8c\
\xf9YQ\xabY\x12\xb2\x8a\x00ys\xc5.\xcbN\xfd\
\x95\xfaK\x04\x0b\x01T\xe7(\x02\xec\xd53\x02\x8d\xb9\
\xe7)\x90v2\xb3\x04-\x18\x0c\x03\xdcE\xab\xcbp\
\xc8\x0f\x18P\xe1?sp\x18\x10\xa0\x08\xc6\xa3\x97\x08\
\x18\xb0\xb4\x98\x80\x03\xda\x1c\xd4%\x0f\xfe\x9a{QY\
\x86\xe5B],g\x8b\x1ex\xda\x00\xf6\xde\x14\xb0\x96\
\xb2=\xed\x1c\xf1\xa4\x07\xaeQx\x94bWux\x94\
\xc2T\xde\xe4\xabMi\xed*-\x1d*q\x80Z\x9a\
ej\xd9\x9a\xa4\xaf\x03}\x97R\x887\xfc/\xf7W\
Y\x02\x84*\xc93u\xa9u(0\x85[\xee\x9d\xa5\
\xe4\xafEu\xf1R\x82y\xb9E(X\x1c\xa6\x05\xab\
W\x8a\x871h\x88i\x02\x01\xc0\xec\x8c\xddZJ8\
P\xb40\x22\xda\x05\x83#y\x00\xb4\xb6\x08\xdc4T\
\xe98\x94\x03\x0c\x99\x12\xb8\xe2O\xa2s\x88\x0eq?\
\xc7\x0b\x5c\x8a\xd8)\x22\x81\xc2\x1e\xb7\x22o\xd7L\xaa\
'\xaf\xc5\xa8;6G=\xa9a\xfc\xb6\xec\xbe\x90\xd2\
\xd6\x9cdQG5^\xe9]\xc7\x1bW\xc7\xac\xafS\
`\xeaS\x05\xb3\x83Y\xf3<\xbe\xa8\xcc\xdb\xd5\xb5\xf9\
\x12:\xcd\x12w\xb1\xd4\xd3\xe3\x8aS\x19\xd4\xa4\xe5u\
9\x8e\x90\xd5\xe5\xcc\x96\xba\xf6\x17qE\x19\xe9\xf5w\
R\xaa/\xecMJ\xe5\xe7D\x00u\xaf\xe2m]\xe2\
\x0e\x95fiQ\x09 \xa9kt\xe0\xb6E1\x04s\
\xc9K\x8b\xbcc\xb3vW\x81\x5c\x9dEV\xabYZ\
\x89\x02\x0b.\x14t\x95\xa6\xe3\x8ej\xf8\x03V\xd5\xb3\
9\x18\xc8\xa12\x8fk\x1d\xd8\x88\x88\x027\xcarF\
?+\x89\x85d\x8e\xc4\xec\x8f)\xc3\x8a\x02\xe0Y\x90\
\xe9\xbc\xd3D\xbb\xd0\x88\xc4\xf8\x09C\xfe\xd3\xc6\x02\x80\
`8*\xb2\xc0\xec<\xe1\xc4\xe6<\xf7\x0dK\xc1*\
4\xd8\x832\x94H\xd6\xa6\xd2\xdb9M0A\x08\xe0\
\x0c0\xa3\x09*\xf149\xea\xf4\xcd$[;\x06E\
\xc8\x00a>H\xea\x9d\x8e\x9a\xb60\xa4Y\x9ae\x15\
\xcaE\x12<\xdf\x22\xdb\xd4\xb7\x02\xc4\xd2\xa25\x16r\
\xa2[\xa1!\xe4\x81\xc5\x0c\xe5\xcf|\xe2\x0b\x10\xc8_\
\xf2\xafB\xc3\xa6\x9bhB\xb4\x17u\xd7\x08\xa6\x8e=\
\xc1\xeb\xdc\xb0\xa0\x00l\x82@\xf5\x0d\x00X\xdd\x1d\x84\
\x9c\xdd\x13\xfa/\xf6\xc9\xbbC\xf5\xd1Du\x5c\xdd\x8d\
\xe3R\xed\xb5\x10fgl\x94\xb0(\xe5[\x9bxc\
\x93\xe0\x0do\xadD\xad\xcd\xa9?\x14\x08\xac\x03Yh\
+\xbc\x91F\xbfnN4w\x08Q\x92\x9e\x90=a\
\xa8\xc3\x0e\xa5\x12\x80\xaf\xc9\xe2\xe7\x8c\x1d\x90\xb5sM\
\x0eR\xcf\xf4\xa8\xbc\x1d\x8e\xc8\xc1\xb5\xf8\x90j\x8a;\
\x82\x0fjrV\xa9\xfe\xc2DN\xcf^\x13B\x877\
\xdf'M\x8f\x0f\xf3\xacE\x8f\xb2ezV\xaax\x86\
\x90[x\xc6\xbb\x04\x03\x9b\xebM\xb6xd\x15\xf9\x84\
O&?w\xd8qC\xa3e\x02Co\x94\xee\xa2\x88\
\x81K\x15\x03\x88*\x1a\x9f\x5c\xf9\xe6X\xdd$\xac\x14\
\x0c[\xd6h\x9c_\xcc\x9b\xa8\xde+\x9c\x9d\x15<k\
gI\xf8K\x95-\xce\xbf\xaa\xdb\xb6\xda&<\x0b\xb5\
\x22\xa5\xba\xe7\x80\x0a\x0bz\x9bf\xdb\xd6K\xa86\x85\
\x9af\x03\xe3i\xe1Ky\xb9}\x9ak\x8dR={\
\x04W\x11\x82\x00\xf8\xe3\x8b\x09Z#\x82\xc9\xc5\x0e\x06\
\xa8\x00\xf6\x17L\x93\xb5h=\x844E\x0a\xb1\x19\xbd\
w\x19\xfeRh\x0e\xed\xc3\x04\xb2\x05X\xed\x10I9\
\x0eJ\xde\x9bT\x98Q\x13N\xb6\xa8\x86\xa2P)\xa6\
\x19&\xb2\x0a\xff\xf2\x01\x89\xb1\xc5\xb0:$\xd4\xde\xac\
whi\xcc\xf4|U\xb3+-\x83\xc0f\x81:2\
k\x1b\x0fz\x04H\x91'n\xb2\xd492\x14\x7f\x05\
\x0e\x04\xed`a\x858 t\xc0/\xde-\xaf[\x90\
\x96\xd0\x9d@\x83j^\xc0PeR\x85\x00B[\xf8\
6\xbe'y\xfb\x22\x00\x80w\xd7*t\xa7\xa4\xdd\xe6\
Z\x01`\xea\x1b?G\x9c~\xa4\x18\x85\x92\xcb{\xd5\
`\xfdPj\x1e+3\x1ak)<\x08\xcc\x067\xdb\
\xd4\x10i=#\xfe\x952\xc3\x90\x19\x85t\xa3e\xca\
f2\xae!\xa4^\xc5p\x97 \x0a\xc8\x16t\x822\
b\x19\x07X7M\x1f\xa5p\xb5F^`\xac\x8b\xed\
\x19\xd5ob\xc8\x83\x1d\x9b\xe4\xe20\x17|:)\xd1\
\x90p\xe4\x9a\x81\xee\x19\xcf\x10\xae\x228k\x06\xee\x1f\
\x9f\x95\xdb&\xea\xc1\x96Siy\xdc\xc7\xfd&*\x88\
\xa2\x00\x0as\x83\x16\x8aGz [\xb5#\xae\xc8\xf4\
M\x89t4+\x9che_\x0e\x89RDF\xfc\xd8\
X\x9e(\xc8>#DC\x9a\x02\x94\x94\xf5\xbf\xa8?\
\xe4\xcc\x19/X^\x0b\xf13\xdf\xe7\x82/\x93\xa4\xe9\
\xaa\x22\xff\x108\xd4]-*\xcfQl\xb4\xc4.\x84\
P9\xda<\xe5\x9c\x85\xe5\x80\x90\x03\xbf\x90c>\xe0\
x\xddsT)R\xa8tM\x1d\xda\xe5\x08\xbc\x04)\
UN+\xc2\xb9\x02\xcc\x08aD,n\xf4\x18\xde\xa7\
W\x1d\x86\xd0\x8e\xffK\xc0[\x8arsq\x06\x11\x11\
Mv\x03%\x0a\xb0R6\x05\x119|\x08\x10P\xa5\
h\x8a$G\x02\x82\xe4JFEF@\x86wS\x0e\
\xb0]D\xe7\xd2\xd3\xcb\xb0y\xbe\x1e\x1b\x0b\xe4\xac\xf6\
#o'\xe2\xb2\xa1\x96\x14\xa0\x074\xe6$\xc6vO\
\xc4\xfe\xc4\xeb9\x8a\x97\xf2\x0d\xd7\x1de\x9c\xae\x98h\
|b\xf2\xd4\x12\xf0\xe3\x93\x92H)\xfb\x09Q\xd7\xa6\
\xe34{\xc5\x05\xa6\x800\xb8\x1e\x15\xf6\xa5\x1c\xddU\
\xae\x88`\xe5\x08\x1a?\xd05\x84\x96;\x0f\xca\xbd\xf4\
SbS\xca`\x9eE\xb0\xbc\x8e\x81\xcb\xcf\xe1GH\
3_\xb4y\xcb\xf3V\xcd;:\xe6Rg5l\x85\
\x0b\x03\xa3\x92~\xe7W\x1e\xacY\xe6f\xdcux&\
\xe5)R}k+%^\xff)\xde7v|\xff#\
\xee\x80\x85\xa2\xd6K\xd5\xdfb\xfd]\xc3\xf8#=n\
g\x8e\x8d\xf2cG\x98\x948\x03\x93}\xf3\x11\xa3\x98\
\xb1\xbbA!\x8b{4Z\x0e}\x87\xf2\x8a\x167\x05\
q\xd2\xe9K\xf5Xi\xc6\xa2\xfa\xb8\xa9Two2\
\x8a\x1c~\x22@\xb26\xa5\xcb\x8dK*\x1a\x93\xe9\x19\
B[\x1bX\xc8\x02c\x5c\xf64\xdcyI*V\xce\
N`\x9d\xdd\x8c\xc1\xbf\xd2\xcc\x14\x8cB\xce\xe15\xc3\
\xe4\xa8oh\xd3\x9d\xb17\x93b\xf2\xa4lE9\x22\
\xca;+\xe7\xa2\xc4W\xd4`\xbcH\xbf\xc2u\xf1`\
\xaaR\x85\x83\xba\xbc\xd8y}\x01\x12t\xc71\xa4\x9a\
\xb8\xe8M\xc1y\xcb\x8e\xce\x00!\x11\xa1?#\x94`\
\x15\xb4\xb8\x88\xddO\x97iP\x81\x98\x0dgD\x8f6\
\x98\xad)\x11\x15\x91\x1e\x02L\xe0oR\xe0\x18\xcf\xd7\
D\x14u\x8a_2LE\x8a`\xaa\x80\x88\x12[S\
\x01\xed \xf48\xc5\x08\xb9\x5c@\xa4Y\xea\x91\x5c\x12\
\xa1\x16\xac\x14\xb1D\xaa\x14\xa0\x07\xef\xf5cB1\x8a\
\xc4\xd4K\xc6\x80=\xe2[\xd8\xc9\x04\x02\x14_\xf9\xb3\
\xba\x04\x05\xb8\x17\xc2X$\xe6\x0e\xcf\x81<E\x87\xc2\
M\x0b\x80\xf1\xb73\x90\x0f\xe9\xac-\xbb)\xf7\xf0\x99\
\x14F\xc3xI\x95M,\xa7\xf8*\x9e\xc1k\x08c\
tD B\x13\xaf\xb4\xc1TJ%\xf3J\xdb\xb3\xb4\
J/\x84m\xa3\x09\xce\xc8\xab\x13\x9c\xcc\x8e\xbb\xbc\xe4\
=e\xa0Y\xda\xbfE\xc5\x1bG\x83\xcb\x1bA\xa7t\
\xa59J\x16\xe3hp\xb4$\x9dZ\xc1\xc7MXU\
\x93\xa8\xcc\xc6F\x1b\x1d\x95\xf0?\xfc\x87\xff\x90\xbf\xad\
\xa8e\x82\x80\x9f\xbf\xcfU\x99*\x13V\x12\xce\xf1`\
\xd8'\xa4o\x7f%\xa2\x02H\xeb\x91\xfaw\xe6\xd5\xf3\
F}\x9fk\xb4\xeai\xd6\xf5f\xcdL\xebP'/\
\x95\xda\x1d=\xb9\xa8_{\xfaT$\x92\xb3\xe3\x95*\
p\x0a\xf6\x93\x95\xa2\xe6\x833\xaf&\x1f\xb49N\xc8\
\xbb#\xa6IA\x00\xe1\x80\x96(\x8f@ey\x17;\
D\xe7\x0bf\x8d<U\xe4#\xa0\x05/[\x90>&\
\x199\x88\x171'\xb9sN^\xe1\x88\x00\xe5\x11\xc2\
@/`\xb81\x02\xe2\x83\xc8\xa5\xde\xe9\xfd(\xae\x1e\
}F\xf8\x9eIJ\x05\x1dr=\x85:\xa9+\xa1*\
rR\xa5\x0f\xb9\x9a\xa2.\xa2\x12\x0f\x0e\xe4\x10\x98\xc4\
\xf6\xd2c@\x86\x18\xc3-\x0a>\x8c?#Xx\x03\
\xd1~3\x03c\xc1\xa0\x14\xe2\xa7\xdc\x04\x14\x0d\x0a$\
\x07\x1e\xb5\x02\x00\x8f+\xa0\x1a\xda\x0b\xc7,4M\xe5\
J\x02\xd1\xc9\x9f)#\xc6\x83u\xf2a>\x0c\x86\xb4\
\x09\xdd\xd1\x5c\xae\x09\xa14}Hu\x1d\x9d\x0c\x1fy\
\x93\x1b\xcc\xb4\xeb\xfd\xe9\xac\xcb\x5c\xaa\xb3cu\x9cV\
Ip(/1\xd7\x86\xb1\xb7*\x14_P\x1e\x11~\
\x1e\xeb/6\xc4#\xf5\xaf\x9c8kh\xeaV\xc79\
q\x155I\x9b\x1c5\xdf\xfe\xa6H,\x00\xed\xca3\
\xf9\x01\x09\xa0.D\xa3Y\x9c\x85.\xcd\x8eW\xd0\x8a\
\x22\xb6\xfe,\x92\xaf\x81e:f\x0b\x94\xb8\x91\x0a\x03\
S*\xf6\x1e4\x0cV\xcd;\xe1Iz\xe2v\xf6A\
S(\xd8\x8c\x95\x84)\xe7\x9a/\xc49\xd8(\xc5V\
\xf7?\xd5\xd8\x83\x03!5\x98:X{v\xfa\xce\x8d\
\x84R\xa32\xb5\xcc\x98*g\xf8\xd2\x9f#\xa2\xbc\x89\
r\xfdF^\xa4\x12\xceo\xf6#\x96Uvy\x95\xc3\
\xd7\xddn\xa7\xf6\x94(\x18g\xf7\x89\x19\xca\xe6\xf8*\
o\x01\xc1;\x8a\xc0\x00\x0e\x11a\xba\x08\x88\x91 \xa2\
\xe4\xb0y\xc7\x22\x92\xb7\x10\x1e\x02'5D\xc4\xf4\x87\
,\x04Pz\xf7\x88Ly\xaa\xf5`2\xa22\x03\x02\
\xb50\xf9\xf0\x1b\xc5uM\xf0\xaf\xbe\xcf\xe7cSJ\
5\x9a{\xbd\x95x}\xf3\xbf\x90\x0d\xfe\x18\x1d\xdb\x9b\
\x1cj\xfa\xc3\x88\xa6\xbcH\x9ac\xb3\x10F\xacK\x11\
4\x06G.\x02\xc81\xcbL\xfd\xa7\xf1Z\xbe`\xde\
\x99\x1a\xa3BP\xd9E\xff/R\xb1i\x95{9\x14\
D\xeb\x92:-6_\xf4\x5cH@\xe7\xa05m\xae\
\x12[?\xbea\x05\x90\xe9\xdc\xc0\xb2\x16T\xfa\x08{\
\x93\xf5c5M\x04)\xda\x127S\xa8\x04\xc8\xc7\xf6\
\x0c\x882\x9b\xc1j\x22\xbdy2\x97fv3\x0b\xdc\
\x8a\xb6:\x12>e\xf4\xb3\xa4|\x8c\xa2\xaa\x0c\xc91\
\xb3\xac\xda\xc1i-\xa7\x8c\xc3\xabi\xe0\x8d\xae\x8cf\
\x88\x99\x9c\xc9\xa8\x0a\x87r\x16\x9c\xac\xc4\x93\xb2\x1d%\
S,\x88r\xe4\xe8(\xf9\x0a\xde\x96\xda\xc7%\x7f\xab\
D\x1d\xf0\xc8(%\xcbO\xaf\xce\xc87\xbc\x9c\xd5\xcb\
=^\xf2\x5cJ{\x95\x8aKU\xe1\xb4\x8a\xbeD\xe7\
u\xee\xe8\xd0\xb1\xad\x02[\x191\xd3E\xd87\xdc\xb1\
\xa4\x1a,WL\x85`<\xa4\x0a\x1d\x93\x85\x8f\xa4R\
K\xcdB\xad]\xce\x7f\x97\x18h\xf1&\x07\x00%\x84\
\xcc9N\x1d\xe9e\x90\x80\xeb%\xe2\x89V{\xd2\x96\
\xc8\xa4E\x05m\xa0\xe6M]\x9a\x83j\x19\xd4\xa6\x08\
JE}G\xf4\x8aA~\xef\x10y5\x1f7S\x94\
\xe2\x0fj\x14#$O\xbe\xc3a\x92Y4\xeb\xa2\xb6\
\xb3\xda\x1a\xf9\xcfN9N\xfe\xa9\xd4V%\xe9\xdaB\
\x0d!\x8c\x1b\xbf\x05\xf0S\x8f.\xde\xcb\xa9da\x97\
\xb3H\x95\xf8\x8a\xbfL\x9e=\xa8Co)\x1a\xbez\
\xbc(\xb1\x5c\x1c\xed\x01\xfc\xf1\x9b\x84\x82>\x91\xc0]\
\xfc`\xdc\xe5\xef\xa1\x1a\xcew\xa7E\xb0) \x14e\
\x0e:\x01\xfe\x92\x9f\x1e\x84\xc2:\x99/\x02\x95\x9e\xaa\
\xf4\x8c\x1f\xe2\x84\xb1{\x00\x11\xfd4\x8bi\x22\xa0\xbb\
\x9b\xdbk\xe3\x11\xda\xf7\x0cqe&\xafL}W\xad\
\xa7\x99\x07\xa8\xffl\xcaI{v\xa2,Z\xcd\x9b\x0e\
\xf7\xf3\xbc\x04\x96\xf4\x17\xac$\x88\x0c\xed?\xca`\x1d\
\x05Mi\x89\x96\x18\xb6\xe3\xe4\xd6\x1bx\x9e\xda\xb3\x94\
f\xcfH@L\xf6\xa8\xe3\xa3\xd9Z\x0e\xa9VpA\
B\x1b\x8dSs\xc1_\x8bV\x19\xe4\xb3\xb3^%\x0c\
'\xfc\xeb\xbf\xfe\xebJ\x12\x0a\xb7D\x1e\xbc\xd9\xad\x0a\
\x92\x0c\x9b\xbc\xac\x92f\xe0\xd2\xd7h\x02UD\x94\xb8\
\xcf\x02o\x93\xd7*v=\xaf\x12\x1fi\x13\x11\x10\x0b\
F\xb8\xe1\xa6\x92\xa4\xb3)b]\x0bg\x96B\x80z\
\x8eu\x80Q\xd1q\x01\x89vw6oK\x9a\xa2\x9d\
i+\xb5<\xfc\x90\xca(\xff*\x94\x8d\xe4\x996\xc8\
\xc2P\xf7\x1bD\xf4c\x94\xf8\xb0\x85l\x01\xaa\xab\xd7\
*\xd9\x85\x0e\xa2\xc0q\xba\xbc!\x18\x91\x8a\xb8\xe9f\
\x9b\xb7'\x97\x97\x22\xf8\xdb\x0b\x15\x01PUy\xdb\x1c\
\x0cK\x94r\xeb\x06\x9eI~\xe5\x0cl\xbe\xb7*\x04\
7z<P\x8f^\xbe\x10\xed\xe1\xe7\x1c\xef\x09\x9dv\
\x92\x0f\xc7B\x0eSA\x10\xe7\x01\x063D0\x09\xd0\
`\xe8\xd1\xd9\x8e\x06\xd8\xe7\xa1ZL:\xbe\x0e#'\
\x9a\x93\xfa\x1ap\xe8h\xc9i&]\x99-z\x02c\
\x0c\x04\xb9\x8c\xbfo\xc3\xfb\x8eq\xec\x9e\x82g\x8cw\
\x94\xc5\xae\x7fg\xf874zQ\xb1\xa6\xa2\xa9N(\
\x82\x18\xb5\xea\x18\x8e\x07c\xcdF\xa8\xd3\x0c\x8cw+\
\x9fW\x852\x90\x88\xd2S\xf8\x15iT\xc0\xd1L\x8a\
S\x5c\xe5\xecw\xfb\x12\xbb\xe2F\xf1\x14&\xf3e\xf5\
\xbag\xf9B\xaa?*d\xdaY\x16Je\x01\xce\x0a\
\xe5\x88\xbd\x5c\x14(P\xed\xeb\xea\xd95Z\xe5\xc8\xec\
8E\xa9\x14\x7f\xeb\xcb\xdc\x11\xb7]q\x08#\xfa\xd2\
\x0dDg\xd7\xf1\xc4\xd4\x94\x85\x9d /\xf7\xb5\xcfd\
t\xdd`%\xea\x11\x18i\xf7\x10V\x1d\x1c\x85\x1d\xd7\
\x16K,z=-.\xb9\x96\xf0\xaf\x06\xd2JqK\
|[C0@a\x19m\x1c\x09\xc8\xb77\x15\xf8\xa9\
\x8dV)X=\x91\x0a\x0b2\xcf\x9e\x87gT\xa9\x08\
j\x9a=\xa1\x0c\x14\x0ch\x0e0\x84n\x0dx\x8fF\
\xf1j\xbcY[i\x0a\x8a\xaeGJ\xb5\x10|\x8fU\
\xca\x09g\xb3y\xe3\x88\xd2r\x9e\xb2\x0e\x02U\xf9B\
\xbd\xf1smj=Y\xad\xbe\x04`\x82\xda\x81h\xe2\
YC:8K\x89\x8b\x01\xac\x83^\x00\xf0\xec&\x16\
\xacd\x93\xf6g\xeb\x91\xd3\xea;\x88\x91\xf8iB\xf0\
0\xb6\xa4\x18\xe8\x10\xeb\xa8\x83d\xb9^n\xad\x90M\
\x12\xe3-i\xf6\x80\xa7\xbc\xc2\x1c\xac&\xad\x00\xeaJ\
HO}S\x0a\x89\x10\xcf\x0a\x86\x83\xa3\x5c\xf5\x97\x9f\
$\x0c\xccPP\xd0\x01\x22y\x9d\x1fh\x8b\x03\x04x\
\x07\x11\x8d%\x01|\xa9\x12\xed\x1c\xf7\x17\x9a\xee\x046\
\xe4\x04\x84\xc6\x00\x10R,gl\xd8P\x0b\x02\x0e\x9b\
E\x0b\xd0\xa0\x0ak\xe4e\x16\xc04V\xe7\xfe\xb5\xdb\
+\x09\x1b%\xafh;OI\x0b\xb3.\xa9\x98\x92\xda\
E\x89\x86\x0b\xd3H\x935\xde)\xf9\xedX\xc4*u\
\x16\x09\xd9\xdfP)!\x8b\xbf^-\xd3\xec\x92\x9f\xa5\
\xca\xabC\xe1\xd3W\xe1\x11\xd3\xf5\xce\x82cS\x13\xa4\
\x80\x0a\x08A\xc3]\x8c?c\xf0\x0a\x88\x0b}\xebh\
\xa7\x14 \x04\x12\xce?U\xb0\xd4\xf9U\x06#\xfdC\
\x1ds\x02\xb3;*Qn\xdf\xc8-\x0fy\xd9r\xbc\
\x04\x19\xe3[\xaa\x14\xc7lP\x1d\xf1\x0a\x13\xdfmJ\
$\xc2\xf01\xc0=\xb9\x87\xa2bj2\x9a3\xf1\x0e\
?\x9072&\x0a.\x16\x08\x08)\xabl\xd0<\x14\
\x14D<G1D;\xc7\x83\xda\xb6\x90\x81\xa8R[\
azi\x87x/0\x90\xaa\xfd\x0b!)\xb3\xbb\x0e\
w\x90x-c\x18Nq\xb4\xfaFv\xd1\x1b\xf8\xad\
\xfaU6H\xf9\x8a\xce\x98 \xd3S\xe4\xbcH\x88o\
(b\xfb\x5cj\xd0\xc4\xc9\x885\x85v\xbd\x7fUQ\
\x05\xa4\xf3\xb4\x22\xe5\xc9s)q\xa8\x9d\xe1u\x0a&\
\x8e\xde\xd2\x820\x11\x87\x05\x99q\xbe\xbc\x88j\x8aO\
\xa2\xfa|\x16\xa3\xcdND\xf1\xb7;$\x9ef\x82\x81\
\x9c\x07\x84N\x7fh\xcd\x1d\xb9v0\xc3\x84\xe2\x99\xff\
,\x22\xd54\x80a\xa7\xfdX\xe21\x92\xadExe\
\xdd\x9c\xfa\xcf\xee\xb0\xa0\x8e\x8e**\xbb\xb5x\x08\xa3\
\xa7#\x07s\xf04\x03\xca\xde$W\xd1\xf1\xb2\x8dF\
\xa9\xe4\xa8.\x8c\x9d;\x08O\xa4\x94B]\x0d\xab\xf6\
\xa3\x1d\x83\xfcJ\xaa\xae:\x06\x05\xf1\x1a\xda\x83~C\
\xd6v\x98\x94}*6\x85\x9a,\xa6?\x17\x96\xa4\x93\
\xd6\xe6\xb8\xaf\x85\x83\x8f{\xf6\xe3\xaa\xd7c\xa2\x9e\x95\
\xe4\xd8y\x9d\x82\x18\x12SYY^H\x01@\xea\xd5\
\xd9\xc3\x08q|%6\xb2\xe5\xc2u\xe3]#\xaa\x09\
\xa9\x1c?Fk\xab\x02\x94\xaa%\xc2\xf8B\x88\xcc\xfc\
\xe8\xb6\xa7\xf2\x9a\xa3\x0bt\xbe\x07CG\xe7\xe5-?\
o\x8c\x96\xec\xfaz\xb4\x13RZ\xaf\x04H\xc4\x99\x0e\
\xcf\xb0S\x19\xe0t\x09\x0e\x12\x86\xca\x97D\x00*H\
\xe3\x0f\x901\x1c\xf56\xac\xf0\xfd\x9d\xba,6=\xd1\
+\xde\x8a\xd7] \x9a\x80\x7fy\x16\xc1\xf5\x22\xc7\xbc\
D\x84hl\xe0ir\xe6\xa3\x0e\x5c{?\x9f\x0be\
\xc3\xc4\x0c\xa8C\x1f\xe9\xb2\x12n6\x9e\x1f\xfe\x09\x96\
Y\xfe\xa6R+0\xb2\xabE\xee[\xbbs\xc5X\xd7\
\x86\xb3\x1f!\xf7\x07\xeb\xa5\x0c\x99x\xa9\xbf=\xd6\xa7\
\xcc\xfa|\x02\xe6\xd8\x8f\xbfW\xe7`\xc4NQia\
A(\xf2Q\xcb\xf4y\xee/\xfbj\xc3\x1b\x00@#\
\xa7!\x97\x9a\xe5X\x11\x0a37\xa6\x8c\x12\xfd\xf9\xb5\
\x98B\x18\xb2\xec\xbcA\xf0.\xcdd\xcb`\xac\xa0\x0d\
\xc6j\xca\x82\x8c\xcc\x92\x05s*\x98\xfa\xb2\x09\xa3z\
\x03*k\xd1K\xfa\xc9\xa6\xd4\x15\x0a\xe3\xb6Y\x9dR\
R\xcb\x1b\xa4\xb4t\x0f\xa5\xe9\xd8\xf1\xe8\x22\xb9?{\
\x00kq\x89\xab\xcd\xe8\x81b\xa7RBL\x19'\xb7\
/bG\x9aiL*\x08\x1fK\xdb\xd6\xc5\x82\x93\x8b\
-\x98+\x1e\x01a\x9c\xbf\xbc\xa3\xda\x03\x89\x06\x17\x9c\
k\xb3\x17\xdd\xa8NG\xeaPb+A\x8fY\xe2X\
\x99\x7f\xfd\xeb_7\x93n\xca\xe9KJ\x9b\x9e9\x83\
yj`\xf5G-\x9d\x0fEf\xb3t2-\xef\x92\
b] \x02\xc2\x921\x1eO\xa4\x029J'\xa0r\
@_\xd1\x16\x96\xda\xb9\xae\x0a\xcb\xd1i]\xeb\x22z\
0i\xba\x1e\xb5R\x87y\xa4\xef\xa9x\x80\xc7Y?\
\x86zL\xe4\xa0\x0f\x8b1A\xad5\xea\x03\xbdR)\
\xde,j\xfa\x15;\xcc\xa2\xd0\xc1A8\x8b\xe5\x00`\
b7\xc9\x89;*,\xf82~RS\x9e\x94V\x86\
`>z\xf0/\x95DzZF-?\xc0:\xce\x91\
\xa3B\x18\x03\x13\xc6l\x9c\xd2\x16\x1db\xcb:\x03w\
\xea\xfd\xea\x19\xad\xc5\xa0\xc8Q\x84R5\xd1\x94eb\
\xc1(\xa0\x04\xb7\xf24U\x94X\xe2\xfbS5\x1cb\
V\x185;\x11\x91\xdbG\xf0\xdcy,~\xed8?\
\x8f\xe40\xa8I\x1a\xca}\x22\x0f\x08\xcb\xad\x0d\x04d\
\x0a\x9f\x16t\xe2\xec\xb8\xeb\xe6\xd2?2K\xa2\xbdu\
\x8b\xb7\x5c\x0a\xc9\xa3w\x1a\xe1\x8f\xe6uJuA\x9e\
2[S\x13m\x7f\x10\xa7\x8b\xf7j\xc5;\x85\xc2\xe2\
M\xbf\x02\xb3I\xb9@j\x09\x9b\xab\xea\x8dG\xe3\x0e\
\xc9\xf2FciM0\xa6\x89=\x19-\xdc\xef\x96D\
\x9f\xc1',\x91\xc5\xcc\x186\xcb{\xaaY\xe0\xe2\xf2\
\xa2\xb2\xc0\xa8|\xcd_\xd6\x83\x85\x168Fe\xddC\
\x00\x84\xb2\x02\xddN5\xf2\x97\xb9z\x04:\xd4\x0e1\
<\x14\x01\x9e\x94\x8f6\x19\xd9\xdc\xb7~\xa5\xfcX\xfb\
Z\x8f\x9b\xa3\xbb\xd0\xca\x94\x9e\xfeR\xf1XHD\xbc\
\xcc\xe1\x0a,\x98Z\xa3\x06x\xb5\xb6\x1a\xf2\xb9?\xa5\
\xa0\x050\x5co`\x7fbf\xb0\xd8\xd9\x17j99\
\x0c\x9bQ\xb5\x9e\xc0\x99v\x91\xacKQD$\x9ar\
%!\x8b\x8b\x00\x0e7r@\xe8\xb9\x22\x98&\x11\x0b\
\x11\xc3\x09\xc9\x00\xff\xf8\xcb\x89\xd7\xbaT\xce:\x09\xd5\
\x1fOP\xca\x142\xdf\xbfQ+N\xbe\xcc\xa9A)\
\x04AxoC'\x82U\xd1\xad\xa5\xbda\x1e\xd7[\
Op45(qi\x1c$k\x1a?U\xcb\x9d'\
\xcb\x83\x95 bE\xa5\xcf\x1fTTYREV\x1e\
T-e\xde\x14!G\x09\x0e!\x0b\xac!\xe7\xca\xc5\
}I\xf7\xcd\xdd\x16+\xa3\xa8$\x96ZHL\xd75\
l\xac\xc8{\xbfdNR\x99\x0e\xf3\xe0Gg\x22\xb3\
[\x83\x17\xa0G\x0b\x0a}\xfb \x22W\x17\xafYZ\
(7\xfe\x8c1S\xea\xbed1\xe7\xfa*\xc4L\xe4\
\x94\x9a?A\x22j_\x0e\xda\xe3\xf3\xf8TP\x85\x14\
PX+.\x99.\xaa\x9c\xf3\xf8\xc0\xd1*\xd4Y\xe5\
\xa1\x1c\x97\xb4^i\x0cW\xb6\xcb\xd9\xd4\xc9\x03\x9c\x0b\
\x10\xc2,\x1e\xaf\xb3\x0a\xfbz\xd0%\x8bZ\xfe\xbe7\
\xcdr\x05\x93,\x82\xd1]\xf8SH\xa9\xbe\x827\x01\
w\xff\xfeT\x7f?\xdb\x8c\xa7b\x06V\xa2\x12&\x87\
q\xe2\xe5\x176\xb1=\xdb\x18\x11E#.\xb0\xdc^\
T\x00\xfb\x0d\x9b\x82\xbd\x9aW\xae\xf9\xe0\xec\xb8H?\
q-\x84\xda\x08CJ`\xb5v\xa9\x9a\x11\x8cq,\
\xbf\xb5\x08\x15\xb1\xd8\xc03\xf6(\xa0W\xf1\xe5\xad-\
D\x00\x00\x80\xc6\x04\xdd\xa3q\xad\x02\x0a\x84\x10\xceu\
*u\x91\x99\xae\xa8!\x04\xb0V\xc2\xaa\xec\xc6\x02V\
\x15j\xf2\xae\x896\xc4zN\xe0\xd3\xd2>j\xc9\xaa\
\xdd\xad\xaa&J\xc6\x0ey\x80\xc6\xa2\x9c^|\x1e\x0c\
\x10D!\xf3\xb8C\xb8.\x94G\x0cx\xb5j\xe1S\
\xe5}I\x97X\x81\x8e\xe2\xbdX\x22\xf2\xe8\xbc\x82\xf6\
R\x86\xd4\xa8N^\xb1\x10Z\xae6\x86Q\xb4\xf7L\
jL\x93\x95V\xd4Xd\x80\xe6f\x97\x0f\xda\x9e\x8d\
 \xef\xe5\xd1\xba\xab\xf3eve{\xa2\xf73\x8ec\
,\xe6\xaa<<O\xac\x8e\x03Wa\xd4d\x16\xa9\xe1\
s\xfc\x9a-\x86\xf6\xf8\x0d\xaca\x22{\x0c\x14tQ\
\xc8j\xa3\xcb\xa7s\xc9\xaa\x8eGu^+\x1c\xb69\
\x1e\xa9\x0d\x85\xbf\xfe\xf5\xafK\xec\x8e.\xb1#o\xc0\
\x8f\xd0\x5cn$\x0b^\xad!a\x8cRJ\xaaN\x89\
\xb8\x1a\x00Hn\xdbSP\xdd@b\xd2\xd1\x93~\xe7\
\xc2\xaa\x98 \x82S!Y\xbe\x87\xfc5pP\xd8\xf2\
G\xf3\xcd\xb5\x913*\xc2\xd9\xb8J\x17\xcc\xb1.(\
E\x99\xba:\x9a\xd0\x9d\x97@\xf2\xbei@\xee\xf1=\
M\xd4\xd4\xd6\x02\x1b'M\x93QEuV\xc0\x8ay\
vy\xbe\xa9u\xa8{g\xaf\xf0\x1bU\x90\xaa(\xa8\
sl4\xf5TJ[\x11q\x01<\xf1O\x85\x96\xd4\
\xe5g\xa1\x90Q\xac\xcdp_xB\x00\x8a\x5c\x8eP\
\xec\xac\xbb\x80\x0e\xed+I;C\x1c\x9fA\x03\x16^\
V\x80D\x8e\xc7\x04\xe6,)\xdf*\xe8\x114\xb6\xb5\
\x94{H\xaa\x84\xf7\xc4C\xae\x1e\x14\xe1\xf3\xaf\xa5(\
\x01\xfb\x01\x81\xc9\xa0\x9d.\x1b\xce1\xf8z\x1c\xf9<\
*\x81y\xc8\x96\xa0%%\xac$^ySOay\
\xad\xf3\x22\x9d8\xc7\xa3\x12\xb7mfN\x8c\x94\xf1\xb6\
\xa2\xd9y\x7f\x0b\x94\x96>\xb9NV\xcb%\x12Y\xa5\
\x16=\x89\x5c2\x07\xaf.\xe6\x17B\x9d\x8a\xacR\xac\
\xde\x16\x08v\x7f\xe3\xb5\xaf\xecJ\x8f\x80\xceX\x9dU\
4\x84:\x1b\xf0\x9b\xdf\xfcF\xe4\x94\x8f3\x01\x08\x03\
\xe4\x22\x16\xab\xa7\x0e\x01\x86\xa9R\xf9N`\xd6l \
YNF\x13\xbb\x11\x0f\x83y\x1b\x16\xb5\x0dK\xf0\x15\
0\x96\xce\xa4\x9c}0\xab+\xa9\xbf*\x0a\x8dR\xb0\
\xba\xd5Mg\x8dx\xf4*n\x99\xdf/q\x80M\xd4\
\x0c\x0c|\xf7\x05\x89\xe1K\x11U<3\x8a\xabK\xab\
m\xce\x04\x0c\x0d\x92R\xd9|\xb2\x0c\x0fu\xe8EU\
\x9b\xc9\x0a\xa8\xcb\x15S\xa5\xdaU\x94\xe4\xa9\x96\x9e]\
\xa6\xd7\xb9.Q\x9c\x0c\xf9`\xa3pW\x98\x17\xa3\x00\
&\xeek\x94\x92x\x05Sbe\xd1\xc1\x96\x95\xd4\xef\
=\x94\xe3\xed\xa4\x8ae@X*F)\xfdfv\x15\
\xf0\x16~V\xb4\x8e%=\x9ej\xda\xaafg\x95\x93\
%\xc4\xd8YB\xdes\xd6}\x83:\xe4\x98\x0ey\x05\
}`\xa5T\x01\x18\xafn,\x9ag\xda\x99\xc5Z\x0a\
\xba\xd2\x8a\xc1\xbf6\x0d\xb1\x9a\xf3\xebx\xb8\xe8,|\
\x18Bt\xd2\xab\xdfMw\xe2\xf2t\x00Be\x07\xaf\
\x03B\xd0\xd9\xb3\x15\xcb9#\xc0\x99\xc9\xf3\x87\x08\x17\
W\xd0\x19\x80p^ks\xfe|^\x09gg}\xe1\
tvL\xb8\x8a\x19B\xf2R\x00B5\xd7\xf4U\xf4\
\x8d6\xc1\x18\xea\xa8\x88\xf0\x89\xa8g\xc0u\x0d\xfd\xc0\
nj\xf8\xc1\xb5c\xc1BwHO(\xf4\xa8\xf5\x8a\
K\x15\x13@\xe5\x9cd\xd8\x95\xfb\xb7U\x15\xbc\x95\x94\
Zj\x8ek\xe9H\xbb\xa2\x04=s3\x05\xdbA\x9a\
RwF\x15r\x12\xb1\xeaZ\xb5\x8a=a\xb84\xa2\
\x0e\xbaTS^\xf6\x12\x83:,\x5c?\xd8\xecD\x91\
\xe3\x12\x16\xd6\xeb\xb8\xa8\x97\xddf\xab\x01\xa1\x121\xb1\
\x06\xb4Yt\x98\x09\x00\xc7\xffU\x91\x8d\x9a\xf2\x90\xb6\
D\xd4}a\xd3e\xb5@\xa1\xe7,u\x10W\xa9U\
P_.\x03\xaa\x14^\x05x<\x8b\x1ch\xd5U\x8b\
=\xef+j\xc3\x18&\x1f\x15\xe8o\x9b kz\x12\
\x0f\xac\x96R\xa0\xe8\xcb\xf3\xe8\xd8\xa3\x1f\xb35\xf5\x93\
y\xddW)a\x85\xea=rQ\xd4,^\xbf\xa0\xa7\
?|W\xc1<R\x22p\x07\xbb\x97\xd7Te\xe9F\
\xf9<.]U\xc5(\xc9\xd6\x00U\x13\xe5\xea\x18_\
\x17%.ag;\x0d^\xd6*k\xb4`?I\x86\
K\x9a\xa2\x22\xc6\x85e=\xd8\xe4\xcf\xeb\x89_\xf8\xb2\
\xb3\x84\xae\xb7j:\xcf\xf07\x7f\xf37\xb0@\xa14\
\x16+l\x86\xd1j\xd2\xbd\xce\x0b\xba\xd0\x90\x92\xa7\xdb\
<\x84\xb6\xd0N\x95\x97\x99i\x04\xfc\x1fRVj\xc2\
1\x0b\xcc~\xabH\x8bLr\xcda\x1e\xb2\xdf>p\
\xb4Ar\xcc\xa3\x85\xf3\xdfki\xb1\x0d\x8c\xd8o\x84\
R\xed\xfa\x8b]\xb2\xec\xb2\x0f\x98\xd9O*\x8bof\
>]\xb7\x16\xab\xb7\x92\xcf\xc8Y\xcf\xe5\xd8\xaf\xd2S\
\xa5b+s\x9e\x0d\x041-TH\x03\xa0\xbb}\xd2\
W\xc1\xc4\x060\xce\x81p\xd5AZ\x80\xa4^\xed\x85\
5\x83\x85\xccX\xb5\x1c) \x10\xef\xba(\x87\x22\xaa\
*\x15\xfaH\x87p\xc1\x88\xc2\x8b\xdc\x9b9B\x81O\
\x12\xe2\x09\x0e\xea\xea\x0a\xc3\x1c\xdd\x15\xcd5;\x0c{\
\x04\xa4\xacC\xc7v\x16\xbeKJ\x97m\xb8\x0dB\x1c\
\x91*\xabX\x97\x8bK/\x8dV\xafK%\xc1N\xeb\
\x92\x9edUY\xd8)\xebR\xa7|\xef[\xb1\x00%\
i\xce\x8cB\x0e\x97\x8d\x9co\x22\xbf\xa9\xa6\x93\x85\xdc\
\xad\xb5<}\x00e\xf7t{O\x8c\xe8\xd70vi\
\xcal\x5c\xb4\x04\xfe\x8d\xb6\xde\x12J\x05\xf7\xd1;:\
W0 \x14\x8f,\x9f\x00\xa9\x9ee\xa1\xa3N\x11~\
\xd5\x9c\xe4\x11P\xc9z\xe5\xba\xa8Tl\x07\x08-U\
\xac\x1fU\x1a\x1a\xfa\x0b\xe7\xc9l\xeb\xcd\xfe\x90\xcbU\
dDd/V\xae@P\x0b\x1a\xc9\xb4\x99\xfbf^\
\xaa\xaa\xaa\x0e\xf3J\xbc\xef\x92\xe6]Ss\xb8\x8cT\
\x0d^\x7f\x03\xf26)\xed\xca\xaa\xf9\xb4\xb5a\xb3\x9a\
\xcc\xbcIK:\xc3y\x92N\x22\xb2Fz\xfc!O\
\xbcD\x96\x17w\xf5\xa2\xe8\x97I\xdc+\xc8e\xc9M\
\x0e@\xb5\xaf\xc3\x00\xc3B\xf1 r\x1b*\x1e\x1ej\
\x07\xa5ju3N\xe3\xeem\xb4\x1eoD\xd7t2\
s\xa5\xf0%\x80T\xd2'\xa8j\xde<\x8cZ\x00\xf5\
g\xbd\xfc\xf9x\x16\xda\xec\x1e\xadK\x8e'+*\xc1\
\x9ai+\x81\xf1\xa6\xf2\x84\x85\xac3\xf0\x7f\xa5\xfb.\
/<yoI'\xc8k\xdd\x90\x97F\xa7)y.\
\x13\xccs\xef\xd1\x09\x9f\x97z\xc5m\x1d\xe9\xb8\x87\xca\
vP0\xe5X\x17x\xd7i!k!\x05\x1c\x1b \
dMQ\xaaX\x11]\x5c\xe4\x8cXHu\xad\xec\xb5\
P\x17 \xcci\xb9\xeal(D\x85\xa3\xad\xebs\x86\
(\xd8\xe9-\xa9B\x09N4,\xe2\x0a't{\x10\
\x82\x9ac\x09`\x84g\xd5\x06\xb2\xae\x15\x9c\x01Q\x8e\
\x1a\xfe\xf4\x09\x8a\xc4y\xb3\xc7\x96\x04\x7f\xb0\xc4~\xc2\
\x01TSQ\x10\xf5$\xb2\xc8\xde\x06\xba\xcc/\xdd\xf8\
DDZ\x99\x81\xed2r+h\x83\x96\x18\x8cM~\
\x03\x1f\xb2\x8cRsl\xc2H\x06\x08\xdb\x06\x82B\xed\
6TG\x1d\x85v\x5c90\x1b6\xf4\xc0T\xf5=\
\xb7\xa1\xc8\xcf\x9d\xf6[\x1cU\x8c\xe2\x86\xe8D\x1b9\
B\x9d\x7f\x0e\xd2\x99uE$ki\xab@\x9b\x11\x22\
\x8b\xf5\xdb\xac,\xe8\x9c\x81\xa8\xe75E\x1e\xeb4Z\
\xe8\xba\x05\xe9\xbc\x0eU{j>Hc:\xc4!/\
5\xfd\xb5\xbe\x1cR-e\xec\xcb\xa6\x8f\x99U\xa6\xc6\
\xe5\xb4\x8c\x0a\x08{v\x87\xeb\xa5\xd5e\xd6\x97C\x0d\
@\xe8X\x9c\xd0\xe1N\x7f\xb0\x003\x04\xbd\xc5x\x1b\
\xaek\xc1X\x8a\xe5d\xd4\xa8'\x88\xec;e_y\
\xb3\x0ak\xcc\xe8F\xa2t\x0e\xcd\xa6\x89\xc54W\xa9\
f@\x17\xe1\xa7\x9aNI3\xd6h\xba\xc2\x063T\
\x97!S\xd5\xd1\xf2tZ\x1d\x97fE\xfe\x893\xeb\
\xdc\x9831h\x1d\xa1QK\xdd\x92,\xa0^M]\
\x05\xe4\xad\x5c\x1b\x99\x06}^\xb9\x98*\xa7\xbe\xca\xba\
\xa9\x9aJ\xb2\xb2\xb9\xc5\x05\xb5\x88\xa5\xea\xb8\x00\x83\xc5\
\xe8L_\x89\xcb\xee\xdb\xec\x89\xde\xd4\xd7q8gC\
\x1ac \x9d\x05\xaaE\x5c\x09\xd6\x8e\xd6\xbd\xf4\xa9\x84\
\x99\xf3`\x1c\x10\x92\xbd\x90\xc6\xaa\xd5\xb1\x98\x1a1\xc7\
Ej\xe7y\xc5\xbc\xff:\xeb\x94\xdel\xb9o\xb2\x1a\
h\xb1J\xe7q\xe9\xe4\xd6w!n\xdd\x18~(\xa3\
J\x8b\xad\x0b\xd4\xbd-\x06x\xcb\x03 \xaa\xf64\xba\
@\xd0\xa8\x822\x92\xed\xf9\xed\xd9-<\x9b\xf2Y3\
\xcc\x86J\xbd:;\xa6\x13\xce[,<\xc2\xc7\x05:\
\xad\x90\xfd\x15_\xaf\x15\xd7$\x7f\xc8!7y\xef*\
qi\x0a\xf4\xef\xfe\x97\xd32\xce\xda%\xdc\xa9K\xb2\
x\x97S\xd4\x15i\xa9,\x86\x16]\xe5u\x82z\xc9\
\xf7\x01\x10\x22A\xb0u\xa4\x8c\x11l\x1c\xc3\xa3\xda\xf7\
\x19\x97\x8ck9\xac\xaa\x86\xf2\xce0\x1a\x86\xd1\x9e\x17\
!hX\x81\xc6\x06MO\x0c\xf2\xe7\x0a\xfe\xec\xaf\x88\
j\x9e\x07\x85\xf1\xaa\x22\xc0\x92%L\x7f\xabF\x06\xa2\
\xbd\xdd6\xaa\xb3\x9c\xea\xb8n\xdd\xbc\x1a\xad1\xb8\xd0\
7l;\xfb\x0c_;\xb3P\xe4\xdck\xab\xfeJ\xe5\
?F\x9a\x04\xde\xe5\x88V\x8b\x15\xb3\xae[{\xd6\xed\
3\x01\x14\x05QS\x07X1Hk\x9e\xdc\xab\xdb\xb6\
A\x0b\xf0t\xb6\xdb\x90TX\xf9\xca\xdc\xc6\xc4\x82A\
\x95\xb7Oe\xf3\xa5\xafI&\x1d\x8a\xd9U\x8e\x82\x9c\
Lr\xbc\x8a\xf0\xe5J\x99\xb6\xa4\x8b#\xc4\xa9b\x0e\
\x83\xed0\x00\x88;\xed\xf5t\xba\xaai\x078\x87\xbb\
\xb5\xb0Ex\x11\x8c?\xac\x8bQ81OeZ\xc9\
k^\xc5\xd7\xa2Q\xb6{\xa0\x16\xd9\x10\x1a*y\xe9\
\x90\xce\xd5QR\x113_NzuT\x94JwL\
\xd5u\x1d\x11\xad\x8b-u\x1e \x01\x84,\xe3\xa0F\
S\x8b\x22\xb5C\xea\x96\x5c0\x8f\xac\x84\x04\xc6\xaa\xda\
\x13\x17\xd4\x1d\xb1'\x0b\xb1\xa89\xdbQ,\x0br\x98\
0;\x87\xb5\xc2,3OYAh-\xd5+\x94U\
\x8b\xa5\xbaw\x9a\xeeT\x8e\xcc-l\xdb\xe3\xa50\x9a\
W\xc5\xdeo\xf9\xd1\x82\xce\x83\x7f\xa8\x1d\x0f\x13#<\
\xff\xb9\x84\xad\x14\x87\xb8\x84\xca\xba\x86=ZM\xb2\x84\
G\x11\x89\xf4d\xd1\xdf\xa4\xd1\xf3\xfb\x08\xac\x1d\xaaN\
\x1d\x8cu\xd6\xb1\xb2\xf4\xa9\xdbLO#\xabj7\xb5\
%\x97\xa8\xf8*\xad\xa1\x86\x17\x92T\x95\x0fG\x7f`\
\x15\xb3\xf7\xdca\xb5\x92x\x07 L\xf0\x12$\xd9W\
t_\xcb\xb5X\xa3\x89\xd7%A\x0b\xf9\xaa\x15\xa3\x9f\
r\xf5n\x17\xac\xe3@i\xb2\xdaC\x11\x07fq\x8d\
\x16jj\xc5\x92Y7\xc3\x1c\xadi\xdc\xa1\xe8\x1eK\
Zu\xfa\xa8\x22\xe6\xd2\x1c|\xc4|\x7f\x93\x9er\xdd\
\x05\x95\xee\x80\xbdv\xaa\xd8\x87\xcf\x93\xc1], ,\
\xd5b\xcf\xd7P\xccr\xed,\x81\x12l\xa4!$w\
\xc2^6\x1d\x84\xce\xcbB\xf0+\xa5\x0dF\x96I-\
m\xc9)B!\xaf\xd1\xa2\x8a\xf7\xa5q\xd9\xdc\xb1\xf8\
\xa2\x9f\x1a\x10:[\x92.\xdb\xb6\xcc\xfcuFE\x84\
\xad\xcf*\x1d\x5c\xd2x,4\x8f\x01P\x18\xf7&x\
S\xbb\xa6\xa4Y*m\xc6\xfd(\xb1>\x12*&X\
m{0 \x000(\xed\x12\x87\xca\xd3lX\xf0\xa6\
\x8f\xc5b\x10\x89\x00\xec\xec\x992\x80\x86uV\x85\x00\
%\xa86`5Z?B\xe6\xbb\x9e[{\xe6Z\xf7\
\xba\xf5\xacM\xa4R\xb6\x8a\xfe|h\x0d\xa9\xf7\x91K\
\x01\xd0Z\x81zSY\xf5\xde\x08\xdfe\xfe\x81<[\
\xdb\x91~\xd7r\xd1\x19\x0c\xb2E\xb5\xf4u\x86,\x00\
Z+\xf9lz\x1c\xbc\xd7\x10Y%W\xfcY\xbd\x17\
gpC\xc9\xf7\xe7\x0bB\xc2M\x0a'\xa3gF\xe7\
+O\xfaR\xcbk\xa3\x8d\x9e\x04\xcd\xb0\x9e{\x1c\x84\
\x7f\xfb\xb7\x7f\x0b\xdd\xca\xa8\xd9\x01\xc6\x023\x11\xf2\x84\
\x12\x84\xa8I\x95\xf6\xf5!U\xdb\xf2:.\x1cC\xcd\
\xe8\xa5a:\xc3\xf2S\x15]L \x0f0\xf0\x8c\xf3\
\x8d\xb2_b\x11O\xdc)\x07\x93O\xba\x03\x17\xd9\xbb\
\xb4\x8e\xc1)e\x89r|8z<\xb2y\x5c\xa4\x87\
[\x95-\xaciD\x0b\xd8^\xd9\xe0\x15\xc9\x1f\x0c#\
\xae:\x9d\x94\x1b\xc6\x08=\xa2\xf7\x0e\xaf\xa5\xef\xb9k\
\xb8\xce\xees;a]\xa8\xa4Y\x04\xd41\x9b\x01\x7f\
H\xb5\xac\xe2h\x82\xf3\x5c\x17:\xe4\xabf^\xb3\xab\
:\x84\xa0\xfa\xeb5\xadiyaAJ\xcc\xde\x9a)\
\x9f\xe6\x08\xc7\x12\xddZS\xdfu\xca\xc2\xcf\xa6\xd3\xf3\
O\x8aU\x0e\x1b<\xa3:\xf0\xe3\xb5\x8ch\xa5\xfe\xa9\
\x94D\xd4\xac\x16\x17\x1e\xdb\x1e*\xc9\xe9\xc5\x10\xea\xc2\
u\xcaa\xf6\xc8$/\xf3\x9a\xb1n\xa5\x1fMu\xae\
\x90*\xfa@\xd9\x08k\x1c.\xb8(*\x0a}\x86\x00\
a\x93\xd3\xad\x98\xc6\xa9a\x94`\x88X>\xe0\xd7\xb9\
:\x94T\xbd\xa3hj\x08a\xaeuBR-g\xf3\
\x8cA\xddO\x00O3`3\x04\xd1\xf2\x09+\x96w\
J\x0e\x90z\x15\xc8\xd1UO\xf0\x080`Q|:\
b\x18iF\xa9\xd4\xb1\xb1\x16\xb3U\xe7\x1a\xeb\x99\xca\
\xb1a\xc5\xca\xaa\xb1%\xa2Tn\xaft\xd4p\xb6\xd5\
eO;\x94R\x88\x96cZ\xcf\xa2\x18\xe0\xdd\x06\xa2\
<\xbb\x92\xd67\x98\xa3\xf7\xd4\x22\xfe\xe4\xadmt~\
H\xcd\xa8\xbfYJU\xeb\xb7\x1a-\x96'\x1f*\xe9\
\x92R\xab\x88\x07\x93\xe1\xa2\x0eu\xed\xea\xc1\xf0\xb2\xb5\
S\xf4\xb8:\xd5GK}\xf7\xe9T!\xae[\xf2\xe5\
F\x13C4\x94\xd7<\xc6\x8bK\x13\xa09J\xab-\
s\x82\x06\x119*\xa3\x22S\xac\x13\x11\xb0K;\x9d\
l\x0b\x1b)\xcb\x14\xd2\xf7J\x9b\x90\xcb=\xfc\xc2B\
j'k\x1ch-\x80\xa2vk\xe5{Jq\xcc\xc2\
\xf6Y=\xba<\x9d\xa1\xc6\xf5f,\x13\xb4\xaf\xd2)\
m\x1c\xcd\xc0C\x07sJ5R7\xe8\x19\xfd{\x15\
C\xa2\x9f\x1a\x80\xb0\xd2\x0a=\xa9\xaf{\xda\x8d+%\
*\x07\xfc\xfa\xa9\xf3T\xde\xbcJ\x8d\x96d\xc5`\x81\
zTR\xdc\x10\x11\xb8\x8c'L\xbf\xaa\x81.\x02\xc0\
$\x8d\xd9*\x97g\x94\xea\xa2\xder~2c\x94\x06\
w\x12\xee\x15\xd4\x8a\xd4\x89Frl\xdf\xb45U\xcf\
+\xf7\x9cZ\x81j\xd77\xd7/\x93\xf7\xb7\xc6g\xcc\
\xb3\x83\x1f]=\x97\xaf\xb6K\x00\xe1\xbc\xc2\x94\xcc\x80\
E\x01*\xc7\xcc\xb2\xe4\x00B\xd7\x9bF\xe2\x9d\x05\x1e\
1p\x1d\xb0\xf5U\xa8O\xe7\xac\xa7\xe9W\x96\xfaj\
0c(^\x90\xbc)\xaf\xce#\xe20\xceH\x02\x10\
\xaaaF\xed\xfcOQ\xec\x92Y\x93fi\x1d\x87q\
\xb6\x94\xadU\xf2\x8ag\x9a\x13\xb7\xcc\x8c|\xd7\xc2\x84\
W4%O\x03\x08\xeb\xd4\xb3\xba\x96$Puu\xcb\
( \xacW\xe7\x8a\xba\xf54t\x0a@\xd8\xa9?T\
Yg\xe08\x101\xe7\xa2\xfcM\xc6\xc4\x17\xc1\xd9\xa8\
\xac?\xfa\x90\x1d\xe0\x0c\xd3\xcd\x19\xe5\x9f]\x17\xdb\xc2\
\xf6\x00\x86\xae\xe4\xac\xcf\x9ap\xf6\x8f\xfa\xc2\xc7\x885\
\xc4\x17X\xc0\x1e\xf5\xb2\xac\xd1\xaa{\x86=N\xc1\xc3\
\xf7K\x95\x848\xb3\xd3K\x8a\xc0\x8a\xb9\x8d\x9f\xfa~\
\xb4\xe2\xa5\xca\xe6\xd7\xc1\xe95\xcdN\xd9D}N&\
\xebI\x22\xd6\xcd\xff\xba-Q\x15C\xd6>\x0f\x07*\
 \xacg\xba\xd0\xb4\xb2T\xe0\x1e\xea=\xc9S\x98\x1a\
\xb1\x0b\xc2 F\xa0,\xfcZ\xaa\x92\x921\x82H$\
\xac\xdb1\xd8\x9c\xb1k\xac\x1c\xbaC\xec\xe5\xec\x18|\
&n\xcdB\xb0&\xb8Nq{\xecsb\x15Yu\
SAwv\x0eF\xcb\x1a5\x98^s\xc5\xd9e\xcd\
\xbb\x9e\xd3\xafJ\xf9\x8bB\x04k\xa8r\xb4fn\xdc\
H\x0c\x80\xccRf\x8e\xda6\xb5\x8f\x9d\xad\xc18\xaa\
Q\xe8\xc6\x88/\xa1#\xb5\xde\xbcd{8\xc6%\x05\
.Y\x0e\xceH\xf3\x91i\xf3\x8eA\xa5\xf6\xd9\x0fE\
\x9b\xad\x8bP\xc3(\x0b\xb7\x05\x06y\x5c\xb0\x06\x8eR\
\x831\x0f\x16\x0e\x8d\x15\xd5@\xab\x19\xb8\x13!\x97\x12\
\xe9\x8f%\x8a\xd7\x8e`\xf9E]\x9b\xd1\xb2\xad\xf5\xb6\
\x01\x98\xc6\xea\xea\xfdbq(8\xdeX\xe5\xd4Gg\
[u\x86\xe7\x03\xcc\x18\xd3/f\x1e\x05\x15\xd6cG\
\xde\x02\xb6/\xb8?\x8f:\x80\xe9_\x0a\x99\xfc\xc5\xfd\
\x0d\x0cw\xb8\xdd\xceU\x1f\xa5\x0b\x87\xdc\x94Hf\x8a\
q\xbe\x96[\xa0\xc6\x96\xc7\x04\xb5\x14:;\x92\x0f\xad\
\x9e(\xa1\xc7G)\xaf>e\xea\xf6\x1e\xa6\xads\xd8\
\xb4\xf5\x81T\x5c\x19*\x96\xae\x9d5-Y\xc9\x16\xa3\
@\x1c\x07\xba\xb5jy \xf8\xf0\xbd\xd3\x0a\xe4\x90\x93\
Sj\x08\x0aF\xa5\xe5 \xa9\x1d\xdd\xb98<\x0eV\
\xa6-4\xa9\x9f\x1c9A\x09\xcf\xdb&\xd1m\xb9\xdf\
U\x07\xd9\x12{p\xf2\xe4\x95\xd8\xe8Dti\xeb\xc0\
\x19f\xe8S\xf5\xecrF\xda\xd7\x87\xdd\x90Z\xb6\x14\
@\xba\xd1\xd3RN(\xb0\x82\xe2\x90I@[\x22x\
\xc7\xde\xa3f\xdd\xc3I\x8f\xb6\x00T\xd9\xafRR\xa2\
HC@W\xe53T\x05T\xa9m\x83\xda\xd5]\xe6\
[H\xc4\xee>f|\x9d\xc2x\x11\x12{\xe9\xa5\xa4\
]\x0e\xb3\xd7\xa3\xba\x1dB\x7f\x0b7cu4K\xc3\
(\xa2\xc9\xfd\x03\x1b*=\x81\x93\x88\x8e\x11\xa1\x92\xdd\
QH0\xef\x9fNm\x1b\x96\x8f\x90A2\xa3C\xb2\
r\x98\x88A\xdb,\x80\xf8\x1a\xae\xd0m\x9e=+f\
]\x22\xabw\xf27\xadKW\x16\x18\xbc\xc1\xb7qW\
iP\x95\x8eIp\xa5\xb1\x9e\x0e\xb7\xec\xc6b\xcf\xd6\
Zc%\xc4\x82\xdaRV\xc2\x84\xa3T+\x06\x15\xad\
\xdf{l\xb6\x83\x13K\xf4\xa7\xaa\xb8\xb7\xad\x8a^\x94\
\xbf\xe4\xc6\x02+\xf2v\x97\xc6&vR]\x19H\xde\
\x09\xf6\xf1\x0a0[\x0a\x5c\xafK-\x91\xbe,\x86\x96\
w\x99\xfeb\x9b\x11\x1co\x9c\xa1\xb6\xda\xa8\x93\xaeb\
\x89\xa81\x87\xc7)\xf6:\xf2\xd9\x8d\xba\x09\xff\xeeo\
\xff\xa3}\xd2m'\xc4\xf9Rj\x06\x1bF\xf4r{\
\xa0\xc2R\xba \x8b\xae|[\xc1z@\xda\x8c\xc3\x8a\
%\xf6nv\xa5\x1a\x8a\x08b\xffg\x02s\x04 J\
\xd4}5\xac\xe2E\xe7+\x14\x9af1\x83\x0b\xda\xa7\
\x1e`\xc6R\xb2\xc4\xb6\x81g\x9a\x1b'\x97D\x06=\
'\x0c\x97T\xa4\xdd&\xa4F\xd7JRIJ\xb3\x04\
\xd0\xa1_\x9e\xb2Z\x00\xf6D\xe5TPM\xa3p?\
B\x89\x88\xc5J\x87\xb0\xf4\x81Yi\xcfJ7\xa9z\
<\xce7\xab\x0a\x96\xa0\x1e\x8c\xc5\x1cA\x83\x95\xb9\x7f\
\xfa-\x96[\xb2\x91+\x15\xafMlgq\x83\xaeo\
\x81\x8ak\x84\xd6\x22@R\x958\xcf\xc5T\xff\x19\x98\
\xba,\x0f\xd6Xd\x16S\xdf$\xec\xa8\xfby\x8a>\
O\xc6A\xd2\xca\xa1\xd3op\xd2<\x9d\x8afTb\
\x85wA\xce\x94\x96\x8e:\x81e-\xdb\x91\x8e\xdaX\
\xedU\xc8\xad\xe1vx\xf5\x1d\x7f(%2J\xab\xd9\
Hs\xf3\xa2\x8d\xaa4\xcf\x92\xf1x%\xa9\x05\xa8\x03\
B\xcd\x05\x88R\xad\xe8\xa1\x04\xa0\xc9\x0f\x8d\xd2\x92t\
V\xf4\x223\x1c\x98\x14n\xac~\x8ar\xdd\xdaa*\
>\x1c:0yz\xea\xb4F>}\x09W\x14-\xcf\
\xcbz\xd4N\xfb\x18'\x94\x8e\xc2\x07\xa4Gh\x96\x17\
\xa3~}y #NN\x16\xac\x08\xebwa\xaf\xb2\
\xadv\xa2\xc1\xca\xd7\xa6N{^K^\x08a~S\
\x88*En\xf5{Y_\x08\x95\xd4\x92\x14\x06[k\
\xde\xcc}\x1ct9\xdcO^\xaa\xd1\xaf\xab\x0c\x86\x13\
\xd4b\x91\x8ao\x03\x84\xa7%\xde\x86\x93\xb3b\x99!\
p\x9a\x15\xeb\xb2\x9dl=J\xea\xb5\x8b<mIJ\
\xc4LF\xb9a`\xc5\xbe\x9f\xa5JD\xc14\x0a\x02\
\x837\x92=\xa7\x92'\xa2\xa1tJ6<=\xb8\x22\
\xcf(o\x8a\xfe\xc6\x15\xe7\xe2\xd4\xda-Y^\xa5\xdf\
\xf6\x96\x08\xb9\x92W\xff\x81\xa2\x19\x8e^\xea\xbe\xa4\x86\
\x9a\xa2dGwJ:=>\x9c\x07\xde\x8e\xc1:(\
\x890^{\x89u\xc7\xca\xa5R\x13\xf3\xc0\x8f\xa9\x96\
\x80?H\xa05)\xa6\x01q:C\xd7\x02\xb2Nu\
\xba\xbf\x96\xac\xc7\xeb\xab\xd0\x19\xa9Q\xc7\x91\xc0\xd5t\
\x14\xde\xa9\xb4\xe8\x15\xa6\x8d\x8c\xd5S\x9a\xe3\x8d\x87\xce\
\x03\x0e\xeb\xd2\x19Ec\x17R\xa9\x9e\xb8'vh\xb1\
b^u\xa80\xcf\xd7\xf4Fu\xc2`\xff\x00\x00 \
=`\xe7R\xc8\xb8j\xd5\xfb\x8b\xdc\xe5=<\xb5\x8d\
NC\x9d\xc7C:\xddn\x1d\xb5<9E\xa72\x89\
\xf5`99L\xadF5\x7f\x133\xeb0\xd4\x8e\x9d\
\x89\x94\x1a\xbd\xb3\x94\xf6\x5c\x11\xe3\x1f\x07\xfa\x07{2\
Yf09\xe3\xa8\xa1\x02\xc3\xbc\xdf=o\xa2\xc2\x0d\
\xce23\x96\xf5\x0c\x1bV\xb4i,\x05\x18E\x8f3\
\x90\xeaZH\xa6\xd7Vs0\xd9\xf0\xdc\xa9L\x1e\xce\
\xb1,\xa7,\xa9\xc1\xe7\xa9\xc5z\x1a$8\xc5Au\
b\x85\x95*\xb0\xf4\x85\xf9\xe9\xcf\x01\x22?\xe58O\
\x94\xa3\x9a\x92vE\x5cf~\xbcz\xb2\x1d\x15l\xd0\
\xa8\x85\xd1z\x05\xd5m\x1d\xe7mT\xe1\xa0\xdb\xc9X\
\xacXN\xef/\xd59I=\x0e\xe8\xb8X\x18W\xef\
\xaf\xf9lG\xba\xc1\xf7\x94\xa3Q\x92+A\xc2C\xe4\
m)\x1ea\xd5\xceN\x84\x05\xc0\xc6\xcc\xff\xf3!\xd7\
X\x00<_'\xb2\xd8\xd4\x83\x97Cg\xd7m\xe8\xa5\
\xfa\xfb\xff\xf8w\xf9\xdb\xd2U]\xbd\x15  \x5c\xed\
\xa4\xdfR\xa3A\xa2p\xe3*\xe9\xdfIe\x19\xd4\xf0\
\xc2\x87\x04\xf4mE\xfcr\xe4p\xceG\xbd~^X\
\x99r\x13\xdcz+AK5\xa7xw\x00\xbfp\xf0\
\xe3:\xe5\xe6\x0d\xdc6D=\xc9\x881V\xb9$=\
\x81\xcfb\x89\xd4\x7f\xaaJu\x9e\xd1s@\xb4S5\
\x1a\x8a\x81\xdd7\xf0p\x9aq\xa3\xdd\xb1E\xdd\x9d%\
Q+\xab\xda\xa8\xd7\xee\x15d\x93Tu\xa2\xc3\x15\xec\
q\x9cg' \xf3\xfbQ*uAD [*\x22\
lpS\xa37C\x94\xda\xea\x04\x1e\x05\x08\x00\x89\x1a\
>d\xf5J\xce\x04\x1c\xcb\xf8\x18#~#Q\x04Y\
\x85\xc1\xa3N|\xbe\xf4A\xd8\x0b\xb0\xafx\x04H\x05\
QE\x9d\xb4\xd3\xa4\xce;s\xae\xf6\x0c\xeaz\x12\xd2\
\xcc\x9e\x02\xf6\xad$\x1d\xd3M\x0d\xdf\x1f%\xa9}Z\
\xb0\xfa\x85+<V\xa9\x00\x94\xa5\x994\xec@s\xd1\
\xf0\xf8_\x8fV\xb4qmv\xcaY\xec\x5c\x96\xd3r\
VA1\x19+\x9c\xef\x1d\xca\x91\x9b\xc1\xaf^\xc2\x8d\
NL\x97\xd0\x05%?gs\x18\x09\x0e\x08\x033$\
\x8eC\xe7yw\x95rnC\xd5\xaf\xb7\xca\xc3T\x02\
\xb8ZT\x8b<\xef\xf2\xc0!|\xcf\x9b\x82\xd8\xbd\xf0\
\xcd\xa5\xa4\x13\x10VZ\xa6\xad\x98\xa6^L\xa7\x80s\
\x94\x01\xc6\xcaZ\xa5\xd2\x00\xe8w\xdfwT\x03\xb9\xe5\
\xc9b\xddWd\xa1F\xc2N\x98\xd7t\xadb/\xb4\
d\x16W\xc6I\xc3f\xcf\xb5v*\xf3\xd5\xe2)\x80\
\xb0p\xd3\xa0\xb2\xa9\xa3\x0c\xa0s\x99\x90\x1cqt\x0b\
c\xa1t%\x1f!\xba9P\xcb\xd8\xaf\xffDe\xbf\
=\xf6\x8cU\xab\xf3\xc4\xe6\x09\xe8x\x800\xf0\xf4\xe7\
\xdf\xd5G\x09\x01r\xd9\xd0i:E \xe32\x11\x93\
\xb6\xe2\xda*\xa6\xe1\x9d.\xaf\xc7\xb25|\xc5K\xd8\
\xd6\xa2\xc6\x00P\xe5V+\xe6~\x01-p2\xca7\
\xb81\xfe\x07\x87\x05jO\xaay\xcfNMq\xc0\xe5\
\xd0\x0c\xcf\xf9%\xda\xab\xbcu%\x8d\x13(:{\xb2\
\xe8Q/\x5c\xa0Bv\xb8`\xe3co\x5c\xf0\xc9N\
\x84-\xd3e\x1dc\xaaT\xce\x94\xaa\xd0\x88W\xa4\xa4\
\xb7Yqb\x97\x14\x98\xabxI\xc9\x8b\xcd\xeb>C\
O\xb8\xbc\x18\xfdI\xa9\xdd\x04e#\xd3\xaeq\x9b\x0d\
P\x0c\x0eE5M}\xa7\xfd$j\x8e[\xf3S\x1c\
X\xd5\xf25\xda\x10\xf5\x5cz\xa3wd\xda/\x9f\xbe\
\xcc\x85\xf18\xd4Z\xb2\xce]\xbe\xe3U\xed\x88\x19\x9f\
\xf8\xa6\xa0R1\xfav\xbaQ\x95\xe6#\xa6\x0b\xe8\xb4\
\x8d\x1cy\xc3\x91\xadO6\xba \xc2\x7f\xf8\xbb\xbf\xaf\
|n\xdc\xb2\x80++\x85f\x97\xa43\x22S,P\
0\xce\xce7\xb7\x10%7HK\x8a\x81k\x9c$\xa1\
\xda\xc9\xc4\x19\x1a\xc2N\xea\xb5-a\x15>\x06+\xb9\
J\x9aD\xa4^4\xb7\xa2UF\x09}azO7\
\x11EU\x15\xb6\x8d\x9dDj\xbdE\x02\x05\xfc\x10\x82\
*\xdc\x19K\xd9\xa3\xa0%\xaa\xe9P<kQ,\x8c\
<\xb9\xe5aO\x16%\xc5\x82\xab&\xe2\xa8\xd1\xf2\x02\
\xdf$\xd2~oF\x9a\xaaE\xee\x8c.\x132\x88\x5c\
O\xd2cg!Ju\x8cKY\x1a\x09f\xa8[\xad\
Nk\x22\x9b\xfe\xb2\x11\xf5\xdax\xb6\x0b?\xcbk\xda\
j\xa91\xeb\xe5\x18w\x1a\xd6\x03\x1f\xa9\xb2\xfd\x85\xaf\
$\xae\xda\xf1\x0ey);\xea\x90^dI\x91EU\
\x8f\xe7\x10\x8e\xe5R\x07\xbd\xc7\x10\xfc])\x1d\xc3\x9a\
\xa9'\xe5\xbaV\xf9\xda[\xf5\xaa\xe9\x915\xfe<\xff\
\xed\xfb\x9e\xd0\xf5\x84.\x5c\xde\xac\xb2M\x09\xd5\x15\x0b\
X\xb6\xe6\x1a9\xdd\x97'\xe2?5\x12\x22/\x8f\xed\
\xb9\x90J\xdd,\xf5K\xedt\xf5\x99\xde|\x97o{\
\xa9\xb2\x0e\xd3,\xc0\xdec\xc9Y\xe16\x90\xab\xc0\xb0\
\x98\xc2\x92\xf6)pO\xac5\xba\xf3\x12\x17WF8\
\x87D\xa9.O\x1dE\xb9\xd6\x0bS_,!\x0a/\
\x10\xc3\x84}\xec\x1a\x07\x93\xc1\xfdQp\xfdb\x10\x18\
\x8eEV\xda4\xaf\xc2\xfd\xa6\xe3\xcb\x97\xd2#\xe3\xe6\
%\xa1\xc1GsW\xa3\xcf\xf4y37\xd6\x8ak~\
\xe90gw^3\x9aQ\xd3&/+\xf6\x19\xc8\x1f\
\x8c\x17\xe3\xfa\x04f\x1aGJ6\xdf\xaa:\x8d\xc0+\
\xef\x17Z\xb5\xd4\xef\x8a<*\xf9\xf5\xed\xd8\xf9\x9c\x81\
\xea\x93Z\xf9\x8aE\x99 \x8f\xd5\x93\xf5\xa8\x09\xcf\xbc\
\xdaU?\x1f)\xdb\x8d6\x924\x83\x0dhh\x08-\
\x15O\xb8\xad1\xb8Ov\xcd $\x1aBp^\x11\
\x88\x90jJ\x86\x8a\xc1\x89~%\xe3\x88\xef\x13\x02B\
\xc2\xc0\xc2\x8a\xa3\x19\xf68\x16\xf4\xb1_\xa3\x02Q$\
\xc5\x87\xcd\x04\xa4\xb2\xb6\xc5\xe3|\xb2\xa9\xa2\x86*?\
\xe9\xd7) \xe7\xb8w\xe0@\x1d\x01\xfa\xea\x90\xbf\xbf\
;q\xd3\xdcj\xc6zv\x15H\x9f%\x04\x06\x11\x01\
&\x0f\xe6{\xf4?=\xf8\x81\xbb\x9c\xf6\x83\x97i\x81\
\xc6\xc1glj\xbfO%\x13\x04\xa4un\xaf\x22\x8b\
\xa2\xbb\xcf\x10!(\xd8cG\x17\x0cG\x154^p\
\xf8\x01\x00hL\xff\x16\xab\xda\x15\x97Z&\x09\x1c\xcc\
\x09\xaan-zr_\x97\xc5\x1ce\x83\xd6M\xb3\xd2\
\x9e\xbd[\xd1\xb8c\x12\x8dLW*1S\xaa\x00\xc2\
\xf3#\xbd~\xa2s\xfa5YT\xf0>\xc5\xd71\x8c\
</\xa4\x7f\x9b\x1a\xc2R\xb0F\xed\x0a-&X\x8b\
\x19\xf48\xb4\x8b\xbd\x8c\xd9\xd1\xcc\x8c\x9b\x1d\xdaV`\
lt4z\x82\x0d.\xa5r\x7f\xff\xf7\x0e\x10\xae\xeb\
y\xa5\x87(\x18\x969\x9b\xb2#J\xdd\x5c\xf95o\
9V\x03F\xdc^\x8ea\x12\x16#CJ\x03\x15\xf5\
\xe2\x5c\xf4\xbc\x8beJR;:\xa9\xd1\xca\x9d\x8e\x96\
\xbd\x89\x16OPT\xf4\x8a\xae\xbe\xbd\x98S\x09\xc3<\
y\xe8.\xdeNB\x88\x99\xed2\xb9\x13_C\x86s\
2\xcd\x05%\x99\xa1\x83(yG\x88\xa6\x98\xc1m \
2\xdf,\x1a \x84\x9a\xd1 \x867D\x93\xb0\xe7t\
!\x00\xedu\xb9\xf3\xb6\xa5\x9a\xb7On\xe1\xa9\xe9\xd9\
J\x18;\x9d~Q\x01\xeb\x90\xff`\xcf\x9e\xc6\xa8A\
\x98\x13'\x15\xea\x9b\xb3+\x16fE\x8b\xe5\xf3\x926\
\xba0{(\xb7\x833\xe5\xd6[\xe3\xba\x9a\xe2\x8a\xc9\
\x8c\xb4s\xd4\x85\x0eP\xc9V\xffB\xba\xf8\xf4\x17\x00\
p+\x8e\xe4}\x09C\xaen\x1f\xde:\xe4\x99}8\
\x06\xcfyMt!c\xf5\xc9\xd2\x13i\x7f^\xcd\xa5\
&\xa3\x8b\xca\x91\x1a\xbc\x1cu\xae:\xe6\xacd1\x8a\
\x88\x9c\xad\xe0\x8a\x11~\xd8P\x96\xbf\xaf\x96@\x80\x93\
\xcf+5\x86)\xeb\x1cl\xf6y-\xd4\xaa\xd5+^\
\x0c\x86z.\xcd\xa4\x92\xc6\x0b\xc6\xa7\x11\xf4\xae\xc0p\
\xe3\xa8\xeb\x974\x1c\xb1]\xae\xd6\x02#\xe5\x19\x0d:\
;3n\x0d(\x1c\xc9\xb0M=B$o\xe6Y\xd3\
\xcf\xb07\xc6\xbfqeD=|\xaf\x1bz\x91En\
\x8dl+\x13\x87D\xc1/N1/,V's0\
\xd3{\x9dc\xbf\xaa0\x8f2C\xac0z\xe6\xf0\x8a\
\xac\xfeNL\x05\xe6\x95\xbfm\x99\x08\x9e\xbb\x0a\x1b\x0d\
\x13\xea\xa7\xa6{c?\x8a\x91\xbf\x9c4a\xf8\xe9h\
F/\x5c\x17x\xdbh\xa3+%\xced:@hO\
\x8aAU\xb4\xdf\x99\xf4\xecb\xd5\xe5\xe5\xcb\xa9t\xce\
\xa7;\xd6\xfc\x8540\xc9j~\x0bw\xac\x92e\xa6\
\xfa\xb3P\xbc.\xed\x81\x92\x14y~\x9d\x9d\xd0\x1a\x05\
\x12=Y\xd7K\x22\xac\xd7\xac\x8f\x19\xfbl\x8c\xc9c\
\xcd.\xc3\x91\x22\xe62l\xfd\xe4\xa7\x16WXL\x06\
0\xd9c\xde\x19N\xf7\xf1C\xaa\x95Z\xd4!:;\
\xf9\xa3\x84\x88\xb1\x0a\xa6\xadua\x073\x97MNh\
\xd6\x8f\xd2\x85\x97\xa3\xe6\xca=\x81\xf3\x96\x81\xea\xa0\xdd\
\xe8\xf84W\xab\xbf\xd1Y\xa9\xb9U\xad\xdeC\xf9\xca\
\xb6\xd6\x11\xc1%\x92\xa3\x9c\x8ewXw\x95\x90\xf3\xa3\
X5\xbd\xb0\xdb\xda(\xa5\x13\x9cx\xdc\xa8B\xb3\x8f\
\x87\x5c\x0e\x8d\xfa\xab\xdb\xaf\x5cC\xccl\xe5\xd8\xf1\x9b\
\x009\xfb\xc0%\x04\xef\x11G1\xf1\xa2P(=\xf3\
\xaew\xa1\xdeZu\xe3\x9b\xe8\x8f\x94\xfc?\xd2Pb\
!\x8eZ\xe2^\xa2\xc9\x01\x17\x19\xe5\x00\x02\x8f\xec\xd2\
[\xadTiT\x0cy\x1dX\xa5<\xa5\x00\xfd7\x01\
\xcc(\xa7W\xcc\x16\x13)\xe4\x1e_\x1a\xc4\xc4in\
\x0a>\x95\xde\xee\xf0C\xe4\xa4\x03`\x95\x8c\x94$\x08\
\x0ez6\x1b\xa5\xa9\xd3\xebD\xbc.\xebU/iT\
\xdb\xf6\xba6\x09\x18WZ\xe6q\x87u\xf8\xab\x14;\
\x1bo\xa9rpd\x15\xaa\xac\xfe\x1bi4\xb0wW\
\xa24\xcfPU\x12\xbax\xea\xb6g\x11\x8fW\xb6z\
,$\x82\xb2\x8f\xaf\x8d6\xda\xe8\xb4\x94:\x95\xf9\x87\
\x7fp\x8f\x04\xdc=\xe0*\x8ed\x06\xfd\xc5\xf9\x90,\
\xd4\x91\xae>O\xf0KfK1\xcf;eg\x93\xf8\
\x7f\xda\xbc\xb5\x8cI\x0d\x8f/=\x9eK\x04'=*\
?XQ\x92z\x16\xc2\x9a\xbbW9\xd4\x9a\xc6\xb4\x95\
\xeeX\xab\xb4\xd0R[Q\x84_\x83\xc5 0\x01R\
2\xd3\xe5h\x80\x9a\xa7\xa0\xb5I\x9cJ\xf9\xb9 .\
s\xe9\xb6\xfc\x1d\xf2M\xa2\x22\xc3\xfc\x10f\xd3Ft\
y\xafU\xd2l\x96\xa7?\xd9|\xb2w\x1eS<\xd9\
\xb1\xc9U\x9a\xb1\xd8tj\xa6!nKf\x97\x8b?\
\xae\xe8n:i\x04ql\x1cN`/\xe8@\xbfB\
\xb8!\xd4)4IGf8V\x9d\x18\x93\x97$w\
\xebu\xca\xc5Jj:\xdd\x96P\x8b\x1f\xab\xd4\xba\xe9\
&\x0d\xa0\xc0\x88tg1Z\xd9\xce\xba\xa8\xe2\xd4\x19\
\x8e\x00\x8eM'(\xd2\xc5\x0e\xe0'N\x17\xdb/\xa3\
[\x83\x14\xb5\x07@\xd8\xb3\x0a\x93s\x859\xb3\xa0j\
\x09 \x9fQ\xce\xb9&Rk\x8f\x872\x03\xa1^?\
\xa8\x1f\x83\xcb\x9dg\x16\xd6\xaf\x1e\xab\xcb\x1e\xdb\x8fD\
\xb8N\xd1\x9d\xe3B#\x93y&\x91\x83v\xb3z\x95\
/j\x99\x16\xc5V\x87\xc4P\xcb\xcc0\xb6Y\xa8<\
\xe1\xf7@\x1c\xb1}H\xd9\xd2\x02 \xa4\x0e\xc6\xc2\x9a\
\x9b:A\x03f\x08\x96\xfb\x1c\xba\xd0\xf5s5\xca]\
\xf8\x5c\xd4\x9eqQ\x85\x11T\x19`=-94\xaf\
\xe5-)\xd5\xa8\x97\xdch'\xa0\xe3\xcd\xd9\x86MJ\
G\x7f^{\xd7\x8c\x02\xc2\xf8\xa6\xdf\x91\xf8\xa0\xa7\xdf\
U\x9aT\xad\x97\xb8vr\xc5\xecj%\x99\xebO\xae\
I\xa7?\xdc\xb4\xd1E\xd1c\xea Q\x97a\xa72\
=\x16_=\x19W?Qp,6\xdbUc\xea\x80\
\xa3+\xca\xa8\x09\xe2P\x98\xa2Y\xa0\xf0\x0e\xb2`Q\
\xa97\xd7\xea\x86\x94\xcd\x03`\x91\xce\x8d\x171\x5cV\
F\x8a\x88\xa1\xde23\xca\xbeP~o\xcb\x1a\x8a}\
\xb46i|\x8f#\xb4V\x17\x89Z\x9b\xcdu\xed\xc6\
\x96\xc5\x86\x08^z\x8e\xdbo\xf3\xcbv\xb14\xb25\
\x5c_\xed6Z\x9d\x9er\x8fc\xd5\x1f\xfb*\x1e\xd4\
V!Ba\x87\xf58\x97\xfd\xd5ik\x99\x8d\xceH\
{\xf4\x8a\x00B\x85\x95CJ\xaexB\x04\x80i\xd4\
\x1d\xf0\x98\x95)\xf3\x15\x01\x00\x06j\x8a\x9d\xfc:\xa3\
%\xd6&\xccWJ-\x95#\xcaM\xadH\x8bgA\
q\xf1\xe7\x1a\x18\xe5\x90U\x8c\xeb\xddH\x86\xeb\xb6\xc6\
\xce\xd6\x1c\xa3b\xcc3O\xab(kjW\x5c\xed\xd3\
\xb3v9\xb7\xce\xcfwf\x02N\xf4\xcd\xa7\xf4{z\
LN\xab\xae^k\xa1\xfd6\x90t\xab{\x18=\xa5\
\xaf\xcc^\xd0\xde)\x92\x92(\x13\xa9\x0e\x15\xbd\xef\xc2\
M*0\xe5B\xd9\xfcd\xec#\xde\xf0\xb0\xea;j\
\xf5\xbc,\xe5\xd7\x8d\xc0iL\x0a\xaf\x93\x10\x91\xa6\xd8\
f\x8f\xa6\x95z*B\xf9E2\x04P6\xa8\xee\xbd\
%\x12F\xc4K\xe2\xbdz\x86\xf9\x91\xf4\x89#Ui\
\xd6\xd9\xb6j\xb0\xe0uU \xc3y\x839Z\xa5j\
\xa9\x95V\x92.\xd5}\x8f}\xf0Jt\x82\x15o\xec\
l\x7fZ\xb6\xb5\x12\xdfh\xa3\xa3\xd2\x9e\xfb\x06\x94\xc7\
,\x98\xf8\xdf\x8fi\x5c6tIyJ)?c\xad\
\x1a\xfba\x09\x98\xe1\xf0\x85\x86\xb9\x99_8\x98\xd4\x9a\
\xc9\x04Gb\xfef$\x1a\xcewemL\xcb\x0ep\
w\x9e\x94\xab\xb9*M\x9f\xeb\x95+\xf9\x8fYw\xc5\
TG\x14 \x10Z\x8b\xe5Bn\xd9Kq\xbaI\xd5\
6[y\x8b\xbf\xf5\x11\xd3\x940\xb8aJ\x84\xbb\xe8\
\xef\xde\xd3L\x86*\xce]\x92A\xcbBE+\xe5\xf6\
\x19\xa0\xe2p)\xb8\xf0D\xf5\xf3<C\xf6\xd2M\x9b\
=\xd6\xda\xe7\xa5\xb5F\xe7\xb0m3\xb8A+\x129\
w{\x5c(9oI\xe9\x8c\xbb\x04\x9a\xb7\xc4\x8dZ\
1\x08\xa7N\xc1\x18\xa1?\xaf<;\xc48\x02K\xe5\
i\xd6\xee\xa2\xfab]B:\x8a\x10YL\xfa\xd37\
\xe0\x85w\xd9\xba'Y:M\x15J~)/d\x93\
\xdah\x15z\xc4\xf2V\xfc\xdd?\xfc\xb6\x1a\xc0do\
\xac\xbb\xe0\xa5\xe3\x9b*\xd6\x91\xe5\x83\xce\xe2\x9cz\x0e\
\xfd\xcc\xda\xd2\xc5\xce\x9a6W\xfc\x1e\x1f\x0f\xa3\xc7\x09\
\x0aqC\x97%\x1a\xc2N\xd6\xe1\x18\x03\xfdj<7\
0\xfd\x98vW{\xe6R\x85\xdc\xf5\x94\xce\x91l\x19\
\xec\xce\xb8\xfc\xd7v7?n\xaa\x9f\x8f\x0d\xef3\x86\
\x0c\x11\xa7\x0cQ.\xef\x8b\xd49\x8a\x09Ph\x82\xc3\
\xe8\xe0\xc9=U\xae\xa8\x1f\x1e\x12[,\xdf\xb3\x91)\
\x9f\xd7\xe2\xff\xb8X\xaax.z\xe8\x8e\xef'O\x04\
\x84\x84p\xfd;\xfa\xa5\x94\xdf\xa2\x9d\xb9e\xc1\xcbC\
\xe6WD\x95uf\xb9p\xe1Qv\xca\xe8\x22\xff(\
\x1ba\xa3U\xe8\xda\xc7\x86\xaeWh\x01\xc2\x06-\xe4\
\xa2\x1c'\xad9\x95q\x8f\xddm.X\xc9\xb5@\x88\
+\x00\x85\x8do\xe0\xb8\xd4\xd2\xac\x89t\xab?\x81*\
\x11\x90\x00\xa9\xcb\xc8PX\x0d\x95\xf8\xef\xe4D8\xc3\
<\xf3\xc8\x1a\xb8\xd4\xbd \xe6\xe5\xcc\x9b\x03f\x9f_\
\x0d\x7fb\x85x\x05\xc9J\xca\xa5\xe4;\xfa\xc8\x94m\
+`\x18\xf0\xc1\xa0\x9c\x88U|\xeb5\xdb\xb3\x13\x1a\
q\xd5_\xb5\x96i\x81\xd2\xdc\xd5\xc9\x92[:\x897\
\xf1\xd0\x9c/\x8a+\xb7\x87\xb2\xbc\x22\xc6j\xee\x09\xd4\
\xafy\xa5\xc4\xd7\xa6[\xa3<\xa9\x13\xc8es@k\
\x0b\xd1\xa9\xd6\x1e0\xc9\x830\x16\x8b\xf3\xfc\xd1\xbb\xed\
Y\x8d\x88\xf2\xe5(P\x8f_\xd6\xba\x0f\xb3J\xf8\xb4\
\x14s\x06\xe7\xb5s!'\xab\xcb\xa8\xbfbAG\xdf\
\xdc5;\xd2J\xb0\xa1\x8a\xaf\x1e\xf2\xb1\xd2#\xb8h\
n\xa3s\xd1\xb5\x8f\x13\xb5\xfc\xc3Ne\xb2T\x17\x19\
M\xa2?e\x94\xac\xddkTO\x9ei^\xa7\x9am\
[\xd6\xd3\x93?Q\xd0\x87\x08\xd3\x86\xea2\x84p!\
\x178\x13\xd2\xae0\x18\xde\xa1\x13\xf3\xc4e\x0d&\x7f\
\xd7\x0f\xe2'_gx\x1e2\xcc\xa0\x94]\xb0\xdeh\
Oc\x8c\xc8n\xcc-P\xa5\xa5P\xc6R\xd073\
%S\xce\x1c\x96\x9b\xc9\x1f\x1cL\x8b\x17\x0esf\xca\
\x84%\x86d\xcd\xd3\x89'X\xb2e\x16\xfc\xb8\xecJ\
\xb9\xa7\x16\xd7\xe54\x97Y\x86?\x1dB\xe8Z)\x87\
\xfc\xd9\x5c;spz:A{]\xc8\x06\xadV>\
;;P\x0ciI\xf3\x86\xa6W\xf9\xdcu\xbbn\xda\
\x1ap\xa3\xa7L\xc3\x80P\xf1 \xdc=\x83*\x08\xed\
r\xd7nVB\x80\xf6Y\x9d\x95\xcd\xd6\xb5#dJ\
F\x9d<\xce\x8c3'\xbc\x82\x85\x1c\x9aF&\xfcm\
\xb7\xe1\xab^\x92\x19\xebu\xe5X|\xb8b\x01`\xac\
\x01cy\xb2\x9a\x92\x1a>o\xa2\x0c\x95I\x87\xf8\xad\
\xbb\xd7\x8f\xbbu\xd5\xd3fy\xe7\xc5v\x1a\x98RT\
o$\xc6\x07\xe1\x19\xb5[\x8aF\x08\xfdI\xe4\xcc\x9e\
\x8d;\xfei6 \xc2\xcc5m\xc8k\xeb\x19\xd3|\
\x04\xa4\xb8\xe49U\xdb,\xb9i\xe3\xbc%\xbcL\xd2\
-\xa0\xd6\xf0\xa1\xddOu\x17\xcaK\xe6]\xf7\x0e\xbf\
\xd1\x00\x1d\xe3\xa8\xc2F\x1b]>\x95\x86\xfa>\x0f\x97\
.[\xdc\x04\x0d\xc0\x9f\x90\x9e\xab\x17L\xa0A\xf6\x0d\
3F\xb2\x8e\x01\xa8\xe4\x1c\x04\xa0\xe1)\xb4\xa3x\xfe\
\x05\x12\x12:_l]\xde\xa2\xf8\x11\xbeP\x96\xaa\xe5\
\x1b\xcb-\xe2\xbdb\xfa\x05\x99tm-\xcbl\x04\xcb\
\x89\xbb\x02\xb8;\xcbY+\xa2\x02\xdas\x00\xc3\xdf\x87\
\x8b\x8c\xa3t\xb3\xdc\xff\xd1\xb9J\xfa\x95;\xf3O;\
F\xb4\x1d\xd5RV}\xb5\xa1\x09\xb7\x9b\xf8\xd6\x97\xc9\
\xab\x09\xe6\x05\xb6'Z}\xc0h\x90F\xceKlA\
\xb5\xc90\xa1E\x1a\xbc\x9e\xb2\x08\xacA\x5c^\xe2l\
!\xbb\xf9\xd9y\xb1A\x90~P1\x1e,\xcd\x9a2\
}\xa9\xf5X\xa7\xa67\xb8e\xe2\x01xi9\xb6\xe7\
\x85'\x82|e\xf1\x03\x80\xa0>\xa7kKK\x1a \
\x1dZ\xe8\x93\x0d\x03\xde>\x18\xd7\xa7\xc4\xad@\x85-\
\xa8\x00\xc3\xd6\xc6\xdb\xb6\xb0\x15\x03h\x0b\x8a\x94\xe4\x0c\
\xfa\xc0\xd2\x99\x98\xb4$\xaa\x05p0\xe9\xedf,/\
^H7\x87\xd2u\x86\xc95\xc4\x973\x16p\xce\xe9\
\xafu\x05\x91\xa7\xe9\xf7\x1e+\x9e\xce\xc2\x5c\x08+\xdf\
(-\x06\xd7ol\xd1(7\xc2Q\x5c\xd1<\xcaI\
\xbd\x98.d\xfc,\xaa\xc2q|\x17mT\xa2\xebu\
-SS3|\xfb\xdb\xdf\xa9U\xf5\x8f\xd1\xa7|\x1e\
`t\xfc\xb1K,(\xdf{\xb5\xd4\x10j\xdc\x0bi\
\x1b\xb8\x8fB4.\xec\x95\x1et\x08H\x22\x8d\xf6b\
Z\xab\xa3\xd6(\x0a\xa8qE\x1f?\x97rD\xf2\x22\
J\xe5\x12\xf3Tm\xd2\xeb\x9dy\xb4sbC\xc5Q\
\x81\xbc\xed\xd01\xe4MQ\xaa\xe7\xf0\x8d\xaf\xcb\x94\xe6\
\x83I\xa7\xf4\x95\xcei\xce\x81\xd0\x0e\x19\xdb \xbe\x1f\
\x8d&k\x08\xe8\x8d\xdd\xe4\x9e\x9dn\xb2&\x98\xe9\x1b\
\xee\xc5!\xe2+\x0e3\xca\xc7\x14\xad/\xa6\xa3\x0a\x9b\
\xe7\x8fL/9\xe8J\xa1\xd3\x88*\x04\x97\x07 \xa5\
\xf0>\x1e\xc2d\x08p\x9e\xcf\x8c(\x1e\xb8\xca\xfd\x22\
i\xb1G\xc6>J3\xe3GQ\xb9c\xec\x05Ge\
w:O\xd0])\xbfU\xac5\xb0\x85\xe5\x1c\xf4\xc8\
\xdas\xa3@u/\x00\x1b\x1d\x8f\xaenN\xd5\x0b\xbc\
/\xc5\xe9:%\xdf\xb2!\xcc\xbfpmI\x07\xab1\
\xccR\xe9\xf7\xf6\x0cZn0\x17\x11@49\x11\x9e\
f\xe3\xd7\xdfb.J\xbfy-H\xa5\xdf)\x05\x12\
%\x05\x88U\xfe\xe4m\xb8:\xeb\xabvY\xb8\x94R\
\x18^\x86Bt\x96!\xd3\xb2\xea\xa2\x88\xce&\x02\xa7\
!t\x9a.\xa9\xb8\x05\x00\xc4\xa8\x9dq\xe5L\xa6\x0f\
;O\x92{\x05\x95eA\x83\x8e\xaf\xf0\x91K%.\
*<p\xe9*\xb6\xc4[C\xb5MG\xec\xa2\x06\x8d\
\xa8j'&\xa5itr\xbcr\xbe\x15\xe1\x95\xed\x14\
\x85J\x1c\xd3*\xfe\xc4%_+\xf0\x91\xe8\xa2\xec\xd6\
6\xdc\xf2\xc8j\xf6x[u\xa3\x8d6Z\x87\xfa\xcf\
\x10\x1e\xc3\x9e\xa6\x99\xe6\x8c%\x0c\x17\xa7\xc0\x22#\x00\
9\xb7\xee\x04$l\x8a\x0a+\xec\xb1\xf4\x02g\xbfh\
\xa8\xe4\x8df]\xcf\x0a\x95\xa3 9H^\xa3\xb5\xf5\
\x11X\x97a\x0b\xfc\xd0Y B\xc0\x00\xb1U\x03\xb5\
\xaa\xd1\x9f\xfb\xd2\xbc\x94\xcf\x7f>\x1e\xdb\xfe\xb8x\x8b\
\xc6*t\x1d\xe8g\xa3\xeb\xa7\xcd\x9c\xefq\xd3\x09\x0f\
\xa8\xe6Y?\xa6\x15{#I+\xfbP\xdc\xe8\xa9R\
\xc1d\x14\x83Nf\x075\x91\xf0\x14\xc27\xc9\xba\xa3\
\xf7\xd6t\x08\x8a\xc7\x85)\x8b\xd4\xb0\xd6\xca\xb9\xf6\xc2\
\xc27A\x17\x99\xea\xd7\x09:\xa4\xe3\xf5{\xd5\x9aV\
X\xaa<\xbe\xe4\xc7\xa2\xe9\xdfBCP\x8b(\xb7N\
\x84\xca\xf5\x18\xc1}\x88\x83\xd3\x08\x000\x0d{\xe9T\
+\x9b\x1b\xa9\xe6-\xdf>\xf1U\xa6\xda\x15O\x10o\
\xd1P\x83\xf5\xe8r+7\x13\xb8\x8b\x1b\x08r\xf5l\
O\x1f\xa9E\xe26\xabj\xcb$q\xd1[\x96\xce\xea\
\xa9\x95H\x9d\xfb\x9d\x13y4\x0b\xa5\xb6\xa1e\x9a\x17\
\x84\xac@\xa9r{\x95[\x0a\x1aR\x83\x9eB\xa1\x1e\
\xbe>\x00\x8e\x0aiz*5\xa6\x18\xa4\x8dW>\x1b\
%\xeb[t\xee5\xd3}Je7,\xed\x83\xf1\x00\
su\x19\xaf_o\xd3_\xcdd\xb7\xc2\x1a\xab0\xe0\
\xbc\xaa\xbb\x857\xdah\xa3\xd5\xe9\x8a\xa6X\x97\xdfl\
\x0b\x08U\xbe\x90\x88, \x84\xe2\xc24\xc2\x9f\xc9\xc3\
\xfc\x0a\xb7\xa7\xe5b\xa0$:E\xbf\xca\xb7m\x05W\
\x03\x84\x9c*\x97\xd8p\xf6\xfdH\xde\x14\xcf%NF\
k\x1f\x99\xee^\xfaq5\xb6\xb5\xd7\xdd\xda\xcc\xb8$\
\xea\xd8\xf3\xb0\xd3\x1bj#\x87k'\x1f\x00\x00\x11\xa5\
IDAT\xd8\x02'f\xce\xa5\xc9\xa0q\xa6\xeb\x1c\
\xc1\x03\xf5\xfb\x11q\xc1\x01\x99\x93\xcc\xd3,yiM\
\x01\xc0d\xe3\xa5\x08Rgy\xcd%\x00C\x84>Y\
U\x11\xec\x5cJY\xafR3\x9a\xa2\xc7:\x9d\xdc\x01\
\xd83\x9b\x98\xe6E]\xb8X\xad\xbb:\x1di\x10\x9a\
\xde\xcbz6\x9aO=}G\x00\xe4\xef\xd2e'\xc3\
\xab\xd6\x0e\xaa=\x05\x16\xd3\xaf'P\xf1\xec\xe2g\x7f\
\xe0a(\x9c\xf8.\xd7&\xa9\xba\xbbC\x97\x9d^\x9e\
Pqb\x1c\xe3\x8f\x00\xc2\x12'pE\xac\xeaF\x1b\
])]\xd1,\xeb\xd1R\xec\xc5\xef\x82\x8b\xd15\xa8\
\xc7\xc1\x8a\xa2-)\xde7\x90\xa0\xcbs\xa8\xcb\xf3%\
\xbbd\xeex\xed\x86@\xf5\x1b\xdeJ\x07J\x137'\
#\x89\xcf(\xcfc\xa5^\x0f=I\xb0,Ry\x82\
\xa8\xcaU,&t\xbaz\x17^\xae(/\xc7\x16W\
\xe7\xcc\x7f\xb5\xebfV\xaa\xa47\x84\xbe\x84\xe1|\xc9\
\xcb\xd4\x91\xc6av>w\xa3\xf5\xa9w\x05\x0b\x7f\xd2\
\xb7\x0e\x88iS_\xf5\xfb54\x82\xdb>\x0c\xc2\xdc\
\x8fk\x22x\x1b\x91\x8a\x0f\x85\xa4d\xfc\xee\xd9\x98\xef\
J\xdet\x9e\xceV\xb8\xd1F\x1b\x1d\x8f\x1c7\xf2\xdd\
\xef\xbe\xe5o3\x9e@W\x9a\xcdb\x1dN!\x03o\
\xad\x8f\xaa\xaa\xb0\xae\x18\x5c\xaf\x01\xf4\x92\xd4\xec\xd6\xfc\
'\xac\xa8GV\xa1\xd6M}\xe9\xa6[\xb5\xbd\x5cw\
\x8b\x1a\xf3\x5c\xda'U-Y\xe9\xe8\x05h\xaa\x0aS\
\x93\xa3\xa2\xf3K\xd52\xc9^^A\xe4\xaf\xad\x83\xc4\
\xfb\x89\x15\x97G\x83\xa51K?Y\xce\xb4\xee\x1b\x95\
H5\xf3^\x92\x94 E\xbc\xb2\x86\x8f\xb8U\xce\x90\
\xd0\xac\xebz\xfa\xeb>J\xc7\x1b\xae\x8f\xc3\xdd\xa8\xba\
v\x95\xee\x07Z\xd1\xea\xf8\x18\xd49\xe0\x95R\x091\
v\xd9\xe5unZ\xc2=<\x97\x129\x06-\xbc\xe7\
p[\xc67\xda\xe8\x12\xe8\x8afbOQ\xebNe\
\xd6\xad\xea\xfa\x0d\xb7\x86jp^\xa9\x96\xe7\x9c\xa7P\
J\x13\xfd\x81\xe1\xf57\xa7\xfa5h\xcc\xdbjr\xf3\
A\xc5\xd9\xcc\xfa%<S\xe2\xa13Tx\x15\x1d\x84\
\xaa\xdf\xba\x8b\x1c\xe5\xce\xde\xca\x13j\xcd{\x9dL\xeb\
\xb5\xd1\x15-\xf1\x9cV\xf2+p&s\x8b\x8dV\xa2\
k\x1d\xbdK\xe2\x16\xc6\xecXS4\xac\x056\xdah\
\xa3\x8d\x1e9)\x17\xd3\xf3\x9f\x97\xb3B\x96\x1cl\x9c\
\xcd\xa6\xad\xefN\x08J\x0f\x1f\xcc#ZO=(\xcb\
\x19.\xdd\xcb\xac\x5c\xdc\x97p\xac\x94G$:\xbd\x95\
\xdb\xb1\xadh\x14\xbdM%t\xe6Vg4\xd3\x82\x9b\
V\xa0\x1e9\xf9\x5cour\xd0\x06X{1\xd3|\
ER/M)\xfd<\x12]\x1dw^wC5\xa4\
0\xe9w\xe0t\xa2\xaa\xad\xb1,\x9cKe\xd4\xa9\x1a\
\x12\x0e\x9f\xf9\xea\xcd_^\xe0\xb0\xc4p2oN\xdc\
\x92\xedE\xfb%\x96\x05\x9dpy\xf3\xf7\xec\xe5\xc9=\
#\xcc\xb8\x828Pi6\x1d[=\xbb\xd1FO\x8d\
z\x8d\xec\xbe\xff\xf6\xbb\xca\xc4+M\xd8\xbe\xb9:g\
>\xa7\xa0\x03\xbb\x11_~\xf4\x91Z\xc1D\xf8uI\
ZY\x86J\xb1\x9aFg,\xfe\xe8\xb9\xb2\xeb\x87(\
\xc2\xaa\xa5\xf3\xccO\xdd\x164m\x11\xf2@O\x85\xaf\
\xa2:\x1d\x0eN\xd2b\x5c\xa9\xc3\xb4^\xdf\x9e\x05\x0b\
%\xf0\x8eC\xc2;\xa896\xe4\x03\x9e2[(\xf0\
\xfe\x0d\x1aJH\xef\xcb\x97\x1b#k\xc5\x9b=\xf4\xa3\
4&\x1e\x87aNe\x89\xbf)5ct~#\xca\
\xa4a\x09\x04w\xebK\x9er\x8e\xa0\x83\x1b\x88~\xa0\
\xab\xbb{-\xb7\xcel\x08]7\xe8\xbd\x1c\xd2\x8fH\
i\x07\xcc/\x9coC6X\xdb\x81\xcf\xcdp\xf7\x94\
\xb0\xb3\xc1/\xf9Ph,a\xf2\xfb\xdc\x05\xda\xa8L\
\xc7\x98\x1aq\x7f\xcc\x1e\x00\x8a\xf6\xf6\x17>\xaa7z\
Rt\xf9[\xc6PQ\xf7P\xc6\x0c\xa0\x08\x8b\xc9z\
\xffk8\xcdgg\xc0\x89(\xd8b\x0c\xc9\x8cG\x85\
M\xfe\xc1\xb0\x8c\xa6l\x939A\xe7\xa9\x96\x86Q\x05\
\x94T1\x0dU\x10j\x16\x03,\x19\x8bI\x0f\x22\xbb\
\xbfN\x1e\x80\xd7c\x0f\xb4D8\xaez=3g\x06\
5\x04\xd2\x11\xe5\xf5\x02L\xc7\x933\xef\x93\xfeN\x88\
\x96\xab(\x8a\x19\x86\xceT\x11$\xce>\xca\x82<\x8d\
x\xce5o\x8b.uFZ\xa4R(d\x8d\xc7A\
s\xa1\x06Y\xc8\xea\x823\x84\x06\x97\x10\xd2\xb1R^\
\xb9\x9c\x1d2\xa1\xab\xa0kh\xec\xc1\x1a!V\x14\x86\
\x04\x00\xe9\xbe|\xd1<\xf4\xe3\xeb\x9e\x8d\x16\xd0E\x8f\
\xd5\x8d6z\xec\xb4/\x99\xc4\x148E\xab\xa4p\x93\
\xd6\x18\x93\xc7\x8d\x17o\xa3\xc3\x1b\x88\xf9\x99\xed~N\
T\x0f\x96)dT\x16\xf4\x14\x16 L\xb8\x05\xa7q\
\x9c\xd3(O\x87\x1d \xb7,\xa2\xf4M\x7f\xf1\x9bV\
L+\x9f@=\x15\x9e<\xde\xc1}g\x88;X\xef\
\x19\x0d\x82\xad(u\x0b\x9fpu\xa4\xfb9w\x83V\
}\x03\xf2B.\xdf\xf9\xb1j=+t\xd4j\x98\xa2\
\xd9\xd2\xd1\xd8\x12\xe1\xe0g\xde\xc2x\x02\xb6\xa9\xb3\x05\
\xd4\xfbu.\x81\xbc\xcb\xff\xde\xf2_.a\x14{\x10\
\xfb\xeb>iU\x9a\xec\x047^\xc4\xd7q\xb3\xa5\xb2\
Iw\x97.\x14HQ\xd7\xab)\x1a\x1ei\xa3'M\
\xcau\xb8e=\xe1\xa5-2\x1bm\xf4\x98h\xbf,\
z<y\xa6MT\x0e\xd2*\x17\xd1\xe5\xee\xa3\xa9\xfa\
\x15 \xee\xe2\x94\xa5{\xac\xf5\xa2\xc3\xd8\xb4v-\x11\
\xa6\x0f\xfd_\xd5VP\x0dd1k\xb8>\xab\xe1\x99\
\x0d\xd2\xaf\xea\x9a\x95\x83\x1c\x0c';\xfar\x94\x5c\xdc\
\x05\x06\x9d\x8eBc\x0b\xb0k\xaczO\x0e\x96\xd4n\
\xe2\xech\xab[V\x98G\xf5\xae_e\xa2\xd6\x13Y\
\xc9\xcf\xcaF]\xb4I\xf7OC\xfaY\x885\xae\x0c\
\x9d\xd7y\x8di\xbe\xcd\xc1\x8d6\xdah\xa3k \xfc\
\xe1\xbb\xef\xedS\xb8\x8c\x1e\xbae\xc3l\xfbw\xaa\xc2\
\xca\x86TqD\x92\x09\x84\xa2\x93\x13\xa6\xef2J<\
$\xeb\xe5\x1f\xa9f\xb3W?\xbb\xcc\x8b\x91\x9f\x90\xa6\
\xc0\x8c\xab\xb2\xcfrC]\xa6a\xd8\xd0\x8d\xeak\xb1\
w\xa3\x0c\x01\x22\xb2\xbb@&\xa2\x88v\xaf@\x9c?\
VM\x00\x1d\xeb\xaa\xa7g\xa7\x8eT\x8b\xb9p:\xea\
\xe0\xbcp\x97\x00\xf5\xd1x\x9ab\x9f}\x18/\xaf&\
U\x17\xf3\xb3SM\x7fN]\xc1.\xa4\xe4\xd3cT\
\xa4]`\xb3oT\xa7SZ\xe8\x14\xaf\x06\xd1\xd4\x89\
\x1bmtF\xba\xa2\xa5l\xce\xb5\x13\x88\x08\x1ark\
]\xa8\xd5\xe1b\xa4\xe2\xa1A\xf1\xf4e]B0\xe3\
\xbd\xec\x14\xa2\xcf\x18\x13\x9b\x15\xad\xe6\x9dG\xef\x84\x8b\
6\x10\xeeL\x13\xc7 \xbe\xce\xb5z\x13i\x98\x13\xba\
\xc7P=\xf0\x1cK3\xd1\xb3\xad\x18\xfd\xe5T\xcd\xc6\
\x92n] \xc3\xce\x0e\x8eu\xb5\x89z\x19\xd7Yv\
\x11\xf5\x9cm=\xc0\xf2\x1c\xeb5U\xd5\xad\xeb\x16\xe3\
\xbc\x0b\xe5\xec\x8e>\xcd 9\xbb\xa7\xc7\xaaK\xe4\x99\
5\xea\xccev^\xa2k\x84\x0b\x8a\xc7J\xf5\x13\x83\
\x1bmt\x1a\xba\x10\x0b\x9d\xb5\xee\xd8\xdch\xa3'E\
\x9d\x93w\xaf\xc5\xbc\x04\xeb~\x8b\xb6\xd8\x85o\xaa\x02\
0)\xf4\x11\x0aQXk\xfa2S\x8a<\xb4\xa4v\
z\x18\x1f\xa9O\xc9\x02w5\xaat\xd3\xdc\xedd\xce\
p\xac\x9d\x8e;\xed\xce\xd1\xe9\xfd|\xc5\xa6\xe8q\xe1\
s\xf9\x0e\xd6\x17\xd2\x92\x8e^r_\x82\x1a\xf7Z\xda\
\xb6)\xb9\x18\x8a{\xb94tU\xe8\x05\x90\x1d\xcc\xd7\
\xd4\xc2\x1b=F\xda\x06\xe1F\x1b=n\x8a&\xa3\xa7\
$\xef\x7f\xe5h\xb5:\xe1\xb2u9\xa2)b:\xc9\
|\xed.Y\xca\xe9\xfe\xe5\xb3\xaa\xd5=A7K\x86\
Y\xe0\xe3\xed.\x9d\xb7\x1b\xd5\xd5\x8c\xb9:B|]\
\xb3\xc0\xcb\x04\x07=\x14\xef\x84`\x96\xe1\xc7\xc8\xe8\x02\
i\xc8}\xf9Y\xce;\xcd\xee\x85\xceI\xd4\xf4\xb0\xba\
H7\x98\x8e\xa8\x0b'g\x02\xc3\x7f\xf2\xbaT\xcd\xd5\
\x92t\xd8\xe1m\xca\x02W\xbcb$\x1a\xbf\x162\xbd\
\xccs\x07\x1b=A\xba\xb4\x9d\xa2te\xc5F\x1b\x9d\
\x92.m^,,\xe7B\xa72\xb3\x0bwAW\xde\
?\x1e\xb2\xf76\xa6\xe2\xe4\xb8P\x16\xd4K6N'\
\xd2\x1b\xd3p\x06\x96\x09\x01A\x0a\xb9\x8f7\x91\x16j\
Vs\xcb\xe1\xd9-\xb0b\xb1W\xa3\xf3\xfb\xc1\xbdl\
R=[\xad\x95rQ(\x13{Eu:UL\xac\
\xe0\xa5Hf\x95\x0c\xad\x98\x1b7\xc0\x00\x88\xce\x8bj\
.\xc0\x0ae\xba\x96}\x11\xb8\x09\x0cJ\x83\x89\xfe\x15\
\x8f\xb2\x07(,\x1d\xb3W\xd1\x0d\x0dn\xb4Q\x85\xae\
h\xcd\xd9h\xa3\xab\xa0\xf3\x00BX`\x9e\xc4\xb7I\
\xc1\x0d\x9de\x81X\xfd4\xceh\xd6\x8aE\xabv\xd8\
&H\xa3\x85\xcc\xbbv\xfbv\xbfC\xf9\xe4(\xa7\xbb\
\x5c\x01\x83\x1c\xbc\xdcPO\x99f\x5c\xf5\xb1\x90\x88\x88\
\xd0\x1e%}B}\xa1\x0e\xe3\xd2\x90\xce\x1d\xfa/\xd1\
\x19\xca\xc9U=r\x1c\x8a+?hEm\xde\xe2Z\
\x16\xf1 \xf9\x0b\x1d\x85jK\xbf\xbbGO\xff\x9a]\
G\xb2\xe3\xe8S\xb9\xd9\x93\xea\xa6\x95\xb5\xb7\xb6\xda\xce\
\x9d\xd9\x0e\xde\xc7\xda\x86\xfa6\xbap\xba\xcc\xcd\xa2.\
\xb7\xddh\xa3\xd3\xd0#\xb3\xa3v&\xa3\x97s\x97\x14\
\x11y4\xe1$\xd9~\xdb\xd5\xf8\x9b\xb2X\xfd\x09R\
\xb4\x9d\x80\xc8p4/\xb4\xe0q\x01\xe2\xe1\xcd\x9c\xd2\
>\xa0p)\xf8\x92\xc6\xef\x9fK3l5/\xd3\x98\
D\xda\xa4\x01\xc1\x82\x05%w\xad\xa1\xfb\xf59\xf2\xd9\
\xd1\xeb\xa2\x8b\x1a\x0f\x1b\x9d\x85\xb0\xa0\xdc\xeb\xa2\x85j\
\xf6\xb2\x02\xf6I\xd9r?\x0eZr\xe4\x98'\xd2c\
o|\xde\xda] mNG7:/]\xf8\x04\x19\
-\xe1\xd94\x84\x95\xd2\x93\x001\x181\x8a\x9c\xf6\xc7\
\xb3\xef\xbaf\xc2\x8cciK\xfc%J)\xa6\x1c\x1f\
/}\x22\x5c\x22)\x93\xf346\x9c[g1\xba4\
\x19\xc1F\xa7\xa7E\xdd\xbfp6m\x93\xf1\xb1P\xee\
\xc0|\xf9\xc2\xb2\xadN\x9d\xb4\xb5\xd2F\x1b\xadK\xf8\
\xfe\xfb\x1f\xf8\xefK\x98c3\xach\xae\xd8~\xe9\xac\
T\xd2w+]@\xbdlL\xdd\xffJ\xe7\x9d\x90\xd0\
\x1a\x8au\xb1G\xfdH\xe4\x92A\xbe\x8a<R\xb6\x09\
\xd6\xbentJ\x9a\xe7Vt\x89b\xe7\x946'\x97\
\xa93?1m\xf3k\xa3\x85\xb4\xdc\x93Sg\x22\xfd\
\xa9\x9d\xb2j\x97IOyM{\xf44oX>\x91\
[\x85W,\xde\xc5i\x087:%u\x8e\x15v9\
\xa4{\xe1\x7f&7\x0d\xf6$\xde\x9f\xe3Z7\x07\xcc\
.CO\x0a\xf3\xb8y\xe9\x09\x16\xb7\xcdl\xa3\x13Q\
\xb8\x95d\x1br\x1bm\xb4\x11\xa7\x0bgm7z\x9a\
\xb4\x0d\xcb\x93\x91v1=\x00\x5c\x9b\xb8%\xe8XT\
U\xe1\xca\x97\x04\x5cU\xcbtR\xf3fyPN\x0b\
6\xacLKj\xdb\xfe\xee8\xf5B0\xde\xb5KJ\
x\x1a\x9f\xab\x1b\x0dQ\xf32\x92\xa1XKr<v\
\xed\x16\x1e\xdf\xddN\xefl\xf44\xe9\xf1\xad\xd5\x8f\xaf\
F\x1b=\x02zR\xc3r\xf6fZ\x91\xed\xce\xd1U\
\x08\x93\xd1K\xa0f\xa3Pt}\x22A\xc7\xc9F\xd0\
cb\x83\x14s\xcd5\xda\x91\xf7M\xe2\x1b\x96]H\
\x11\xfc\xd4\x08\x15dW\xfa\xdd\xe1\x97p\xae\x9d\xd6\xc8\
\xf5\x16k7\xc5F\x1b]9]\xcb\x92\xf8\xa4\xf8\x8c\
\x8dV\xa4\xd1\x91S\x99\x11+&u\xde:^&]\
\xcbZ\xb4Q\x85V\x19\x8a'\x18\x09\xc7\x9e2K\x1c\
M\x8d\x96\xcd\x1c\xb5&3\xeb\xdf\xe2\x91\x9d\xaf\x19\xef\
)\x9d\xffo\xa3Q:\xc1\x06Pr\xbe\xcf\xdf\xd3\xb8\
\x9b\x87k\x5c\xf2G\xee!\xd8h\xa3\x8d6\xda\xe8Z\
\xe9q\x80\xab\x8d6\xda\xe8\x89\xd0E\x9e!\xbc\x06\xbd\
I\xdd\xb4\xec\xc2\xa9\xb2Q\xcd\xf1\xe8S\xb8\xf9\xa0\x94\
\x94h\x22.\xf68\xea-\x143\xb7\xe7\x8eH5I\
0\x00 \xbb\x00|N\x096\xda\xe8\x0ah\xb3 \xbd\
p\xea\xf4\xef5;\xfc\xe3#y\xd8{n\x0a\x97L\
\x97_\xc2\x8d\xae\x9a\xb6\xf3\xea\x0b)\xb4\xde\x09|\xc2\
\xad\x00\x08{X\xf3\x15*\x90\xd9\x14^\xe0Bv\x15\
\xe3^\xf5\xe7\xb9p\xc3\x13ct\xde\x90\x1dEwW\
\xd1\xdaK\xee\x18\xdch\xa3\x8d6Z\x85V\xf1\xa4u\
\x1dK\xeeF\xddt\x81L\xd4F\x8f\x89\x96\xf80[\
\xc5\xff\xf6S^\xb5\xe6\x9c!\xfc\xf0\xc3{X\x86d\
\xba\x00a\xb8\xc5<\xbe\xc9\x8a\xa2\xc4b_\x89\x12c\
\xd2\xd3\xdc\xde6\xde\x14\xab8\xa4^Bu\xb7@\xcd\
\xe2%'\xdc\xb6\xddb\xa3\x8d6\x1a\xa1\xcb\xdf}\x9f\
\xd4\xb2\xb6ze/\xbf\x7f\xe7\xd1\xc5\x8e\x8a\xd5\x1b\xfc\
bkzzz\xac\x83\xf9\x5cT\xd7\xa8\xcft\xe2p\
\x823M\x8b\xef!\xbb@\x9aW\xb0\xfd\xf2Z\xf5\xc4\
\xcdM@{\xf2K\x00\xa4A\xee\x83\xc4\xa5\xe8\xb3\xbe\
\x90{\x08;/\xd3\xab\x0b-rm\x9bH\xad\x04\xf9\
d\xee\xe8\x1a\x0be[\x962\x06@\x84qS\xcc\x8d\
6\xdah#\xd8\x18\xac\xcb\xa3\xd5o\xb9|\x94\x12\xf7\
K\xde\xef\xd6j\xf0K\xae\xe3F\xf3H\x1c\xb79\xef\
\xc4\x0c\x03\xac\xe2\x8b\xfb\xf1-\x1d\x8f\x8c.\xd1\xa9L\
\x91\xd2a\xf6(G\x96\x98K\xf5\x9fu\xa2\x10\xc5\x9e\
a\xdb\xbc\xeel\xb4\xd1FG\xa3m\xb3\xbf@:\x06\
\x0c\xd8\xa0\xc5)iC\x83\x1b5\xe9\xec\xfd;x\xa3\
\xf5|\x22\xa2m\xa39\x1e\xe1\x0f?\xfc\x00\x1d\xaa-\
\xa1\xa7\x9a\xe7? Wv\xa9_\xad\xba\xaf\xee\x98\xa4\
\x99\xfe\x12*\xde\xc5\x97\x85\xe9U\x09\x9ec\x00\x13P\
~\x80\xad^\x12\xc2\xf3\xaf,\x1b\x9d\x9e\xae\xf4\xf6\xd1\
\x13\xd0\xea\x0a\x96\xc7G\xd75f\x9eTo\x1e\xaf\xb2\
G\xea\xf4s\xf9%\xba\xd8Q\xb1\xa1\xc1\x13\xd0u\xad\
`\x9cN\xdf\xb3\x0d\xab\xb4Y\x89\x5cH\xdd\x97\xc0\x99\
\x0b\xa4y\xc53\xa5\x98\xe10hx\xe3\x10\x9a\xff\xbb\
\xe42\xc4z\xd3;\x10\x18\xf4Z}5\xaf`\xb3\xd9\
=]\xc7{\x17= \xb0\xa8AU.x@o/\
\xba\xd11\xe9\x04\x03f\xce1\xe2Y\x97\x95?e\xba\
^\x06\xe2x\xf4\x14F\x0e\x22\xaa\x93\xa5i+5/\
/\xf5y^\x0aGj\x8dU\xca\xb9$\xf7\xd2\x9b\x8a\
\xd1Z\x7f\xe0K\xa0K.\xdbc\xa2kl\xe7\xb3\x94\
y\x95\x89\xd3u\xca\xac`\x1c'\x16\xe1s\xd1Q\xcb\
PAd\xc7\xa6}%\x1b\xbe\xe2s4\xb8\xb0\x99z\
\xd8)\x0a\xbd\x0f\x03\x98\xb0\x92\xcb\xa8\xa4\xbf\x19x\xcc\
z\x13O\xad$,\xa2A\xd4\x03\xb8\xbe\xde\x8cJ\x8f\
L'\x10\x81/\x5c8\xeaj\xfc\xa7F\x9d&\x00\x1b\
=\x1d\xb2'a*\xfc\xca\xba#\xa4$\xee<{#\
\xf0\xbf\xa1AV)g\xf3J\xa7R^C%\xb9\xb4\
&\xad\x94s[s\x8eJK<a>A:\xea\x1c\
\xef\x8cr\xde\xc9\xbb\xba\xe0o\x15`\xb5Ny\xde\xbf\
\x7f\x7f\x9a\x9c\x9e\x1aq\x9bR\x22B@\x5c\x9b\x9b,\
\xfa\x9e\x01\x05E_\xcb\xfe\xf7(\xe9\xe8\x97\xb2\x5c\xa1\
y\xd8F\x8f\x98.p\xcc\x5c\xa6\x9em\xa3\x8dz\xa8\
\xeeON\xd0\x85\x0c\xda\xfaeTW\x01\xc0V\xf7?\
\xb9\xb0\xca\x17\xd2\xb3\x8f\x92N\x89\xca.\xb6\x1f/\xf2\
b\xfaGA'X\xef\xf4Q\x85\x80\x8f\xd4\xe3\xceF\
\x1bm\xb4\xd1F\x1bmt\xe1\xb4\xa2{\xbc\xf3\xd6\xe2\
\xf2Q\xebF\x1b\xadE\x1b <\x22\x89\x13\x0bt\x12\
\x9bLg\x14\xba9\xc3\xb8\x0c:\xcdI\x9e\xd3d\xb1\
m\x8d\x1bu\x92\x183\xe7\xe5\xab\x8ez\xd6e\xa3\x8d\
N@u@ui+s\xc5\xa0\xbaR\xda|\xd1\xc8\
\xebx\xfa\x95d4\xc7\xfa\xa2\xb1\xe4\x0c\xc2\x91\x96#\
~\x9a)\x1c)\x0a/\x87\xdc:\x96\xca\x19\xb3\xe0W\
\xc7UiF\xbeG\xa5'\xb2\x89l\x80\xf0\xa4\x14G\
9A\xaa\xc6\x1b\x84\x8a!:\xbbj0&\xf5H\xa9\
\xd3K\xedrZk\xcb\xe9\xf7\xc5\xdc\x99\xe3E\x99\xce\
_\x1a\x17\xb2\xd1\x19\xe91\xb9c}4\x15\xd9\xe8\x89\
\xd0\xc5\x8e\xd8Nt\xa4n%\xa5%\xe5ij\xedV\
t\x0d\xc0)\xf2\x8f\x04\x84\x9e\x0f\x15\xfe\xe9W\x1c\x5c\
\xd8\xc1\xe9\xf2\x92\x5c-\x9bq\xb1S\xb2^\xe6\xab\xba\
\x87\xf0\x11\x11\x01\x91w\xf8\xa9\x1e\xf9k\x10\xa6\x88\x92\
XR\xf6\xfb\x15\x0e\xc7F\x8d\x07\x05o\xc7\xcb\xeb\xf4\
\xb5;W\xa96\xda\xe8\xa9\xd16\xcb6\xda\xe8\xa8\xd4\
?\xc5\x96\xb8\xb2\x7fLt$4\x08\xfcvj\x7f_\
\xb5{\xcbC\x9c\xba\xb6\xdb\x9d\xd9g \xe7Zis\
*s\xb1$\xee{\xac\x8b\xd3\x1e\xeb\x12y!\xf5z\
dw\xd4\x1c\x83\xaeT\x92\xb7\xd1Y\xe8d\xa3\xe5\x94\
\x82\xa4\x8d6\xbavZ\xe8\xffl\xc9\xc5t%\x1b\xd1\
\xceXW\xba\x01\x09\xef\x83\xe2k\x7f{\x06\xc5\xe9S\
X\xd3\x8e\xd1\xd7\xf3\x1a\xffz[[\xbd[~\xd3\x10\
>\x06\xba\xdeA\xb9\xd1F\x1bm\xb4\xd1F\x1b=Y\
j\xde\x1b\xd9\xf3\xf5)sAO\xb9\xee\x1b\xadH\x9b\
\x86p\xa3\x8b\xa6\x0bY\xe9V<V\xfeX\xe9J\x05\
\xb4\x1b=ez\x9aSu\xa3\x8dJ\xd49#\xc4j\
\x7f9\xf3\xe8ImC\x97\xd3\xec\x97C'\x18\x00\x8f\
\xa3\xd9\xd5ZlNe6\xba\x5c\xba\x9c\x89\xd7y]\
\xfb\xe5\x14x\xa3\x8d6*\xd16O7\xdah\x09]\
\xc5\x0c\xcao>,\x85\xbc.\x18y\x15\x8d\x7f.\xaa\
\xb8\xbe[\xee\x8e\xe8\xd1\xb7\xfcf2\xba\xd1\x85\xd2\xc5\
\xce\xbd\x8b-\xd8F\x1bm\xd4\xa4m\xfen\xb4\xd1\xa3\
\xa7\xcd\xa0t#x\x1a\xb7\xc9\xafH\x9b\x86p\xa3\xcb\
\xa2\xab\x98uWQ\xc8\x13\xd3<[\xa3\x8d6\xdah\
\xa3\x8d.\x84.\xff\xfe\x98!_2\xfd7?\xe5Y\
\x1c\x83\xe6\xddCx\xe1=r\xe1\xc4[\xaf\xd3\xd4+\
\x0f\xfc\xc8\xa8T\xb5MC\xb8\xd1F\x1bm\xb4\xd1F\
\x1bm\xb4\xd1F'\xa5G\x8c:6\xba:\xda4\x84\
\x1b]\x10m\x8b\xe3\xa3'\xb5\x8b7\xb5\xe1#\xa3\xe5\
W\x8d\xc1\xe2#\x1f\xdbb\xb2\x90\x1e\xcd\x99\xab\xa1\xaa\
mt\xe1t\x02[\xd0\x13\x0f\x8fm4\x9e\x85\x1e}\
\xb3\x97\xee2\xa9\xd0~\xf99\xcb\x8d6\xdah\xa3y\
\xb4->\x8f\x89fl\xb1\xdb=\x81\x97F\xa3\xb7o\
]\xd7\x14\xdeF\xd4F\x1bmt!TZ\x8eF}\
\xe1\xa8af\xdcXn\x9a!6\xdah\xa3\x8d6\xda\
\xa8N\xdb>\xf24i\xeb\xf7\x8d6\xdah\xa3s\xd1\
\x8a+\xf0\xff\x0f\x1b\xbd\x08\xfb\x8b\x1b\x8f\x16\x00\x00\x00\
6eXIfII*\x00\x08\x00\x00\x00\x02\x00\x1a\
\x01\x0a\x00\x01\x00\x00\x00&\x00\x00\x00\x1b\x01\x0a\x00\x01\
\x00\x00\x00.\x00\x00\x00\x00\x00\x00\x00H\x00\x00\x00\x01\
\x00\x00\x00H\x00\x00\x00\x01\x00\x00\x00K\xfb\x10v\x00\
\x00\x00%tEXtdate:crea\
te\x002023-10-31T00\
:19:37+00:00\xdb\xc2\xf7\x86\
\x00\x00\x00%tEXtdate:mod\
ify\x002023-10-31T0\
0:19:37+00:00\xaa\x9fO\
:\x00\x00\x00\x00IEND\xaeB`\x82\
"

qt_resource_name = b"\
\x00\x02\
\x00\x00\x07\xb9\
\x00u\
\x00i\
\x00\x06\
\x06\x8a\x9c\xb3\
\x00a\
\x00s\x00s\x00e\x00t\x00s\
\x00\x09\
\x0b\xb6\x8aB\
\x00B\
\x00o\x00t\x00t\x00o\x00m\x00B\x00a\x00r\
\x00\x08\
\x0aVa\x9c\
\x00H\
\x00V\x00A\x00C\x00.\x00q\x00m\x00l\
\x00\x0a\
\x08\x94`G\
\x00s\
\x00e\x00a\x00r\x00c\x00h\x00.\x00p\x00n\x00g\
\x00\x08\
\x06\xc1Y\x87\
\x00o\
\x00p\x00e\x00n\x00.\x00p\x00n\x00g\
\x00\x10\
\x0c\xef\xb1\xc7\
\x00e\
\x00l\x00e\x00c\x00t\x00r\x00i\x00c\x00-\x00c\x00a\x00r\x00.\x00p\x00n\x00g\
\x00\x08\
\x05\x9eY'\
\x00l\
\x00o\x00c\x00k\x00.\x00p\x00n\x00g\
\x00\x07\
\x09\x85Q\xa7\
\x00c\
\x00a\x00r\x00.\x00j\x00p\x00g\
"

qt_resource_struct = b"\
\x00\x00\x00\x00\x00\x02\x00\x00\x00\x01\x00\x00\x00\x01\
\x00\x00\x00\x00\x00\x00\x00\x00\
\x00\x00\x00\x00\x00\x02\x00\x00\x00\x02\x00\x00\x00\x02\
\x00\x00\x00\x00\x00\x00\x00\x00\
\x00\x00\x00\x0a\x00\x02\x00\x00\x00\x05\x00\x00\x00\x05\
\x00\x00\x00\x00\x00\x00\x00\x00\
\x00\x00\x00\x1c\x00\x02\x00\x00\x00\x01\x00\x00\x00\x04\
\x00\x00\x00\x00\x00\x00\x00\x00\
\x00\x00\x004\x00\x01\x00\x00\x00\x01\x00\x00\x00\x00\
\x00\x00\x01\x9b\xb7b\x9c\x03\
\x00\x00\x00\xa0\x00\x00\x00\x00\x00\x01\x00\x00\x11)\
\x00\x00\x01\x9b\xb3\x8c\xa6\xd1\
\x00\x00\x00d\x00\x00\x00\x00\x00\x01\x00\x00\x06\xbd\
\x00\x00\x01\x9b\xb3\x8cy\x95\
\x00\x00\x00J\x00\x00\x00\x00\x00\x01\x00\x00\x01\x98\
\x00\x00\x01\x9b\xb7\x1bp1\
\x00\x00\x00\xb6\x00\x00\x00\x00\x00\x01\x00\x00\x15\x07\
\x00\x00\x01\x9b\xb3Eaa\
\x00\x00\x00z\x00\x00\x00\x00\x00\x01\x00\x00\x0b\x0a\
\x00\x00\x01\x9b\xb3cM\x1c\
"

def qInitResources():
    QtCore.qRegisterResourceData(0x03, qt_resource_struct, qt_resource_name, qt_resource_data)

def qCleanupResources():
    QtCore.qUnregisterResourceData(0x03, qt_resource_struct, qt_resource_name, qt_resource_data)

qInitResources()
